# Closed pristine pirate treasure chest / AGC_Chest_Combined
o AGC_Chest_Combined
v -1.500000 0.170000 -0.925000
v 1.500000 0.170000 -0.925000
v 1.500000 -0.785000 -0.925000
v -1.500000 -0.785000 -0.925000
v 1.500000 0.170000 0.925000
v -1.500000 0.170000 0.925000
v -1.500000 -0.785000 0.925000
v 1.500000 -0.785000 0.925000
v -1.500000 0.170000 0.925000
v -1.500000 0.170000 -0.925000
v -1.500000 -0.785000 -0.925000
v -1.500000 -0.785000 0.925000
v 1.500000 0.170000 -0.925000
v 1.500000 0.170000 0.925000
v 1.500000 -0.785000 0.925000
v 1.500000 -0.785000 -0.925000
v -1.500000 0.170000 0.925000
v 1.500000 0.170000 0.925000
v 1.500000 0.170000 -0.925000
v -1.500000 0.170000 -0.925000
v -1.500000 -0.785000 -0.925000
v 1.500000 -0.785000 -0.925000
v 1.500000 -0.785000 0.925000
v -1.500000 -0.785000 0.925000
v -1.570000 -0.680000 -0.990000
v 1.570000 -0.680000 -0.990000
v 1.570000 -0.785000 -0.990000
v -1.570000 -0.785000 -0.990000
v 1.570000 -0.680000 0.990000
v -1.570000 -0.680000 0.990000
v -1.570000 -0.785000 0.990000
v 1.570000 -0.785000 0.990000
v -1.570000 -0.680000 0.990000
v -1.570000 -0.680000 -0.990000
v -1.570000 -0.785000 -0.990000
v -1.570000 -0.785000 0.990000
v 1.570000 -0.680000 -0.990000
v 1.570000 -0.680000 0.990000
v 1.570000 -0.785000 0.990000
v 1.570000 -0.785000 -0.990000
v -1.570000 -0.680000 0.990000
v 1.570000 -0.680000 0.990000
v 1.570000 -0.680000 -0.990000
v -1.570000 -0.680000 -0.990000
v -1.570000 -0.785000 -0.990000
v 1.570000 -0.785000 -0.990000
v 1.570000 -0.785000 0.990000
v -1.570000 -0.785000 0.990000
v -1.520000 -0.643000 -0.951000
v 1.520000 -0.643000 -0.951000
v 1.520000 -0.680000 -0.951000
v -1.520000 -0.680000 -0.951000
v 1.520000 -0.643000 0.951000
v -1.520000 -0.643000 0.951000
v -1.520000 -0.680000 0.951000
v 1.520000 -0.680000 0.951000
v -1.520000 -0.643000 0.951000
v -1.520000 -0.643000 -0.951000
v -1.520000 -0.680000 -0.951000
v -1.520000 -0.680000 0.951000
v 1.520000 -0.643000 -0.951000
v 1.520000 -0.643000 0.951000
v 1.520000 -0.680000 0.951000
v 1.520000 -0.680000 -0.951000
v -1.520000 -0.643000 0.951000
v 1.520000 -0.643000 0.951000
v 1.520000 -0.643000 -0.951000
v -1.520000 -0.643000 -0.951000
v -1.520000 -0.680000 -0.951000
v 1.520000 -0.680000 -0.951000
v 1.520000 -0.680000 0.951000
v -1.520000 -0.680000 0.951000
v -1.370000 -0.075000 -0.972000
v -0.390000 -0.075000 -0.972000
v -0.390000 -0.525000 -0.972000
v -1.370000 -0.525000 -0.972000
v -0.390000 -0.075000 -0.947000
v -1.370000 -0.075000 -0.947000
v -1.370000 -0.525000 -0.947000
v -0.390000 -0.525000 -0.947000
v -1.370000 -0.075000 -0.947000
v -1.370000 -0.075000 -0.972000
v -1.370000 -0.525000 -0.972000
v -1.370000 -0.525000 -0.947000
v -0.390000 -0.075000 -0.972000
v -0.390000 -0.075000 -0.947000
v -0.390000 -0.525000 -0.947000
v -0.390000 -0.525000 -0.972000
v -1.370000 -0.075000 -0.947000
v -0.390000 -0.075000 -0.947000
v -0.390000 -0.075000 -0.972000
v -1.370000 -0.075000 -0.972000
v -1.370000 -0.525000 -0.972000
v -0.390000 -0.525000 -0.972000
v -0.390000 -0.525000 -0.947000
v -1.370000 -0.525000 -0.947000
v -1.370000 -0.045000 -0.978000
v -1.335000 -0.045000 -0.978000
v -1.335000 -0.550000 -0.978000
v -1.370000 -0.550000 -0.978000
v -1.335000 -0.045000 -0.941000
v -1.370000 -0.045000 -0.941000
v -1.370000 -0.550000 -0.941000
v -1.335000 -0.550000 -0.941000
v -1.370000 -0.045000 -0.941000
v -1.370000 -0.045000 -0.978000
v -1.370000 -0.550000 -0.978000
v -1.370000 -0.550000 -0.941000
v -1.335000 -0.045000 -0.978000
v -1.335000 -0.045000 -0.941000
v -1.335000 -0.550000 -0.941000
v -1.335000 -0.550000 -0.978000
v -1.370000 -0.045000 -0.941000
v -1.335000 -0.045000 -0.941000
v -1.335000 -0.045000 -0.978000
v -1.370000 -0.045000 -0.978000
v -1.370000 -0.550000 -0.978000
v -1.335000 -0.550000 -0.978000
v -1.335000 -0.550000 -0.941000
v -1.370000 -0.550000 -0.941000
v -0.425000 -0.045000 -0.978000
v -0.390000 -0.045000 -0.978000
v -0.390000 -0.550000 -0.978000
v -0.425000 -0.550000 -0.978000
v -0.390000 -0.045000 -0.941000
v -0.425000 -0.045000 -0.941000
v -0.425000 -0.550000 -0.941000
v -0.390000 -0.550000 -0.941000
v -0.425000 -0.045000 -0.941000
v -0.425000 -0.045000 -0.978000
v -0.425000 -0.550000 -0.978000
v -0.425000 -0.550000 -0.941000
v -0.390000 -0.045000 -0.978000
v -0.390000 -0.045000 -0.941000
v -0.390000 -0.550000 -0.941000
v -0.390000 -0.550000 -0.978000
v -0.425000 -0.045000 -0.941000
v -0.390000 -0.045000 -0.941000
v -0.390000 -0.045000 -0.978000
v -0.425000 -0.045000 -0.978000
v -0.425000 -0.550000 -0.978000
v -0.390000 -0.550000 -0.978000
v -0.390000 -0.550000 -0.941000
v -0.425000 -0.550000 -0.941000
v -1.370000 -0.515000 -0.978000
v -0.390000 -0.515000 -0.978000
v -0.390000 -0.550000 -0.978000
v -1.370000 -0.550000 -0.978000
v -0.390000 -0.515000 -0.941000
v -1.370000 -0.515000 -0.941000
v -1.370000 -0.550000 -0.941000
v -0.390000 -0.550000 -0.941000
v -1.370000 -0.515000 -0.941000
v -1.370000 -0.515000 -0.978000
v -1.370000 -0.550000 -0.978000
v -1.370000 -0.550000 -0.941000
v -0.390000 -0.515000 -0.978000
v -0.390000 -0.515000 -0.941000
v -0.390000 -0.550000 -0.941000
v -0.390000 -0.550000 -0.978000
v -1.370000 -0.515000 -0.941000
v -0.390000 -0.515000 -0.941000
v -0.390000 -0.515000 -0.978000
v -1.370000 -0.515000 -0.978000
v -1.370000 -0.550000 -0.978000
v -0.390000 -0.550000 -0.978000
v -0.390000 -0.550000 -0.941000
v -1.370000 -0.550000 -0.941000
v -1.370000 -0.045000 -0.978000
v -0.390000 -0.045000 -0.978000
v -0.390000 -0.080000 -0.978000
v -1.370000 -0.080000 -0.978000
v -0.390000 -0.045000 -0.941000
v -1.370000 -0.045000 -0.941000
v -1.370000 -0.080000 -0.941000
v -0.390000 -0.080000 -0.941000
v -1.370000 -0.045000 -0.941000
v -1.370000 -0.045000 -0.978000
v -1.370000 -0.080000 -0.978000
v -1.370000 -0.080000 -0.941000
v -0.390000 -0.045000 -0.978000
v -0.390000 -0.045000 -0.941000
v -0.390000 -0.080000 -0.941000
v -0.390000 -0.080000 -0.978000
v -1.370000 -0.045000 -0.941000
v -0.390000 -0.045000 -0.941000
v -0.390000 -0.045000 -0.978000
v -1.370000 -0.045000 -0.978000
v -1.370000 -0.080000 -0.978000
v -0.390000 -0.080000 -0.978000
v -0.390000 -0.080000 -0.941000
v -1.370000 -0.080000 -0.941000
v -0.360000 -0.075000 -0.972000
v 0.360000 -0.075000 -0.972000
v 0.360000 -0.525000 -0.972000
v -0.360000 -0.525000 -0.972000
v 0.360000 -0.075000 -0.947000
v -0.360000 -0.075000 -0.947000
v -0.360000 -0.525000 -0.947000
v 0.360000 -0.525000 -0.947000
v -0.360000 -0.075000 -0.947000
v -0.360000 -0.075000 -0.972000
v -0.360000 -0.525000 -0.972000
v -0.360000 -0.525000 -0.947000
v 0.360000 -0.075000 -0.972000
v 0.360000 -0.075000 -0.947000
v 0.360000 -0.525000 -0.947000
v 0.360000 -0.525000 -0.972000
v -0.360000 -0.075000 -0.947000
v 0.360000 -0.075000 -0.947000
v 0.360000 -0.075000 -0.972000
v -0.360000 -0.075000 -0.972000
v -0.360000 -0.525000 -0.972000
v 0.360000 -0.525000 -0.972000
v 0.360000 -0.525000 -0.947000
v -0.360000 -0.525000 -0.947000
v -0.360000 -0.045000 -0.978000
v -0.325000 -0.045000 -0.978000
v -0.325000 -0.550000 -0.978000
v -0.360000 -0.550000 -0.978000
v -0.325000 -0.045000 -0.941000
v -0.360000 -0.045000 -0.941000
v -0.360000 -0.550000 -0.941000
v -0.325000 -0.550000 -0.941000
v -0.360000 -0.045000 -0.941000
v -0.360000 -0.045000 -0.978000
v -0.360000 -0.550000 -0.978000
v -0.360000 -0.550000 -0.941000
v -0.325000 -0.045000 -0.978000
v -0.325000 -0.045000 -0.941000
v -0.325000 -0.550000 -0.941000
v -0.325000 -0.550000 -0.978000
v -0.360000 -0.045000 -0.941000
v -0.325000 -0.045000 -0.941000
v -0.325000 -0.045000 -0.978000
v -0.360000 -0.045000 -0.978000
v -0.360000 -0.550000 -0.978000
v -0.325000 -0.550000 -0.978000
v -0.325000 -0.550000 -0.941000
v -0.360000 -0.550000 -0.941000
v 0.325000 -0.045000 -0.978000
v 0.360000 -0.045000 -0.978000
v 0.360000 -0.550000 -0.978000
v 0.325000 -0.550000 -0.978000
v 0.360000 -0.045000 -0.941000
v 0.325000 -0.045000 -0.941000
v 0.325000 -0.550000 -0.941000
v 0.360000 -0.550000 -0.941000
v 0.325000 -0.045000 -0.941000
v 0.325000 -0.045000 -0.978000
v 0.325000 -0.550000 -0.978000
v 0.325000 -0.550000 -0.941000
v 0.360000 -0.045000 -0.978000
v 0.360000 -0.045000 -0.941000
v 0.360000 -0.550000 -0.941000
v 0.360000 -0.550000 -0.978000
v 0.325000 -0.045000 -0.941000
v 0.360000 -0.045000 -0.941000
v 0.360000 -0.045000 -0.978000
v 0.325000 -0.045000 -0.978000
v 0.325000 -0.550000 -0.978000
v 0.360000 -0.550000 -0.978000
v 0.360000 -0.550000 -0.941000
v 0.325000 -0.550000 -0.941000
v -0.360000 -0.515000 -0.978000
v 0.360000 -0.515000 -0.978000
v 0.360000 -0.550000 -0.978000
v -0.360000 -0.550000 -0.978000
v 0.360000 -0.515000 -0.941000
v -0.360000 -0.515000 -0.941000
v -0.360000 -0.550000 -0.941000
v 0.360000 -0.550000 -0.941000
v -0.360000 -0.515000 -0.941000
v -0.360000 -0.515000 -0.978000
v -0.360000 -0.550000 -0.978000
v -0.360000 -0.550000 -0.941000
v 0.360000 -0.515000 -0.978000
v 0.360000 -0.515000 -0.941000
v 0.360000 -0.550000 -0.941000
v 0.360000 -0.550000 -0.978000
v -0.360000 -0.515000 -0.941000
v 0.360000 -0.515000 -0.941000
v 0.360000 -0.515000 -0.978000
v -0.360000 -0.515000 -0.978000
v -0.360000 -0.550000 -0.978000
v 0.360000 -0.550000 -0.978000
v 0.360000 -0.550000 -0.941000
v -0.360000 -0.550000 -0.941000
v -0.360000 -0.045000 -0.978000
v 0.360000 -0.045000 -0.978000
v 0.360000 -0.080000 -0.978000
v -0.360000 -0.080000 -0.978000
v 0.360000 -0.045000 -0.941000
v -0.360000 -0.045000 -0.941000
v -0.360000 -0.080000 -0.941000
v 0.360000 -0.080000 -0.941000
v -0.360000 -0.045000 -0.941000
v -0.360000 -0.045000 -0.978000
v -0.360000 -0.080000 -0.978000
v -0.360000 -0.080000 -0.941000
v 0.360000 -0.045000 -0.978000
v 0.360000 -0.045000 -0.941000
v 0.360000 -0.080000 -0.941000
v 0.360000 -0.080000 -0.978000
v -0.360000 -0.045000 -0.941000
v 0.360000 -0.045000 -0.941000
v 0.360000 -0.045000 -0.978000
v -0.360000 -0.045000 -0.978000
v -0.360000 -0.080000 -0.978000
v 0.360000 -0.080000 -0.978000
v 0.360000 -0.080000 -0.941000
v -0.360000 -0.080000 -0.941000
v 0.390000 -0.075000 -0.972000
v 1.370000 -0.075000 -0.972000
v 1.370000 -0.525000 -0.972000
v 0.390000 -0.525000 -0.972000
v 1.370000 -0.075000 -0.947000
v 0.390000 -0.075000 -0.947000
v 0.390000 -0.525000 -0.947000
v 1.370000 -0.525000 -0.947000
v 0.390000 -0.075000 -0.947000
v 0.390000 -0.075000 -0.972000
v 0.390000 -0.525000 -0.972000
v 0.390000 -0.525000 -0.947000
v 1.370000 -0.075000 -0.972000
v 1.370000 -0.075000 -0.947000
v 1.370000 -0.525000 -0.947000
v 1.370000 -0.525000 -0.972000
v 0.390000 -0.075000 -0.947000
v 1.370000 -0.075000 -0.947000
v 1.370000 -0.075000 -0.972000
v 0.390000 -0.075000 -0.972000
v 0.390000 -0.525000 -0.972000
v 1.370000 -0.525000 -0.972000
v 1.370000 -0.525000 -0.947000
v 0.390000 -0.525000 -0.947000
v 0.390000 -0.045000 -0.978000
v 0.425000 -0.045000 -0.978000
v 0.425000 -0.550000 -0.978000
v 0.390000 -0.550000 -0.978000
v 0.425000 -0.045000 -0.941000
v 0.390000 -0.045000 -0.941000
v 0.390000 -0.550000 -0.941000
v 0.425000 -0.550000 -0.941000
v 0.390000 -0.045000 -0.941000
v 0.390000 -0.045000 -0.978000
v 0.390000 -0.550000 -0.978000
v 0.390000 -0.550000 -0.941000
v 0.425000 -0.045000 -0.978000
v 0.425000 -0.045000 -0.941000
v 0.425000 -0.550000 -0.941000
v 0.425000 -0.550000 -0.978000
v 0.390000 -0.045000 -0.941000
v 0.425000 -0.045000 -0.941000
v 0.425000 -0.045000 -0.978000
v 0.390000 -0.045000 -0.978000
v 0.390000 -0.550000 -0.978000
v 0.425000 -0.550000 -0.978000
v 0.425000 -0.550000 -0.941000
v 0.390000 -0.550000 -0.941000
v 1.335000 -0.045000 -0.978000
v 1.370000 -0.045000 -0.978000
v 1.370000 -0.550000 -0.978000
v 1.335000 -0.550000 -0.978000
v 1.370000 -0.045000 -0.941000
v 1.335000 -0.045000 -0.941000
v 1.335000 -0.550000 -0.941000
v 1.370000 -0.550000 -0.941000
v 1.335000 -0.045000 -0.941000
v 1.335000 -0.045000 -0.978000
v 1.335000 -0.550000 -0.978000
v 1.335000 -0.550000 -0.941000
v 1.370000 -0.045000 -0.978000
v 1.370000 -0.045000 -0.941000
v 1.370000 -0.550000 -0.941000
v 1.370000 -0.550000 -0.978000
v 1.335000 -0.045000 -0.941000
v 1.370000 -0.045000 -0.941000
v 1.370000 -0.045000 -0.978000
v 1.335000 -0.045000 -0.978000
v 1.335000 -0.550000 -0.978000
v 1.370000 -0.550000 -0.978000
v 1.370000 -0.550000 -0.941000
v 1.335000 -0.550000 -0.941000
v 0.390000 -0.515000 -0.978000
v 1.370000 -0.515000 -0.978000
v 1.370000 -0.550000 -0.978000
v 0.390000 -0.550000 -0.978000
v 1.370000 -0.515000 -0.941000
v 0.390000 -0.515000 -0.941000
v 0.390000 -0.550000 -0.941000
v 1.370000 -0.550000 -0.941000
v 0.390000 -0.515000 -0.941000
v 0.390000 -0.515000 -0.978000
v 0.390000 -0.550000 -0.978000
v 0.390000 -0.550000 -0.941000
v 1.370000 -0.515000 -0.978000
v 1.370000 -0.515000 -0.941000
v 1.370000 -0.550000 -0.941000
v 1.370000 -0.550000 -0.978000
v 0.390000 -0.515000 -0.941000
v 1.370000 -0.515000 -0.941000
v 1.370000 -0.515000 -0.978000
v 0.390000 -0.515000 -0.978000
v 0.390000 -0.550000 -0.978000
v 1.370000 -0.550000 -0.978000
v 1.370000 -0.550000 -0.941000
v 0.390000 -0.550000 -0.941000
v 0.390000 -0.045000 -0.978000
v 1.370000 -0.045000 -0.978000
v 1.370000 -0.080000 -0.978000
v 0.390000 -0.080000 -0.978000
v 1.370000 -0.045000 -0.941000
v 0.390000 -0.045000 -0.941000
v 0.390000 -0.080000 -0.941000
v 1.370000 -0.080000 -0.941000
v 0.390000 -0.045000 -0.941000
v 0.390000 -0.045000 -0.978000
v 0.390000 -0.080000 -0.978000
v 0.390000 -0.080000 -0.941000
v 1.370000 -0.045000 -0.978000
v 1.370000 -0.045000 -0.941000
v 1.370000 -0.080000 -0.941000
v 1.370000 -0.080000 -0.978000
v 0.390000 -0.045000 -0.941000
v 1.370000 -0.045000 -0.941000
v 1.370000 -0.045000 -0.978000
v 0.390000 -0.045000 -0.978000
v 0.390000 -0.080000 -0.978000
v 1.370000 -0.080000 -0.978000
v 1.370000 -0.080000 -0.941000
v 0.390000 -0.080000 -0.941000
v -1.370000 -0.075000 0.947000
v -0.390000 -0.075000 0.947000
v -0.390000 -0.525000 0.947000
v -1.370000 -0.525000 0.947000
v -0.390000 -0.075000 0.972000
v -1.370000 -0.075000 0.972000
v -1.370000 -0.525000 0.972000
v -0.390000 -0.525000 0.972000
v -1.370000 -0.075000 0.972000
v -1.370000 -0.075000 0.947000
v -1.370000 -0.525000 0.947000
v -1.370000 -0.525000 0.972000
v -0.390000 -0.075000 0.947000
v -0.390000 -0.075000 0.972000
v -0.390000 -0.525000 0.972000
v -0.390000 -0.525000 0.947000
v -1.370000 -0.075000 0.972000
v -0.390000 -0.075000 0.972000
v -0.390000 -0.075000 0.947000
v -1.370000 -0.075000 0.947000
v -1.370000 -0.525000 0.947000
v -0.390000 -0.525000 0.947000
v -0.390000 -0.525000 0.972000
v -1.370000 -0.525000 0.972000
v -1.370000 -0.045000 0.941000
v -1.335000 -0.045000 0.941000
v -1.335000 -0.550000 0.941000
v -1.370000 -0.550000 0.941000
v -1.335000 -0.045000 0.978000
v -1.370000 -0.045000 0.978000
v -1.370000 -0.550000 0.978000
v -1.335000 -0.550000 0.978000
v -1.370000 -0.045000 0.978000
v -1.370000 -0.045000 0.941000
v -1.370000 -0.550000 0.941000
v -1.370000 -0.550000 0.978000
v -1.335000 -0.045000 0.941000
v -1.335000 -0.045000 0.978000
v -1.335000 -0.550000 0.978000
v -1.335000 -0.550000 0.941000
v -1.370000 -0.045000 0.978000
v -1.335000 -0.045000 0.978000
v -1.335000 -0.045000 0.941000
v -1.370000 -0.045000 0.941000
v -1.370000 -0.550000 0.941000
v -1.335000 -0.550000 0.941000
v -1.335000 -0.550000 0.978000
v -1.370000 -0.550000 0.978000
v -0.425000 -0.045000 0.941000
v -0.390000 -0.045000 0.941000
v -0.390000 -0.550000 0.941000
v -0.425000 -0.550000 0.941000
v -0.390000 -0.045000 0.978000
v -0.425000 -0.045000 0.978000
v -0.425000 -0.550000 0.978000
v -0.390000 -0.550000 0.978000
v -0.425000 -0.045000 0.978000
v -0.425000 -0.045000 0.941000
v -0.425000 -0.550000 0.941000
v -0.425000 -0.550000 0.978000
v -0.390000 -0.045000 0.941000
v -0.390000 -0.045000 0.978000
v -0.390000 -0.550000 0.978000
v -0.390000 -0.550000 0.941000
v -0.425000 -0.045000 0.978000
v -0.390000 -0.045000 0.978000
v -0.390000 -0.045000 0.941000
v -0.425000 -0.045000 0.941000
v -0.425000 -0.550000 0.941000
v -0.390000 -0.550000 0.941000
v -0.390000 -0.550000 0.978000
v -0.425000 -0.550000 0.978000
v -1.370000 -0.515000 0.941000
v -0.390000 -0.515000 0.941000
v -0.390000 -0.550000 0.941000
v -1.370000 -0.550000 0.941000
v -0.390000 -0.515000 0.978000
v -1.370000 -0.515000 0.978000
v -1.370000 -0.550000 0.978000
v -0.390000 -0.550000 0.978000
v -1.370000 -0.515000 0.978000
v -1.370000 -0.515000 0.941000
v -1.370000 -0.550000 0.941000
v -1.370000 -0.550000 0.978000
v -0.390000 -0.515000 0.941000
v -0.390000 -0.515000 0.978000
v -0.390000 -0.550000 0.978000
v -0.390000 -0.550000 0.941000
v -1.370000 -0.515000 0.978000
v -0.390000 -0.515000 0.978000
v -0.390000 -0.515000 0.941000
v -1.370000 -0.515000 0.941000
v -1.370000 -0.550000 0.941000
v -0.390000 -0.550000 0.941000
v -0.390000 -0.550000 0.978000
v -1.370000 -0.550000 0.978000
v -1.370000 -0.045000 0.941000
v -0.390000 -0.045000 0.941000
v -0.390000 -0.080000 0.941000
v -1.370000 -0.080000 0.941000
v -0.390000 -0.045000 0.978000
v -1.370000 -0.045000 0.978000
v -1.370000 -0.080000 0.978000
v -0.390000 -0.080000 0.978000
v -1.370000 -0.045000 0.978000
v -1.370000 -0.045000 0.941000
v -1.370000 -0.080000 0.941000
v -1.370000 -0.080000 0.978000
v -0.390000 -0.045000 0.941000
v -0.390000 -0.045000 0.978000
v -0.390000 -0.080000 0.978000
v -0.390000 -0.080000 0.941000
v -1.370000 -0.045000 0.978000
v -0.390000 -0.045000 0.978000
v -0.390000 -0.045000 0.941000
v -1.370000 -0.045000 0.941000
v -1.370000 -0.080000 0.941000
v -0.390000 -0.080000 0.941000
v -0.390000 -0.080000 0.978000
v -1.370000 -0.080000 0.978000
v -0.360000 -0.075000 0.947000
v 0.360000 -0.075000 0.947000
v 0.360000 -0.525000 0.947000
v -0.360000 -0.525000 0.947000
v 0.360000 -0.075000 0.972000
v -0.360000 -0.075000 0.972000
v -0.360000 -0.525000 0.972000
v 0.360000 -0.525000 0.972000
v -0.360000 -0.075000 0.972000
v -0.360000 -0.075000 0.947000
v -0.360000 -0.525000 0.947000
v -0.360000 -0.525000 0.972000
v 0.360000 -0.075000 0.947000
v 0.360000 -0.075000 0.972000
v 0.360000 -0.525000 0.972000
v 0.360000 -0.525000 0.947000
v -0.360000 -0.075000 0.972000
v 0.360000 -0.075000 0.972000
v 0.360000 -0.075000 0.947000
v -0.360000 -0.075000 0.947000
v -0.360000 -0.525000 0.947000
v 0.360000 -0.525000 0.947000
v 0.360000 -0.525000 0.972000
v -0.360000 -0.525000 0.972000
v -0.360000 -0.045000 0.941000
v -0.325000 -0.045000 0.941000
v -0.325000 -0.550000 0.941000
v -0.360000 -0.550000 0.941000
v -0.325000 -0.045000 0.978000
v -0.360000 -0.045000 0.978000
v -0.360000 -0.550000 0.978000
v -0.325000 -0.550000 0.978000
v -0.360000 -0.045000 0.978000
v -0.360000 -0.045000 0.941000
v -0.360000 -0.550000 0.941000
v -0.360000 -0.550000 0.978000
v -0.325000 -0.045000 0.941000
v -0.325000 -0.045000 0.978000
v -0.325000 -0.550000 0.978000
v -0.325000 -0.550000 0.941000
v -0.360000 -0.045000 0.978000
v -0.325000 -0.045000 0.978000
v -0.325000 -0.045000 0.941000
v -0.360000 -0.045000 0.941000
v -0.360000 -0.550000 0.941000
v -0.325000 -0.550000 0.941000
v -0.325000 -0.550000 0.978000
v -0.360000 -0.550000 0.978000
v 0.325000 -0.045000 0.941000
v 0.360000 -0.045000 0.941000
v 0.360000 -0.550000 0.941000
v 0.325000 -0.550000 0.941000
v 0.360000 -0.045000 0.978000
v 0.325000 -0.045000 0.978000
v 0.325000 -0.550000 0.978000
v 0.360000 -0.550000 0.978000
v 0.325000 -0.045000 0.978000
v 0.325000 -0.045000 0.941000
v 0.325000 -0.550000 0.941000
v 0.325000 -0.550000 0.978000
v 0.360000 -0.045000 0.941000
v 0.360000 -0.045000 0.978000
v 0.360000 -0.550000 0.978000
v 0.360000 -0.550000 0.941000
v 0.325000 -0.045000 0.978000
v 0.360000 -0.045000 0.978000
v 0.360000 -0.045000 0.941000
v 0.325000 -0.045000 0.941000
v 0.325000 -0.550000 0.941000
v 0.360000 -0.550000 0.941000
v 0.360000 -0.550000 0.978000
v 0.325000 -0.550000 0.978000
v -0.360000 -0.515000 0.941000
v 0.360000 -0.515000 0.941000
v 0.360000 -0.550000 0.941000
v -0.360000 -0.550000 0.941000
v 0.360000 -0.515000 0.978000
v -0.360000 -0.515000 0.978000
v -0.360000 -0.550000 0.978000
v 0.360000 -0.550000 0.978000
v -0.360000 -0.515000 0.978000
v -0.360000 -0.515000 0.941000
v -0.360000 -0.550000 0.941000
v -0.360000 -0.550000 0.978000
v 0.360000 -0.515000 0.941000
v 0.360000 -0.515000 0.978000
v 0.360000 -0.550000 0.978000
v 0.360000 -0.550000 0.941000
v -0.360000 -0.515000 0.978000
v 0.360000 -0.515000 0.978000
v 0.360000 -0.515000 0.941000
v -0.360000 -0.515000 0.941000
v -0.360000 -0.550000 0.941000
v 0.360000 -0.550000 0.941000
v 0.360000 -0.550000 0.978000
v -0.360000 -0.550000 0.978000
v -0.360000 -0.045000 0.941000
v 0.360000 -0.045000 0.941000
v 0.360000 -0.080000 0.941000
v -0.360000 -0.080000 0.941000
v 0.360000 -0.045000 0.978000
v -0.360000 -0.045000 0.978000
v -0.360000 -0.080000 0.978000
v 0.360000 -0.080000 0.978000
v -0.360000 -0.045000 0.978000
v -0.360000 -0.045000 0.941000
v -0.360000 -0.080000 0.941000
v -0.360000 -0.080000 0.978000
v 0.360000 -0.045000 0.941000
v 0.360000 -0.045000 0.978000
v 0.360000 -0.080000 0.978000
v 0.360000 -0.080000 0.941000
v -0.360000 -0.045000 0.978000
v 0.360000 -0.045000 0.978000
v 0.360000 -0.045000 0.941000
v -0.360000 -0.045000 0.941000
v -0.360000 -0.080000 0.941000
v 0.360000 -0.080000 0.941000
v 0.360000 -0.080000 0.978000
v -0.360000 -0.080000 0.978000
v 0.390000 -0.075000 0.947000
v 1.370000 -0.075000 0.947000
v 1.370000 -0.525000 0.947000
v 0.390000 -0.525000 0.947000
v 1.370000 -0.075000 0.972000
v 0.390000 -0.075000 0.972000
v 0.390000 -0.525000 0.972000
v 1.370000 -0.525000 0.972000
v 0.390000 -0.075000 0.972000
v 0.390000 -0.075000 0.947000
v 0.390000 -0.525000 0.947000
v 0.390000 -0.525000 0.972000
v 1.370000 -0.075000 0.947000
v 1.370000 -0.075000 0.972000
v 1.370000 -0.525000 0.972000
v 1.370000 -0.525000 0.947000
v 0.390000 -0.075000 0.972000
v 1.370000 -0.075000 0.972000
v 1.370000 -0.075000 0.947000
v 0.390000 -0.075000 0.947000
v 0.390000 -0.525000 0.947000
v 1.370000 -0.525000 0.947000
v 1.370000 -0.525000 0.972000
v 0.390000 -0.525000 0.972000
v 0.390000 -0.045000 0.941000
v 0.425000 -0.045000 0.941000
v 0.425000 -0.550000 0.941000
v 0.390000 -0.550000 0.941000
v 0.425000 -0.045000 0.978000
v 0.390000 -0.045000 0.978000
v 0.390000 -0.550000 0.978000
v 0.425000 -0.550000 0.978000
v 0.390000 -0.045000 0.978000
v 0.390000 -0.045000 0.941000
v 0.390000 -0.550000 0.941000
v 0.390000 -0.550000 0.978000
v 0.425000 -0.045000 0.941000
v 0.425000 -0.045000 0.978000
v 0.425000 -0.550000 0.978000
v 0.425000 -0.550000 0.941000
v 0.390000 -0.045000 0.978000
v 0.425000 -0.045000 0.978000
v 0.425000 -0.045000 0.941000
v 0.390000 -0.045000 0.941000
v 0.390000 -0.550000 0.941000
v 0.425000 -0.550000 0.941000
v 0.425000 -0.550000 0.978000
v 0.390000 -0.550000 0.978000
v 1.335000 -0.045000 0.941000
v 1.370000 -0.045000 0.941000
v 1.370000 -0.550000 0.941000
v 1.335000 -0.550000 0.941000
v 1.370000 -0.045000 0.978000
v 1.335000 -0.045000 0.978000
v 1.335000 -0.550000 0.978000
v 1.370000 -0.550000 0.978000
v 1.335000 -0.045000 0.978000
v 1.335000 -0.045000 0.941000
v 1.335000 -0.550000 0.941000
v 1.335000 -0.550000 0.978000
v 1.370000 -0.045000 0.941000
v 1.370000 -0.045000 0.978000
v 1.370000 -0.550000 0.978000
v 1.370000 -0.550000 0.941000
v 1.335000 -0.045000 0.978000
v 1.370000 -0.045000 0.978000
v 1.370000 -0.045000 0.941000
v 1.335000 -0.045000 0.941000
v 1.335000 -0.550000 0.941000
v 1.370000 -0.550000 0.941000
v 1.370000 -0.550000 0.978000
v 1.335000 -0.550000 0.978000
v 0.390000 -0.515000 0.941000
v 1.370000 -0.515000 0.941000
v 1.370000 -0.550000 0.941000
v 0.390000 -0.550000 0.941000
v 1.370000 -0.515000 0.978000
v 0.390000 -0.515000 0.978000
v 0.390000 -0.550000 0.978000
v 1.370000 -0.550000 0.978000
v 0.390000 -0.515000 0.978000
v 0.390000 -0.515000 0.941000
v 0.390000 -0.550000 0.941000
v 0.390000 -0.550000 0.978000
v 1.370000 -0.515000 0.941000
v 1.370000 -0.515000 0.978000
v 1.370000 -0.550000 0.978000
v 1.370000 -0.550000 0.941000
v 0.390000 -0.515000 0.978000
v 1.370000 -0.515000 0.978000
v 1.370000 -0.515000 0.941000
v 0.390000 -0.515000 0.941000
v 0.390000 -0.550000 0.941000
v 1.370000 -0.550000 0.941000
v 1.370000 -0.550000 0.978000
v 0.390000 -0.550000 0.978000
v 0.390000 -0.045000 0.941000
v 1.370000 -0.045000 0.941000
v 1.370000 -0.080000 0.941000
v 0.390000 -0.080000 0.941000
v 1.370000 -0.045000 0.978000
v 0.390000 -0.045000 0.978000
v 0.390000 -0.080000 0.978000
v 1.370000 -0.080000 0.978000
v 0.390000 -0.045000 0.978000
v 0.390000 -0.045000 0.941000
v 0.390000 -0.080000 0.941000
v 0.390000 -0.080000 0.978000
v 1.370000 -0.045000 0.941000
v 1.370000 -0.045000 0.978000
v 1.370000 -0.080000 0.978000
v 1.370000 -0.080000 0.941000
v 0.390000 -0.045000 0.978000
v 1.370000 -0.045000 0.978000
v 1.370000 -0.045000 0.941000
v 0.390000 -0.045000 0.941000
v 0.390000 -0.080000 0.941000
v 1.370000 -0.080000 0.941000
v 1.370000 -0.080000 0.978000
v 0.390000 -0.080000 0.978000
v -1.548000 -0.075000 -0.710000
v -1.528000 -0.075000 -0.710000
v -1.528000 -0.505000 -0.710000
v -1.548000 -0.505000 -0.710000
v -1.528000 -0.075000 -0.070000
v -1.548000 -0.075000 -0.070000
v -1.548000 -0.505000 -0.070000
v -1.528000 -0.505000 -0.070000
v -1.548000 -0.075000 -0.070000
v -1.548000 -0.075000 -0.710000
v -1.548000 -0.505000 -0.710000
v -1.548000 -0.505000 -0.070000
v -1.528000 -0.075000 -0.710000
v -1.528000 -0.075000 -0.070000
v -1.528000 -0.505000 -0.070000
v -1.528000 -0.505000 -0.710000
v -1.548000 -0.075000 -0.070000
v -1.528000 -0.075000 -0.070000
v -1.528000 -0.075000 -0.710000
v -1.548000 -0.075000 -0.710000
v -1.548000 -0.505000 -0.710000
v -1.528000 -0.505000 -0.710000
v -1.528000 -0.505000 -0.070000
v -1.548000 -0.505000 -0.070000
v -1.548000 -0.075000 0.070000
v -1.528000 -0.075000 0.070000
v -1.528000 -0.505000 0.070000
v -1.548000 -0.505000 0.070000
v -1.528000 -0.075000 0.710000
v -1.548000 -0.075000 0.710000
v -1.548000 -0.505000 0.710000
v -1.528000 -0.505000 0.710000
v -1.548000 -0.075000 0.710000
v -1.548000 -0.075000 0.070000
v -1.548000 -0.505000 0.070000
v -1.548000 -0.505000 0.710000
v -1.528000 -0.075000 0.070000
v -1.528000 -0.075000 0.710000
v -1.528000 -0.505000 0.710000
v -1.528000 -0.505000 0.070000
v -1.548000 -0.075000 0.710000
v -1.528000 -0.075000 0.710000
v -1.528000 -0.075000 0.070000
v -1.548000 -0.075000 0.070000
v -1.548000 -0.505000 0.070000
v -1.528000 -0.505000 0.070000
v -1.528000 -0.505000 0.710000
v -1.548000 -0.505000 0.710000
v 1.528000 -0.075000 -0.710000
v 1.548000 -0.075000 -0.710000
v 1.548000 -0.505000 -0.710000
v 1.528000 -0.505000 -0.710000
v 1.548000 -0.075000 -0.070000
v 1.528000 -0.075000 -0.070000
v 1.528000 -0.505000 -0.070000
v 1.548000 -0.505000 -0.070000
v 1.528000 -0.075000 -0.070000
v 1.528000 -0.075000 -0.710000
v 1.528000 -0.505000 -0.710000
v 1.528000 -0.505000 -0.070000
v 1.548000 -0.075000 -0.710000
v 1.548000 -0.075000 -0.070000
v 1.548000 -0.505000 -0.070000
v 1.548000 -0.505000 -0.710000
v 1.528000 -0.075000 -0.070000
v 1.548000 -0.075000 -0.070000
v 1.548000 -0.075000 -0.710000
v 1.528000 -0.075000 -0.710000
v 1.528000 -0.505000 -0.710000
v 1.548000 -0.505000 -0.710000
v 1.548000 -0.505000 -0.070000
v 1.528000 -0.505000 -0.070000
v 1.528000 -0.075000 0.070000
v 1.548000 -0.075000 0.070000
v 1.548000 -0.505000 0.070000
v 1.528000 -0.505000 0.070000
v 1.548000 -0.075000 0.710000
v 1.528000 -0.075000 0.710000
v 1.528000 -0.505000 0.710000
v 1.548000 -0.505000 0.710000
v 1.528000 -0.075000 0.710000
v 1.528000 -0.075000 0.070000
v 1.528000 -0.505000 0.070000
v 1.528000 -0.505000 0.710000
v 1.548000 -0.075000 0.070000
v 1.548000 -0.075000 0.710000
v 1.548000 -0.505000 0.710000
v 1.548000 -0.505000 0.070000
v 1.528000 -0.075000 0.710000
v 1.548000 -0.075000 0.710000
v 1.548000 -0.075000 0.070000
v 1.528000 -0.075000 0.070000
v 1.528000 -0.505000 0.070000
v 1.548000 -0.505000 0.070000
v 1.548000 -0.505000 0.710000
v 1.528000 -0.505000 0.710000
v -1.565000 0.466612 -0.904687
v 1.565000 0.466612 -0.904687
v 1.565000 0.270000 -0.965000
v -1.565000 0.270000 -0.965000
v -1.565000 0.543529 -0.844375
v 1.565000 0.543529 -0.844375
v 1.565000 0.466612 -0.904687
v -1.565000 0.466612 -0.904687
v -1.565000 0.599373 -0.784062
v 1.565000 0.599373 -0.784062
v 1.565000 0.543529 -0.844375
v -1.565000 0.543529 -0.844375
v -1.565000 0.643712 -0.723750
v 1.565000 0.643712 -0.723750
v 1.565000 0.599373 -0.784062
v -1.565000 0.599373 -0.784062
v -1.565000 0.680294 -0.663437
v 1.565000 0.680294 -0.663437
v 1.565000 0.643712 -0.723750
v -1.565000 0.643712 -0.723750
v -1.565000 0.711053 -0.603125
v 1.565000 0.711053 -0.603125
v 1.565000 0.680294 -0.663437
v -1.565000 0.680294 -0.663437
v -1.565000 0.737140 -0.542812
v 1.565000 0.737140 -0.542812
v 1.565000 0.711053 -0.603125
v -1.565000 0.711053 -0.603125
v -1.565000 0.759304 -0.482500
v 1.565000 0.759304 -0.482500
v 1.565000 0.737140 -0.542812
v -1.565000 0.737140 -0.542812
v -1.565000 0.778058 -0.422187
v 1.565000 0.778058 -0.422187
v 1.565000 0.759304 -0.482500
v -1.565000 0.759304 -0.482500
v -1.565000 0.793769 -0.361875
v 1.565000 0.793769 -0.361875
v 1.565000 0.778058 -0.422187
v -1.565000 0.778058 -0.422187
v -1.565000 0.806704 -0.301562
v 1.565000 0.806704 -0.301562
v 1.565000 0.793769 -0.361875
v -1.565000 0.793769 -0.361875
v -1.565000 0.817059 -0.241250
v 1.565000 0.817059 -0.241250
v 1.565000 0.806704 -0.301562
v -1.565000 0.806704 -0.301562
v -1.565000 0.824980 -0.180937
v 1.565000 0.824980 -0.180937
v 1.565000 0.817059 -0.241250
v -1.565000 0.817059 -0.241250
v -1.565000 0.830569 -0.120625
v 1.565000 0.830569 -0.120625
v 1.565000 0.824980 -0.180937
v -1.565000 0.824980 -0.180937
v -1.565000 0.833895 -0.060312
v 1.565000 0.833895 -0.060312
v 1.565000 0.830569 -0.120625
v -1.565000 0.830569 -0.120625
v -1.565000 0.835000 0.000000
v 1.565000 0.835000 0.000000
v 1.565000 0.833895 -0.060312
v -1.565000 0.833895 -0.060312
v -1.565000 0.833895 0.060313
v 1.565000 0.833895 0.060313
v 1.565000 0.835000 0.000000
v -1.565000 0.835000 0.000000
v -1.565000 0.830569 0.120625
v 1.565000 0.830569 0.120625
v 1.565000 0.833895 0.060313
v -1.565000 0.833895 0.060313
v -1.565000 0.824980 0.180938
v 1.565000 0.824980 0.180938
v 1.565000 0.830569 0.120625
v -1.565000 0.830569 0.120625
v -1.565000 0.817059 0.241250
v 1.565000 0.817059 0.241250
v 1.565000 0.824980 0.180938
v -1.565000 0.824980 0.180938
v -1.565000 0.806704 0.301563
v 1.565000 0.806704 0.301563
v 1.565000 0.817059 0.241250
v -1.565000 0.817059 0.241250
v -1.565000 0.793769 0.361875
v 1.565000 0.793769 0.361875
v 1.565000 0.806704 0.301563
v -1.565000 0.806704 0.301563
v -1.565000 0.778058 0.422188
v 1.565000 0.778058 0.422188
v 1.565000 0.793769 0.361875
v -1.565000 0.793769 0.361875
v -1.565000 0.759304 0.482500
v 1.565000 0.759304 0.482500
v 1.565000 0.778058 0.422188
v -1.565000 0.778058 0.422188
v -1.565000 0.737140 0.542813
v 1.565000 0.737140 0.542813
v 1.565000 0.759304 0.482500
v -1.565000 0.759304 0.482500
v -1.565000 0.711053 0.603125
v 1.565000 0.711053 0.603125
v 1.565000 0.737140 0.542813
v -1.565000 0.737140 0.542813
v -1.565000 0.680294 0.663438
v 1.565000 0.680294 0.663438
v 1.565000 0.711053 0.603125
v -1.565000 0.711053 0.603125
v -1.565000 0.643712 0.723750
v 1.565000 0.643712 0.723750
v 1.565000 0.680294 0.663438
v -1.565000 0.680294 0.663438
v -1.565000 0.599373 0.784062
v 1.565000 0.599373 0.784062
v 1.565000 0.643712 0.723750
v -1.565000 0.643712 0.723750
v -1.565000 0.543529 0.844375
v 1.565000 0.543529 0.844375
v 1.565000 0.599373 0.784062
v -1.565000 0.599373 0.784062
v -1.565000 0.466612 0.904687
v 1.565000 0.466612 0.904687
v 1.565000 0.543529 0.844375
v -1.565000 0.543529 0.844375
v -1.565000 0.270000 0.965000
v 1.565000 0.270000 0.965000
v 1.565000 0.466612 0.904687
v -1.565000 0.466612 0.904687
v -1.565000 0.270000 -0.965000
v 1.565000 0.270000 -0.965000
v 1.565000 0.150000 -0.965000
v -1.565000 0.150000 -0.965000
v 1.565000 0.270000 -0.924000
v -1.565000 0.270000 -0.924000
v -1.565000 0.150000 -0.924000
v 1.565000 0.150000 -0.924000
v -1.565000 0.270000 -0.924000
v -1.565000 0.270000 -0.965000
v -1.565000 0.150000 -0.965000
v -1.565000 0.150000 -0.924000
v 1.565000 0.270000 -0.965000
v 1.565000 0.270000 -0.924000
v 1.565000 0.150000 -0.924000
v 1.565000 0.150000 -0.965000
v -1.565000 0.270000 -0.924000
v 1.565000 0.270000 -0.924000
v 1.565000 0.270000 -0.965000
v -1.565000 0.270000 -0.965000
v -1.565000 0.150000 -0.965000
v 1.565000 0.150000 -0.965000
v 1.565000 0.150000 -0.924000
v -1.565000 0.150000 -0.924000
v -1.565000 0.270000 0.924000
v 1.565000 0.270000 0.924000
v 1.565000 0.150000 0.924000
v -1.565000 0.150000 0.924000
v 1.565000 0.270000 0.965000
v -1.565000 0.270000 0.965000
v -1.565000 0.150000 0.965000
v 1.565000 0.150000 0.965000
v -1.565000 0.270000 0.965000
v -1.565000 0.270000 0.924000
v -1.565000 0.150000 0.924000
v -1.565000 0.150000 0.965000
v 1.565000 0.270000 0.924000
v 1.565000 0.270000 0.965000
v 1.565000 0.150000 0.965000
v 1.565000 0.150000 0.924000
v -1.565000 0.270000 0.965000
v 1.565000 0.270000 0.965000
v 1.565000 0.270000 0.924000
v -1.565000 0.270000 0.924000
v -1.565000 0.150000 0.924000
v 1.565000 0.150000 0.924000
v 1.565000 0.150000 0.965000
v -1.565000 0.150000 0.965000
v -1.565000 0.150000 -0.965000
v 1.565000 0.150000 -0.965000
v 1.565000 0.150000 0.965000
v -1.565000 0.150000 0.965000
v -1.565000 0.270000 -0.965000
v -1.565000 0.150000 -0.965000
v -1.565000 0.255000 0.000000
v -1.565000 0.466612 -0.904687
v -1.565000 0.270000 -0.965000
v -1.565000 0.255000 0.000000
v -1.565000 0.543529 -0.844375
v -1.565000 0.466612 -0.904687
v -1.565000 0.255000 0.000000
v -1.565000 0.599373 -0.784062
v -1.565000 0.543529 -0.844375
v -1.565000 0.255000 0.000000
v -1.565000 0.643712 -0.723750
v -1.565000 0.599373 -0.784062
v -1.565000 0.255000 0.000000
v -1.565000 0.680294 -0.663437
v -1.565000 0.643712 -0.723750
v -1.565000 0.255000 0.000000
v -1.565000 0.711053 -0.603125
v -1.565000 0.680294 -0.663437
v -1.565000 0.255000 0.000000
v -1.565000 0.737140 -0.542812
v -1.565000 0.711053 -0.603125
v -1.565000 0.255000 0.000000
v -1.565000 0.759304 -0.482500
v -1.565000 0.737140 -0.542812
v -1.565000 0.255000 0.000000
v -1.565000 0.778058 -0.422187
v -1.565000 0.759304 -0.482500
v -1.565000 0.255000 0.000000
v -1.565000 0.793769 -0.361875
v -1.565000 0.778058 -0.422187
v -1.565000 0.255000 0.000000
v -1.565000 0.806704 -0.301562
v -1.565000 0.793769 -0.361875
v -1.565000 0.255000 0.000000
v -1.565000 0.817059 -0.241250
v -1.565000 0.806704 -0.301562
v -1.565000 0.255000 0.000000
v -1.565000 0.824980 -0.180937
v -1.565000 0.817059 -0.241250
v -1.565000 0.255000 0.000000
v -1.565000 0.830569 -0.120625
v -1.565000 0.824980 -0.180937
v -1.565000 0.255000 0.000000
v -1.565000 0.833895 -0.060312
v -1.565000 0.830569 -0.120625
v -1.565000 0.255000 0.000000
v -1.565000 0.835000 0.000000
v -1.565000 0.833895 -0.060312
v -1.565000 0.255000 0.000000
v -1.565000 0.833895 0.060313
v -1.565000 0.835000 0.000000
v -1.565000 0.255000 0.000000
v -1.565000 0.830569 0.120625
v -1.565000 0.833895 0.060313
v -1.565000 0.255000 0.000000
v -1.565000 0.824980 0.180938
v -1.565000 0.830569 0.120625
v -1.565000 0.255000 0.000000
v -1.565000 0.817059 0.241250
v -1.565000 0.824980 0.180938
v -1.565000 0.255000 0.000000
v -1.565000 0.806704 0.301563
v -1.565000 0.817059 0.241250
v -1.565000 0.255000 0.000000
v -1.565000 0.793769 0.361875
v -1.565000 0.806704 0.301563
v -1.565000 0.255000 0.000000
v -1.565000 0.778058 0.422188
v -1.565000 0.793769 0.361875
v -1.565000 0.255000 0.000000
v -1.565000 0.759304 0.482500
v -1.565000 0.778058 0.422188
v -1.565000 0.255000 0.000000
v -1.565000 0.737140 0.542813
v -1.565000 0.759304 0.482500
v -1.565000 0.255000 0.000000
v -1.565000 0.711053 0.603125
v -1.565000 0.737140 0.542813
v -1.565000 0.255000 0.000000
v -1.565000 0.680294 0.663438
v -1.565000 0.711053 0.603125
v -1.565000 0.255000 0.000000
v -1.565000 0.643712 0.723750
v -1.565000 0.680294 0.663438
v -1.565000 0.255000 0.000000
v -1.565000 0.599373 0.784062
v -1.565000 0.643712 0.723750
v -1.565000 0.255000 0.000000
v -1.565000 0.543529 0.844375
v -1.565000 0.599373 0.784062
v -1.565000 0.255000 0.000000
v -1.565000 0.466612 0.904687
v -1.565000 0.543529 0.844375
v -1.565000 0.255000 0.000000
v -1.565000 0.270000 0.965000
v -1.565000 0.466612 0.904687
v -1.565000 0.255000 0.000000
v -1.565000 0.150000 0.965000
v -1.565000 0.270000 0.965000
v -1.565000 0.255000 0.000000
v -1.565000 0.150000 -0.965000
v -1.565000 0.150000 0.965000
v -1.565000 0.255000 0.000000
v 1.565000 0.255000 0.000000
v 1.565000 0.150000 -0.965000
v 1.565000 0.270000 -0.965000
v 1.565000 0.255000 0.000000
v 1.565000 0.270000 -0.965000
v 1.565000 0.466612 -0.904687
v 1.565000 0.255000 0.000000
v 1.565000 0.466612 -0.904687
v 1.565000 0.543529 -0.844375
v 1.565000 0.255000 0.000000
v 1.565000 0.543529 -0.844375
v 1.565000 0.599373 -0.784062
v 1.565000 0.255000 0.000000
v 1.565000 0.599373 -0.784062
v 1.565000 0.643712 -0.723750
v 1.565000 0.255000 0.000000
v 1.565000 0.643712 -0.723750
v 1.565000 0.680294 -0.663437
v 1.565000 0.255000 0.000000
v 1.565000 0.680294 -0.663437
v 1.565000 0.711053 -0.603125
v 1.565000 0.255000 0.000000
v 1.565000 0.711053 -0.603125
v 1.565000 0.737140 -0.542812
v 1.565000 0.255000 0.000000
v 1.565000 0.737140 -0.542812
v 1.565000 0.759304 -0.482500
v 1.565000 0.255000 0.000000
v 1.565000 0.759304 -0.482500
v 1.565000 0.778058 -0.422187
v 1.565000 0.255000 0.000000
v 1.565000 0.778058 -0.422187
v 1.565000 0.793769 -0.361875
v 1.565000 0.255000 0.000000
v 1.565000 0.793769 -0.361875
v 1.565000 0.806704 -0.301562
v 1.565000 0.255000 0.000000
v 1.565000 0.806704 -0.301562
v 1.565000 0.817059 -0.241250
v 1.565000 0.255000 0.000000
v 1.565000 0.817059 -0.241250
v 1.565000 0.824980 -0.180937
v 1.565000 0.255000 0.000000
v 1.565000 0.824980 -0.180937
v 1.565000 0.830569 -0.120625
v 1.565000 0.255000 0.000000
v 1.565000 0.830569 -0.120625
v 1.565000 0.833895 -0.060312
v 1.565000 0.255000 0.000000
v 1.565000 0.833895 -0.060312
v 1.565000 0.835000 0.000000
v 1.565000 0.255000 0.000000
v 1.565000 0.835000 0.000000
v 1.565000 0.833895 0.060313
v 1.565000 0.255000 0.000000
v 1.565000 0.833895 0.060313
v 1.565000 0.830569 0.120625
v 1.565000 0.255000 0.000000
v 1.565000 0.830569 0.120625
v 1.565000 0.824980 0.180938
v 1.565000 0.255000 0.000000
v 1.565000 0.824980 0.180938
v 1.565000 0.817059 0.241250
v 1.565000 0.255000 0.000000
v 1.565000 0.817059 0.241250
v 1.565000 0.806704 0.301563
v 1.565000 0.255000 0.000000
v 1.565000 0.806704 0.301563
v 1.565000 0.793769 0.361875
v 1.565000 0.255000 0.000000
v 1.565000 0.793769 0.361875
v 1.565000 0.778058 0.422188
v 1.565000 0.255000 0.000000
v 1.565000 0.778058 0.422188
v 1.565000 0.759304 0.482500
v 1.565000 0.255000 0.000000
v 1.565000 0.759304 0.482500
v 1.565000 0.737140 0.542813
v 1.565000 0.255000 0.000000
v 1.565000 0.737140 0.542813
v 1.565000 0.711053 0.603125
v 1.565000 0.255000 0.000000
v 1.565000 0.711053 0.603125
v 1.565000 0.680294 0.663438
v 1.565000 0.255000 0.000000
v 1.565000 0.680294 0.663438
v 1.565000 0.643712 0.723750
v 1.565000 0.255000 0.000000
v 1.565000 0.643712 0.723750
v 1.565000 0.599373 0.784062
v 1.565000 0.255000 0.000000
v 1.565000 0.599373 0.784062
v 1.565000 0.543529 0.844375
v 1.565000 0.255000 0.000000
v 1.565000 0.543529 0.844375
v 1.565000 0.466612 0.904687
v 1.565000 0.255000 0.000000
v 1.565000 0.466612 0.904687
v 1.565000 0.270000 0.965000
v 1.565000 0.255000 0.000000
v 1.565000 0.270000 0.965000
v 1.565000 0.150000 0.965000
v 1.565000 0.255000 0.000000
v 1.565000 0.150000 0.965000
v 1.565000 0.150000 -0.965000
v -1.558000 0.791847 -0.382000
v 1.558000 0.791847 -0.382000
v 1.558000 0.787708 -0.398000
v -1.558000 0.787708 -0.398000
v -1.558000 0.787708 0.398000
v 1.558000 0.787708 0.398000
v 1.558000 0.791847 0.382000
v -1.558000 0.791847 0.382000
v -1.155000 0.489612 -0.904687
v -0.995000 0.489612 -0.904687
v -0.995000 0.293000 -0.965000
v -1.155000 0.293000 -0.965000
v -1.155000 0.462612 -0.904687
v -1.155000 0.489612 -0.904687
v -1.155000 0.293000 -0.965000
v -1.155000 0.266000 -0.965000
v -0.995000 0.266000 -0.965000
v -0.995000 0.293000 -0.965000
v -0.995000 0.489612 -0.904687
v -0.995000 0.462612 -0.904687
v -1.155000 0.566529 -0.844375
v -0.995000 0.566529 -0.844375
v -0.995000 0.489612 -0.904687
v -1.155000 0.489612 -0.904687
v -1.155000 0.539529 -0.844375
v -1.155000 0.566529 -0.844375
v -1.155000 0.489612 -0.904687
v -1.155000 0.462612 -0.904687
v -0.995000 0.462612 -0.904687
v -0.995000 0.489612 -0.904687
v -0.995000 0.566529 -0.844375
v -0.995000 0.539529 -0.844375
v -1.155000 0.622373 -0.784062
v -0.995000 0.622373 -0.784062
v -0.995000 0.566529 -0.844375
v -1.155000 0.566529 -0.844375
v -1.155000 0.595373 -0.784062
v -1.155000 0.622373 -0.784062
v -1.155000 0.566529 -0.844375
v -1.155000 0.539529 -0.844375
v -0.995000 0.539529 -0.844375
v -0.995000 0.566529 -0.844375
v -0.995000 0.622373 -0.784062
v -0.995000 0.595373 -0.784062
v -1.155000 0.666712 -0.723750
v -0.995000 0.666712 -0.723750
v -0.995000 0.622373 -0.784062
v -1.155000 0.622373 -0.784062
v -1.155000 0.639712 -0.723750
v -1.155000 0.666712 -0.723750
v -1.155000 0.622373 -0.784062
v -1.155000 0.595373 -0.784062
v -0.995000 0.595373 -0.784062
v -0.995000 0.622373 -0.784062
v -0.995000 0.666712 -0.723750
v -0.995000 0.639712 -0.723750
v -1.155000 0.703294 -0.663437
v -0.995000 0.703294 -0.663437
v -0.995000 0.666712 -0.723750
v -1.155000 0.666712 -0.723750
v -1.155000 0.676294 -0.663437
v -1.155000 0.703294 -0.663437
v -1.155000 0.666712 -0.723750
v -1.155000 0.639712 -0.723750
v -0.995000 0.639712 -0.723750
v -0.995000 0.666712 -0.723750
v -0.995000 0.703294 -0.663437
v -0.995000 0.676294 -0.663437
v -1.155000 0.734053 -0.603125
v -0.995000 0.734053 -0.603125
v -0.995000 0.703294 -0.663437
v -1.155000 0.703294 -0.663437
v -1.155000 0.707053 -0.603125
v -1.155000 0.734053 -0.603125
v -1.155000 0.703294 -0.663437
v -1.155000 0.676294 -0.663437
v -0.995000 0.676294 -0.663437
v -0.995000 0.703294 -0.663437
v -0.995000 0.734053 -0.603125
v -0.995000 0.707053 -0.603125
v -1.155000 0.760140 -0.542812
v -0.995000 0.760140 -0.542812
v -0.995000 0.734053 -0.603125
v -1.155000 0.734053 -0.603125
v -1.155000 0.733140 -0.542812
v -1.155000 0.760140 -0.542812
v -1.155000 0.734053 -0.603125
v -1.155000 0.707053 -0.603125
v -0.995000 0.707053 -0.603125
v -0.995000 0.734053 -0.603125
v -0.995000 0.760140 -0.542812
v -0.995000 0.733140 -0.542812
v -1.155000 0.782304 -0.482500
v -0.995000 0.782304 -0.482500
v -0.995000 0.760140 -0.542812
v -1.155000 0.760140 -0.542812
v -1.155000 0.755304 -0.482500
v -1.155000 0.782304 -0.482500
v -1.155000 0.760140 -0.542812
v -1.155000 0.733140 -0.542812
v -0.995000 0.733140 -0.542812
v -0.995000 0.760140 -0.542812
v -0.995000 0.782304 -0.482500
v -0.995000 0.755304 -0.482500
v -1.155000 0.801058 -0.422187
v -0.995000 0.801058 -0.422187
v -0.995000 0.782304 -0.482500
v -1.155000 0.782304 -0.482500
v -1.155000 0.774058 -0.422187
v -1.155000 0.801058 -0.422187
v -1.155000 0.782304 -0.482500
v -1.155000 0.755304 -0.482500
v -0.995000 0.755304 -0.482500
v -0.995000 0.782304 -0.482500
v -0.995000 0.801058 -0.422187
v -0.995000 0.774058 -0.422187
v -1.155000 0.816769 -0.361875
v -0.995000 0.816769 -0.361875
v -0.995000 0.801058 -0.422187
v -1.155000 0.801058 -0.422187
v -1.155000 0.789769 -0.361875
v -1.155000 0.816769 -0.361875
v -1.155000 0.801058 -0.422187
v -1.155000 0.774058 -0.422187
v -0.995000 0.774058 -0.422187
v -0.995000 0.801058 -0.422187
v -0.995000 0.816769 -0.361875
v -0.995000 0.789769 -0.361875
v -1.155000 0.829704 -0.301562
v -0.995000 0.829704 -0.301562
v -0.995000 0.816769 -0.361875
v -1.155000 0.816769 -0.361875
v -1.155000 0.802704 -0.301562
v -1.155000 0.829704 -0.301562
v -1.155000 0.816769 -0.361875
v -1.155000 0.789769 -0.361875
v -0.995000 0.789769 -0.361875
v -0.995000 0.816769 -0.361875
v -0.995000 0.829704 -0.301562
v -0.995000 0.802704 -0.301562
v -1.155000 0.840059 -0.241250
v -0.995000 0.840059 -0.241250
v -0.995000 0.829704 -0.301562
v -1.155000 0.829704 -0.301562
v -1.155000 0.813059 -0.241250
v -1.155000 0.840059 -0.241250
v -1.155000 0.829704 -0.301562
v -1.155000 0.802704 -0.301562
v -0.995000 0.802704 -0.301562
v -0.995000 0.829704 -0.301562
v -0.995000 0.840059 -0.241250
v -0.995000 0.813059 -0.241250
v -1.155000 0.847980 -0.180937
v -0.995000 0.847980 -0.180937
v -0.995000 0.840059 -0.241250
v -1.155000 0.840059 -0.241250
v -1.155000 0.820980 -0.180937
v -1.155000 0.847980 -0.180937
v -1.155000 0.840059 -0.241250
v -1.155000 0.813059 -0.241250
v -0.995000 0.813059 -0.241250
v -0.995000 0.840059 -0.241250
v -0.995000 0.847980 -0.180937
v -0.995000 0.820980 -0.180937
v -1.155000 0.853569 -0.120625
v -0.995000 0.853569 -0.120625
v -0.995000 0.847980 -0.180937
v -1.155000 0.847980 -0.180937
v -1.155000 0.826569 -0.120625
v -1.155000 0.853569 -0.120625
v -1.155000 0.847980 -0.180937
v -1.155000 0.820980 -0.180937
v -0.995000 0.820980 -0.180937
v -0.995000 0.847980 -0.180937
v -0.995000 0.853569 -0.120625
v -0.995000 0.826569 -0.120625
v -1.155000 0.856895 -0.060312
v -0.995000 0.856895 -0.060312
v -0.995000 0.853569 -0.120625
v -1.155000 0.853569 -0.120625
v -1.155000 0.829895 -0.060312
v -1.155000 0.856895 -0.060312
v -1.155000 0.853569 -0.120625
v -1.155000 0.826569 -0.120625
v -0.995000 0.826569 -0.120625
v -0.995000 0.853569 -0.120625
v -0.995000 0.856895 -0.060312
v -0.995000 0.829895 -0.060312
v -1.155000 0.858000 0.000000
v -0.995000 0.858000 0.000000
v -0.995000 0.856895 -0.060312
v -1.155000 0.856895 -0.060312
v -1.155000 0.831000 0.000000
v -1.155000 0.858000 0.000000
v -1.155000 0.856895 -0.060312
v -1.155000 0.829895 -0.060312
v -0.995000 0.829895 -0.060312
v -0.995000 0.856895 -0.060312
v -0.995000 0.858000 0.000000
v -0.995000 0.831000 0.000000
v -1.155000 0.856895 0.060313
v -0.995000 0.856895 0.060313
v -0.995000 0.858000 0.000000
v -1.155000 0.858000 0.000000
v -1.155000 0.829895 0.060313
v -1.155000 0.856895 0.060313
v -1.155000 0.858000 0.000000
v -1.155000 0.831000 0.000000
v -0.995000 0.831000 0.000000
v -0.995000 0.858000 0.000000
v -0.995000 0.856895 0.060313
v -0.995000 0.829895 0.060313
v -1.155000 0.853569 0.120625
v -0.995000 0.853569 0.120625
v -0.995000 0.856895 0.060313
v -1.155000 0.856895 0.060313
v -1.155000 0.826569 0.120625
v -1.155000 0.853569 0.120625
v -1.155000 0.856895 0.060313
v -1.155000 0.829895 0.060313
v -0.995000 0.829895 0.060313
v -0.995000 0.856895 0.060313
v -0.995000 0.853569 0.120625
v -0.995000 0.826569 0.120625
v -1.155000 0.847980 0.180938
v -0.995000 0.847980 0.180938
v -0.995000 0.853569 0.120625
v -1.155000 0.853569 0.120625
v -1.155000 0.820980 0.180938
v -1.155000 0.847980 0.180938
v -1.155000 0.853569 0.120625
v -1.155000 0.826569 0.120625
v -0.995000 0.826569 0.120625
v -0.995000 0.853569 0.120625
v -0.995000 0.847980 0.180938
v -0.995000 0.820980 0.180938
v -1.155000 0.840059 0.241250
v -0.995000 0.840059 0.241250
v -0.995000 0.847980 0.180938
v -1.155000 0.847980 0.180938
v -1.155000 0.813059 0.241250
v -1.155000 0.840059 0.241250
v -1.155000 0.847980 0.180938
v -1.155000 0.820980 0.180938
v -0.995000 0.820980 0.180938
v -0.995000 0.847980 0.180938
v -0.995000 0.840059 0.241250
v -0.995000 0.813059 0.241250
v -1.155000 0.829704 0.301563
v -0.995000 0.829704 0.301563
v -0.995000 0.840059 0.241250
v -1.155000 0.840059 0.241250
v -1.155000 0.802704 0.301563
v -1.155000 0.829704 0.301563
v -1.155000 0.840059 0.241250
v -1.155000 0.813059 0.241250
v -0.995000 0.813059 0.241250
v -0.995000 0.840059 0.241250
v -0.995000 0.829704 0.301563
v -0.995000 0.802704 0.301563
v -1.155000 0.816769 0.361875
v -0.995000 0.816769 0.361875
v -0.995000 0.829704 0.301563
v -1.155000 0.829704 0.301563
v -1.155000 0.789769 0.361875
v -1.155000 0.816769 0.361875
v -1.155000 0.829704 0.301563
v -1.155000 0.802704 0.301563
v -0.995000 0.802704 0.301563
v -0.995000 0.829704 0.301563
v -0.995000 0.816769 0.361875
v -0.995000 0.789769 0.361875
v -1.155000 0.801058 0.422188
v -0.995000 0.801058 0.422188
v -0.995000 0.816769 0.361875
v -1.155000 0.816769 0.361875
v -1.155000 0.774058 0.422188
v -1.155000 0.801058 0.422188
v -1.155000 0.816769 0.361875
v -1.155000 0.789769 0.361875
v -0.995000 0.789769 0.361875
v -0.995000 0.816769 0.361875
v -0.995000 0.801058 0.422188
v -0.995000 0.774058 0.422188
v -1.155000 0.782304 0.482500
v -0.995000 0.782304 0.482500
v -0.995000 0.801058 0.422188
v -1.155000 0.801058 0.422188
v -1.155000 0.755304 0.482500
v -1.155000 0.782304 0.482500
v -1.155000 0.801058 0.422188
v -1.155000 0.774058 0.422188
v -0.995000 0.774058 0.422188
v -0.995000 0.801058 0.422188
v -0.995000 0.782304 0.482500
v -0.995000 0.755304 0.482500
v -1.155000 0.760140 0.542813
v -0.995000 0.760140 0.542813
v -0.995000 0.782304 0.482500
v -1.155000 0.782304 0.482500
v -1.155000 0.733140 0.542813
v -1.155000 0.760140 0.542813
v -1.155000 0.782304 0.482500
v -1.155000 0.755304 0.482500
v -0.995000 0.755304 0.482500
v -0.995000 0.782304 0.482500
v -0.995000 0.760140 0.542813
v -0.995000 0.733140 0.542813
v -1.155000 0.734053 0.603125
v -0.995000 0.734053 0.603125
v -0.995000 0.760140 0.542813
v -1.155000 0.760140 0.542813
v -1.155000 0.707053 0.603125
v -1.155000 0.734053 0.603125
v -1.155000 0.760140 0.542813
v -1.155000 0.733140 0.542813
v -0.995000 0.733140 0.542813
v -0.995000 0.760140 0.542813
v -0.995000 0.734053 0.603125
v -0.995000 0.707053 0.603125
v -1.155000 0.703294 0.663438
v -0.995000 0.703294 0.663438
v -0.995000 0.734053 0.603125
v -1.155000 0.734053 0.603125
v -1.155000 0.676294 0.663438
v -1.155000 0.703294 0.663438
v -1.155000 0.734053 0.603125
v -1.155000 0.707053 0.603125
v -0.995000 0.707053 0.603125
v -0.995000 0.734053 0.603125
v -0.995000 0.703294 0.663438
v -0.995000 0.676294 0.663438
v -1.155000 0.666712 0.723750
v -0.995000 0.666712 0.723750
v -0.995000 0.703294 0.663438
v -1.155000 0.703294 0.663438
v -1.155000 0.639712 0.723750
v -1.155000 0.666712 0.723750
v -1.155000 0.703294 0.663438
v -1.155000 0.676294 0.663438
v -0.995000 0.676294 0.663438
v -0.995000 0.703294 0.663438
v -0.995000 0.666712 0.723750
v -0.995000 0.639712 0.723750
v -1.155000 0.622373 0.784062
v -0.995000 0.622373 0.784062
v -0.995000 0.666712 0.723750
v -1.155000 0.666712 0.723750
v -1.155000 0.595373 0.784062
v -1.155000 0.622373 0.784062
v -1.155000 0.666712 0.723750
v -1.155000 0.639712 0.723750
v -0.995000 0.639712 0.723750
v -0.995000 0.666712 0.723750
v -0.995000 0.622373 0.784062
v -0.995000 0.595373 0.784062
v -1.155000 0.566529 0.844375
v -0.995000 0.566529 0.844375
v -0.995000 0.622373 0.784062
v -1.155000 0.622373 0.784062
v -1.155000 0.539529 0.844375
v -1.155000 0.566529 0.844375
v -1.155000 0.622373 0.784062
v -1.155000 0.595373 0.784062
v -0.995000 0.595373 0.784062
v -0.995000 0.622373 0.784062
v -0.995000 0.566529 0.844375
v -0.995000 0.539529 0.844375
v -1.155000 0.489612 0.904687
v -0.995000 0.489612 0.904687
v -0.995000 0.566529 0.844375
v -1.155000 0.566529 0.844375
v -1.155000 0.462612 0.904687
v -1.155000 0.489612 0.904687
v -1.155000 0.566529 0.844375
v -1.155000 0.539529 0.844375
v -0.995000 0.539529 0.844375
v -0.995000 0.566529 0.844375
v -0.995000 0.489612 0.904687
v -0.995000 0.462612 0.904687
v -1.155000 0.293000 0.965000
v -0.995000 0.293000 0.965000
v -0.995000 0.489612 0.904687
v -1.155000 0.489612 0.904687
v -1.155000 0.266000 0.965000
v -1.155000 0.293000 0.965000
v -1.155000 0.489612 0.904687
v -1.155000 0.462612 0.904687
v -0.995000 0.462612 0.904687
v -0.995000 0.489612 0.904687
v -0.995000 0.293000 0.965000
v -0.995000 0.266000 0.965000
v -1.155000 0.270000 -1.018000
v -0.995000 0.270000 -1.018000
v -0.995000 -0.645000 -1.018000
v -1.155000 -0.645000 -1.018000
v -0.995000 0.270000 -0.962000
v -1.155000 0.270000 -0.962000
v -1.155000 -0.645000 -0.962000
v -0.995000 -0.645000 -0.962000
v -1.155000 0.270000 -0.962000
v -1.155000 0.270000 -1.018000
v -1.155000 -0.645000 -1.018000
v -1.155000 -0.645000 -0.962000
v -0.995000 0.270000 -1.018000
v -0.995000 0.270000 -0.962000
v -0.995000 -0.645000 -0.962000
v -0.995000 -0.645000 -1.018000
v -1.155000 0.270000 -0.962000
v -0.995000 0.270000 -0.962000
v -0.995000 0.270000 -1.018000
v -1.155000 0.270000 -1.018000
v -1.155000 -0.645000 -1.018000
v -0.995000 -0.645000 -1.018000
v -0.995000 -0.645000 -0.962000
v -1.155000 -0.645000 -0.962000
v -1.053157 -0.534130 -1.024000
v -1.048000 -0.550000 -1.024000
v -1.075000 -0.550000 -1.028050
v -1.066657 -0.524321 -1.024000
v -1.053157 -0.534130 -1.024000
v -1.075000 -0.550000 -1.028050
v -1.083343 -0.524321 -1.024000
v -1.066657 -0.524321 -1.024000
v -1.075000 -0.550000 -1.028050
v -1.096843 -0.534130 -1.024000
v -1.083343 -0.524321 -1.024000
v -1.075000 -0.550000 -1.028050
v -1.102000 -0.550000 -1.024000
v -1.096843 -0.534130 -1.024000
v -1.075000 -0.550000 -1.028050
v -1.096843 -0.565870 -1.024000
v -1.102000 -0.550000 -1.024000
v -1.075000 -0.550000 -1.028050
v -1.083343 -0.575679 -1.024000
v -1.096843 -0.565870 -1.024000
v -1.075000 -0.550000 -1.028050
v -1.066657 -0.575679 -1.024000
v -1.083343 -0.575679 -1.024000
v -1.075000 -0.550000 -1.028050
v -1.053157 -0.565870 -1.024000
v -1.066657 -0.575679 -1.024000
v -1.075000 -0.550000 -1.028050
v -1.048000 -0.550000 -1.024000
v -1.053157 -0.565870 -1.024000
v -1.075000 -0.550000 -1.028050
v -1.053157 -0.169130 -1.024000
v -1.048000 -0.185000 -1.024000
v -1.075000 -0.185000 -1.028050
v -1.066657 -0.159321 -1.024000
v -1.053157 -0.169130 -1.024000
v -1.075000 -0.185000 -1.028050
v -1.083343 -0.159321 -1.024000
v -1.066657 -0.159321 -1.024000
v -1.075000 -0.185000 -1.028050
v -1.096843 -0.169130 -1.024000
v -1.083343 -0.159321 -1.024000
v -1.075000 -0.185000 -1.028050
v -1.102000 -0.185000 -1.024000
v -1.096843 -0.169130 -1.024000
v -1.075000 -0.185000 -1.028050
v -1.096843 -0.200870 -1.024000
v -1.102000 -0.185000 -1.024000
v -1.075000 -0.185000 -1.028050
v -1.083343 -0.210679 -1.024000
v -1.096843 -0.200870 -1.024000
v -1.075000 -0.185000 -1.028050
v -1.066657 -0.210679 -1.024000
v -1.083343 -0.210679 -1.024000
v -1.075000 -0.185000 -1.028050
v -1.053157 -0.200870 -1.024000
v -1.066657 -0.210679 -1.024000
v -1.075000 -0.185000 -1.028050
v -1.048000 -0.185000 -1.024000
v -1.053157 -0.200870 -1.024000
v -1.075000 -0.185000 -1.028050
v -1.053157 0.215870 -1.024000
v -1.048000 0.200000 -1.024000
v -1.075000 0.200000 -1.028050
v -1.066657 0.225679 -1.024000
v -1.053157 0.215870 -1.024000
v -1.075000 0.200000 -1.028050
v -1.083343 0.225679 -1.024000
v -1.066657 0.225679 -1.024000
v -1.075000 0.200000 -1.028050
v -1.096843 0.215870 -1.024000
v -1.083343 0.225679 -1.024000
v -1.075000 0.200000 -1.028050
v -1.102000 0.200000 -1.024000
v -1.096843 0.215870 -1.024000
v -1.075000 0.200000 -1.028050
v -1.096843 0.184130 -1.024000
v -1.102000 0.200000 -1.024000
v -1.075000 0.200000 -1.028050
v -1.083343 0.174321 -1.024000
v -1.096843 0.184130 -1.024000
v -1.075000 0.200000 -1.028050
v -1.066657 0.174321 -1.024000
v -1.083343 0.174321 -1.024000
v -1.075000 0.200000 -1.028050
v -1.053157 0.184130 -1.024000
v -1.066657 0.174321 -1.024000
v -1.075000 0.200000 -1.028050
v -1.048000 0.200000 -1.024000
v -1.053157 0.184130 -1.024000
v -1.075000 0.200000 -1.028050
v -1.155000 0.270000 0.962000
v -0.995000 0.270000 0.962000
v -0.995000 -0.645000 0.962000
v -1.155000 -0.645000 0.962000
v -0.995000 0.270000 1.018000
v -1.155000 0.270000 1.018000
v -1.155000 -0.645000 1.018000
v -0.995000 -0.645000 1.018000
v -1.155000 0.270000 1.018000
v -1.155000 0.270000 0.962000
v -1.155000 -0.645000 0.962000
v -1.155000 -0.645000 1.018000
v -0.995000 0.270000 0.962000
v -0.995000 0.270000 1.018000
v -0.995000 -0.645000 1.018000
v -0.995000 -0.645000 0.962000
v -1.155000 0.270000 1.018000
v -0.995000 0.270000 1.018000
v -0.995000 0.270000 0.962000
v -1.155000 0.270000 0.962000
v -1.155000 -0.645000 0.962000
v -0.995000 -0.645000 0.962000
v -0.995000 -0.645000 1.018000
v -1.155000 -0.645000 1.018000
v -1.075000 -0.550000 1.019950
v -1.048000 -0.550000 1.024000
v -1.053157 -0.534130 1.024000
v -1.075000 -0.550000 1.019950
v -1.053157 -0.534130 1.024000
v -1.066657 -0.524321 1.024000
v -1.075000 -0.550000 1.019950
v -1.066657 -0.524321 1.024000
v -1.083343 -0.524321 1.024000
v -1.075000 -0.550000 1.019950
v -1.083343 -0.524321 1.024000
v -1.096843 -0.534130 1.024000
v -1.075000 -0.550000 1.019950
v -1.096843 -0.534130 1.024000
v -1.102000 -0.550000 1.024000
v -1.075000 -0.550000 1.019950
v -1.102000 -0.550000 1.024000
v -1.096843 -0.565870 1.024000
v -1.075000 -0.550000 1.019950
v -1.096843 -0.565870 1.024000
v -1.083343 -0.575679 1.024000
v -1.075000 -0.550000 1.019950
v -1.083343 -0.575679 1.024000
v -1.066657 -0.575679 1.024000
v -1.075000 -0.550000 1.019950
v -1.066657 -0.575679 1.024000
v -1.053157 -0.565870 1.024000
v -1.075000 -0.550000 1.019950
v -1.053157 -0.565870 1.024000
v -1.048000 -0.550000 1.024000
v -1.075000 -0.185000 1.019950
v -1.048000 -0.185000 1.024000
v -1.053157 -0.169130 1.024000
v -1.075000 -0.185000 1.019950
v -1.053157 -0.169130 1.024000
v -1.066657 -0.159321 1.024000
v -1.075000 -0.185000 1.019950
v -1.066657 -0.159321 1.024000
v -1.083343 -0.159321 1.024000
v -1.075000 -0.185000 1.019950
v -1.083343 -0.159321 1.024000
v -1.096843 -0.169130 1.024000
v -1.075000 -0.185000 1.019950
v -1.096843 -0.169130 1.024000
v -1.102000 -0.185000 1.024000
v -1.075000 -0.185000 1.019950
v -1.102000 -0.185000 1.024000
v -1.096843 -0.200870 1.024000
v -1.075000 -0.185000 1.019950
v -1.096843 -0.200870 1.024000
v -1.083343 -0.210679 1.024000
v -1.075000 -0.185000 1.019950
v -1.083343 -0.210679 1.024000
v -1.066657 -0.210679 1.024000
v -1.075000 -0.185000 1.019950
v -1.066657 -0.210679 1.024000
v -1.053157 -0.200870 1.024000
v -1.075000 -0.185000 1.019950
v -1.053157 -0.200870 1.024000
v -1.048000 -0.185000 1.024000
v -1.075000 0.200000 1.019950
v -1.048000 0.200000 1.024000
v -1.053157 0.215870 1.024000
v -1.075000 0.200000 1.019950
v -1.053157 0.215870 1.024000
v -1.066657 0.225679 1.024000
v -1.075000 0.200000 1.019950
v -1.066657 0.225679 1.024000
v -1.083343 0.225679 1.024000
v -1.075000 0.200000 1.019950
v -1.083343 0.225679 1.024000
v -1.096843 0.215870 1.024000
v -1.075000 0.200000 1.019950
v -1.096843 0.215870 1.024000
v -1.102000 0.200000 1.024000
v -1.075000 0.200000 1.019950
v -1.102000 0.200000 1.024000
v -1.096843 0.184130 1.024000
v -1.075000 0.200000 1.019950
v -1.096843 0.184130 1.024000
v -1.083343 0.174321 1.024000
v -1.075000 0.200000 1.019950
v -1.083343 0.174321 1.024000
v -1.066657 0.174321 1.024000
v -1.075000 0.200000 1.019950
v -1.066657 0.174321 1.024000
v -1.053157 0.184130 1.024000
v -1.075000 0.200000 1.019950
v -1.053157 0.184130 1.024000
v -1.048000 0.200000 1.024000
v 0.995000 0.489612 -0.904687
v 1.155000 0.489612 -0.904687
v 1.155000 0.293000 -0.965000
v 0.995000 0.293000 -0.965000
v 0.995000 0.462612 -0.904687
v 0.995000 0.489612 -0.904687
v 0.995000 0.293000 -0.965000
v 0.995000 0.266000 -0.965000
v 1.155000 0.266000 -0.965000
v 1.155000 0.293000 -0.965000
v 1.155000 0.489612 -0.904687
v 1.155000 0.462612 -0.904687
v 0.995000 0.566529 -0.844375
v 1.155000 0.566529 -0.844375
v 1.155000 0.489612 -0.904687
v 0.995000 0.489612 -0.904687
v 0.995000 0.539529 -0.844375
v 0.995000 0.566529 -0.844375
v 0.995000 0.489612 -0.904687
v 0.995000 0.462612 -0.904687
v 1.155000 0.462612 -0.904687
v 1.155000 0.489612 -0.904687
v 1.155000 0.566529 -0.844375
v 1.155000 0.539529 -0.844375
v 0.995000 0.622373 -0.784062
v 1.155000 0.622373 -0.784062
v 1.155000 0.566529 -0.844375
v 0.995000 0.566529 -0.844375
v 0.995000 0.595373 -0.784062
v 0.995000 0.622373 -0.784062
v 0.995000 0.566529 -0.844375
v 0.995000 0.539529 -0.844375
v 1.155000 0.539529 -0.844375
v 1.155000 0.566529 -0.844375
v 1.155000 0.622373 -0.784062
v 1.155000 0.595373 -0.784062
v 0.995000 0.666712 -0.723750
v 1.155000 0.666712 -0.723750
v 1.155000 0.622373 -0.784062
v 0.995000 0.622373 -0.784062
v 0.995000 0.639712 -0.723750
v 0.995000 0.666712 -0.723750
v 0.995000 0.622373 -0.784062
v 0.995000 0.595373 -0.784062
v 1.155000 0.595373 -0.784062
v 1.155000 0.622373 -0.784062
v 1.155000 0.666712 -0.723750
v 1.155000 0.639712 -0.723750
v 0.995000 0.703294 -0.663437
v 1.155000 0.703294 -0.663437
v 1.155000 0.666712 -0.723750
v 0.995000 0.666712 -0.723750
v 0.995000 0.676294 -0.663437
v 0.995000 0.703294 -0.663437
v 0.995000 0.666712 -0.723750
v 0.995000 0.639712 -0.723750
v 1.155000 0.639712 -0.723750
v 1.155000 0.666712 -0.723750
v 1.155000 0.703294 -0.663437
v 1.155000 0.676294 -0.663437
v 0.995000 0.734053 -0.603125
v 1.155000 0.734053 -0.603125
v 1.155000 0.703294 -0.663437
v 0.995000 0.703294 -0.663437
v 0.995000 0.707053 -0.603125
v 0.995000 0.734053 -0.603125
v 0.995000 0.703294 -0.663437
v 0.995000 0.676294 -0.663437
v 1.155000 0.676294 -0.663437
v 1.155000 0.703294 -0.663437
v 1.155000 0.734053 -0.603125
v 1.155000 0.707053 -0.603125
v 0.995000 0.760140 -0.542812
v 1.155000 0.760140 -0.542812
v 1.155000 0.734053 -0.603125
v 0.995000 0.734053 -0.603125
v 0.995000 0.733140 -0.542812
v 0.995000 0.760140 -0.542812
v 0.995000 0.734053 -0.603125
v 0.995000 0.707053 -0.603125
v 1.155000 0.707053 -0.603125
v 1.155000 0.734053 -0.603125
v 1.155000 0.760140 -0.542812
v 1.155000 0.733140 -0.542812
v 0.995000 0.782304 -0.482500
v 1.155000 0.782304 -0.482500
v 1.155000 0.760140 -0.542812
v 0.995000 0.760140 -0.542812
v 0.995000 0.755304 -0.482500
v 0.995000 0.782304 -0.482500
v 0.995000 0.760140 -0.542812
v 0.995000 0.733140 -0.542812
v 1.155000 0.733140 -0.542812
v 1.155000 0.760140 -0.542812
v 1.155000 0.782304 -0.482500
v 1.155000 0.755304 -0.482500
v 0.995000 0.801058 -0.422187
v 1.155000 0.801058 -0.422187
v 1.155000 0.782304 -0.482500
v 0.995000 0.782304 -0.482500
v 0.995000 0.774058 -0.422187
v 0.995000 0.801058 -0.422187
v 0.995000 0.782304 -0.482500
v 0.995000 0.755304 -0.482500
v 1.155000 0.755304 -0.482500
v 1.155000 0.782304 -0.482500
v 1.155000 0.801058 -0.422187
v 1.155000 0.774058 -0.422187
v 0.995000 0.816769 -0.361875
v 1.155000 0.816769 -0.361875
v 1.155000 0.801058 -0.422187
v 0.995000 0.801058 -0.422187
v 0.995000 0.789769 -0.361875
v 0.995000 0.816769 -0.361875
v 0.995000 0.801058 -0.422187
v 0.995000 0.774058 -0.422187
v 1.155000 0.774058 -0.422187
v 1.155000 0.801058 -0.422187
v 1.155000 0.816769 -0.361875
v 1.155000 0.789769 -0.361875
v 0.995000 0.829704 -0.301562
v 1.155000 0.829704 -0.301562
v 1.155000 0.816769 -0.361875
v 0.995000 0.816769 -0.361875
v 0.995000 0.802704 -0.301562
v 0.995000 0.829704 -0.301562
v 0.995000 0.816769 -0.361875
v 0.995000 0.789769 -0.361875
v 1.155000 0.789769 -0.361875
v 1.155000 0.816769 -0.361875
v 1.155000 0.829704 -0.301562
v 1.155000 0.802704 -0.301562
v 0.995000 0.840059 -0.241250
v 1.155000 0.840059 -0.241250
v 1.155000 0.829704 -0.301562
v 0.995000 0.829704 -0.301562
v 0.995000 0.813059 -0.241250
v 0.995000 0.840059 -0.241250
v 0.995000 0.829704 -0.301562
v 0.995000 0.802704 -0.301562
v 1.155000 0.802704 -0.301562
v 1.155000 0.829704 -0.301562
v 1.155000 0.840059 -0.241250
v 1.155000 0.813059 -0.241250
v 0.995000 0.847980 -0.180937
v 1.155000 0.847980 -0.180937
v 1.155000 0.840059 -0.241250
v 0.995000 0.840059 -0.241250
v 0.995000 0.820980 -0.180937
v 0.995000 0.847980 -0.180937
v 0.995000 0.840059 -0.241250
v 0.995000 0.813059 -0.241250
v 1.155000 0.813059 -0.241250
v 1.155000 0.840059 -0.241250
v 1.155000 0.847980 -0.180937
v 1.155000 0.820980 -0.180937
v 0.995000 0.853569 -0.120625
v 1.155000 0.853569 -0.120625
v 1.155000 0.847980 -0.180937
v 0.995000 0.847980 -0.180937
v 0.995000 0.826569 -0.120625
v 0.995000 0.853569 -0.120625
v 0.995000 0.847980 -0.180937
v 0.995000 0.820980 -0.180937
v 1.155000 0.820980 -0.180937
v 1.155000 0.847980 -0.180937
v 1.155000 0.853569 -0.120625
v 1.155000 0.826569 -0.120625
v 0.995000 0.856895 -0.060312
v 1.155000 0.856895 -0.060312
v 1.155000 0.853569 -0.120625
v 0.995000 0.853569 -0.120625
v 0.995000 0.829895 -0.060312
v 0.995000 0.856895 -0.060312
v 0.995000 0.853569 -0.120625
v 0.995000 0.826569 -0.120625
v 1.155000 0.826569 -0.120625
v 1.155000 0.853569 -0.120625
v 1.155000 0.856895 -0.060312
v 1.155000 0.829895 -0.060312
v 0.995000 0.858000 0.000000
v 1.155000 0.858000 0.000000
v 1.155000 0.856895 -0.060312
v 0.995000 0.856895 -0.060312
v 0.995000 0.831000 0.000000
v 0.995000 0.858000 0.000000
v 0.995000 0.856895 -0.060312
v 0.995000 0.829895 -0.060312
v 1.155000 0.829895 -0.060312
v 1.155000 0.856895 -0.060312
v 1.155000 0.858000 0.000000
v 1.155000 0.831000 0.000000
v 0.995000 0.856895 0.060313
v 1.155000 0.856895 0.060313
v 1.155000 0.858000 0.000000
v 0.995000 0.858000 0.000000
v 0.995000 0.829895 0.060313
v 0.995000 0.856895 0.060313
v 0.995000 0.858000 0.000000
v 0.995000 0.831000 0.000000
v 1.155000 0.831000 0.000000
v 1.155000 0.858000 0.000000
v 1.155000 0.856895 0.060313
v 1.155000 0.829895 0.060313
v 0.995000 0.853569 0.120625
v 1.155000 0.853569 0.120625
v 1.155000 0.856895 0.060313
v 0.995000 0.856895 0.060313
v 0.995000 0.826569 0.120625
v 0.995000 0.853569 0.120625
v 0.995000 0.856895 0.060313
v 0.995000 0.829895 0.060313
v 1.155000 0.829895 0.060313
v 1.155000 0.856895 0.060313
v 1.155000 0.853569 0.120625
v 1.155000 0.826569 0.120625
v 0.995000 0.847980 0.180938
v 1.155000 0.847980 0.180938
v 1.155000 0.853569 0.120625
v 0.995000 0.853569 0.120625
v 0.995000 0.820980 0.180938
v 0.995000 0.847980 0.180938
v 0.995000 0.853569 0.120625
v 0.995000 0.826569 0.120625
v 1.155000 0.826569 0.120625
v 1.155000 0.853569 0.120625
v 1.155000 0.847980 0.180938
v 1.155000 0.820980 0.180938
v 0.995000 0.840059 0.241250
v 1.155000 0.840059 0.241250
v 1.155000 0.847980 0.180938
v 0.995000 0.847980 0.180938
v 0.995000 0.813059 0.241250
v 0.995000 0.840059 0.241250
v 0.995000 0.847980 0.180938
v 0.995000 0.820980 0.180938
v 1.155000 0.820980 0.180938
v 1.155000 0.847980 0.180938
v 1.155000 0.840059 0.241250
v 1.155000 0.813059 0.241250
v 0.995000 0.829704 0.301563
v 1.155000 0.829704 0.301563
v 1.155000 0.840059 0.241250
v 0.995000 0.840059 0.241250
v 0.995000 0.802704 0.301563
v 0.995000 0.829704 0.301563
v 0.995000 0.840059 0.241250
v 0.995000 0.813059 0.241250
v 1.155000 0.813059 0.241250
v 1.155000 0.840059 0.241250
v 1.155000 0.829704 0.301563
v 1.155000 0.802704 0.301563
v 0.995000 0.816769 0.361875
v 1.155000 0.816769 0.361875
v 1.155000 0.829704 0.301563
v 0.995000 0.829704 0.301563
v 0.995000 0.789769 0.361875
v 0.995000 0.816769 0.361875
v 0.995000 0.829704 0.301563
v 0.995000 0.802704 0.301563
v 1.155000 0.802704 0.301563
v 1.155000 0.829704 0.301563
v 1.155000 0.816769 0.361875
v 1.155000 0.789769 0.361875
v 0.995000 0.801058 0.422188
v 1.155000 0.801058 0.422188
v 1.155000 0.816769 0.361875
v 0.995000 0.816769 0.361875
v 0.995000 0.774058 0.422188
v 0.995000 0.801058 0.422188
v 0.995000 0.816769 0.361875
v 0.995000 0.789769 0.361875
v 1.155000 0.789769 0.361875
v 1.155000 0.816769 0.361875
v 1.155000 0.801058 0.422188
v 1.155000 0.774058 0.422188
v 0.995000 0.782304 0.482500
v 1.155000 0.782304 0.482500
v 1.155000 0.801058 0.422188
v 0.995000 0.801058 0.422188
v 0.995000 0.755304 0.482500
v 0.995000 0.782304 0.482500
v 0.995000 0.801058 0.422188
v 0.995000 0.774058 0.422188
v 1.155000 0.774058 0.422188
v 1.155000 0.801058 0.422188
v 1.155000 0.782304 0.482500
v 1.155000 0.755304 0.482500
v 0.995000 0.760140 0.542813
v 1.155000 0.760140 0.542813
v 1.155000 0.782304 0.482500
v 0.995000 0.782304 0.482500
v 0.995000 0.733140 0.542813
v 0.995000 0.760140 0.542813
v 0.995000 0.782304 0.482500
v 0.995000 0.755304 0.482500
v 1.155000 0.755304 0.482500
v 1.155000 0.782304 0.482500
v 1.155000 0.760140 0.542813
v 1.155000 0.733140 0.542813
v 0.995000 0.734053 0.603125
v 1.155000 0.734053 0.603125
v 1.155000 0.760140 0.542813
v 0.995000 0.760140 0.542813
v 0.995000 0.707053 0.603125
v 0.995000 0.734053 0.603125
v 0.995000 0.760140 0.542813
v 0.995000 0.733140 0.542813
v 1.155000 0.733140 0.542813
v 1.155000 0.760140 0.542813
v 1.155000 0.734053 0.603125
v 1.155000 0.707053 0.603125
v 0.995000 0.703294 0.663438
v 1.155000 0.703294 0.663438
v 1.155000 0.734053 0.603125
v 0.995000 0.734053 0.603125
v 0.995000 0.676294 0.663438
v 0.995000 0.703294 0.663438
v 0.995000 0.734053 0.603125
v 0.995000 0.707053 0.603125
v 1.155000 0.707053 0.603125
v 1.155000 0.734053 0.603125
v 1.155000 0.703294 0.663438
v 1.155000 0.676294 0.663438
v 0.995000 0.666712 0.723750
v 1.155000 0.666712 0.723750
v 1.155000 0.703294 0.663438
v 0.995000 0.703294 0.663438
v 0.995000 0.639712 0.723750
v 0.995000 0.666712 0.723750
v 0.995000 0.703294 0.663438
v 0.995000 0.676294 0.663438
v 1.155000 0.676294 0.663438
v 1.155000 0.703294 0.663438
v 1.155000 0.666712 0.723750
v 1.155000 0.639712 0.723750
v 0.995000 0.622373 0.784062
v 1.155000 0.622373 0.784062
v 1.155000 0.666712 0.723750
v 0.995000 0.666712 0.723750
v 0.995000 0.595373 0.784062
v 0.995000 0.622373 0.784062
v 0.995000 0.666712 0.723750
v 0.995000 0.639712 0.723750
v 1.155000 0.639712 0.723750
v 1.155000 0.666712 0.723750
v 1.155000 0.622373 0.784062
v 1.155000 0.595373 0.784062
v 0.995000 0.566529 0.844375
v 1.155000 0.566529 0.844375
v 1.155000 0.622373 0.784062
v 0.995000 0.622373 0.784062
v 0.995000 0.539529 0.844375
v 0.995000 0.566529 0.844375
v 0.995000 0.622373 0.784062
v 0.995000 0.595373 0.784062
v 1.155000 0.595373 0.784062
v 1.155000 0.622373 0.784062
v 1.155000 0.566529 0.844375
v 1.155000 0.539529 0.844375
v 0.995000 0.489612 0.904687
v 1.155000 0.489612 0.904687
v 1.155000 0.566529 0.844375
v 0.995000 0.566529 0.844375
v 0.995000 0.462612 0.904687
v 0.995000 0.489612 0.904687
v 0.995000 0.566529 0.844375
v 0.995000 0.539529 0.844375
v 1.155000 0.539529 0.844375
v 1.155000 0.566529 0.844375
v 1.155000 0.489612 0.904687
v 1.155000 0.462612 0.904687
v 0.995000 0.293000 0.965000
v 1.155000 0.293000 0.965000
v 1.155000 0.489612 0.904687
v 0.995000 0.489612 0.904687
v 0.995000 0.266000 0.965000
v 0.995000 0.293000 0.965000
v 0.995000 0.489612 0.904687
v 0.995000 0.462612 0.904687
v 1.155000 0.462612 0.904687
v 1.155000 0.489612 0.904687
v 1.155000 0.293000 0.965000
v 1.155000 0.266000 0.965000
v 0.995000 0.270000 -1.018000
v 1.155000 0.270000 -1.018000
v 1.155000 -0.645000 -1.018000
v 0.995000 -0.645000 -1.018000
v 1.155000 0.270000 -0.962000
v 0.995000 0.270000 -0.962000
v 0.995000 -0.645000 -0.962000
v 1.155000 -0.645000 -0.962000
v 0.995000 0.270000 -0.962000
v 0.995000 0.270000 -1.018000
v 0.995000 -0.645000 -1.018000
v 0.995000 -0.645000 -0.962000
v 1.155000 0.270000 -1.018000
v 1.155000 0.270000 -0.962000
v 1.155000 -0.645000 -0.962000
v 1.155000 -0.645000 -1.018000
v 0.995000 0.270000 -0.962000
v 1.155000 0.270000 -0.962000
v 1.155000 0.270000 -1.018000
v 0.995000 0.270000 -1.018000
v 0.995000 -0.645000 -1.018000
v 1.155000 -0.645000 -1.018000
v 1.155000 -0.645000 -0.962000
v 0.995000 -0.645000 -0.962000
v 1.096843 -0.534130 -1.024000
v 1.102000 -0.550000 -1.024000
v 1.075000 -0.550000 -1.028050
v 1.083343 -0.524321 -1.024000
v 1.096843 -0.534130 -1.024000
v 1.075000 -0.550000 -1.028050
v 1.066657 -0.524321 -1.024000
v 1.083343 -0.524321 -1.024000
v 1.075000 -0.550000 -1.028050
v 1.053157 -0.534130 -1.024000
v 1.066657 -0.524321 -1.024000
v 1.075000 -0.550000 -1.028050
v 1.048000 -0.550000 -1.024000
v 1.053157 -0.534130 -1.024000
v 1.075000 -0.550000 -1.028050
v 1.053157 -0.565870 -1.024000
v 1.048000 -0.550000 -1.024000
v 1.075000 -0.550000 -1.028050
v 1.066657 -0.575679 -1.024000
v 1.053157 -0.565870 -1.024000
v 1.075000 -0.550000 -1.028050
v 1.083343 -0.575679 -1.024000
v 1.066657 -0.575679 -1.024000
v 1.075000 -0.550000 -1.028050
v 1.096843 -0.565870 -1.024000
v 1.083343 -0.575679 -1.024000
v 1.075000 -0.550000 -1.028050
v 1.102000 -0.550000 -1.024000
v 1.096843 -0.565870 -1.024000
v 1.075000 -0.550000 -1.028050
v 1.096843 -0.169130 -1.024000
v 1.102000 -0.185000 -1.024000
v 1.075000 -0.185000 -1.028050
v 1.083343 -0.159321 -1.024000
v 1.096843 -0.169130 -1.024000
v 1.075000 -0.185000 -1.028050
v 1.066657 -0.159321 -1.024000
v 1.083343 -0.159321 -1.024000
v 1.075000 -0.185000 -1.028050
v 1.053157 -0.169130 -1.024000
v 1.066657 -0.159321 -1.024000
v 1.075000 -0.185000 -1.028050
v 1.048000 -0.185000 -1.024000
v 1.053157 -0.169130 -1.024000
v 1.075000 -0.185000 -1.028050
v 1.053157 -0.200870 -1.024000
v 1.048000 -0.185000 -1.024000
v 1.075000 -0.185000 -1.028050
v 1.066657 -0.210679 -1.024000
v 1.053157 -0.200870 -1.024000
v 1.075000 -0.185000 -1.028050
v 1.083343 -0.210679 -1.024000
v 1.066657 -0.210679 -1.024000
v 1.075000 -0.185000 -1.028050
v 1.096843 -0.200870 -1.024000
v 1.083343 -0.210679 -1.024000
v 1.075000 -0.185000 -1.028050
v 1.102000 -0.185000 -1.024000
v 1.096843 -0.200870 -1.024000
v 1.075000 -0.185000 -1.028050
v 1.096843 0.215870 -1.024000
v 1.102000 0.200000 -1.024000
v 1.075000 0.200000 -1.028050
v 1.083343 0.225679 -1.024000
v 1.096843 0.215870 -1.024000
v 1.075000 0.200000 -1.028050
v 1.066657 0.225679 -1.024000
v 1.083343 0.225679 -1.024000
v 1.075000 0.200000 -1.028050
v 1.053157 0.215870 -1.024000
v 1.066657 0.225679 -1.024000
v 1.075000 0.200000 -1.028050
v 1.048000 0.200000 -1.024000
v 1.053157 0.215870 -1.024000
v 1.075000 0.200000 -1.028050
v 1.053157 0.184130 -1.024000
v 1.048000 0.200000 -1.024000
v 1.075000 0.200000 -1.028050
v 1.066657 0.174321 -1.024000
v 1.053157 0.184130 -1.024000
v 1.075000 0.200000 -1.028050
v 1.083343 0.174321 -1.024000
v 1.066657 0.174321 -1.024000
v 1.075000 0.200000 -1.028050
v 1.096843 0.184130 -1.024000
v 1.083343 0.174321 -1.024000
v 1.075000 0.200000 -1.028050
v 1.102000 0.200000 -1.024000
v 1.096843 0.184130 -1.024000
v 1.075000 0.200000 -1.028050
v 0.995000 0.270000 0.962000
v 1.155000 0.270000 0.962000
v 1.155000 -0.645000 0.962000
v 0.995000 -0.645000 0.962000
v 1.155000 0.270000 1.018000
v 0.995000 0.270000 1.018000
v 0.995000 -0.645000 1.018000
v 1.155000 -0.645000 1.018000
v 0.995000 0.270000 1.018000
v 0.995000 0.270000 0.962000
v 0.995000 -0.645000 0.962000
v 0.995000 -0.645000 1.018000
v 1.155000 0.270000 0.962000
v 1.155000 0.270000 1.018000
v 1.155000 -0.645000 1.018000
v 1.155000 -0.645000 0.962000
v 0.995000 0.270000 1.018000
v 1.155000 0.270000 1.018000
v 1.155000 0.270000 0.962000
v 0.995000 0.270000 0.962000
v 0.995000 -0.645000 0.962000
v 1.155000 -0.645000 0.962000
v 1.155000 -0.645000 1.018000
v 0.995000 -0.645000 1.018000
v 1.075000 -0.550000 1.019950
v 1.102000 -0.550000 1.024000
v 1.096843 -0.534130 1.024000
v 1.075000 -0.550000 1.019950
v 1.096843 -0.534130 1.024000
v 1.083343 -0.524321 1.024000
v 1.075000 -0.550000 1.019950
v 1.083343 -0.524321 1.024000
v 1.066657 -0.524321 1.024000
v 1.075000 -0.550000 1.019950
v 1.066657 -0.524321 1.024000
v 1.053157 -0.534130 1.024000
v 1.075000 -0.550000 1.019950
v 1.053157 -0.534130 1.024000
v 1.048000 -0.550000 1.024000
v 1.075000 -0.550000 1.019950
v 1.048000 -0.550000 1.024000
v 1.053157 -0.565870 1.024000
v 1.075000 -0.550000 1.019950
v 1.053157 -0.565870 1.024000
v 1.066657 -0.575679 1.024000
v 1.075000 -0.550000 1.019950
v 1.066657 -0.575679 1.024000
v 1.083343 -0.575679 1.024000
v 1.075000 -0.550000 1.019950
v 1.083343 -0.575679 1.024000
v 1.096843 -0.565870 1.024000
v 1.075000 -0.550000 1.019950
v 1.096843 -0.565870 1.024000
v 1.102000 -0.550000 1.024000
v 1.075000 -0.185000 1.019950
v 1.102000 -0.185000 1.024000
v 1.096843 -0.169130 1.024000
v 1.075000 -0.185000 1.019950
v 1.096843 -0.169130 1.024000
v 1.083343 -0.159321 1.024000
v 1.075000 -0.185000 1.019950
v 1.083343 -0.159321 1.024000
v 1.066657 -0.159321 1.024000
v 1.075000 -0.185000 1.019950
v 1.066657 -0.159321 1.024000
v 1.053157 -0.169130 1.024000
v 1.075000 -0.185000 1.019950
v 1.053157 -0.169130 1.024000
v 1.048000 -0.185000 1.024000
v 1.075000 -0.185000 1.019950
v 1.048000 -0.185000 1.024000
v 1.053157 -0.200870 1.024000
v 1.075000 -0.185000 1.019950
v 1.053157 -0.200870 1.024000
v 1.066657 -0.210679 1.024000
v 1.075000 -0.185000 1.019950
v 1.066657 -0.210679 1.024000
v 1.083343 -0.210679 1.024000
v 1.075000 -0.185000 1.019950
v 1.083343 -0.210679 1.024000
v 1.096843 -0.200870 1.024000
v 1.075000 -0.185000 1.019950
v 1.096843 -0.200870 1.024000
v 1.102000 -0.185000 1.024000
v 1.075000 0.200000 1.019950
v 1.102000 0.200000 1.024000
v 1.096843 0.215870 1.024000
v 1.075000 0.200000 1.019950
v 1.096843 0.215870 1.024000
v 1.083343 0.225679 1.024000
v 1.075000 0.200000 1.019950
v 1.083343 0.225679 1.024000
v 1.066657 0.225679 1.024000
v 1.075000 0.200000 1.019950
v 1.066657 0.225679 1.024000
v 1.053157 0.215870 1.024000
v 1.075000 0.200000 1.019950
v 1.053157 0.215870 1.024000
v 1.048000 0.200000 1.024000
v 1.075000 0.200000 1.019950
v 1.048000 0.200000 1.024000
v 1.053157 0.184130 1.024000
v 1.075000 0.200000 1.019950
v 1.053157 0.184130 1.024000
v 1.066657 0.174321 1.024000
v 1.075000 0.200000 1.019950
v 1.066657 0.174321 1.024000
v 1.083343 0.174321 1.024000
v 1.075000 0.200000 1.019950
v 1.083343 0.174321 1.024000
v 1.096843 0.184130 1.024000
v 1.075000 0.200000 1.019950
v 1.096843 0.184130 1.024000
v 1.102000 0.200000 1.024000
v -1.570000 -0.610000 -1.017000
v 1.570000 -0.610000 -1.017000
v 1.570000 -0.685000 -1.017000
v -1.570000 -0.685000 -1.017000
v 1.570000 -0.610000 -0.953000
v -1.570000 -0.610000 -0.953000
v -1.570000 -0.685000 -0.953000
v 1.570000 -0.685000 -0.953000
v -1.570000 -0.610000 -0.953000
v -1.570000 -0.610000 -1.017000
v -1.570000 -0.685000 -1.017000
v -1.570000 -0.685000 -0.953000
v 1.570000 -0.610000 -1.017000
v 1.570000 -0.610000 -0.953000
v 1.570000 -0.685000 -0.953000
v 1.570000 -0.685000 -1.017000
v -1.570000 -0.610000 -0.953000
v 1.570000 -0.610000 -0.953000
v 1.570000 -0.610000 -1.017000
v -1.570000 -0.610000 -1.017000
v -1.570000 -0.685000 -1.017000
v 1.570000 -0.685000 -1.017000
v 1.570000 -0.685000 -0.953000
v -1.570000 -0.685000 -0.953000
v -1.570000 -0.610000 0.953000
v 1.570000 -0.610000 0.953000
v 1.570000 -0.685000 0.953000
v -1.570000 -0.685000 0.953000
v 1.570000 -0.610000 1.017000
v -1.570000 -0.610000 1.017000
v -1.570000 -0.685000 1.017000
v 1.570000 -0.685000 1.017000
v -1.570000 -0.610000 1.017000
v -1.570000 -0.610000 0.953000
v -1.570000 -0.685000 0.953000
v -1.570000 -0.685000 1.017000
v 1.570000 -0.610000 0.953000
v 1.570000 -0.610000 1.017000
v 1.570000 -0.685000 1.017000
v 1.570000 -0.685000 0.953000
v -1.570000 -0.610000 1.017000
v 1.570000 -0.610000 1.017000
v 1.570000 -0.610000 0.953000
v -1.570000 -0.610000 0.953000
v -1.570000 -0.685000 0.953000
v 1.570000 -0.685000 0.953000
v 1.570000 -0.685000 1.017000
v -1.570000 -0.685000 1.017000
v -1.587000 -0.610000 -0.960000
v -1.523000 -0.610000 -0.960000
v -1.523000 -0.685000 -0.960000
v -1.587000 -0.685000 -0.960000
v -1.523000 -0.610000 0.960000
v -1.587000 -0.610000 0.960000
v -1.587000 -0.685000 0.960000
v -1.523000 -0.685000 0.960000
v -1.587000 -0.610000 0.960000
v -1.587000 -0.610000 -0.960000
v -1.587000 -0.685000 -0.960000
v -1.587000 -0.685000 0.960000
v -1.523000 -0.610000 -0.960000
v -1.523000 -0.610000 0.960000
v -1.523000 -0.685000 0.960000
v -1.523000 -0.685000 -0.960000
v -1.587000 -0.610000 0.960000
v -1.523000 -0.610000 0.960000
v -1.523000 -0.610000 -0.960000
v -1.587000 -0.610000 -0.960000
v -1.587000 -0.685000 -0.960000
v -1.523000 -0.685000 -0.960000
v -1.523000 -0.685000 0.960000
v -1.587000 -0.685000 0.960000
v 1.523000 -0.610000 -0.960000
v 1.587000 -0.610000 -0.960000
v 1.587000 -0.685000 -0.960000
v 1.523000 -0.685000 -0.960000
v 1.587000 -0.610000 0.960000
v 1.523000 -0.610000 0.960000
v 1.523000 -0.685000 0.960000
v 1.587000 -0.685000 0.960000
v 1.523000 -0.610000 0.960000
v 1.523000 -0.610000 -0.960000
v 1.523000 -0.685000 -0.960000
v 1.523000 -0.685000 0.960000
v 1.587000 -0.610000 -0.960000
v 1.587000 -0.610000 0.960000
v 1.587000 -0.685000 0.960000
v 1.587000 -0.685000 -0.960000
v 1.523000 -0.610000 0.960000
v 1.587000 -0.610000 0.960000
v 1.587000 -0.610000 -0.960000
v 1.523000 -0.610000 -0.960000
v 1.523000 -0.685000 -0.960000
v 1.587000 -0.685000 -0.960000
v 1.587000 -0.685000 0.960000
v 1.523000 -0.685000 0.960000
v -1.570000 0.153000 -1.017000
v 1.570000 0.153000 -1.017000
v 1.570000 0.070000 -1.017000
v -1.570000 0.070000 -1.017000
v 1.570000 0.153000 -0.953000
v -1.570000 0.153000 -0.953000
v -1.570000 0.070000 -0.953000
v 1.570000 0.070000 -0.953000
v -1.570000 0.153000 -0.953000
v -1.570000 0.153000 -1.017000
v -1.570000 0.070000 -1.017000
v -1.570000 0.070000 -0.953000
v 1.570000 0.153000 -1.017000
v 1.570000 0.153000 -0.953000
v 1.570000 0.070000 -0.953000
v 1.570000 0.070000 -1.017000
v -1.570000 0.153000 -0.953000
v 1.570000 0.153000 -0.953000
v 1.570000 0.153000 -1.017000
v -1.570000 0.153000 -1.017000
v -1.570000 0.070000 -1.017000
v 1.570000 0.070000 -1.017000
v 1.570000 0.070000 -0.953000
v -1.570000 0.070000 -0.953000
v -1.570000 0.153000 0.953000
v 1.570000 0.153000 0.953000
v 1.570000 0.070000 0.953000
v -1.570000 0.070000 0.953000
v 1.570000 0.153000 1.017000
v -1.570000 0.153000 1.017000
v -1.570000 0.070000 1.017000
v 1.570000 0.070000 1.017000
v -1.570000 0.153000 1.017000
v -1.570000 0.153000 0.953000
v -1.570000 0.070000 0.953000
v -1.570000 0.070000 1.017000
v 1.570000 0.153000 0.953000
v 1.570000 0.153000 1.017000
v 1.570000 0.070000 1.017000
v 1.570000 0.070000 0.953000
v -1.570000 0.153000 1.017000
v 1.570000 0.153000 1.017000
v 1.570000 0.153000 0.953000
v -1.570000 0.153000 0.953000
v -1.570000 0.070000 0.953000
v 1.570000 0.070000 0.953000
v 1.570000 0.070000 1.017000
v -1.570000 0.070000 1.017000
v -1.587000 0.153000 -0.960000
v -1.523000 0.153000 -0.960000
v -1.523000 0.070000 -0.960000
v -1.587000 0.070000 -0.960000
v -1.523000 0.153000 0.960000
v -1.587000 0.153000 0.960000
v -1.587000 0.070000 0.960000
v -1.523000 0.070000 0.960000
v -1.587000 0.153000 0.960000
v -1.587000 0.153000 -0.960000
v -1.587000 0.070000 -0.960000
v -1.587000 0.070000 0.960000
v -1.523000 0.153000 -0.960000
v -1.523000 0.153000 0.960000
v -1.523000 0.070000 0.960000
v -1.523000 0.070000 -0.960000
v -1.587000 0.153000 0.960000
v -1.523000 0.153000 0.960000
v -1.523000 0.153000 -0.960000
v -1.587000 0.153000 -0.960000
v -1.587000 0.070000 -0.960000
v -1.523000 0.070000 -0.960000
v -1.523000 0.070000 0.960000
v -1.587000 0.070000 0.960000
v 1.523000 0.153000 -0.960000
v 1.587000 0.153000 -0.960000
v 1.587000 0.070000 -0.960000
v 1.523000 0.070000 -0.960000
v 1.587000 0.153000 0.960000
v 1.523000 0.153000 0.960000
v 1.523000 0.070000 0.960000
v 1.587000 0.070000 0.960000
v 1.523000 0.153000 0.960000
v 1.523000 0.153000 -0.960000
v 1.523000 0.070000 -0.960000
v 1.523000 0.070000 0.960000
v 1.587000 0.153000 -0.960000
v 1.587000 0.153000 0.960000
v 1.587000 0.070000 0.960000
v 1.587000 0.070000 -0.960000
v 1.523000 0.153000 0.960000
v 1.587000 0.153000 0.960000
v 1.587000 0.153000 -0.960000
v 1.523000 0.153000 -0.960000
v 1.523000 0.070000 -0.960000
v 1.587000 0.070000 -0.960000
v 1.587000 0.070000 0.960000
v 1.523000 0.070000 0.960000
v -1.573000 0.070000 -0.975000
v -1.487000 0.070000 -0.975000
v -1.487000 -0.610000 -0.975000
v -1.573000 -0.610000 -0.975000
v -1.487000 0.070000 -0.905000
v -1.573000 0.070000 -0.905000
v -1.573000 -0.610000 -0.905000
v -1.487000 -0.610000 -0.905000
v -1.573000 0.070000 -0.905000
v -1.573000 0.070000 -0.975000
v -1.573000 -0.610000 -0.975000
v -1.573000 -0.610000 -0.905000
v -1.487000 0.070000 -0.975000
v -1.487000 0.070000 -0.905000
v -1.487000 -0.610000 -0.905000
v -1.487000 -0.610000 -0.975000
v -1.573000 0.070000 -0.905000
v -1.487000 0.070000 -0.905000
v -1.487000 0.070000 -0.975000
v -1.573000 0.070000 -0.975000
v -1.573000 -0.610000 -0.975000
v -1.487000 -0.610000 -0.975000
v -1.487000 -0.610000 -0.905000
v -1.573000 -0.610000 -0.905000
v -1.573000 0.070000 0.905000
v -1.487000 0.070000 0.905000
v -1.487000 -0.610000 0.905000
v -1.573000 -0.610000 0.905000
v -1.487000 0.070000 0.975000
v -1.573000 0.070000 0.975000
v -1.573000 -0.610000 0.975000
v -1.487000 -0.610000 0.975000
v -1.573000 0.070000 0.975000
v -1.573000 0.070000 0.905000
v -1.573000 -0.610000 0.905000
v -1.573000 -0.610000 0.975000
v -1.487000 0.070000 0.905000
v -1.487000 0.070000 0.975000
v -1.487000 -0.610000 0.975000
v -1.487000 -0.610000 0.905000
v -1.573000 0.070000 0.975000
v -1.487000 0.070000 0.975000
v -1.487000 0.070000 0.905000
v -1.573000 0.070000 0.905000
v -1.573000 -0.610000 0.905000
v -1.487000 -0.610000 0.905000
v -1.487000 -0.610000 0.975000
v -1.573000 -0.610000 0.975000
v 1.487000 0.070000 -0.975000
v 1.573000 0.070000 -0.975000
v 1.573000 -0.610000 -0.975000
v 1.487000 -0.610000 -0.975000
v 1.573000 0.070000 -0.905000
v 1.487000 0.070000 -0.905000
v 1.487000 -0.610000 -0.905000
v 1.573000 -0.610000 -0.905000
v 1.487000 0.070000 -0.905000
v 1.487000 0.070000 -0.975000
v 1.487000 -0.610000 -0.975000
v 1.487000 -0.610000 -0.905000
v 1.573000 0.070000 -0.975000
v 1.573000 0.070000 -0.905000
v 1.573000 -0.610000 -0.905000
v 1.573000 -0.610000 -0.975000
v 1.487000 0.070000 -0.905000
v 1.573000 0.070000 -0.905000
v 1.573000 0.070000 -0.975000
v 1.487000 0.070000 -0.975000
v 1.487000 -0.610000 -0.975000
v 1.573000 -0.610000 -0.975000
v 1.573000 -0.610000 -0.905000
v 1.487000 -0.610000 -0.905000
v 1.487000 0.070000 0.905000
v 1.573000 0.070000 0.905000
v 1.573000 -0.610000 0.905000
v 1.487000 -0.610000 0.905000
v 1.573000 0.070000 0.975000
v 1.487000 0.070000 0.975000
v 1.487000 -0.610000 0.975000
v 1.573000 -0.610000 0.975000
v 1.487000 0.070000 0.975000
v 1.487000 0.070000 0.905000
v 1.487000 -0.610000 0.905000
v 1.487000 -0.610000 0.975000
v 1.573000 0.070000 0.905000
v 1.573000 0.070000 0.975000
v 1.573000 -0.610000 0.975000
v 1.573000 -0.610000 0.905000
v 1.487000 0.070000 0.975000
v 1.573000 0.070000 0.975000
v 1.573000 0.070000 0.905000
v 1.487000 0.070000 0.905000
v 1.487000 -0.610000 0.905000
v 1.573000 -0.610000 0.905000
v 1.573000 -0.610000 0.975000
v 1.487000 -0.610000 0.975000
v -1.570000 0.257000 -1.009000
v 1.570000 0.257000 -1.009000
v 1.570000 0.162000 -1.009000
v -1.570000 0.162000 -1.009000
v 1.570000 0.257000 -0.921000
v -1.570000 0.257000 -0.921000
v -1.570000 0.162000 -0.921000
v 1.570000 0.162000 -0.921000
v -1.570000 0.257000 -0.921000
v -1.570000 0.257000 -1.009000
v -1.570000 0.162000 -1.009000
v -1.570000 0.162000 -0.921000
v 1.570000 0.257000 -1.009000
v 1.570000 0.257000 -0.921000
v 1.570000 0.162000 -0.921000
v 1.570000 0.162000 -1.009000
v -1.570000 0.257000 -0.921000
v 1.570000 0.257000 -0.921000
v 1.570000 0.257000 -1.009000
v -1.570000 0.257000 -1.009000
v -1.570000 0.162000 -1.009000
v 1.570000 0.162000 -1.009000
v 1.570000 0.162000 -0.921000
v -1.570000 0.162000 -0.921000
v -1.570000 0.257000 0.921000
v 1.570000 0.257000 0.921000
v 1.570000 0.162000 0.921000
v -1.570000 0.162000 0.921000
v 1.570000 0.257000 1.009000
v -1.570000 0.257000 1.009000
v -1.570000 0.162000 1.009000
v 1.570000 0.162000 1.009000
v -1.570000 0.257000 1.009000
v -1.570000 0.257000 0.921000
v -1.570000 0.162000 0.921000
v -1.570000 0.162000 1.009000
v 1.570000 0.257000 0.921000
v 1.570000 0.257000 1.009000
v 1.570000 0.162000 1.009000
v 1.570000 0.162000 0.921000
v -1.570000 0.257000 1.009000
v 1.570000 0.257000 1.009000
v 1.570000 0.257000 0.921000
v -1.570000 0.257000 0.921000
v -1.570000 0.162000 0.921000
v 1.570000 0.162000 0.921000
v 1.570000 0.162000 1.009000
v -1.570000 0.162000 1.009000
v -1.577000 0.275000 -0.990000
v -1.523000 0.275000 -0.990000
v -1.523000 0.155000 -0.990000
v -1.577000 0.155000 -0.990000
v -1.523000 0.275000 0.990000
v -1.577000 0.275000 0.990000
v -1.577000 0.155000 0.990000
v -1.523000 0.155000 0.990000
v -1.577000 0.275000 0.990000
v -1.577000 0.275000 -0.990000
v -1.577000 0.155000 -0.990000
v -1.577000 0.155000 0.990000
v -1.523000 0.275000 -0.990000
v -1.523000 0.275000 0.990000
v -1.523000 0.155000 0.990000
v -1.523000 0.155000 -0.990000
v -1.577000 0.275000 0.990000
v -1.523000 0.275000 0.990000
v -1.523000 0.275000 -0.990000
v -1.577000 0.275000 -0.990000
v -1.577000 0.155000 -0.990000
v -1.523000 0.155000 -0.990000
v -1.523000 0.155000 0.990000
v -1.577000 0.155000 0.990000
v 1.523000 0.275000 -0.990000
v 1.577000 0.275000 -0.990000
v 1.577000 0.155000 -0.990000
v 1.523000 0.155000 -0.990000
v 1.577000 0.275000 0.990000
v 1.523000 0.275000 0.990000
v 1.523000 0.155000 0.990000
v 1.577000 0.155000 0.990000
v 1.523000 0.275000 0.990000
v 1.523000 0.275000 -0.990000
v 1.523000 0.155000 -0.990000
v 1.523000 0.155000 0.990000
v 1.577000 0.275000 -0.990000
v 1.577000 0.275000 0.990000
v 1.577000 0.155000 0.990000
v 1.577000 0.155000 -0.990000
v 1.523000 0.275000 0.990000
v 1.577000 0.275000 0.990000
v 1.577000 0.275000 -0.990000
v 1.523000 0.275000 -0.990000
v 1.523000 0.155000 -0.990000
v 1.577000 0.155000 -0.990000
v 1.577000 0.155000 0.990000
v 1.523000 0.155000 0.990000
v -0.205000 0.310000 -1.065000
v 0.205000 0.310000 -1.065000
v 0.205000 0.015000 -1.065000
v 0.130000 -0.090000 -1.065000
v -0.130000 -0.090000 -1.065000
v -0.205000 0.015000 -1.065000
v -0.205000 0.015000 -1.025000
v -0.130000 -0.090000 -1.025000
v 0.130000 -0.090000 -1.025000
v 0.205000 0.015000 -1.025000
v 0.205000 0.310000 -1.025000
v -0.205000 0.310000 -1.025000
v -0.205000 0.310000 -1.065000
v 0.205000 0.310000 -1.065000
v 0.205000 0.310000 -1.025000
v -0.205000 0.310000 -1.025000
v 0.205000 0.310000 -1.065000
v 0.205000 0.015000 -1.065000
v 0.205000 0.015000 -1.025000
v 0.205000 0.310000 -1.025000
v 0.205000 0.015000 -1.065000
v 0.130000 -0.090000 -1.065000
v 0.130000 -0.090000 -1.025000
v 0.205000 0.015000 -1.025000
v 0.130000 -0.090000 -1.065000
v -0.130000 -0.090000 -1.065000
v -0.130000 -0.090000 -1.025000
v 0.130000 -0.090000 -1.025000
v -0.130000 -0.090000 -1.065000
v -0.205000 0.015000 -1.065000
v -0.205000 0.015000 -1.025000
v -0.130000 -0.090000 -1.025000
v -0.205000 0.015000 -1.065000
v -0.205000 0.310000 -1.065000
v -0.205000 0.310000 -1.025000
v -0.205000 0.015000 -1.025000
v -0.085000 0.210000 -1.081000
v 0.085000 0.210000 -1.081000
v 0.085000 0.045000 -1.081000
v -0.085000 0.045000 -1.081000
v 0.085000 0.210000 -1.064000
v -0.085000 0.210000 -1.064000
v -0.085000 0.045000 -1.064000
v 0.085000 0.045000 -1.064000
v -0.085000 0.210000 -1.064000
v -0.085000 0.210000 -1.081000
v -0.085000 0.045000 -1.081000
v -0.085000 0.045000 -1.064000
v 0.085000 0.210000 -1.081000
v 0.085000 0.210000 -1.064000
v 0.085000 0.045000 -1.064000
v 0.085000 0.045000 -1.081000
v -0.085000 0.210000 -1.064000
v 0.085000 0.210000 -1.064000
v 0.085000 0.210000 -1.081000
v -0.085000 0.210000 -1.081000
v -0.085000 0.045000 -1.081000
v 0.085000 0.045000 -1.081000
v 0.085000 0.045000 -1.064000
v -0.085000 0.045000 -1.064000
v -0.036000 0.160000 -1.086000
v 0.036000 0.160000 -1.086000
v 0.052000 0.130000 -1.086000
v 0.028000 0.102000 -1.086000
v 0.016000 0.055000 -1.086000
v -0.016000 0.055000 -1.086000
v -0.028000 0.102000 -1.086000
v -0.052000 0.130000 -1.086000
v -0.052000 0.130000 -1.080000
v -0.028000 0.102000 -1.080000
v -0.016000 0.055000 -1.080000
v 0.016000 0.055000 -1.080000
v 0.028000 0.102000 -1.080000
v 0.052000 0.130000 -1.080000
v 0.036000 0.160000 -1.080000
v -0.036000 0.160000 -1.080000
v -0.036000 0.160000 -1.086000
v 0.036000 0.160000 -1.086000
v 0.036000 0.160000 -1.080000
v -0.036000 0.160000 -1.080000
v 0.036000 0.160000 -1.086000
v 0.052000 0.130000 -1.086000
v 0.052000 0.130000 -1.080000
v 0.036000 0.160000 -1.080000
v 0.052000 0.130000 -1.086000
v 0.028000 0.102000 -1.086000
v 0.028000 0.102000 -1.080000
v 0.052000 0.130000 -1.080000
v 0.028000 0.102000 -1.086000
v 0.016000 0.055000 -1.086000
v 0.016000 0.055000 -1.080000
v 0.028000 0.102000 -1.080000
v 0.016000 0.055000 -1.086000
v -0.016000 0.055000 -1.086000
v -0.016000 0.055000 -1.080000
v 0.016000 0.055000 -1.080000
v -0.016000 0.055000 -1.086000
v -0.028000 0.102000 -1.086000
v -0.028000 0.102000 -1.080000
v -0.016000 0.055000 -1.080000
v -0.028000 0.102000 -1.086000
v -0.052000 0.130000 -1.086000
v -0.052000 0.130000 -1.080000
v -0.028000 0.102000 -1.080000
v -0.052000 0.130000 -1.086000
v -0.036000 0.160000 -1.086000
v -0.036000 0.160000 -1.080000
v -0.052000 0.130000 -1.080000
v -0.131966 0.035282 -1.075000
v -0.127000 0.020000 -1.075000
v -0.153000 0.020000 -1.078900
v -0.144966 0.044727 -1.075000
v -0.131966 0.035282 -1.075000
v -0.153000 0.020000 -1.078900
v -0.161034 0.044727 -1.075000
v -0.144966 0.044727 -1.075000
v -0.153000 0.020000 -1.078900
v -0.174034 0.035282 -1.075000
v -0.161034 0.044727 -1.075000
v -0.153000 0.020000 -1.078900
v -0.179000 0.020000 -1.075000
v -0.174034 0.035282 -1.075000
v -0.153000 0.020000 -1.078900
v -0.174034 0.004718 -1.075000
v -0.179000 0.020000 -1.075000
v -0.153000 0.020000 -1.078900
v -0.161034 -0.004727 -1.075000
v -0.174034 0.004718 -1.075000
v -0.153000 0.020000 -1.078900
v -0.144966 -0.004727 -1.075000
v -0.161034 -0.004727 -1.075000
v -0.153000 0.020000 -1.078900
v -0.131966 0.004718 -1.075000
v -0.144966 -0.004727 -1.075000
v -0.153000 0.020000 -1.078900
v -0.127000 0.020000 -1.075000
v -0.131966 0.004718 -1.075000
v -0.153000 0.020000 -1.078900
v 0.174034 0.035282 -1.075000
v 0.179000 0.020000 -1.075000
v 0.153000 0.020000 -1.078900
v 0.161034 0.044727 -1.075000
v 0.174034 0.035282 -1.075000
v 0.153000 0.020000 -1.078900
v 0.144966 0.044727 -1.075000
v 0.161034 0.044727 -1.075000
v 0.153000 0.020000 -1.078900
v 0.131966 0.035282 -1.075000
v 0.144966 0.044727 -1.075000
v 0.153000 0.020000 -1.078900
v 0.127000 0.020000 -1.075000
v 0.131966 0.035282 -1.075000
v 0.153000 0.020000 -1.078900
v 0.131966 0.004718 -1.075000
v 0.127000 0.020000 -1.075000
v 0.153000 0.020000 -1.078900
v 0.144966 -0.004727 -1.075000
v 0.131966 0.004718 -1.075000
v 0.153000 0.020000 -1.078900
v 0.161034 -0.004727 -1.075000
v 0.144966 -0.004727 -1.075000
v 0.153000 0.020000 -1.078900
v 0.174034 0.004718 -1.075000
v 0.161034 -0.004727 -1.075000
v 0.153000 0.020000 -1.078900
v 0.179000 0.020000 -1.075000
v 0.174034 0.004718 -1.075000
v 0.153000 0.020000 -1.078900
v -0.128966 0.255282 -1.075000
v -0.124000 0.240000 -1.075000
v -0.150000 0.240000 -1.078900
v -0.141966 0.264727 -1.075000
v -0.128966 0.255282 -1.075000
v -0.150000 0.240000 -1.078900
v -0.158034 0.264727 -1.075000
v -0.141966 0.264727 -1.075000
v -0.150000 0.240000 -1.078900
v -0.171034 0.255282 -1.075000
v -0.158034 0.264727 -1.075000
v -0.150000 0.240000 -1.078900
v -0.176000 0.240000 -1.075000
v -0.171034 0.255282 -1.075000
v -0.150000 0.240000 -1.078900
v -0.171034 0.224718 -1.075000
v -0.176000 0.240000 -1.075000
v -0.150000 0.240000 -1.078900
v -0.158034 0.215273 -1.075000
v -0.171034 0.224718 -1.075000
v -0.150000 0.240000 -1.078900
v -0.141966 0.215273 -1.075000
v -0.158034 0.215273 -1.075000
v -0.150000 0.240000 -1.078900
v -0.128966 0.224718 -1.075000
v -0.141966 0.215273 -1.075000
v -0.150000 0.240000 -1.078900
v -0.124000 0.240000 -1.075000
v -0.128966 0.224718 -1.075000
v -0.150000 0.240000 -1.078900
v 0.171034 0.255282 -1.075000
v 0.176000 0.240000 -1.075000
v 0.150000 0.240000 -1.078900
v 0.158034 0.264727 -1.075000
v 0.171034 0.255282 -1.075000
v 0.150000 0.240000 -1.078900
v 0.141966 0.264727 -1.075000
v 0.158034 0.264727 -1.075000
v 0.150000 0.240000 -1.078900
v 0.128966 0.255282 -1.075000
v 0.141966 0.264727 -1.075000
v 0.150000 0.240000 -1.078900
v 0.124000 0.240000 -1.075000
v 0.128966 0.255282 -1.075000
v 0.150000 0.240000 -1.078900
v 0.128966 0.224718 -1.075000
v 0.124000 0.240000 -1.075000
v 0.150000 0.240000 -1.078900
v 0.141966 0.215273 -1.075000
v 0.128966 0.224718 -1.075000
v 0.150000 0.240000 -1.078900
v 0.158034 0.215273 -1.075000
v 0.141966 0.215273 -1.075000
v 0.150000 0.240000 -1.078900
v 0.171034 0.224718 -1.075000
v 0.158034 0.215273 -1.075000
v 0.150000 0.240000 -1.078900
v 0.176000 0.240000 -1.075000
v 0.171034 0.224718 -1.075000
v 0.150000 0.240000 -1.078900
v -1.610901 -0.270000 0.373170
v -1.610901 -0.234682 0.369371
v -1.635000 -0.233567 0.377122
v -1.635000 -0.270000 0.381000
v -1.596007 -0.270000 0.352670
v -1.596007 -0.237599 0.349080
v -1.610901 -0.234682 0.369371
v -1.610901 -0.270000 0.373170
v -1.596007 -0.270000 0.327330
v -1.596007 -0.241205 0.323999
v -1.596007 -0.237599 0.349080
v -1.596007 -0.270000 0.352670
v -1.610901 -0.270000 0.306830
v -1.610901 -0.244123 0.303707
v -1.596007 -0.241205 0.323999
v -1.596007 -0.270000 0.327330
v -1.635000 -0.270000 0.299000
v -1.635000 -0.245237 0.295957
v -1.610901 -0.244123 0.303707
v -1.610901 -0.270000 0.306830
v -1.659099 -0.270000 0.306830
v -1.659099 -0.244123 0.303707
v -1.635000 -0.245237 0.295957
v -1.635000 -0.270000 0.299000
v -1.673993 -0.270000 0.327330
v -1.673993 -0.241205 0.323999
v -1.659099 -0.244123 0.303707
v -1.659099 -0.270000 0.306830
v -1.673993 -0.270000 0.352670
v -1.673993 -0.237599 0.349080
v -1.673993 -0.241205 0.323999
v -1.673993 -0.270000 0.327330
v -1.659099 -0.270000 0.373170
v -1.659099 -0.234682 0.369371
v -1.673993 -0.237599 0.349080
v -1.673993 -0.270000 0.352670
v -1.635000 -0.270000 0.381000
v -1.635000 -0.233567 0.377122
v -1.659099 -0.234682 0.369371
v -1.659099 -0.270000 0.373170
v -1.610901 -0.234682 0.369371
v -1.610901 -0.200083 0.358054
v -1.635000 -0.197876 0.365567
v -1.635000 -0.233567 0.377122
v -1.596007 -0.237599 0.349080
v -1.596007 -0.205858 0.338384
v -1.610901 -0.200083 0.358054
v -1.610901 -0.234682 0.369371
v -1.596007 -0.241205 0.323999
v -1.596007 -0.212997 0.314071
v -1.596007 -0.205858 0.338384
v -1.596007 -0.237599 0.349080
v -1.610901 -0.244123 0.303707
v -1.610901 -0.218772 0.294402
v -1.596007 -0.212997 0.314071
v -1.596007 -0.241205 0.323999
v -1.635000 -0.245237 0.295957
v -1.635000 -0.220979 0.286888
v -1.610901 -0.218772 0.294402
v -1.610901 -0.244123 0.303707
v -1.659099 -0.244123 0.303707
v -1.659099 -0.218772 0.294402
v -1.635000 -0.220979 0.286888
v -1.635000 -0.245237 0.295957
v -1.673993 -0.241205 0.323999
v -1.673993 -0.212997 0.314071
v -1.659099 -0.218772 0.294402
v -1.659099 -0.244123 0.303707
v -1.673993 -0.237599 0.349080
v -1.673993 -0.205858 0.338384
v -1.673993 -0.212997 0.314071
v -1.673993 -0.241205 0.323999
v -1.659099 -0.234682 0.369371
v -1.659099 -0.200083 0.358054
v -1.673993 -0.205858 0.338384
v -1.673993 -0.237599 0.349080
v -1.635000 -0.233567 0.377122
v -1.635000 -0.197876 0.365567
v -1.659099 -0.200083 0.358054
v -1.659099 -0.234682 0.369371
v -1.610901 -0.200083 0.358054
v -1.610901 -0.166907 0.339447
v -1.635000 -0.163654 0.346570
v -1.635000 -0.197876 0.365567
v -1.596007 -0.205858 0.338384
v -1.596007 -0.175423 0.320800
v -1.610901 -0.166907 0.339447
v -1.610901 -0.200083 0.358054
v -1.596007 -0.212997 0.314071
v -1.596007 -0.185949 0.297750
v -1.596007 -0.175423 0.320800
v -1.596007 -0.205858 0.338384
v -1.610901 -0.218772 0.294402
v -1.610901 -0.194465 0.279103
v -1.596007 -0.185949 0.297750
v -1.596007 -0.212997 0.314071
v -1.635000 -0.220979 0.286888
v -1.635000 -0.197718 0.271980
v -1.610901 -0.194465 0.279103
v -1.610901 -0.218772 0.294402
v -1.659099 -0.218772 0.294402
v -1.659099 -0.194465 0.279103
v -1.635000 -0.197718 0.271980
v -1.635000 -0.220979 0.286888
v -1.673993 -0.212997 0.314071
v -1.673993 -0.185949 0.297750
v -1.659099 -0.194465 0.279103
v -1.659099 -0.218772 0.294402
v -1.673993 -0.205858 0.338384
v -1.673993 -0.175423 0.320800
v -1.673993 -0.185949 0.297750
v -1.673993 -0.212997 0.314071
v -1.659099 -0.200083 0.358054
v -1.659099 -0.166907 0.339447
v -1.673993 -0.175423 0.320800
v -1.673993 -0.205858 0.338384
v -1.635000 -0.197876 0.365567
v -1.635000 -0.163654 0.346570
v -1.659099 -0.166907 0.339447
v -1.659099 -0.200083 0.358054
v -1.610901 -0.166907 0.339447
v -1.610901 -0.135829 0.313930
v -1.635000 -0.131596 0.320518
v -1.635000 -0.163654 0.346570
v -1.596007 -0.175423 0.320800
v -1.596007 -0.146912 0.296685
v -1.610901 -0.135829 0.313930
v -1.610901 -0.166907 0.339447
v -1.596007 -0.185949 0.297750
v -1.596007 -0.160612 0.275368
v -1.596007 -0.146912 0.296685
v -1.596007 -0.175423 0.320800
v -1.610901 -0.194465 0.279103
v -1.610901 -0.171695 0.258122
v -1.596007 -0.160612 0.275368
v -1.596007 -0.185949 0.297750
v -1.635000 -0.197718 0.271980
v -1.635000 -0.175928 0.251535
v -1.610901 -0.171695 0.258122
v -1.610901 -0.194465 0.279103
v -1.659099 -0.194465 0.279103
v -1.659099 -0.171695 0.258122
v -1.635000 -0.175928 0.251535
v -1.635000 -0.197718 0.271980
v -1.673993 -0.185949 0.297750
v -1.673993 -0.160612 0.275368
v -1.659099 -0.171695 0.258122
v -1.659099 -0.194465 0.279103
v -1.673993 -0.175423 0.320800
v -1.673993 -0.146912 0.296685
v -1.673993 -0.160612 0.275368
v -1.673993 -0.185949 0.297750
v -1.659099 -0.166907 0.339447
v -1.659099 -0.135829 0.313930
v -1.673993 -0.146912 0.296685
v -1.673993 -0.175423 0.320800
v -1.635000 -0.163654 0.346570
v -1.635000 -0.131596 0.320518
v -1.659099 -0.135829 0.313930
v -1.659099 -0.166907 0.339447
v -1.610901 -0.135829 0.313930
v -1.610901 -0.107483 0.282023
v -1.635000 -0.102356 0.287941
v -1.635000 -0.131596 0.320518
v -1.596007 -0.146912 0.296685
v -1.596007 -0.120908 0.266530
v -1.610901 -0.107483 0.282023
v -1.610901 -0.135829 0.313930
v -1.596007 -0.160612 0.275368
v -1.596007 -0.137502 0.247380
v -1.596007 -0.120908 0.266530
v -1.596007 -0.146912 0.296685
v -1.610901 -0.171695 0.258122
v -1.610901 -0.150926 0.231887
v -1.596007 -0.137502 0.247380
v -1.596007 -0.160612 0.275368
v -1.635000 -0.175928 0.251535
v -1.635000 -0.156054 0.225969
v -1.610901 -0.150926 0.231887
v -1.610901 -0.171695 0.258122
v -1.659099 -0.171695 0.258122
v -1.659099 -0.150926 0.231887
v -1.635000 -0.156054 0.225969
v -1.635000 -0.175928 0.251535
v -1.673993 -0.160612 0.275368
v -1.673993 -0.137502 0.247380
v -1.659099 -0.150926 0.231887
v -1.659099 -0.171695 0.258122
v -1.673993 -0.146912 0.296685
v -1.673993 -0.120908 0.266530
v -1.673993 -0.137502 0.247380
v -1.673993 -0.160612 0.275368
v -1.659099 -0.135829 0.313930
v -1.659099 -0.107483 0.282023
v -1.673993 -0.120908 0.266530
v -1.673993 -0.146912 0.296685
v -1.635000 -0.131596 0.320518
v -1.635000 -0.102356 0.287941
v -1.659099 -0.107483 0.282023
v -1.659099 -0.135829 0.313930
v -1.610901 -0.107483 0.282023
v -1.610901 -0.082446 0.244374
v -1.635000 -0.076528 0.249502
v -1.635000 -0.102356 0.287941
v -1.596007 -0.120908 0.266530
v -1.596007 -0.097939 0.230950
v -1.610901 -0.082446 0.244374
v -1.610901 -0.107483 0.282023
v -1.596007 -0.137502 0.247380
v -1.596007 -0.117089 0.214356
v -1.596007 -0.097939 0.230950
v -1.596007 -0.120908 0.266530
v -1.610901 -0.150926 0.231887
v -1.610901 -0.132582 0.200931
v -1.596007 -0.117089 0.214356
v -1.596007 -0.137502 0.247380
v -1.635000 -0.156054 0.225969
v -1.635000 -0.138500 0.195803
v -1.610901 -0.132582 0.200931
v -1.610901 -0.150926 0.231887
v -1.659099 -0.150926 0.231887
v -1.659099 -0.132582 0.200931
v -1.635000 -0.138500 0.195803
v -1.635000 -0.156054 0.225969
v -1.673993 -0.137502 0.247380
v -1.673993 -0.117089 0.214356
v -1.659099 -0.132582 0.200931
v -1.659099 -0.150926 0.231887
v -1.673993 -0.120908 0.266530
v -1.673993 -0.097939 0.230950
v -1.673993 -0.117089 0.214356
v -1.673993 -0.137502 0.247380
v -1.659099 -0.107483 0.282023
v -1.659099 -0.082446 0.244374
v -1.673993 -0.097939 0.230950
v -1.673993 -0.120908 0.266530
v -1.635000 -0.102356 0.287941
v -1.635000 -0.076528 0.249502
v -1.659099 -0.082446 0.244374
v -1.659099 -0.107483 0.282023
v -1.610901 -0.082446 0.244374
v -1.610901 -0.061226 0.201751
v -1.635000 -0.054639 0.205984
v -1.635000 -0.076528 0.249502
v -1.596007 -0.097939 0.230950
v -1.596007 -0.078472 0.190668
v -1.610901 -0.061226 0.201751
v -1.610901 -0.082446 0.244374
v -1.596007 -0.117089 0.214356
v -1.596007 -0.099789 0.176968
v -1.596007 -0.078472 0.190668
v -1.596007 -0.097939 0.230950
v -1.610901 -0.132582 0.200931
v -1.610901 -0.117035 0.165885
v -1.596007 -0.099789 0.176968
v -1.596007 -0.117089 0.214356
v -1.635000 -0.138500 0.195803
v -1.635000 -0.123622 0.161652
v -1.610901 -0.117035 0.165885
v -1.610901 -0.132582 0.200931
v -1.659099 -0.132582 0.200931
v -1.659099 -0.117035 0.165885
v -1.635000 -0.123622 0.161652
v -1.635000 -0.138500 0.195803
v -1.673993 -0.117089 0.214356
v -1.673993 -0.099789 0.176968
v -1.659099 -0.117035 0.165885
v -1.659099 -0.132582 0.200931
v -1.673993 -0.097939 0.230950
v -1.673993 -0.078472 0.190668
v -1.673993 -0.099789 0.176968
v -1.673993 -0.117089 0.214356
v -1.659099 -0.082446 0.244374
v -1.659099 -0.061226 0.201751
v -1.673993 -0.078472 0.190668
v -1.673993 -0.097939 0.230950
v -1.635000 -0.076528 0.249502
v -1.635000 -0.054639 0.205984
v -1.659099 -0.061226 0.201751
v -1.659099 -0.082446 0.244374
v -1.610901 -0.061226 0.201751
v -1.610901 -0.044257 0.155020
v -1.635000 -0.037134 0.158273
v -1.635000 -0.054639 0.205984
v -1.596007 -0.078472 0.190668
v -1.596007 -0.062904 0.146504
v -1.610901 -0.044257 0.155020
v -1.610901 -0.061226 0.201751
v -1.596007 -0.099789 0.176968
v -1.596007 -0.085954 0.135978
v -1.596007 -0.062904 0.146504
v -1.596007 -0.078472 0.190668
v -1.610901 -0.117035 0.165885
v -1.610901 -0.104601 0.127462
v -1.596007 -0.085954 0.135978
v -1.596007 -0.099789 0.176968
v -1.635000 -0.123622 0.161652
v -1.635000 -0.111724 0.124209
v -1.610901 -0.104601 0.127462
v -1.610901 -0.117035 0.165885
v -1.659099 -0.117035 0.165885
v -1.659099 -0.104601 0.127462
v -1.635000 -0.111724 0.124209
v -1.635000 -0.123622 0.161652
v -1.673993 -0.099789 0.176968
v -1.673993 -0.085954 0.135978
v -1.659099 -0.104601 0.127462
v -1.659099 -0.117035 0.165885
v -1.673993 -0.078472 0.190668
v -1.673993 -0.062904 0.146504
v -1.673993 -0.085954 0.135978
v -1.673993 -0.099789 0.176968
v -1.659099 -0.061226 0.201751
v -1.659099 -0.044257 0.155020
v -1.673993 -0.062904 0.146504
v -1.673993 -0.078472 0.190668
v -1.635000 -0.054639 0.205984
v -1.635000 -0.037134 0.158273
v -1.659099 -0.044257 0.155020
v -1.659099 -0.061226 0.201751
v -1.610901 -0.044257 0.155020
v -1.610901 -0.031883 0.105134
v -1.635000 -0.024370 0.107340
v -1.635000 -0.037134 0.158273
v -1.596007 -0.062904 0.146504
v -1.596007 -0.051553 0.099359
v -1.610901 -0.031883 0.105134
v -1.610901 -0.044257 0.155020
v -1.596007 -0.085954 0.135978
v -1.596007 -0.075865 0.092220
v -1.596007 -0.051553 0.099359
v -1.596007 -0.062904 0.146504
v -1.610901 -0.104601 0.127462
v -1.610901 -0.095535 0.086444
v -1.596007 -0.075865 0.092220
v -1.596007 -0.085954 0.135978
v -1.635000 -0.111724 0.124209
v -1.635000 -0.103048 0.084238
v -1.610901 -0.095535 0.086444
v -1.610901 -0.104601 0.127462
v -1.659099 -0.104601 0.127462
v -1.659099 -0.095535 0.086444
v -1.635000 -0.103048 0.084238
v -1.635000 -0.111724 0.124209
v -1.673993 -0.085954 0.135978
v -1.673993 -0.075865 0.092220
v -1.659099 -0.095535 0.086444
v -1.659099 -0.104601 0.127462
v -1.673993 -0.062904 0.146504
v -1.673993 -0.051553 0.099359
v -1.673993 -0.075865 0.092220
v -1.673993 -0.085954 0.135978
v -1.659099 -0.044257 0.155020
v -1.659099 -0.031883 0.105134
v -1.673993 -0.051553 0.099359
v -1.673993 -0.062904 0.146504
v -1.635000 -0.037134 0.158273
v -1.635000 -0.024370 0.107340
v -1.659099 -0.031883 0.105134
v -1.659099 -0.044257 0.155020
v -1.610901 -0.031883 0.105134
v -1.610901 -0.024356 0.053108
v -1.635000 -0.016606 0.054222
v -1.635000 -0.024370 0.107340
v -1.596007 -0.051553 0.099359
v -1.596007 -0.044648 0.050190
v -1.610901 -0.024356 0.053108
v -1.610901 -0.031883 0.105134
v -1.596007 -0.075865 0.092220
v -1.596007 -0.069729 0.046584
v -1.596007 -0.044648 0.050190
v -1.596007 -0.051553 0.099359
v -1.610901 -0.095535 0.086444
v -1.610901 -0.090020 0.043667
v -1.596007 -0.069729 0.046584
v -1.596007 -0.075865 0.092220
v -1.635000 -0.103048 0.084238
v -1.635000 -0.097771 0.042552
v -1.610901 -0.090020 0.043667
v -1.610901 -0.095535 0.086444
v -1.659099 -0.095535 0.086444
v -1.659099 -0.090020 0.043667
v -1.635000 -0.097771 0.042552
v -1.635000 -0.103048 0.084238
v -1.673993 -0.075865 0.092220
v -1.673993 -0.069729 0.046584
v -1.659099 -0.090020 0.043667
v -1.659099 -0.095535 0.086444
v -1.673993 -0.051553 0.099359
v -1.673993 -0.044648 0.050190
v -1.673993 -0.069729 0.046584
v -1.673993 -0.075865 0.092220
v -1.659099 -0.031883 0.105134
v -1.659099 -0.024356 0.053108
v -1.673993 -0.044648 0.050190
v -1.673993 -0.051553 0.099359
v -1.635000 -0.024370 0.107340
v -1.635000 -0.016606 0.054222
v -1.659099 -0.024356 0.053108
v -1.659099 -0.031883 0.105134
v -1.610901 -0.024356 0.053108
v -1.610901 -0.021830 0.000000
v -1.635000 -0.014000 0.000000
v -1.635000 -0.016606 0.054222
v -1.596007 -0.044648 0.050190
v -1.596007 -0.042330 0.000000
v -1.610901 -0.021830 0.000000
v -1.610901 -0.024356 0.053108
v -1.596007 -0.069729 0.046584
v -1.596007 -0.067670 0.000000
v -1.596007 -0.042330 0.000000
v -1.596007 -0.044648 0.050190
v -1.610901 -0.090020 0.043667
v -1.610901 -0.088170 0.000000
v -1.596007 -0.067670 0.000000
v -1.596007 -0.069729 0.046584
v -1.635000 -0.097771 0.042552
v -1.635000 -0.096000 0.000000
v -1.610901 -0.088170 0.000000
v -1.610901 -0.090020 0.043667
v -1.659099 -0.090020 0.043667
v -1.659099 -0.088170 0.000000
v -1.635000 -0.096000 0.000000
v -1.635000 -0.097771 0.042552
v -1.673993 -0.069729 0.046584
v -1.673993 -0.067670 0.000000
v -1.659099 -0.088170 0.000000
v -1.659099 -0.090020 0.043667
v -1.673993 -0.044648 0.050190
v -1.673993 -0.042330 0.000000
v -1.673993 -0.067670 0.000000
v -1.673993 -0.069729 0.046584
v -1.659099 -0.024356 0.053108
v -1.659099 -0.021830 0.000000
v -1.673993 -0.042330 0.000000
v -1.673993 -0.044648 0.050190
v -1.635000 -0.016606 0.054222
v -1.635000 -0.014000 0.000000
v -1.659099 -0.021830 0.000000
v -1.659099 -0.024356 0.053108
v -1.610901 -0.021830 0.000000
v -1.610901 -0.024356 -0.053108
v -1.635000 -0.016606 -0.054222
v -1.635000 -0.014000 0.000000
v -1.596007 -0.042330 0.000000
v -1.596007 -0.044648 -0.050190
v -1.610901 -0.024356 -0.053108
v -1.610901 -0.021830 0.000000
v -1.596007 -0.067670 0.000000
v -1.596007 -0.069729 -0.046584
v -1.596007 -0.044648 -0.050190
v -1.596007 -0.042330 0.000000
v -1.610901 -0.088170 0.000000
v -1.610901 -0.090020 -0.043667
v -1.596007 -0.069729 -0.046584
v -1.596007 -0.067670 0.000000
v -1.635000 -0.096000 0.000000
v -1.635000 -0.097771 -0.042552
v -1.610901 -0.090020 -0.043667
v -1.610901 -0.088170 0.000000
v -1.659099 -0.088170 0.000000
v -1.659099 -0.090020 -0.043667
v -1.635000 -0.097771 -0.042552
v -1.635000 -0.096000 0.000000
v -1.673993 -0.067670 0.000000
v -1.673993 -0.069729 -0.046584
v -1.659099 -0.090020 -0.043667
v -1.659099 -0.088170 0.000000
v -1.673993 -0.042330 0.000000
v -1.673993 -0.044648 -0.050190
v -1.673993 -0.069729 -0.046584
v -1.673993 -0.067670 0.000000
v -1.659099 -0.021830 0.000000
v -1.659099 -0.024356 -0.053108
v -1.673993 -0.044648 -0.050190
v -1.673993 -0.042330 0.000000
v -1.635000 -0.014000 0.000000
v -1.635000 -0.016606 -0.054222
v -1.659099 -0.024356 -0.053108
v -1.659099 -0.021830 0.000000
v -1.610901 -0.024356 -0.053108
v -1.610901 -0.031883 -0.105134
v -1.635000 -0.024370 -0.107340
v -1.635000 -0.016606 -0.054222
v -1.596007 -0.044648 -0.050190
v -1.596007 -0.051553 -0.099359
v -1.610901 -0.031883 -0.105134
v -1.610901 -0.024356 -0.053108
v -1.596007 -0.069729 -0.046584
v -1.596007 -0.075865 -0.092220
v -1.596007 -0.051553 -0.099359
v -1.596007 -0.044648 -0.050190
v -1.610901 -0.090020 -0.043667
v -1.610901 -0.095535 -0.086444
v -1.596007 -0.075865 -0.092220
v -1.596007 -0.069729 -0.046584
v -1.635000 -0.097771 -0.042552
v -1.635000 -0.103048 -0.084238
v -1.610901 -0.095535 -0.086444
v -1.610901 -0.090020 -0.043667
v -1.659099 -0.090020 -0.043667
v -1.659099 -0.095535 -0.086444
v -1.635000 -0.103048 -0.084238
v -1.635000 -0.097771 -0.042552
v -1.673993 -0.069729 -0.046584
v -1.673993 -0.075865 -0.092220
v -1.659099 -0.095535 -0.086444
v -1.659099 -0.090020 -0.043667
v -1.673993 -0.044648 -0.050190
v -1.673993 -0.051553 -0.099359
v -1.673993 -0.075865 -0.092220
v -1.673993 -0.069729 -0.046584
v -1.659099 -0.024356 -0.053108
v -1.659099 -0.031883 -0.105134
v -1.673993 -0.051553 -0.099359
v -1.673993 -0.044648 -0.050190
v -1.635000 -0.016606 -0.054222
v -1.635000 -0.024370 -0.107340
v -1.659099 -0.031883 -0.105134
v -1.659099 -0.024356 -0.053108
v -1.610901 -0.031883 -0.105134
v -1.610901 -0.044257 -0.155020
v -1.635000 -0.037134 -0.158273
v -1.635000 -0.024370 -0.107340
v -1.596007 -0.051553 -0.099359
v -1.596007 -0.062904 -0.146504
v -1.610901 -0.044257 -0.155020
v -1.610901 -0.031883 -0.105134
v -1.596007 -0.075865 -0.092220
v -1.596007 -0.085954 -0.135978
v -1.596007 -0.062904 -0.146504
v -1.596007 -0.051553 -0.099359
v -1.610901 -0.095535 -0.086444
v -1.610901 -0.104601 -0.127462
v -1.596007 -0.085954 -0.135978
v -1.596007 -0.075865 -0.092220
v -1.635000 -0.103048 -0.084238
v -1.635000 -0.111724 -0.124209
v -1.610901 -0.104601 -0.127462
v -1.610901 -0.095535 -0.086444
v -1.659099 -0.095535 -0.086444
v -1.659099 -0.104601 -0.127462
v -1.635000 -0.111724 -0.124209
v -1.635000 -0.103048 -0.084238
v -1.673993 -0.075865 -0.092220
v -1.673993 -0.085954 -0.135978
v -1.659099 -0.104601 -0.127462
v -1.659099 -0.095535 -0.086444
v -1.673993 -0.051553 -0.099359
v -1.673993 -0.062904 -0.146504
v -1.673993 -0.085954 -0.135978
v -1.673993 -0.075865 -0.092220
v -1.659099 -0.031883 -0.105134
v -1.659099 -0.044257 -0.155020
v -1.673993 -0.062904 -0.146504
v -1.673993 -0.051553 -0.099359
v -1.635000 -0.024370 -0.107340
v -1.635000 -0.037134 -0.158273
v -1.659099 -0.044257 -0.155020
v -1.659099 -0.031883 -0.105134
v -1.610901 -0.044257 -0.155020
v -1.610901 -0.061226 -0.201751
v -1.635000 -0.054639 -0.205984
v -1.635000 -0.037134 -0.158273
v -1.596007 -0.062904 -0.146504
v -1.596007 -0.078472 -0.190668
v -1.610901 -0.061226 -0.201751
v -1.610901 -0.044257 -0.155020
v -1.596007 -0.085954 -0.135978
v -1.596007 -0.099789 -0.176968
v -1.596007 -0.078472 -0.190668
v -1.596007 -0.062904 -0.146504
v -1.610901 -0.104601 -0.127462
v -1.610901 -0.117035 -0.165885
v -1.596007 -0.099789 -0.176968
v -1.596007 -0.085954 -0.135978
v -1.635000 -0.111724 -0.124209
v -1.635000 -0.123622 -0.161652
v -1.610901 -0.117035 -0.165885
v -1.610901 -0.104601 -0.127462
v -1.659099 -0.104601 -0.127462
v -1.659099 -0.117035 -0.165885
v -1.635000 -0.123622 -0.161652
v -1.635000 -0.111724 -0.124209
v -1.673993 -0.085954 -0.135978
v -1.673993 -0.099789 -0.176968
v -1.659099 -0.117035 -0.165885
v -1.659099 -0.104601 -0.127462
v -1.673993 -0.062904 -0.146504
v -1.673993 -0.078472 -0.190668
v -1.673993 -0.099789 -0.176968
v -1.673993 -0.085954 -0.135978
v -1.659099 -0.044257 -0.155020
v -1.659099 -0.061226 -0.201751
v -1.673993 -0.078472 -0.190668
v -1.673993 -0.062904 -0.146504
v -1.635000 -0.037134 -0.158273
v -1.635000 -0.054639 -0.205984
v -1.659099 -0.061226 -0.201751
v -1.659099 -0.044257 -0.155020
v -1.610901 -0.061226 -0.201751
v -1.610901 -0.082446 -0.244374
v -1.635000 -0.076528 -0.249502
v -1.635000 -0.054639 -0.205984
v -1.596007 -0.078472 -0.190668
v -1.596007 -0.097939 -0.230950
v -1.610901 -0.082446 -0.244374
v -1.610901 -0.061226 -0.201751
v -1.596007 -0.099789 -0.176968
v -1.596007 -0.117089 -0.214356
v -1.596007 -0.097939 -0.230950
v -1.596007 -0.078472 -0.190668
v -1.610901 -0.117035 -0.165885
v -1.610901 -0.132582 -0.200931
v -1.596007 -0.117089 -0.214356
v -1.596007 -0.099789 -0.176968
v -1.635000 -0.123622 -0.161652
v -1.635000 -0.138500 -0.195803
v -1.610901 -0.132582 -0.200931
v -1.610901 -0.117035 -0.165885
v -1.659099 -0.117035 -0.165885
v -1.659099 -0.132582 -0.200931
v -1.635000 -0.138500 -0.195803
v -1.635000 -0.123622 -0.161652
v -1.673993 -0.099789 -0.176968
v -1.673993 -0.117089 -0.214356
v -1.659099 -0.132582 -0.200931
v -1.659099 -0.117035 -0.165885
v -1.673993 -0.078472 -0.190668
v -1.673993 -0.097939 -0.230950
v -1.673993 -0.117089 -0.214356
v -1.673993 -0.099789 -0.176968
v -1.659099 -0.061226 -0.201751
v -1.659099 -0.082446 -0.244374
v -1.673993 -0.097939 -0.230950
v -1.673993 -0.078472 -0.190668
v -1.635000 -0.054639 -0.205984
v -1.635000 -0.076528 -0.249502
v -1.659099 -0.082446 -0.244374
v -1.659099 -0.061226 -0.201751
v -1.610901 -0.082446 -0.244374
v -1.610901 -0.107483 -0.282023
v -1.635000 -0.102356 -0.287941
v -1.635000 -0.076528 -0.249502
v -1.596007 -0.097939 -0.230950
v -1.596007 -0.120908 -0.266530
v -1.610901 -0.107483 -0.282023
v -1.610901 -0.082446 -0.244374
v -1.596007 -0.117089 -0.214356
v -1.596007 -0.137502 -0.247380
v -1.596007 -0.120908 -0.266530
v -1.596007 -0.097939 -0.230950
v -1.610901 -0.132582 -0.200931
v -1.610901 -0.150926 -0.231887
v -1.596007 -0.137502 -0.247380
v -1.596007 -0.117089 -0.214356
v -1.635000 -0.138500 -0.195803
v -1.635000 -0.156054 -0.225969
v -1.610901 -0.150926 -0.231887
v -1.610901 -0.132582 -0.200931
v -1.659099 -0.132582 -0.200931
v -1.659099 -0.150926 -0.231887
v -1.635000 -0.156054 -0.225969
v -1.635000 -0.138500 -0.195803
v -1.673993 -0.117089 -0.214356
v -1.673993 -0.137502 -0.247380
v -1.659099 -0.150926 -0.231887
v -1.659099 -0.132582 -0.200931
v -1.673993 -0.097939 -0.230950
v -1.673993 -0.120908 -0.266530
v -1.673993 -0.137502 -0.247380
v -1.673993 -0.117089 -0.214356
v -1.659099 -0.082446 -0.244374
v -1.659099 -0.107483 -0.282023
v -1.673993 -0.120908 -0.266530
v -1.673993 -0.097939 -0.230950
v -1.635000 -0.076528 -0.249502
v -1.635000 -0.102356 -0.287941
v -1.659099 -0.107483 -0.282023
v -1.659099 -0.082446 -0.244374
v -1.610901 -0.107483 -0.282023
v -1.610901 -0.135829 -0.313930
v -1.635000 -0.131596 -0.320518
v -1.635000 -0.102356 -0.287941
v -1.596007 -0.120908 -0.266530
v -1.596007 -0.146912 -0.296685
v -1.610901 -0.135829 -0.313930
v -1.610901 -0.107483 -0.282023
v -1.596007 -0.137502 -0.247380
v -1.596007 -0.160612 -0.275368
v -1.596007 -0.146912 -0.296685
v -1.596007 -0.120908 -0.266530
v -1.610901 -0.150926 -0.231887
v -1.610901 -0.171695 -0.258122
v -1.596007 -0.160612 -0.275368
v -1.596007 -0.137502 -0.247380
v -1.635000 -0.156054 -0.225969
v -1.635000 -0.175928 -0.251535
v -1.610901 -0.171695 -0.258122
v -1.610901 -0.150926 -0.231887
v -1.659099 -0.150926 -0.231887
v -1.659099 -0.171695 -0.258122
v -1.635000 -0.175928 -0.251535
v -1.635000 -0.156054 -0.225969
v -1.673993 -0.137502 -0.247380
v -1.673993 -0.160612 -0.275368
v -1.659099 -0.171695 -0.258122
v -1.659099 -0.150926 -0.231887
v -1.673993 -0.120908 -0.266530
v -1.673993 -0.146912 -0.296685
v -1.673993 -0.160612 -0.275368
v -1.673993 -0.137502 -0.247380
v -1.659099 -0.107483 -0.282023
v -1.659099 -0.135829 -0.313930
v -1.673993 -0.146912 -0.296685
v -1.673993 -0.120908 -0.266530
v -1.635000 -0.102356 -0.287941
v -1.635000 -0.131596 -0.320518
v -1.659099 -0.135829 -0.313930
v -1.659099 -0.107483 -0.282023
v -1.610901 -0.135829 -0.313930
v -1.610901 -0.166907 -0.339447
v -1.635000 -0.163654 -0.346570
v -1.635000 -0.131596 -0.320518
v -1.596007 -0.146912 -0.296685
v -1.596007 -0.175423 -0.320800
v -1.610901 -0.166907 -0.339447
v -1.610901 -0.135829 -0.313930
v -1.596007 -0.160612 -0.275368
v -1.596007 -0.185949 -0.297750
v -1.596007 -0.175423 -0.320800
v -1.596007 -0.146912 -0.296685
v -1.610901 -0.171695 -0.258122
v -1.610901 -0.194465 -0.279103
v -1.596007 -0.185949 -0.297750
v -1.596007 -0.160612 -0.275368
v -1.635000 -0.175928 -0.251535
v -1.635000 -0.197718 -0.271980
v -1.610901 -0.194465 -0.279103
v -1.610901 -0.171695 -0.258122
v -1.659099 -0.171695 -0.258122
v -1.659099 -0.194465 -0.279103
v -1.635000 -0.197718 -0.271980
v -1.635000 -0.175928 -0.251535
v -1.673993 -0.160612 -0.275368
v -1.673993 -0.185949 -0.297750
v -1.659099 -0.194465 -0.279103
v -1.659099 -0.171695 -0.258122
v -1.673993 -0.146912 -0.296685
v -1.673993 -0.175423 -0.320800
v -1.673993 -0.185949 -0.297750
v -1.673993 -0.160612 -0.275368
v -1.659099 -0.135829 -0.313930
v -1.659099 -0.166907 -0.339447
v -1.673993 -0.175423 -0.320800
v -1.673993 -0.146912 -0.296685
v -1.635000 -0.131596 -0.320518
v -1.635000 -0.163654 -0.346570
v -1.659099 -0.166907 -0.339447
v -1.659099 -0.135829 -0.313930
v -1.610901 -0.166907 -0.339447
v -1.610901 -0.200083 -0.358054
v -1.635000 -0.197876 -0.365567
v -1.635000 -0.163654 -0.346570
v -1.596007 -0.175423 -0.320800
v -1.596007 -0.205858 -0.338384
v -1.610901 -0.200083 -0.358054
v -1.610901 -0.166907 -0.339447
v -1.596007 -0.185949 -0.297750
v -1.596007 -0.212997 -0.314071
v -1.596007 -0.205858 -0.338384
v -1.596007 -0.175423 -0.320800
v -1.610901 -0.194465 -0.279103
v -1.610901 -0.218772 -0.294402
v -1.596007 -0.212997 -0.314071
v -1.596007 -0.185949 -0.297750
v -1.635000 -0.197718 -0.271980
v -1.635000 -0.220979 -0.286888
v -1.610901 -0.218772 -0.294402
v -1.610901 -0.194465 -0.279103
v -1.659099 -0.194465 -0.279103
v -1.659099 -0.218772 -0.294402
v -1.635000 -0.220979 -0.286888
v -1.635000 -0.197718 -0.271980
v -1.673993 -0.185949 -0.297750
v -1.673993 -0.212997 -0.314071
v -1.659099 -0.218772 -0.294402
v -1.659099 -0.194465 -0.279103
v -1.673993 -0.175423 -0.320800
v -1.673993 -0.205858 -0.338384
v -1.673993 -0.212997 -0.314071
v -1.673993 -0.185949 -0.297750
v -1.659099 -0.166907 -0.339447
v -1.659099 -0.200083 -0.358054
v -1.673993 -0.205858 -0.338384
v -1.673993 -0.175423 -0.320800
v -1.635000 -0.163654 -0.346570
v -1.635000 -0.197876 -0.365567
v -1.659099 -0.200083 -0.358054
v -1.659099 -0.166907 -0.339447
v -1.610901 -0.200083 -0.358054
v -1.610901 -0.234682 -0.369371
v -1.635000 -0.233567 -0.377122
v -1.635000 -0.197876 -0.365567
v -1.596007 -0.205858 -0.338384
v -1.596007 -0.237599 -0.349080
v -1.610901 -0.234682 -0.369371
v -1.610901 -0.200083 -0.358054
v -1.596007 -0.212997 -0.314071
v -1.596007 -0.241205 -0.323999
v -1.596007 -0.237599 -0.349080
v -1.596007 -0.205858 -0.338384
v -1.610901 -0.218772 -0.294402
v -1.610901 -0.244123 -0.303707
v -1.596007 -0.241205 -0.323999
v -1.596007 -0.212997 -0.314071
v -1.635000 -0.220979 -0.286888
v -1.635000 -0.245237 -0.295957
v -1.610901 -0.244123 -0.303707
v -1.610901 -0.218772 -0.294402
v -1.659099 -0.218772 -0.294402
v -1.659099 -0.244123 -0.303707
v -1.635000 -0.245237 -0.295957
v -1.635000 -0.220979 -0.286888
v -1.673993 -0.212997 -0.314071
v -1.673993 -0.241205 -0.323999
v -1.659099 -0.244123 -0.303707
v -1.659099 -0.218772 -0.294402
v -1.673993 -0.205858 -0.338384
v -1.673993 -0.237599 -0.349080
v -1.673993 -0.241205 -0.323999
v -1.673993 -0.212997 -0.314071
v -1.659099 -0.200083 -0.358054
v -1.659099 -0.234682 -0.369371
v -1.673993 -0.237599 -0.349080
v -1.673993 -0.205858 -0.338384
v -1.635000 -0.197876 -0.365567
v -1.635000 -0.233567 -0.377122
v -1.659099 -0.234682 -0.369371
v -1.659099 -0.200083 -0.358054
v -1.610901 -0.234682 -0.369371
v -1.610901 -0.270000 -0.373170
v -1.635000 -0.270000 -0.381000
v -1.635000 -0.233567 -0.377122
v -1.596007 -0.237599 -0.349080
v -1.596007 -0.270000 -0.352670
v -1.610901 -0.270000 -0.373170
v -1.610901 -0.234682 -0.369371
v -1.596007 -0.241205 -0.323999
v -1.596007 -0.270000 -0.327330
v -1.596007 -0.270000 -0.352670
v -1.596007 -0.237599 -0.349080
v -1.610901 -0.244123 -0.303707
v -1.610901 -0.270000 -0.306830
v -1.596007 -0.270000 -0.327330
v -1.596007 -0.241205 -0.323999
v -1.635000 -0.245237 -0.295957
v -1.635000 -0.270000 -0.299000
v -1.610901 -0.270000 -0.306830
v -1.610901 -0.244123 -0.303707
v -1.659099 -0.244123 -0.303707
v -1.659099 -0.270000 -0.306830
v -1.635000 -0.270000 -0.299000
v -1.635000 -0.245237 -0.295957
v -1.673993 -0.241205 -0.323999
v -1.673993 -0.270000 -0.327330
v -1.659099 -0.270000 -0.306830
v -1.659099 -0.244123 -0.303707
v -1.673993 -0.237599 -0.349080
v -1.673993 -0.270000 -0.352670
v -1.673993 -0.270000 -0.327330
v -1.673993 -0.241205 -0.323999
v -1.659099 -0.234682 -0.369371
v -1.659099 -0.270000 -0.373170
v -1.673993 -0.270000 -0.352670
v -1.673993 -0.237599 -0.349080
v -1.635000 -0.233567 -0.377122
v -1.635000 -0.270000 -0.381000
v -1.659099 -0.270000 -0.373170
v -1.659099 -0.234682 -0.369371
v -1.610901 -0.270000 -0.373170
v -1.610901 -0.305318 -0.369371
v -1.635000 -0.306433 -0.377122
v -1.635000 -0.270000 -0.381000
v -1.596007 -0.270000 -0.352670
v -1.596007 -0.302401 -0.349080
v -1.610901 -0.305318 -0.369371
v -1.610901 -0.270000 -0.373170
v -1.596007 -0.270000 -0.327330
v -1.596007 -0.298795 -0.323999
v -1.596007 -0.302401 -0.349080
v -1.596007 -0.270000 -0.352670
v -1.610901 -0.270000 -0.306830
v -1.610901 -0.295877 -0.303707
v -1.596007 -0.298795 -0.323999
v -1.596007 -0.270000 -0.327330
v -1.635000 -0.270000 -0.299000
v -1.635000 -0.294763 -0.295957
v -1.610901 -0.295877 -0.303707
v -1.610901 -0.270000 -0.306830
v -1.659099 -0.270000 -0.306830
v -1.659099 -0.295877 -0.303707
v -1.635000 -0.294763 -0.295957
v -1.635000 -0.270000 -0.299000
v -1.673993 -0.270000 -0.327330
v -1.673993 -0.298795 -0.323999
v -1.659099 -0.295877 -0.303707
v -1.659099 -0.270000 -0.306830
v -1.673993 -0.270000 -0.352670
v -1.673993 -0.302401 -0.349080
v -1.673993 -0.298795 -0.323999
v -1.673993 -0.270000 -0.327330
v -1.659099 -0.270000 -0.373170
v -1.659099 -0.305318 -0.369371
v -1.673993 -0.302401 -0.349080
v -1.673993 -0.270000 -0.352670
v -1.635000 -0.270000 -0.381000
v -1.635000 -0.306433 -0.377122
v -1.659099 -0.305318 -0.369371
v -1.659099 -0.270000 -0.373170
v -1.610901 -0.305318 -0.369371
v -1.610901 -0.339917 -0.358054
v -1.635000 -0.342124 -0.365567
v -1.635000 -0.306433 -0.377122
v -1.596007 -0.302401 -0.349080
v -1.596007 -0.334142 -0.338384
v -1.610901 -0.339917 -0.358054
v -1.610901 -0.305318 -0.369371
v -1.596007 -0.298795 -0.323999
v -1.596007 -0.327003 -0.314071
v -1.596007 -0.334142 -0.338384
v -1.596007 -0.302401 -0.349080
v -1.610901 -0.295877 -0.303707
v -1.610901 -0.321228 -0.294402
v -1.596007 -0.327003 -0.314071
v -1.596007 -0.298795 -0.323999
v -1.635000 -0.294763 -0.295957
v -1.635000 -0.319021 -0.286888
v -1.610901 -0.321228 -0.294402
v -1.610901 -0.295877 -0.303707
v -1.659099 -0.295877 -0.303707
v -1.659099 -0.321228 -0.294402
v -1.635000 -0.319021 -0.286888
v -1.635000 -0.294763 -0.295957
v -1.673993 -0.298795 -0.323999
v -1.673993 -0.327003 -0.314071
v -1.659099 -0.321228 -0.294402
v -1.659099 -0.295877 -0.303707
v -1.673993 -0.302401 -0.349080
v -1.673993 -0.334142 -0.338384
v -1.673993 -0.327003 -0.314071
v -1.673993 -0.298795 -0.323999
v -1.659099 -0.305318 -0.369371
v -1.659099 -0.339917 -0.358054
v -1.673993 -0.334142 -0.338384
v -1.673993 -0.302401 -0.349080
v -1.635000 -0.306433 -0.377122
v -1.635000 -0.342124 -0.365567
v -1.659099 -0.339917 -0.358054
v -1.659099 -0.305318 -0.369371
v -1.610901 -0.339917 -0.358054
v -1.610901 -0.373093 -0.339447
v -1.635000 -0.376346 -0.346570
v -1.635000 -0.342124 -0.365567
v -1.596007 -0.334142 -0.338384
v -1.596007 -0.364577 -0.320800
v -1.610901 -0.373093 -0.339447
v -1.610901 -0.339917 -0.358054
v -1.596007 -0.327003 -0.314071
v -1.596007 -0.354051 -0.297750
v -1.596007 -0.364577 -0.320800
v -1.596007 -0.334142 -0.338384
v -1.610901 -0.321228 -0.294402
v -1.610901 -0.345535 -0.279103
v -1.596007 -0.354051 -0.297750
v -1.596007 -0.327003 -0.314071
v -1.635000 -0.319021 -0.286888
v -1.635000 -0.342282 -0.271980
v -1.610901 -0.345535 -0.279103
v -1.610901 -0.321228 -0.294402
v -1.659099 -0.321228 -0.294402
v -1.659099 -0.345535 -0.279103
v -1.635000 -0.342282 -0.271980
v -1.635000 -0.319021 -0.286888
v -1.673993 -0.327003 -0.314071
v -1.673993 -0.354051 -0.297750
v -1.659099 -0.345535 -0.279103
v -1.659099 -0.321228 -0.294402
v -1.673993 -0.334142 -0.338384
v -1.673993 -0.364577 -0.320800
v -1.673993 -0.354051 -0.297750
v -1.673993 -0.327003 -0.314071
v -1.659099 -0.339917 -0.358054
v -1.659099 -0.373093 -0.339447
v -1.673993 -0.364577 -0.320800
v -1.673993 -0.334142 -0.338384
v -1.635000 -0.342124 -0.365567
v -1.635000 -0.376346 -0.346570
v -1.659099 -0.373093 -0.339447
v -1.659099 -0.339917 -0.358054
v -1.610901 -0.373093 -0.339447
v -1.610901 -0.404171 -0.313930
v -1.635000 -0.408404 -0.320518
v -1.635000 -0.376346 -0.346570
v -1.596007 -0.364577 -0.320800
v -1.596007 -0.393088 -0.296685
v -1.610901 -0.404171 -0.313930
v -1.610901 -0.373093 -0.339447
v -1.596007 -0.354051 -0.297750
v -1.596007 -0.379388 -0.275368
v -1.596007 -0.393088 -0.296685
v -1.596007 -0.364577 -0.320800
v -1.610901 -0.345535 -0.279103
v -1.610901 -0.368305 -0.258122
v -1.596007 -0.379388 -0.275368
v -1.596007 -0.354051 -0.297750
v -1.635000 -0.342282 -0.271980
v -1.635000 -0.364072 -0.251535
v -1.610901 -0.368305 -0.258122
v -1.610901 -0.345535 -0.279103
v -1.659099 -0.345535 -0.279103
v -1.659099 -0.368305 -0.258122
v -1.635000 -0.364072 -0.251535
v -1.635000 -0.342282 -0.271980
v -1.673993 -0.354051 -0.297750
v -1.673993 -0.379388 -0.275368
v -1.659099 -0.368305 -0.258122
v -1.659099 -0.345535 -0.279103
v -1.673993 -0.364577 -0.320800
v -1.673993 -0.393088 -0.296685
v -1.673993 -0.379388 -0.275368
v -1.673993 -0.354051 -0.297750
v -1.659099 -0.373093 -0.339447
v -1.659099 -0.404171 -0.313930
v -1.673993 -0.393088 -0.296685
v -1.673993 -0.364577 -0.320800
v -1.635000 -0.376346 -0.346570
v -1.635000 -0.408404 -0.320518
v -1.659099 -0.404171 -0.313930
v -1.659099 -0.373093 -0.339447
v -1.610901 -0.404171 -0.313930
v -1.610901 -0.432517 -0.282023
v -1.635000 -0.437644 -0.287941
v -1.635000 -0.408404 -0.320518
v -1.596007 -0.393088 -0.296685
v -1.596007 -0.419092 -0.266530
v -1.610901 -0.432517 -0.282023
v -1.610901 -0.404171 -0.313930
v -1.596007 -0.379388 -0.275368
v -1.596007 -0.402498 -0.247380
v -1.596007 -0.419092 -0.266530
v -1.596007 -0.393088 -0.296685
v -1.610901 -0.368305 -0.258122
v -1.610901 -0.389074 -0.231887
v -1.596007 -0.402498 -0.247380
v -1.596007 -0.379388 -0.275368
v -1.635000 -0.364072 -0.251535
v -1.635000 -0.383946 -0.225969
v -1.610901 -0.389074 -0.231887
v -1.610901 -0.368305 -0.258122
v -1.659099 -0.368305 -0.258122
v -1.659099 -0.389074 -0.231887
v -1.635000 -0.383946 -0.225969
v -1.635000 -0.364072 -0.251535
v -1.673993 -0.379388 -0.275368
v -1.673993 -0.402498 -0.247380
v -1.659099 -0.389074 -0.231887
v -1.659099 -0.368305 -0.258122
v -1.673993 -0.393088 -0.296685
v -1.673993 -0.419092 -0.266530
v -1.673993 -0.402498 -0.247380
v -1.673993 -0.379388 -0.275368
v -1.659099 -0.404171 -0.313930
v -1.659099 -0.432517 -0.282023
v -1.673993 -0.419092 -0.266530
v -1.673993 -0.393088 -0.296685
v -1.635000 -0.408404 -0.320518
v -1.635000 -0.437644 -0.287941
v -1.659099 -0.432517 -0.282023
v -1.659099 -0.404171 -0.313930
v -1.610901 -0.432517 -0.282023
v -1.610901 -0.457554 -0.244374
v -1.635000 -0.463472 -0.249502
v -1.635000 -0.437644 -0.287941
v -1.596007 -0.419092 -0.266530
v -1.596007 -0.442061 -0.230950
v -1.610901 -0.457554 -0.244374
v -1.610901 -0.432517 -0.282023
v -1.596007 -0.402498 -0.247380
v -1.596007 -0.422911 -0.214356
v -1.596007 -0.442061 -0.230950
v -1.596007 -0.419092 -0.266530
v -1.610901 -0.389074 -0.231887
v -1.610901 -0.407418 -0.200931
v -1.596007 -0.422911 -0.214356
v -1.596007 -0.402498 -0.247380
v -1.635000 -0.383946 -0.225969
v -1.635000 -0.401500 -0.195803
v -1.610901 -0.407418 -0.200931
v -1.610901 -0.389074 -0.231887
v -1.659099 -0.389074 -0.231887
v -1.659099 -0.407418 -0.200931
v -1.635000 -0.401500 -0.195803
v -1.635000 -0.383946 -0.225969
v -1.673993 -0.402498 -0.247380
v -1.673993 -0.422911 -0.214356
v -1.659099 -0.407418 -0.200931
v -1.659099 -0.389074 -0.231887
v -1.673993 -0.419092 -0.266530
v -1.673993 -0.442061 -0.230950
v -1.673993 -0.422911 -0.214356
v -1.673993 -0.402498 -0.247380
v -1.659099 -0.432517 -0.282023
v -1.659099 -0.457554 -0.244374
v -1.673993 -0.442061 -0.230950
v -1.673993 -0.419092 -0.266530
v -1.635000 -0.437644 -0.287941
v -1.635000 -0.463472 -0.249502
v -1.659099 -0.457554 -0.244374
v -1.659099 -0.432517 -0.282023
v -1.610901 -0.457554 -0.244374
v -1.610901 -0.478774 -0.201751
v -1.635000 -0.485361 -0.205984
v -1.635000 -0.463472 -0.249502
v -1.596007 -0.442061 -0.230950
v -1.596007 -0.461528 -0.190668
v -1.610901 -0.478774 -0.201751
v -1.610901 -0.457554 -0.244374
v -1.596007 -0.422911 -0.214356
v -1.596007 -0.440211 -0.176968
v -1.596007 -0.461528 -0.190668
v -1.596007 -0.442061 -0.230950
v -1.610901 -0.407418 -0.200931
v -1.610901 -0.422965 -0.165885
v -1.596007 -0.440211 -0.176968
v -1.596007 -0.422911 -0.214356
v -1.635000 -0.401500 -0.195803
v -1.635000 -0.416378 -0.161652
v -1.610901 -0.422965 -0.165885
v -1.610901 -0.407418 -0.200931
v -1.659099 -0.407418 -0.200931
v -1.659099 -0.422965 -0.165885
v -1.635000 -0.416378 -0.161652
v -1.635000 -0.401500 -0.195803
v -1.673993 -0.422911 -0.214356
v -1.673993 -0.440211 -0.176968
v -1.659099 -0.422965 -0.165885
v -1.659099 -0.407418 -0.200931
v -1.673993 -0.442061 -0.230950
v -1.673993 -0.461528 -0.190668
v -1.673993 -0.440211 -0.176968
v -1.673993 -0.422911 -0.214356
v -1.659099 -0.457554 -0.244374
v -1.659099 -0.478774 -0.201751
v -1.673993 -0.461528 -0.190668
v -1.673993 -0.442061 -0.230950
v -1.635000 -0.463472 -0.249502
v -1.635000 -0.485361 -0.205984
v -1.659099 -0.478774 -0.201751
v -1.659099 -0.457554 -0.244374
v -1.610901 -0.478774 -0.201751
v -1.610901 -0.495743 -0.155020
v -1.635000 -0.502866 -0.158273
v -1.635000 -0.485361 -0.205984
v -1.596007 -0.461528 -0.190668
v -1.596007 -0.477096 -0.146504
v -1.610901 -0.495743 -0.155020
v -1.610901 -0.478774 -0.201751
v -1.596007 -0.440211 -0.176968
v -1.596007 -0.454046 -0.135978
v -1.596007 -0.477096 -0.146504
v -1.596007 -0.461528 -0.190668
v -1.610901 -0.422965 -0.165885
v -1.610901 -0.435399 -0.127462
v -1.596007 -0.454046 -0.135978
v -1.596007 -0.440211 -0.176968
v -1.635000 -0.416378 -0.161652
v -1.635000 -0.428276 -0.124209
v -1.610901 -0.435399 -0.127462
v -1.610901 -0.422965 -0.165885
v -1.659099 -0.422965 -0.165885
v -1.659099 -0.435399 -0.127462
v -1.635000 -0.428276 -0.124209
v -1.635000 -0.416378 -0.161652
v -1.673993 -0.440211 -0.176968
v -1.673993 -0.454046 -0.135978
v -1.659099 -0.435399 -0.127462
v -1.659099 -0.422965 -0.165885
v -1.673993 -0.461528 -0.190668
v -1.673993 -0.477096 -0.146504
v -1.673993 -0.454046 -0.135978
v -1.673993 -0.440211 -0.176968
v -1.659099 -0.478774 -0.201751
v -1.659099 -0.495743 -0.155020
v -1.673993 -0.477096 -0.146504
v -1.673993 -0.461528 -0.190668
v -1.635000 -0.485361 -0.205984
v -1.635000 -0.502866 -0.158273
v -1.659099 -0.495743 -0.155020
v -1.659099 -0.478774 -0.201751
v -1.610901 -0.495743 -0.155020
v -1.610901 -0.508117 -0.105134
v -1.635000 -0.515630 -0.107340
v -1.635000 -0.502866 -0.158273
v -1.596007 -0.477096 -0.146504
v -1.596007 -0.488447 -0.099359
v -1.610901 -0.508117 -0.105134
v -1.610901 -0.495743 -0.155020
v -1.596007 -0.454046 -0.135978
v -1.596007 -0.464135 -0.092220
v -1.596007 -0.488447 -0.099359
v -1.596007 -0.477096 -0.146504
v -1.610901 -0.435399 -0.127462
v -1.610901 -0.444465 -0.086444
v -1.596007 -0.464135 -0.092220
v -1.596007 -0.454046 -0.135978
v -1.635000 -0.428276 -0.124209
v -1.635000 -0.436952 -0.084238
v -1.610901 -0.444465 -0.086444
v -1.610901 -0.435399 -0.127462
v -1.659099 -0.435399 -0.127462
v -1.659099 -0.444465 -0.086444
v -1.635000 -0.436952 -0.084238
v -1.635000 -0.428276 -0.124209
v -1.673993 -0.454046 -0.135978
v -1.673993 -0.464135 -0.092220
v -1.659099 -0.444465 -0.086444
v -1.659099 -0.435399 -0.127462
v -1.673993 -0.477096 -0.146504
v -1.673993 -0.488447 -0.099359
v -1.673993 -0.464135 -0.092220
v -1.673993 -0.454046 -0.135978
v -1.659099 -0.495743 -0.155020
v -1.659099 -0.508117 -0.105134
v -1.673993 -0.488447 -0.099359
v -1.673993 -0.477096 -0.146504
v -1.635000 -0.502866 -0.158273
v -1.635000 -0.515630 -0.107340
v -1.659099 -0.508117 -0.105134
v -1.659099 -0.495743 -0.155020
v -1.610901 -0.508117 -0.105134
v -1.610901 -0.515644 -0.053108
v -1.635000 -0.523394 -0.054222
v -1.635000 -0.515630 -0.107340
v -1.596007 -0.488447 -0.099359
v -1.596007 -0.495352 -0.050190
v -1.610901 -0.515644 -0.053108
v -1.610901 -0.508117 -0.105134
v -1.596007 -0.464135 -0.092220
v -1.596007 -0.470271 -0.046584
v -1.596007 -0.495352 -0.050190
v -1.596007 -0.488447 -0.099359
v -1.610901 -0.444465 -0.086444
v -1.610901 -0.449980 -0.043667
v -1.596007 -0.470271 -0.046584
v -1.596007 -0.464135 -0.092220
v -1.635000 -0.436952 -0.084238
v -1.635000 -0.442229 -0.042552
v -1.610901 -0.449980 -0.043667
v -1.610901 -0.444465 -0.086444
v -1.659099 -0.444465 -0.086444
v -1.659099 -0.449980 -0.043667
v -1.635000 -0.442229 -0.042552
v -1.635000 -0.436952 -0.084238
v -1.673993 -0.464135 -0.092220
v -1.673993 -0.470271 -0.046584
v -1.659099 -0.449980 -0.043667
v -1.659099 -0.444465 -0.086444
v -1.673993 -0.488447 -0.099359
v -1.673993 -0.495352 -0.050190
v -1.673993 -0.470271 -0.046584
v -1.673993 -0.464135 -0.092220
v -1.659099 -0.508117 -0.105134
v -1.659099 -0.515644 -0.053108
v -1.673993 -0.495352 -0.050190
v -1.673993 -0.488447 -0.099359
v -1.635000 -0.515630 -0.107340
v -1.635000 -0.523394 -0.054222
v -1.659099 -0.515644 -0.053108
v -1.659099 -0.508117 -0.105134
v -1.610901 -0.515644 -0.053108
v -1.610901 -0.518170 -0.000000
v -1.635000 -0.526000 -0.000000
v -1.635000 -0.523394 -0.054222
v -1.596007 -0.495352 -0.050190
v -1.596007 -0.497670 -0.000000
v -1.610901 -0.518170 -0.000000
v -1.610901 -0.515644 -0.053108
v -1.596007 -0.470271 -0.046584
v -1.596007 -0.472330 -0.000000
v -1.596007 -0.497670 -0.000000
v -1.596007 -0.495352 -0.050190
v -1.610901 -0.449980 -0.043667
v -1.610901 -0.451830 -0.000000
v -1.596007 -0.472330 -0.000000
v -1.596007 -0.470271 -0.046584
v -1.635000 -0.442229 -0.042552
v -1.635000 -0.444000 -0.000000
v -1.610901 -0.451830 -0.000000
v -1.610901 -0.449980 -0.043667
v -1.659099 -0.449980 -0.043667
v -1.659099 -0.451830 -0.000000
v -1.635000 -0.444000 -0.000000
v -1.635000 -0.442229 -0.042552
v -1.673993 -0.470271 -0.046584
v -1.673993 -0.472330 -0.000000
v -1.659099 -0.451830 -0.000000
v -1.659099 -0.449980 -0.043667
v -1.673993 -0.495352 -0.050190
v -1.673993 -0.497670 -0.000000
v -1.673993 -0.472330 -0.000000
v -1.673993 -0.470271 -0.046584
v -1.659099 -0.515644 -0.053108
v -1.659099 -0.518170 -0.000000
v -1.673993 -0.497670 -0.000000
v -1.673993 -0.495352 -0.050190
v -1.635000 -0.523394 -0.054222
v -1.635000 -0.526000 -0.000000
v -1.659099 -0.518170 -0.000000
v -1.659099 -0.515644 -0.053108
v -1.610901 -0.518170 -0.000000
v -1.610901 -0.515644 0.053108
v -1.635000 -0.523394 0.054222
v -1.635000 -0.526000 -0.000000
v -1.596007 -0.497670 -0.000000
v -1.596007 -0.495352 0.050190
v -1.610901 -0.515644 0.053108
v -1.610901 -0.518170 -0.000000
v -1.596007 -0.472330 -0.000000
v -1.596007 -0.470271 0.046584
v -1.596007 -0.495352 0.050190
v -1.596007 -0.497670 -0.000000
v -1.610901 -0.451830 -0.000000
v -1.610901 -0.449980 0.043667
v -1.596007 -0.470271 0.046584
v -1.596007 -0.472330 -0.000000
v -1.635000 -0.444000 -0.000000
v -1.635000 -0.442229 0.042552
v -1.610901 -0.449980 0.043667
v -1.610901 -0.451830 -0.000000
v -1.659099 -0.451830 -0.000000
v -1.659099 -0.449980 0.043667
v -1.635000 -0.442229 0.042552
v -1.635000 -0.444000 -0.000000
v -1.673993 -0.472330 -0.000000
v -1.673993 -0.470271 0.046584
v -1.659099 -0.449980 0.043667
v -1.659099 -0.451830 -0.000000
v -1.673993 -0.497670 -0.000000
v -1.673993 -0.495352 0.050190
v -1.673993 -0.470271 0.046584
v -1.673993 -0.472330 -0.000000
v -1.659099 -0.518170 -0.000000
v -1.659099 -0.515644 0.053108
v -1.673993 -0.495352 0.050190
v -1.673993 -0.497670 -0.000000
v -1.635000 -0.526000 -0.000000
v -1.635000 -0.523394 0.054222
v -1.659099 -0.515644 0.053108
v -1.659099 -0.518170 -0.000000
v -1.610901 -0.515644 0.053108
v -1.610901 -0.508117 0.105134
v -1.635000 -0.515630 0.107340
v -1.635000 -0.523394 0.054222
v -1.596007 -0.495352 0.050190
v -1.596007 -0.488447 0.099359
v -1.610901 -0.508117 0.105134
v -1.610901 -0.515644 0.053108
v -1.596007 -0.470271 0.046584
v -1.596007 -0.464135 0.092220
v -1.596007 -0.488447 0.099359
v -1.596007 -0.495352 0.050190
v -1.610901 -0.449980 0.043667
v -1.610901 -0.444465 0.086444
v -1.596007 -0.464135 0.092220
v -1.596007 -0.470271 0.046584
v -1.635000 -0.442229 0.042552
v -1.635000 -0.436952 0.084238
v -1.610901 -0.444465 0.086444
v -1.610901 -0.449980 0.043667
v -1.659099 -0.449980 0.043667
v -1.659099 -0.444465 0.086444
v -1.635000 -0.436952 0.084238
v -1.635000 -0.442229 0.042552
v -1.673993 -0.470271 0.046584
v -1.673993 -0.464135 0.092220
v -1.659099 -0.444465 0.086444
v -1.659099 -0.449980 0.043667
v -1.673993 -0.495352 0.050190
v -1.673993 -0.488447 0.099359
v -1.673993 -0.464135 0.092220
v -1.673993 -0.470271 0.046584
v -1.659099 -0.515644 0.053108
v -1.659099 -0.508117 0.105134
v -1.673993 -0.488447 0.099359
v -1.673993 -0.495352 0.050190
v -1.635000 -0.523394 0.054222
v -1.635000 -0.515630 0.107340
v -1.659099 -0.508117 0.105134
v -1.659099 -0.515644 0.053108
v -1.610901 -0.508117 0.105134
v -1.610901 -0.495743 0.155020
v -1.635000 -0.502866 0.158273
v -1.635000 -0.515630 0.107340
v -1.596007 -0.488447 0.099359
v -1.596007 -0.477096 0.146504
v -1.610901 -0.495743 0.155020
v -1.610901 -0.508117 0.105134
v -1.596007 -0.464135 0.092220
v -1.596007 -0.454046 0.135978
v -1.596007 -0.477096 0.146504
v -1.596007 -0.488447 0.099359
v -1.610901 -0.444465 0.086444
v -1.610901 -0.435399 0.127462
v -1.596007 -0.454046 0.135978
v -1.596007 -0.464135 0.092220
v -1.635000 -0.436952 0.084238
v -1.635000 -0.428276 0.124209
v -1.610901 -0.435399 0.127462
v -1.610901 -0.444465 0.086444
v -1.659099 -0.444465 0.086444
v -1.659099 -0.435399 0.127462
v -1.635000 -0.428276 0.124209
v -1.635000 -0.436952 0.084238
v -1.673993 -0.464135 0.092220
v -1.673993 -0.454046 0.135978
v -1.659099 -0.435399 0.127462
v -1.659099 -0.444465 0.086444
v -1.673993 -0.488447 0.099359
v -1.673993 -0.477096 0.146504
v -1.673993 -0.454046 0.135978
v -1.673993 -0.464135 0.092220
v -1.659099 -0.508117 0.105134
v -1.659099 -0.495743 0.155020
v -1.673993 -0.477096 0.146504
v -1.673993 -0.488447 0.099359
v -1.635000 -0.515630 0.107340
v -1.635000 -0.502866 0.158273
v -1.659099 -0.495743 0.155020
v -1.659099 -0.508117 0.105134
v -1.610901 -0.495743 0.155020
v -1.610901 -0.478774 0.201751
v -1.635000 -0.485361 0.205984
v -1.635000 -0.502866 0.158273
v -1.596007 -0.477096 0.146504
v -1.596007 -0.461528 0.190668
v -1.610901 -0.478774 0.201751
v -1.610901 -0.495743 0.155020
v -1.596007 -0.454046 0.135978
v -1.596007 -0.440211 0.176968
v -1.596007 -0.461528 0.190668
v -1.596007 -0.477096 0.146504
v -1.610901 -0.435399 0.127462
v -1.610901 -0.422965 0.165885
v -1.596007 -0.440211 0.176968
v -1.596007 -0.454046 0.135978
v -1.635000 -0.428276 0.124209
v -1.635000 -0.416378 0.161652
v -1.610901 -0.422965 0.165885
v -1.610901 -0.435399 0.127462
v -1.659099 -0.435399 0.127462
v -1.659099 -0.422965 0.165885
v -1.635000 -0.416378 0.161652
v -1.635000 -0.428276 0.124209
v -1.673993 -0.454046 0.135978
v -1.673993 -0.440211 0.176968
v -1.659099 -0.422965 0.165885
v -1.659099 -0.435399 0.127462
v -1.673993 -0.477096 0.146504
v -1.673993 -0.461528 0.190668
v -1.673993 -0.440211 0.176968
v -1.673993 -0.454046 0.135978
v -1.659099 -0.495743 0.155020
v -1.659099 -0.478774 0.201751
v -1.673993 -0.461528 0.190668
v -1.673993 -0.477096 0.146504
v -1.635000 -0.502866 0.158273
v -1.635000 -0.485361 0.205984
v -1.659099 -0.478774 0.201751
v -1.659099 -0.495743 0.155020
v -1.610901 -0.478774 0.201751
v -1.610901 -0.457554 0.244374
v -1.635000 -0.463472 0.249502
v -1.635000 -0.485361 0.205984
v -1.596007 -0.461528 0.190668
v -1.596007 -0.442061 0.230950
v -1.610901 -0.457554 0.244374
v -1.610901 -0.478774 0.201751
v -1.596007 -0.440211 0.176968
v -1.596007 -0.422911 0.214356
v -1.596007 -0.442061 0.230950
v -1.596007 -0.461528 0.190668
v -1.610901 -0.422965 0.165885
v -1.610901 -0.407418 0.200931
v -1.596007 -0.422911 0.214356
v -1.596007 -0.440211 0.176968
v -1.635000 -0.416378 0.161652
v -1.635000 -0.401500 0.195803
v -1.610901 -0.407418 0.200931
v -1.610901 -0.422965 0.165885
v -1.659099 -0.422965 0.165885
v -1.659099 -0.407418 0.200931
v -1.635000 -0.401500 0.195803
v -1.635000 -0.416378 0.161652
v -1.673993 -0.440211 0.176968
v -1.673993 -0.422911 0.214356
v -1.659099 -0.407418 0.200931
v -1.659099 -0.422965 0.165885
v -1.673993 -0.461528 0.190668
v -1.673993 -0.442061 0.230950
v -1.673993 -0.422911 0.214356
v -1.673993 -0.440211 0.176968
v -1.659099 -0.478774 0.201751
v -1.659099 -0.457554 0.244374
v -1.673993 -0.442061 0.230950
v -1.673993 -0.461528 0.190668
v -1.635000 -0.485361 0.205984
v -1.635000 -0.463472 0.249502
v -1.659099 -0.457554 0.244374
v -1.659099 -0.478774 0.201751
v -1.610901 -0.457554 0.244374
v -1.610901 -0.432517 0.282023
v -1.635000 -0.437644 0.287941
v -1.635000 -0.463472 0.249502
v -1.596007 -0.442061 0.230950
v -1.596007 -0.419092 0.266530
v -1.610901 -0.432517 0.282023
v -1.610901 -0.457554 0.244374
v -1.596007 -0.422911 0.214356
v -1.596007 -0.402498 0.247380
v -1.596007 -0.419092 0.266530
v -1.596007 -0.442061 0.230950
v -1.610901 -0.407418 0.200931
v -1.610901 -0.389074 0.231887
v -1.596007 -0.402498 0.247380
v -1.596007 -0.422911 0.214356
v -1.635000 -0.401500 0.195803
v -1.635000 -0.383946 0.225969
v -1.610901 -0.389074 0.231887
v -1.610901 -0.407418 0.200931
v -1.659099 -0.407418 0.200931
v -1.659099 -0.389074 0.231887
v -1.635000 -0.383946 0.225969
v -1.635000 -0.401500 0.195803
v -1.673993 -0.422911 0.214356
v -1.673993 -0.402498 0.247380
v -1.659099 -0.389074 0.231887
v -1.659099 -0.407418 0.200931
v -1.673993 -0.442061 0.230950
v -1.673993 -0.419092 0.266530
v -1.673993 -0.402498 0.247380
v -1.673993 -0.422911 0.214356
v -1.659099 -0.457554 0.244374
v -1.659099 -0.432517 0.282023
v -1.673993 -0.419092 0.266530
v -1.673993 -0.442061 0.230950
v -1.635000 -0.463472 0.249502
v -1.635000 -0.437644 0.287941
v -1.659099 -0.432517 0.282023
v -1.659099 -0.457554 0.244374
v -1.610901 -0.432517 0.282023
v -1.610901 -0.404171 0.313930
v -1.635000 -0.408404 0.320518
v -1.635000 -0.437644 0.287941
v -1.596007 -0.419092 0.266530
v -1.596007 -0.393088 0.296685
v -1.610901 -0.404171 0.313930
v -1.610901 -0.432517 0.282023
v -1.596007 -0.402498 0.247380
v -1.596007 -0.379388 0.275368
v -1.596007 -0.393088 0.296685
v -1.596007 -0.419092 0.266530
v -1.610901 -0.389074 0.231887
v -1.610901 -0.368305 0.258122
v -1.596007 -0.379388 0.275368
v -1.596007 -0.402498 0.247380
v -1.635000 -0.383946 0.225969
v -1.635000 -0.364072 0.251535
v -1.610901 -0.368305 0.258122
v -1.610901 -0.389074 0.231887
v -1.659099 -0.389074 0.231887
v -1.659099 -0.368305 0.258122
v -1.635000 -0.364072 0.251535
v -1.635000 -0.383946 0.225969
v -1.673993 -0.402498 0.247380
v -1.673993 -0.379388 0.275368
v -1.659099 -0.368305 0.258122
v -1.659099 -0.389074 0.231887
v -1.673993 -0.419092 0.266530
v -1.673993 -0.393088 0.296685
v -1.673993 -0.379388 0.275368
v -1.673993 -0.402498 0.247380
v -1.659099 -0.432517 0.282023
v -1.659099 -0.404171 0.313930
v -1.673993 -0.393088 0.296685
v -1.673993 -0.419092 0.266530
v -1.635000 -0.437644 0.287941
v -1.635000 -0.408404 0.320518
v -1.659099 -0.404171 0.313930
v -1.659099 -0.432517 0.282023
v -1.610901 -0.404171 0.313930
v -1.610901 -0.373093 0.339447
v -1.635000 -0.376346 0.346570
v -1.635000 -0.408404 0.320518
v -1.596007 -0.393088 0.296685
v -1.596007 -0.364577 0.320800
v -1.610901 -0.373093 0.339447
v -1.610901 -0.404171 0.313930
v -1.596007 -0.379388 0.275368
v -1.596007 -0.354051 0.297750
v -1.596007 -0.364577 0.320800
v -1.596007 -0.393088 0.296685
v -1.610901 -0.368305 0.258122
v -1.610901 -0.345535 0.279103
v -1.596007 -0.354051 0.297750
v -1.596007 -0.379388 0.275368
v -1.635000 -0.364072 0.251535
v -1.635000 -0.342282 0.271980
v -1.610901 -0.345535 0.279103
v -1.610901 -0.368305 0.258122
v -1.659099 -0.368305 0.258122
v -1.659099 -0.345535 0.279103
v -1.635000 -0.342282 0.271980
v -1.635000 -0.364072 0.251535
v -1.673993 -0.379388 0.275368
v -1.673993 -0.354051 0.297750
v -1.659099 -0.345535 0.279103
v -1.659099 -0.368305 0.258122
v -1.673993 -0.393088 0.296685
v -1.673993 -0.364577 0.320800
v -1.673993 -0.354051 0.297750
v -1.673993 -0.379388 0.275368
v -1.659099 -0.404171 0.313930
v -1.659099 -0.373093 0.339447
v -1.673993 -0.364577 0.320800
v -1.673993 -0.393088 0.296685
v -1.635000 -0.408404 0.320518
v -1.635000 -0.376346 0.346570
v -1.659099 -0.373093 0.339447
v -1.659099 -0.404171 0.313930
v -1.610901 -0.373093 0.339447
v -1.610901 -0.339917 0.358054
v -1.635000 -0.342124 0.365567
v -1.635000 -0.376346 0.346570
v -1.596007 -0.364577 0.320800
v -1.596007 -0.334142 0.338384
v -1.610901 -0.339917 0.358054
v -1.610901 -0.373093 0.339447
v -1.596007 -0.354051 0.297750
v -1.596007 -0.327003 0.314071
v -1.596007 -0.334142 0.338384
v -1.596007 -0.364577 0.320800
v -1.610901 -0.345535 0.279103
v -1.610901 -0.321228 0.294402
v -1.596007 -0.327003 0.314071
v -1.596007 -0.354051 0.297750
v -1.635000 -0.342282 0.271980
v -1.635000 -0.319021 0.286888
v -1.610901 -0.321228 0.294402
v -1.610901 -0.345535 0.279103
v -1.659099 -0.345535 0.279103
v -1.659099 -0.321228 0.294402
v -1.635000 -0.319021 0.286888
v -1.635000 -0.342282 0.271980
v -1.673993 -0.354051 0.297750
v -1.673993 -0.327003 0.314071
v -1.659099 -0.321228 0.294402
v -1.659099 -0.345535 0.279103
v -1.673993 -0.364577 0.320800
v -1.673993 -0.334142 0.338384
v -1.673993 -0.327003 0.314071
v -1.673993 -0.354051 0.297750
v -1.659099 -0.373093 0.339447
v -1.659099 -0.339917 0.358054
v -1.673993 -0.334142 0.338384
v -1.673993 -0.364577 0.320800
v -1.635000 -0.376346 0.346570
v -1.635000 -0.342124 0.365567
v -1.659099 -0.339917 0.358054
v -1.659099 -0.373093 0.339447
v -1.610901 -0.339917 0.358054
v -1.610901 -0.305318 0.369371
v -1.635000 -0.306433 0.377122
v -1.635000 -0.342124 0.365567
v -1.596007 -0.334142 0.338384
v -1.596007 -0.302401 0.349080
v -1.610901 -0.305318 0.369371
v -1.610901 -0.339917 0.358054
v -1.596007 -0.327003 0.314071
v -1.596007 -0.298795 0.323999
v -1.596007 -0.302401 0.349080
v -1.596007 -0.334142 0.338384
v -1.610901 -0.321228 0.294402
v -1.610901 -0.295877 0.303707
v -1.596007 -0.298795 0.323999
v -1.596007 -0.327003 0.314071
v -1.635000 -0.319021 0.286888
v -1.635000 -0.294763 0.295957
v -1.610901 -0.295877 0.303707
v -1.610901 -0.321228 0.294402
v -1.659099 -0.321228 0.294402
v -1.659099 -0.295877 0.303707
v -1.635000 -0.294763 0.295957
v -1.635000 -0.319021 0.286888
v -1.673993 -0.327003 0.314071
v -1.673993 -0.298795 0.323999
v -1.659099 -0.295877 0.303707
v -1.659099 -0.321228 0.294402
v -1.673993 -0.334142 0.338384
v -1.673993 -0.302401 0.349080
v -1.673993 -0.298795 0.323999
v -1.673993 -0.327003 0.314071
v -1.659099 -0.339917 0.358054
v -1.659099 -0.305318 0.369371
v -1.673993 -0.302401 0.349080
v -1.673993 -0.334142 0.338384
v -1.635000 -0.342124 0.365567
v -1.635000 -0.306433 0.377122
v -1.659099 -0.305318 0.369371
v -1.659099 -0.339917 0.358054
v -1.610901 -0.305318 0.369371
v -1.610901 -0.270000 0.373170
v -1.635000 -0.270000 0.381000
v -1.635000 -0.306433 0.377122
v -1.596007 -0.302401 0.349080
v -1.596007 -0.270000 0.352670
v -1.610901 -0.270000 0.373170
v -1.610901 -0.305318 0.369371
v -1.596007 -0.298795 0.323999
v -1.596007 -0.270000 0.327330
v -1.596007 -0.270000 0.352670
v -1.596007 -0.302401 0.349080
v -1.610901 -0.295877 0.303707
v -1.610901 -0.270000 0.306830
v -1.596007 -0.270000 0.327330
v -1.596007 -0.298795 0.323999
v -1.635000 -0.294763 0.295957
v -1.635000 -0.270000 0.299000
v -1.610901 -0.270000 0.306830
v -1.610901 -0.295877 0.303707
v -1.659099 -0.295877 0.303707
v -1.659099 -0.270000 0.306830
v -1.635000 -0.270000 0.299000
v -1.635000 -0.294763 0.295957
v -1.673993 -0.298795 0.323999
v -1.673993 -0.270000 0.327330
v -1.659099 -0.270000 0.306830
v -1.659099 -0.295877 0.303707
v -1.673993 -0.302401 0.349080
v -1.673993 -0.270000 0.352670
v -1.673993 -0.270000 0.327330
v -1.673993 -0.298795 0.323999
v -1.659099 -0.305318 0.369371
v -1.659099 -0.270000 0.373170
v -1.673993 -0.270000 0.352670
v -1.673993 -0.302401 0.349080
v -1.635000 -0.306433 0.377122
v -1.635000 -0.270000 0.381000
v -1.659099 -0.270000 0.373170
v -1.659099 -0.305318 0.369371
v -1.658000 -0.205000 -0.425000
v -1.617000 -0.205000 -0.425000
v -1.617000 -0.335000 -0.425000
v -1.658000 -0.335000 -0.425000
v -1.617000 -0.205000 -0.255000
v -1.658000 -0.205000 -0.255000
v -1.658000 -0.335000 -0.255000
v -1.617000 -0.335000 -0.255000
v -1.658000 -0.205000 -0.255000
v -1.658000 -0.205000 -0.425000
v -1.658000 -0.335000 -0.425000
v -1.658000 -0.335000 -0.255000
v -1.617000 -0.205000 -0.425000
v -1.617000 -0.205000 -0.255000
v -1.617000 -0.335000 -0.255000
v -1.617000 -0.335000 -0.425000
v -1.658000 -0.205000 -0.255000
v -1.617000 -0.205000 -0.255000
v -1.617000 -0.205000 -0.425000
v -1.658000 -0.205000 -0.425000
v -1.658000 -0.335000 -0.425000
v -1.617000 -0.335000 -0.425000
v -1.617000 -0.335000 -0.255000
v -1.658000 -0.335000 -0.255000
v -1.658000 -0.205000 0.255000
v -1.617000 -0.205000 0.255000
v -1.617000 -0.335000 0.255000
v -1.658000 -0.335000 0.255000
v -1.617000 -0.205000 0.425000
v -1.658000 -0.205000 0.425000
v -1.658000 -0.335000 0.425000
v -1.617000 -0.335000 0.425000
v -1.658000 -0.205000 0.425000
v -1.658000 -0.205000 0.255000
v -1.658000 -0.335000 0.255000
v -1.658000 -0.335000 0.425000
v -1.617000 -0.205000 0.255000
v -1.617000 -0.205000 0.425000
v -1.617000 -0.335000 0.425000
v -1.617000 -0.335000 0.255000
v -1.658000 -0.205000 0.425000
v -1.617000 -0.205000 0.425000
v -1.617000 -0.205000 0.255000
v -1.658000 -0.205000 0.255000
v -1.658000 -0.335000 0.255000
v -1.617000 -0.335000 0.255000
v -1.617000 -0.335000 0.425000
v -1.658000 -0.335000 0.425000
v 1.659099 -0.270000 0.373170
v 1.659099 -0.234682 0.369371
v 1.635000 -0.233567 0.377122
v 1.635000 -0.270000 0.381000
v 1.673993 -0.270000 0.352670
v 1.673993 -0.237599 0.349080
v 1.659099 -0.234682 0.369371
v 1.659099 -0.270000 0.373170
v 1.673993 -0.270000 0.327330
v 1.673993 -0.241205 0.323999
v 1.673993 -0.237599 0.349080
v 1.673993 -0.270000 0.352670
v 1.659099 -0.270000 0.306830
v 1.659099 -0.244123 0.303707
v 1.673993 -0.241205 0.323999
v 1.673993 -0.270000 0.327330
v 1.635000 -0.270000 0.299000
v 1.635000 -0.245237 0.295957
v 1.659099 -0.244123 0.303707
v 1.659099 -0.270000 0.306830
v 1.610901 -0.270000 0.306830
v 1.610901 -0.244123 0.303707
v 1.635000 -0.245237 0.295957
v 1.635000 -0.270000 0.299000
v 1.596007 -0.270000 0.327330
v 1.596007 -0.241205 0.323999
v 1.610901 -0.244123 0.303707
v 1.610901 -0.270000 0.306830
v 1.596007 -0.270000 0.352670
v 1.596007 -0.237599 0.349080
v 1.596007 -0.241205 0.323999
v 1.596007 -0.270000 0.327330
v 1.610901 -0.270000 0.373170
v 1.610901 -0.234682 0.369371
v 1.596007 -0.237599 0.349080
v 1.596007 -0.270000 0.352670
v 1.635000 -0.270000 0.381000
v 1.635000 -0.233567 0.377122
v 1.610901 -0.234682 0.369371
v 1.610901 -0.270000 0.373170
v 1.659099 -0.234682 0.369371
v 1.659099 -0.200083 0.358054
v 1.635000 -0.197876 0.365567
v 1.635000 -0.233567 0.377122
v 1.673993 -0.237599 0.349080
v 1.673993 -0.205858 0.338384
v 1.659099 -0.200083 0.358054
v 1.659099 -0.234682 0.369371
v 1.673993 -0.241205 0.323999
v 1.673993 -0.212997 0.314071
v 1.673993 -0.205858 0.338384
v 1.673993 -0.237599 0.349080
v 1.659099 -0.244123 0.303707
v 1.659099 -0.218772 0.294402
v 1.673993 -0.212997 0.314071
v 1.673993 -0.241205 0.323999
v 1.635000 -0.245237 0.295957
v 1.635000 -0.220979 0.286888
v 1.659099 -0.218772 0.294402
v 1.659099 -0.244123 0.303707
v 1.610901 -0.244123 0.303707
v 1.610901 -0.218772 0.294402
v 1.635000 -0.220979 0.286888
v 1.635000 -0.245237 0.295957
v 1.596007 -0.241205 0.323999
v 1.596007 -0.212997 0.314071
v 1.610901 -0.218772 0.294402
v 1.610901 -0.244123 0.303707
v 1.596007 -0.237599 0.349080
v 1.596007 -0.205858 0.338384
v 1.596007 -0.212997 0.314071
v 1.596007 -0.241205 0.323999
v 1.610901 -0.234682 0.369371
v 1.610901 -0.200083 0.358054
v 1.596007 -0.205858 0.338384
v 1.596007 -0.237599 0.349080
v 1.635000 -0.233567 0.377122
v 1.635000 -0.197876 0.365567
v 1.610901 -0.200083 0.358054
v 1.610901 -0.234682 0.369371
v 1.659099 -0.200083 0.358054
v 1.659099 -0.166907 0.339447
v 1.635000 -0.163654 0.346570
v 1.635000 -0.197876 0.365567
v 1.673993 -0.205858 0.338384
v 1.673993 -0.175423 0.320800
v 1.659099 -0.166907 0.339447
v 1.659099 -0.200083 0.358054
v 1.673993 -0.212997 0.314071
v 1.673993 -0.185949 0.297750
v 1.673993 -0.175423 0.320800
v 1.673993 -0.205858 0.338384
v 1.659099 -0.218772 0.294402
v 1.659099 -0.194465 0.279103
v 1.673993 -0.185949 0.297750
v 1.673993 -0.212997 0.314071
v 1.635000 -0.220979 0.286888
v 1.635000 -0.197718 0.271980
v 1.659099 -0.194465 0.279103
v 1.659099 -0.218772 0.294402
v 1.610901 -0.218772 0.294402
v 1.610901 -0.194465 0.279103
v 1.635000 -0.197718 0.271980
v 1.635000 -0.220979 0.286888
v 1.596007 -0.212997 0.314071
v 1.596007 -0.185949 0.297750
v 1.610901 -0.194465 0.279103
v 1.610901 -0.218772 0.294402
v 1.596007 -0.205858 0.338384
v 1.596007 -0.175423 0.320800
v 1.596007 -0.185949 0.297750
v 1.596007 -0.212997 0.314071
v 1.610901 -0.200083 0.358054
v 1.610901 -0.166907 0.339447
v 1.596007 -0.175423 0.320800
v 1.596007 -0.205858 0.338384
v 1.635000 -0.197876 0.365567
v 1.635000 -0.163654 0.346570
v 1.610901 -0.166907 0.339447
v 1.610901 -0.200083 0.358054
v 1.659099 -0.166907 0.339447
v 1.659099 -0.135829 0.313930
v 1.635000 -0.131596 0.320518
v 1.635000 -0.163654 0.346570
v 1.673993 -0.175423 0.320800
v 1.673993 -0.146912 0.296685
v 1.659099 -0.135829 0.313930
v 1.659099 -0.166907 0.339447
v 1.673993 -0.185949 0.297750
v 1.673993 -0.160612 0.275368
v 1.673993 -0.146912 0.296685
v 1.673993 -0.175423 0.320800
v 1.659099 -0.194465 0.279103
v 1.659099 -0.171695 0.258122
v 1.673993 -0.160612 0.275368
v 1.673993 -0.185949 0.297750
v 1.635000 -0.197718 0.271980
v 1.635000 -0.175928 0.251535
v 1.659099 -0.171695 0.258122
v 1.659099 -0.194465 0.279103
v 1.610901 -0.194465 0.279103
v 1.610901 -0.171695 0.258122
v 1.635000 -0.175928 0.251535
v 1.635000 -0.197718 0.271980
v 1.596007 -0.185949 0.297750
v 1.596007 -0.160612 0.275368
v 1.610901 -0.171695 0.258122
v 1.610901 -0.194465 0.279103
v 1.596007 -0.175423 0.320800
v 1.596007 -0.146912 0.296685
v 1.596007 -0.160612 0.275368
v 1.596007 -0.185949 0.297750
v 1.610901 -0.166907 0.339447
v 1.610901 -0.135829 0.313930
v 1.596007 -0.146912 0.296685
v 1.596007 -0.175423 0.320800
v 1.635000 -0.163654 0.346570
v 1.635000 -0.131596 0.320518
v 1.610901 -0.135829 0.313930
v 1.610901 -0.166907 0.339447
v 1.659099 -0.135829 0.313930
v 1.659099 -0.107483 0.282023
v 1.635000 -0.102356 0.287941
v 1.635000 -0.131596 0.320518
v 1.673993 -0.146912 0.296685
v 1.673993 -0.120908 0.266530
v 1.659099 -0.107483 0.282023
v 1.659099 -0.135829 0.313930
v 1.673993 -0.160612 0.275368
v 1.673993 -0.137502 0.247380
v 1.673993 -0.120908 0.266530
v 1.673993 -0.146912 0.296685
v 1.659099 -0.171695 0.258122
v 1.659099 -0.150926 0.231887
v 1.673993 -0.137502 0.247380
v 1.673993 -0.160612 0.275368
v 1.635000 -0.175928 0.251535
v 1.635000 -0.156054 0.225969
v 1.659099 -0.150926 0.231887
v 1.659099 -0.171695 0.258122
v 1.610901 -0.171695 0.258122
v 1.610901 -0.150926 0.231887
v 1.635000 -0.156054 0.225969
v 1.635000 -0.175928 0.251535
v 1.596007 -0.160612 0.275368
v 1.596007 -0.137502 0.247380
v 1.610901 -0.150926 0.231887
v 1.610901 -0.171695 0.258122
v 1.596007 -0.146912 0.296685
v 1.596007 -0.120908 0.266530
v 1.596007 -0.137502 0.247380
v 1.596007 -0.160612 0.275368
v 1.610901 -0.135829 0.313930
v 1.610901 -0.107483 0.282023
v 1.596007 -0.120908 0.266530
v 1.596007 -0.146912 0.296685
v 1.635000 -0.131596 0.320518
v 1.635000 -0.102356 0.287941
v 1.610901 -0.107483 0.282023
v 1.610901 -0.135829 0.313930
v 1.659099 -0.107483 0.282023
v 1.659099 -0.082446 0.244374
v 1.635000 -0.076528 0.249502
v 1.635000 -0.102356 0.287941
v 1.673993 -0.120908 0.266530
v 1.673993 -0.097939 0.230950
v 1.659099 -0.082446 0.244374
v 1.659099 -0.107483 0.282023
v 1.673993 -0.137502 0.247380
v 1.673993 -0.117089 0.214356
v 1.673993 -0.097939 0.230950
v 1.673993 -0.120908 0.266530
v 1.659099 -0.150926 0.231887
v 1.659099 -0.132582 0.200931
v 1.673993 -0.117089 0.214356
v 1.673993 -0.137502 0.247380
v 1.635000 -0.156054 0.225969
v 1.635000 -0.138500 0.195803
v 1.659099 -0.132582 0.200931
v 1.659099 -0.150926 0.231887
v 1.610901 -0.150926 0.231887
v 1.610901 -0.132582 0.200931
v 1.635000 -0.138500 0.195803
v 1.635000 -0.156054 0.225969
v 1.596007 -0.137502 0.247380
v 1.596007 -0.117089 0.214356
v 1.610901 -0.132582 0.200931
v 1.610901 -0.150926 0.231887
v 1.596007 -0.120908 0.266530
v 1.596007 -0.097939 0.230950
v 1.596007 -0.117089 0.214356
v 1.596007 -0.137502 0.247380
v 1.610901 -0.107483 0.282023
v 1.610901 -0.082446 0.244374
v 1.596007 -0.097939 0.230950
v 1.596007 -0.120908 0.266530
v 1.635000 -0.102356 0.287941
v 1.635000 -0.076528 0.249502
v 1.610901 -0.082446 0.244374
v 1.610901 -0.107483 0.282023
v 1.659099 -0.082446 0.244374
v 1.659099 -0.061226 0.201751
v 1.635000 -0.054639 0.205984
v 1.635000 -0.076528 0.249502
v 1.673993 -0.097939 0.230950
v 1.673993 -0.078472 0.190668
v 1.659099 -0.061226 0.201751
v 1.659099 -0.082446 0.244374
v 1.673993 -0.117089 0.214356
v 1.673993 -0.099789 0.176968
v 1.673993 -0.078472 0.190668
v 1.673993 -0.097939 0.230950
v 1.659099 -0.132582 0.200931
v 1.659099 -0.117035 0.165885
v 1.673993 -0.099789 0.176968
v 1.673993 -0.117089 0.214356
v 1.635000 -0.138500 0.195803
v 1.635000 -0.123622 0.161652
v 1.659099 -0.117035 0.165885
v 1.659099 -0.132582 0.200931
v 1.610901 -0.132582 0.200931
v 1.610901 -0.117035 0.165885
v 1.635000 -0.123622 0.161652
v 1.635000 -0.138500 0.195803
v 1.596007 -0.117089 0.214356
v 1.596007 -0.099789 0.176968
v 1.610901 -0.117035 0.165885
v 1.610901 -0.132582 0.200931
v 1.596007 -0.097939 0.230950
v 1.596007 -0.078472 0.190668
v 1.596007 -0.099789 0.176968
v 1.596007 -0.117089 0.214356
v 1.610901 -0.082446 0.244374
v 1.610901 -0.061226 0.201751
v 1.596007 -0.078472 0.190668
v 1.596007 -0.097939 0.230950
v 1.635000 -0.076528 0.249502
v 1.635000 -0.054639 0.205984
v 1.610901 -0.061226 0.201751
v 1.610901 -0.082446 0.244374
v 1.659099 -0.061226 0.201751
v 1.659099 -0.044257 0.155020
v 1.635000 -0.037134 0.158273
v 1.635000 -0.054639 0.205984
v 1.673993 -0.078472 0.190668
v 1.673993 -0.062904 0.146504
v 1.659099 -0.044257 0.155020
v 1.659099 -0.061226 0.201751
v 1.673993 -0.099789 0.176968
v 1.673993 -0.085954 0.135978
v 1.673993 -0.062904 0.146504
v 1.673993 -0.078472 0.190668
v 1.659099 -0.117035 0.165885
v 1.659099 -0.104601 0.127462
v 1.673993 -0.085954 0.135978
v 1.673993 -0.099789 0.176968
v 1.635000 -0.123622 0.161652
v 1.635000 -0.111724 0.124209
v 1.659099 -0.104601 0.127462
v 1.659099 -0.117035 0.165885
v 1.610901 -0.117035 0.165885
v 1.610901 -0.104601 0.127462
v 1.635000 -0.111724 0.124209
v 1.635000 -0.123622 0.161652
v 1.596007 -0.099789 0.176968
v 1.596007 -0.085954 0.135978
v 1.610901 -0.104601 0.127462
v 1.610901 -0.117035 0.165885
v 1.596007 -0.078472 0.190668
v 1.596007 -0.062904 0.146504
v 1.596007 -0.085954 0.135978
v 1.596007 -0.099789 0.176968
v 1.610901 -0.061226 0.201751
v 1.610901 -0.044257 0.155020
v 1.596007 -0.062904 0.146504
v 1.596007 -0.078472 0.190668
v 1.635000 -0.054639 0.205984
v 1.635000 -0.037134 0.158273
v 1.610901 -0.044257 0.155020
v 1.610901 -0.061226 0.201751
v 1.659099 -0.044257 0.155020
v 1.659099 -0.031883 0.105134
v 1.635000 -0.024370 0.107340
v 1.635000 -0.037134 0.158273
v 1.673993 -0.062904 0.146504
v 1.673993 -0.051553 0.099359
v 1.659099 -0.031883 0.105134
v 1.659099 -0.044257 0.155020
v 1.673993 -0.085954 0.135978
v 1.673993 -0.075865 0.092220
v 1.673993 -0.051553 0.099359
v 1.673993 -0.062904 0.146504
v 1.659099 -0.104601 0.127462
v 1.659099 -0.095535 0.086444
v 1.673993 -0.075865 0.092220
v 1.673993 -0.085954 0.135978
v 1.635000 -0.111724 0.124209
v 1.635000 -0.103048 0.084238
v 1.659099 -0.095535 0.086444
v 1.659099 -0.104601 0.127462
v 1.610901 -0.104601 0.127462
v 1.610901 -0.095535 0.086444
v 1.635000 -0.103048 0.084238
v 1.635000 -0.111724 0.124209
v 1.596007 -0.085954 0.135978
v 1.596007 -0.075865 0.092220
v 1.610901 -0.095535 0.086444
v 1.610901 -0.104601 0.127462
v 1.596007 -0.062904 0.146504
v 1.596007 -0.051553 0.099359
v 1.596007 -0.075865 0.092220
v 1.596007 -0.085954 0.135978
v 1.610901 -0.044257 0.155020
v 1.610901 -0.031883 0.105134
v 1.596007 -0.051553 0.099359
v 1.596007 -0.062904 0.146504
v 1.635000 -0.037134 0.158273
v 1.635000 -0.024370 0.107340
v 1.610901 -0.031883 0.105134
v 1.610901 -0.044257 0.155020
v 1.659099 -0.031883 0.105134
v 1.659099 -0.024356 0.053108
v 1.635000 -0.016606 0.054222
v 1.635000 -0.024370 0.107340
v 1.673993 -0.051553 0.099359
v 1.673993 -0.044648 0.050190
v 1.659099 -0.024356 0.053108
v 1.659099 -0.031883 0.105134
v 1.673993 -0.075865 0.092220
v 1.673993 -0.069729 0.046584
v 1.673993 -0.044648 0.050190
v 1.673993 -0.051553 0.099359
v 1.659099 -0.095535 0.086444
v 1.659099 -0.090020 0.043667
v 1.673993 -0.069729 0.046584
v 1.673993 -0.075865 0.092220
v 1.635000 -0.103048 0.084238
v 1.635000 -0.097771 0.042552
v 1.659099 -0.090020 0.043667
v 1.659099 -0.095535 0.086444
v 1.610901 -0.095535 0.086444
v 1.610901 -0.090020 0.043667
v 1.635000 -0.097771 0.042552
v 1.635000 -0.103048 0.084238
v 1.596007 -0.075865 0.092220
v 1.596007 -0.069729 0.046584
v 1.610901 -0.090020 0.043667
v 1.610901 -0.095535 0.086444
v 1.596007 -0.051553 0.099359
v 1.596007 -0.044648 0.050190
v 1.596007 -0.069729 0.046584
v 1.596007 -0.075865 0.092220
v 1.610901 -0.031883 0.105134
v 1.610901 -0.024356 0.053108
v 1.596007 -0.044648 0.050190
v 1.596007 -0.051553 0.099359
v 1.635000 -0.024370 0.107340
v 1.635000 -0.016606 0.054222
v 1.610901 -0.024356 0.053108
v 1.610901 -0.031883 0.105134
v 1.659099 -0.024356 0.053108
v 1.659099 -0.021830 0.000000
v 1.635000 -0.014000 0.000000
v 1.635000 -0.016606 0.054222
v 1.673993 -0.044648 0.050190
v 1.673993 -0.042330 0.000000
v 1.659099 -0.021830 0.000000
v 1.659099 -0.024356 0.053108
v 1.673993 -0.069729 0.046584
v 1.673993 -0.067670 0.000000
v 1.673993 -0.042330 0.000000
v 1.673993 -0.044648 0.050190
v 1.659099 -0.090020 0.043667
v 1.659099 -0.088170 0.000000
v 1.673993 -0.067670 0.000000
v 1.673993 -0.069729 0.046584
v 1.635000 -0.097771 0.042552
v 1.635000 -0.096000 0.000000
v 1.659099 -0.088170 0.000000
v 1.659099 -0.090020 0.043667
v 1.610901 -0.090020 0.043667
v 1.610901 -0.088170 0.000000
v 1.635000 -0.096000 0.000000
v 1.635000 -0.097771 0.042552
v 1.596007 -0.069729 0.046584
v 1.596007 -0.067670 0.000000
v 1.610901 -0.088170 0.000000
v 1.610901 -0.090020 0.043667
v 1.596007 -0.044648 0.050190
v 1.596007 -0.042330 0.000000
v 1.596007 -0.067670 0.000000
v 1.596007 -0.069729 0.046584
v 1.610901 -0.024356 0.053108
v 1.610901 -0.021830 0.000000
v 1.596007 -0.042330 0.000000
v 1.596007 -0.044648 0.050190
v 1.635000 -0.016606 0.054222
v 1.635000 -0.014000 0.000000
v 1.610901 -0.021830 0.000000
v 1.610901 -0.024356 0.053108
v 1.659099 -0.021830 0.000000
v 1.659099 -0.024356 -0.053108
v 1.635000 -0.016606 -0.054222
v 1.635000 -0.014000 0.000000
v 1.673993 -0.042330 0.000000
v 1.673993 -0.044648 -0.050190
v 1.659099 -0.024356 -0.053108
v 1.659099 -0.021830 0.000000
v 1.673993 -0.067670 0.000000
v 1.673993 -0.069729 -0.046584
v 1.673993 -0.044648 -0.050190
v 1.673993 -0.042330 0.000000
v 1.659099 -0.088170 0.000000
v 1.659099 -0.090020 -0.043667
v 1.673993 -0.069729 -0.046584
v 1.673993 -0.067670 0.000000
v 1.635000 -0.096000 0.000000
v 1.635000 -0.097771 -0.042552
v 1.659099 -0.090020 -0.043667
v 1.659099 -0.088170 0.000000
v 1.610901 -0.088170 0.000000
v 1.610901 -0.090020 -0.043667
v 1.635000 -0.097771 -0.042552
v 1.635000 -0.096000 0.000000
v 1.596007 -0.067670 0.000000
v 1.596007 -0.069729 -0.046584
v 1.610901 -0.090020 -0.043667
v 1.610901 -0.088170 0.000000
v 1.596007 -0.042330 0.000000
v 1.596007 -0.044648 -0.050190
v 1.596007 -0.069729 -0.046584
v 1.596007 -0.067670 0.000000
v 1.610901 -0.021830 0.000000
v 1.610901 -0.024356 -0.053108
v 1.596007 -0.044648 -0.050190
v 1.596007 -0.042330 0.000000
v 1.635000 -0.014000 0.000000
v 1.635000 -0.016606 -0.054222
v 1.610901 -0.024356 -0.053108
v 1.610901 -0.021830 0.000000
v 1.659099 -0.024356 -0.053108
v 1.659099 -0.031883 -0.105134
v 1.635000 -0.024370 -0.107340
v 1.635000 -0.016606 -0.054222
v 1.673993 -0.044648 -0.050190
v 1.673993 -0.051553 -0.099359
v 1.659099 -0.031883 -0.105134
v 1.659099 -0.024356 -0.053108
v 1.673993 -0.069729 -0.046584
v 1.673993 -0.075865 -0.092220
v 1.673993 -0.051553 -0.099359
v 1.673993 -0.044648 -0.050190
v 1.659099 -0.090020 -0.043667
v 1.659099 -0.095535 -0.086444
v 1.673993 -0.075865 -0.092220
v 1.673993 -0.069729 -0.046584
v 1.635000 -0.097771 -0.042552
v 1.635000 -0.103048 -0.084238
v 1.659099 -0.095535 -0.086444
v 1.659099 -0.090020 -0.043667
v 1.610901 -0.090020 -0.043667
v 1.610901 -0.095535 -0.086444
v 1.635000 -0.103048 -0.084238
v 1.635000 -0.097771 -0.042552
v 1.596007 -0.069729 -0.046584
v 1.596007 -0.075865 -0.092220
v 1.610901 -0.095535 -0.086444
v 1.610901 -0.090020 -0.043667
v 1.596007 -0.044648 -0.050190
v 1.596007 -0.051553 -0.099359
v 1.596007 -0.075865 -0.092220
v 1.596007 -0.069729 -0.046584
v 1.610901 -0.024356 -0.053108
v 1.610901 -0.031883 -0.105134
v 1.596007 -0.051553 -0.099359
v 1.596007 -0.044648 -0.050190
v 1.635000 -0.016606 -0.054222
v 1.635000 -0.024370 -0.107340
v 1.610901 -0.031883 -0.105134
v 1.610901 -0.024356 -0.053108
v 1.659099 -0.031883 -0.105134
v 1.659099 -0.044257 -0.155020
v 1.635000 -0.037134 -0.158273
v 1.635000 -0.024370 -0.107340
v 1.673993 -0.051553 -0.099359
v 1.673993 -0.062904 -0.146504
v 1.659099 -0.044257 -0.155020
v 1.659099 -0.031883 -0.105134
v 1.673993 -0.075865 -0.092220
v 1.673993 -0.085954 -0.135978
v 1.673993 -0.062904 -0.146504
v 1.673993 -0.051553 -0.099359
v 1.659099 -0.095535 -0.086444
v 1.659099 -0.104601 -0.127462
v 1.673993 -0.085954 -0.135978
v 1.673993 -0.075865 -0.092220
v 1.635000 -0.103048 -0.084238
v 1.635000 -0.111724 -0.124209
v 1.659099 -0.104601 -0.127462
v 1.659099 -0.095535 -0.086444
v 1.610901 -0.095535 -0.086444
v 1.610901 -0.104601 -0.127462
v 1.635000 -0.111724 -0.124209
v 1.635000 -0.103048 -0.084238
v 1.596007 -0.075865 -0.092220
v 1.596007 -0.085954 -0.135978
v 1.610901 -0.104601 -0.127462
v 1.610901 -0.095535 -0.086444
v 1.596007 -0.051553 -0.099359
v 1.596007 -0.062904 -0.146504
v 1.596007 -0.085954 -0.135978
v 1.596007 -0.075865 -0.092220
v 1.610901 -0.031883 -0.105134
v 1.610901 -0.044257 -0.155020
v 1.596007 -0.062904 -0.146504
v 1.596007 -0.051553 -0.099359
v 1.635000 -0.024370 -0.107340
v 1.635000 -0.037134 -0.158273
v 1.610901 -0.044257 -0.155020
v 1.610901 -0.031883 -0.105134
v 1.659099 -0.044257 -0.155020
v 1.659099 -0.061226 -0.201751
v 1.635000 -0.054639 -0.205984
v 1.635000 -0.037134 -0.158273
v 1.673993 -0.062904 -0.146504
v 1.673993 -0.078472 -0.190668
v 1.659099 -0.061226 -0.201751
v 1.659099 -0.044257 -0.155020
v 1.673993 -0.085954 -0.135978
v 1.673993 -0.099789 -0.176968
v 1.673993 -0.078472 -0.190668
v 1.673993 -0.062904 -0.146504
v 1.659099 -0.104601 -0.127462
v 1.659099 -0.117035 -0.165885
v 1.673993 -0.099789 -0.176968
v 1.673993 -0.085954 -0.135978
v 1.635000 -0.111724 -0.124209
v 1.635000 -0.123622 -0.161652
v 1.659099 -0.117035 -0.165885
v 1.659099 -0.104601 -0.127462
v 1.610901 -0.104601 -0.127462
v 1.610901 -0.117035 -0.165885
v 1.635000 -0.123622 -0.161652
v 1.635000 -0.111724 -0.124209
v 1.596007 -0.085954 -0.135978
v 1.596007 -0.099789 -0.176968
v 1.610901 -0.117035 -0.165885
v 1.610901 -0.104601 -0.127462
v 1.596007 -0.062904 -0.146504
v 1.596007 -0.078472 -0.190668
v 1.596007 -0.099789 -0.176968
v 1.596007 -0.085954 -0.135978
v 1.610901 -0.044257 -0.155020
v 1.610901 -0.061226 -0.201751
v 1.596007 -0.078472 -0.190668
v 1.596007 -0.062904 -0.146504
v 1.635000 -0.037134 -0.158273
v 1.635000 -0.054639 -0.205984
v 1.610901 -0.061226 -0.201751
v 1.610901 -0.044257 -0.155020
v 1.659099 -0.061226 -0.201751
v 1.659099 -0.082446 -0.244374
v 1.635000 -0.076528 -0.249502
v 1.635000 -0.054639 -0.205984
v 1.673993 -0.078472 -0.190668
v 1.673993 -0.097939 -0.230950
v 1.659099 -0.082446 -0.244374
v 1.659099 -0.061226 -0.201751
v 1.673993 -0.099789 -0.176968
v 1.673993 -0.117089 -0.214356
v 1.673993 -0.097939 -0.230950
v 1.673993 -0.078472 -0.190668
v 1.659099 -0.117035 -0.165885
v 1.659099 -0.132582 -0.200931
v 1.673993 -0.117089 -0.214356
v 1.673993 -0.099789 -0.176968
v 1.635000 -0.123622 -0.161652
v 1.635000 -0.138500 -0.195803
v 1.659099 -0.132582 -0.200931
v 1.659099 -0.117035 -0.165885
v 1.610901 -0.117035 -0.165885
v 1.610901 -0.132582 -0.200931
v 1.635000 -0.138500 -0.195803
v 1.635000 -0.123622 -0.161652
v 1.596007 -0.099789 -0.176968
v 1.596007 -0.117089 -0.214356
v 1.610901 -0.132582 -0.200931
v 1.610901 -0.117035 -0.165885
v 1.596007 -0.078472 -0.190668
v 1.596007 -0.097939 -0.230950
v 1.596007 -0.117089 -0.214356
v 1.596007 -0.099789 -0.176968
v 1.610901 -0.061226 -0.201751
v 1.610901 -0.082446 -0.244374
v 1.596007 -0.097939 -0.230950
v 1.596007 -0.078472 -0.190668
v 1.635000 -0.054639 -0.205984
v 1.635000 -0.076528 -0.249502
v 1.610901 -0.082446 -0.244374
v 1.610901 -0.061226 -0.201751
v 1.659099 -0.082446 -0.244374
v 1.659099 -0.107483 -0.282023
v 1.635000 -0.102356 -0.287941
v 1.635000 -0.076528 -0.249502
v 1.673993 -0.097939 -0.230950
v 1.673993 -0.120908 -0.266530
v 1.659099 -0.107483 -0.282023
v 1.659099 -0.082446 -0.244374
v 1.673993 -0.117089 -0.214356
v 1.673993 -0.137502 -0.247380
v 1.673993 -0.120908 -0.266530
v 1.673993 -0.097939 -0.230950
v 1.659099 -0.132582 -0.200931
v 1.659099 -0.150926 -0.231887
v 1.673993 -0.137502 -0.247380
v 1.673993 -0.117089 -0.214356
v 1.635000 -0.138500 -0.195803
v 1.635000 -0.156054 -0.225969
v 1.659099 -0.150926 -0.231887
v 1.659099 -0.132582 -0.200931
v 1.610901 -0.132582 -0.200931
v 1.610901 -0.150926 -0.231887
v 1.635000 -0.156054 -0.225969
v 1.635000 -0.138500 -0.195803
v 1.596007 -0.117089 -0.214356
v 1.596007 -0.137502 -0.247380
v 1.610901 -0.150926 -0.231887
v 1.610901 -0.132582 -0.200931
v 1.596007 -0.097939 -0.230950
v 1.596007 -0.120908 -0.266530
v 1.596007 -0.137502 -0.247380
v 1.596007 -0.117089 -0.214356
v 1.610901 -0.082446 -0.244374
v 1.610901 -0.107483 -0.282023
v 1.596007 -0.120908 -0.266530
v 1.596007 -0.097939 -0.230950
v 1.635000 -0.076528 -0.249502
v 1.635000 -0.102356 -0.287941
v 1.610901 -0.107483 -0.282023
v 1.610901 -0.082446 -0.244374
v 1.659099 -0.107483 -0.282023
v 1.659099 -0.135829 -0.313930
v 1.635000 -0.131596 -0.320518
v 1.635000 -0.102356 -0.287941
v 1.673993 -0.120908 -0.266530
v 1.673993 -0.146912 -0.296685
v 1.659099 -0.135829 -0.313930
v 1.659099 -0.107483 -0.282023
v 1.673993 -0.137502 -0.247380
v 1.673993 -0.160612 -0.275368
v 1.673993 -0.146912 -0.296685
v 1.673993 -0.120908 -0.266530
v 1.659099 -0.150926 -0.231887
v 1.659099 -0.171695 -0.258122
v 1.673993 -0.160612 -0.275368
v 1.673993 -0.137502 -0.247380
v 1.635000 -0.156054 -0.225969
v 1.635000 -0.175928 -0.251535
v 1.659099 -0.171695 -0.258122
v 1.659099 -0.150926 -0.231887
v 1.610901 -0.150926 -0.231887
v 1.610901 -0.171695 -0.258122
v 1.635000 -0.175928 -0.251535
v 1.635000 -0.156054 -0.225969
v 1.596007 -0.137502 -0.247380
v 1.596007 -0.160612 -0.275368
v 1.610901 -0.171695 -0.258122
v 1.610901 -0.150926 -0.231887
v 1.596007 -0.120908 -0.266530
v 1.596007 -0.146912 -0.296685
v 1.596007 -0.160612 -0.275368
v 1.596007 -0.137502 -0.247380
v 1.610901 -0.107483 -0.282023
v 1.610901 -0.135829 -0.313930
v 1.596007 -0.146912 -0.296685
v 1.596007 -0.120908 -0.266530
v 1.635000 -0.102356 -0.287941
v 1.635000 -0.131596 -0.320518
v 1.610901 -0.135829 -0.313930
v 1.610901 -0.107483 -0.282023
v 1.659099 -0.135829 -0.313930
v 1.659099 -0.166907 -0.339447
v 1.635000 -0.163654 -0.346570
v 1.635000 -0.131596 -0.320518
v 1.673993 -0.146912 -0.296685
v 1.673993 -0.175423 -0.320800
v 1.659099 -0.166907 -0.339447
v 1.659099 -0.135829 -0.313930
v 1.673993 -0.160612 -0.275368
v 1.673993 -0.185949 -0.297750
v 1.673993 -0.175423 -0.320800
v 1.673993 -0.146912 -0.296685
v 1.659099 -0.171695 -0.258122
v 1.659099 -0.194465 -0.279103
v 1.673993 -0.185949 -0.297750
v 1.673993 -0.160612 -0.275368
v 1.635000 -0.175928 -0.251535
v 1.635000 -0.197718 -0.271980
v 1.659099 -0.194465 -0.279103
v 1.659099 -0.171695 -0.258122
v 1.610901 -0.171695 -0.258122
v 1.610901 -0.194465 -0.279103
v 1.635000 -0.197718 -0.271980
v 1.635000 -0.175928 -0.251535
v 1.596007 -0.160612 -0.275368
v 1.596007 -0.185949 -0.297750
v 1.610901 -0.194465 -0.279103
v 1.610901 -0.171695 -0.258122
v 1.596007 -0.146912 -0.296685
v 1.596007 -0.175423 -0.320800
v 1.596007 -0.185949 -0.297750
v 1.596007 -0.160612 -0.275368
v 1.610901 -0.135829 -0.313930
v 1.610901 -0.166907 -0.339447
v 1.596007 -0.175423 -0.320800
v 1.596007 -0.146912 -0.296685
v 1.635000 -0.131596 -0.320518
v 1.635000 -0.163654 -0.346570
v 1.610901 -0.166907 -0.339447
v 1.610901 -0.135829 -0.313930
v 1.659099 -0.166907 -0.339447
v 1.659099 -0.200083 -0.358054
v 1.635000 -0.197876 -0.365567
v 1.635000 -0.163654 -0.346570
v 1.673993 -0.175423 -0.320800
v 1.673993 -0.205858 -0.338384
v 1.659099 -0.200083 -0.358054
v 1.659099 -0.166907 -0.339447
v 1.673993 -0.185949 -0.297750
v 1.673993 -0.212997 -0.314071
v 1.673993 -0.205858 -0.338384
v 1.673993 -0.175423 -0.320800
v 1.659099 -0.194465 -0.279103
v 1.659099 -0.218772 -0.294402
v 1.673993 -0.212997 -0.314071
v 1.673993 -0.185949 -0.297750
v 1.635000 -0.197718 -0.271980
v 1.635000 -0.220979 -0.286888
v 1.659099 -0.218772 -0.294402
v 1.659099 -0.194465 -0.279103
v 1.610901 -0.194465 -0.279103
v 1.610901 -0.218772 -0.294402
v 1.635000 -0.220979 -0.286888
v 1.635000 -0.197718 -0.271980
v 1.596007 -0.185949 -0.297750
v 1.596007 -0.212997 -0.314071
v 1.610901 -0.218772 -0.294402
v 1.610901 -0.194465 -0.279103
v 1.596007 -0.175423 -0.320800
v 1.596007 -0.205858 -0.338384
v 1.596007 -0.212997 -0.314071
v 1.596007 -0.185949 -0.297750
v 1.610901 -0.166907 -0.339447
v 1.610901 -0.200083 -0.358054
v 1.596007 -0.205858 -0.338384
v 1.596007 -0.175423 -0.320800
v 1.635000 -0.163654 -0.346570
v 1.635000 -0.197876 -0.365567
v 1.610901 -0.200083 -0.358054
v 1.610901 -0.166907 -0.339447
v 1.659099 -0.200083 -0.358054
v 1.659099 -0.234682 -0.369371
v 1.635000 -0.233567 -0.377122
v 1.635000 -0.197876 -0.365567
v 1.673993 -0.205858 -0.338384
v 1.673993 -0.237599 -0.349080
v 1.659099 -0.234682 -0.369371
v 1.659099 -0.200083 -0.358054
v 1.673993 -0.212997 -0.314071
v 1.673993 -0.241205 -0.323999
v 1.673993 -0.237599 -0.349080
v 1.673993 -0.205858 -0.338384
v 1.659099 -0.218772 -0.294402
v 1.659099 -0.244123 -0.303707
v 1.673993 -0.241205 -0.323999
v 1.673993 -0.212997 -0.314071
v 1.635000 -0.220979 -0.286888
v 1.635000 -0.245237 -0.295957
v 1.659099 -0.244123 -0.303707
v 1.659099 -0.218772 -0.294402
v 1.610901 -0.218772 -0.294402
v 1.610901 -0.244123 -0.303707
v 1.635000 -0.245237 -0.295957
v 1.635000 -0.220979 -0.286888
v 1.596007 -0.212997 -0.314071
v 1.596007 -0.241205 -0.323999
v 1.610901 -0.244123 -0.303707
v 1.610901 -0.218772 -0.294402
v 1.596007 -0.205858 -0.338384
v 1.596007 -0.237599 -0.349080
v 1.596007 -0.241205 -0.323999
v 1.596007 -0.212997 -0.314071
v 1.610901 -0.200083 -0.358054
v 1.610901 -0.234682 -0.369371
v 1.596007 -0.237599 -0.349080
v 1.596007 -0.205858 -0.338384
v 1.635000 -0.197876 -0.365567
v 1.635000 -0.233567 -0.377122
v 1.610901 -0.234682 -0.369371
v 1.610901 -0.200083 -0.358054
v 1.659099 -0.234682 -0.369371
v 1.659099 -0.270000 -0.373170
v 1.635000 -0.270000 -0.381000
v 1.635000 -0.233567 -0.377122
v 1.673993 -0.237599 -0.349080
v 1.673993 -0.270000 -0.352670
v 1.659099 -0.270000 -0.373170
v 1.659099 -0.234682 -0.369371
v 1.673993 -0.241205 -0.323999
v 1.673993 -0.270000 -0.327330
v 1.673993 -0.270000 -0.352670
v 1.673993 -0.237599 -0.349080
v 1.659099 -0.244123 -0.303707
v 1.659099 -0.270000 -0.306830
v 1.673993 -0.270000 -0.327330
v 1.673993 -0.241205 -0.323999
v 1.635000 -0.245237 -0.295957
v 1.635000 -0.270000 -0.299000
v 1.659099 -0.270000 -0.306830
v 1.659099 -0.244123 -0.303707
v 1.610901 -0.244123 -0.303707
v 1.610901 -0.270000 -0.306830
v 1.635000 -0.270000 -0.299000
v 1.635000 -0.245237 -0.295957
v 1.596007 -0.241205 -0.323999
v 1.596007 -0.270000 -0.327330
v 1.610901 -0.270000 -0.306830
v 1.610901 -0.244123 -0.303707
v 1.596007 -0.237599 -0.349080
v 1.596007 -0.270000 -0.352670
v 1.596007 -0.270000 -0.327330
v 1.596007 -0.241205 -0.323999
v 1.610901 -0.234682 -0.369371
v 1.610901 -0.270000 -0.373170
v 1.596007 -0.270000 -0.352670
v 1.596007 -0.237599 -0.349080
v 1.635000 -0.233567 -0.377122
v 1.635000 -0.270000 -0.381000
v 1.610901 -0.270000 -0.373170
v 1.610901 -0.234682 -0.369371
v 1.659099 -0.270000 -0.373170
v 1.659099 -0.305318 -0.369371
v 1.635000 -0.306433 -0.377122
v 1.635000 -0.270000 -0.381000
v 1.673993 -0.270000 -0.352670
v 1.673993 -0.302401 -0.349080
v 1.659099 -0.305318 -0.369371
v 1.659099 -0.270000 -0.373170
v 1.673993 -0.270000 -0.327330
v 1.673993 -0.298795 -0.323999
v 1.673993 -0.302401 -0.349080
v 1.673993 -0.270000 -0.352670
v 1.659099 -0.270000 -0.306830
v 1.659099 -0.295877 -0.303707
v 1.673993 -0.298795 -0.323999
v 1.673993 -0.270000 -0.327330
v 1.635000 -0.270000 -0.299000
v 1.635000 -0.294763 -0.295957
v 1.659099 -0.295877 -0.303707
v 1.659099 -0.270000 -0.306830
v 1.610901 -0.270000 -0.306830
v 1.610901 -0.295877 -0.303707
v 1.635000 -0.294763 -0.295957
v 1.635000 -0.270000 -0.299000
v 1.596007 -0.270000 -0.327330
v 1.596007 -0.298795 -0.323999
v 1.610901 -0.295877 -0.303707
v 1.610901 -0.270000 -0.306830
v 1.596007 -0.270000 -0.352670
v 1.596007 -0.302401 -0.349080
v 1.596007 -0.298795 -0.323999
v 1.596007 -0.270000 -0.327330
v 1.610901 -0.270000 -0.373170
v 1.610901 -0.305318 -0.369371
v 1.596007 -0.302401 -0.349080
v 1.596007 -0.270000 -0.352670
v 1.635000 -0.270000 -0.381000
v 1.635000 -0.306433 -0.377122
v 1.610901 -0.305318 -0.369371
v 1.610901 -0.270000 -0.373170
v 1.659099 -0.305318 -0.369371
v 1.659099 -0.339917 -0.358054
v 1.635000 -0.342124 -0.365567
v 1.635000 -0.306433 -0.377122
v 1.673993 -0.302401 -0.349080
v 1.673993 -0.334142 -0.338384
v 1.659099 -0.339917 -0.358054
v 1.659099 -0.305318 -0.369371
v 1.673993 -0.298795 -0.323999
v 1.673993 -0.327003 -0.314071
v 1.673993 -0.334142 -0.338384
v 1.673993 -0.302401 -0.349080
v 1.659099 -0.295877 -0.303707
v 1.659099 -0.321228 -0.294402
v 1.673993 -0.327003 -0.314071
v 1.673993 -0.298795 -0.323999
v 1.635000 -0.294763 -0.295957
v 1.635000 -0.319021 -0.286888
v 1.659099 -0.321228 -0.294402
v 1.659099 -0.295877 -0.303707
v 1.610901 -0.295877 -0.303707
v 1.610901 -0.321228 -0.294402
v 1.635000 -0.319021 -0.286888
v 1.635000 -0.294763 -0.295957
v 1.596007 -0.298795 -0.323999
v 1.596007 -0.327003 -0.314071
v 1.610901 -0.321228 -0.294402
v 1.610901 -0.295877 -0.303707
v 1.596007 -0.302401 -0.349080
v 1.596007 -0.334142 -0.338384
v 1.596007 -0.327003 -0.314071
v 1.596007 -0.298795 -0.323999
v 1.610901 -0.305318 -0.369371
v 1.610901 -0.339917 -0.358054
v 1.596007 -0.334142 -0.338384
v 1.596007 -0.302401 -0.349080
v 1.635000 -0.306433 -0.377122
v 1.635000 -0.342124 -0.365567
v 1.610901 -0.339917 -0.358054
v 1.610901 -0.305318 -0.369371
v 1.659099 -0.339917 -0.358054
v 1.659099 -0.373093 -0.339447
v 1.635000 -0.376346 -0.346570
v 1.635000 -0.342124 -0.365567
v 1.673993 -0.334142 -0.338384
v 1.673993 -0.364577 -0.320800
v 1.659099 -0.373093 -0.339447
v 1.659099 -0.339917 -0.358054
v 1.673993 -0.327003 -0.314071
v 1.673993 -0.354051 -0.297750
v 1.673993 -0.364577 -0.320800
v 1.673993 -0.334142 -0.338384
v 1.659099 -0.321228 -0.294402
v 1.659099 -0.345535 -0.279103
v 1.673993 -0.354051 -0.297750
v 1.673993 -0.327003 -0.314071
v 1.635000 -0.319021 -0.286888
v 1.635000 -0.342282 -0.271980
v 1.659099 -0.345535 -0.279103
v 1.659099 -0.321228 -0.294402
v 1.610901 -0.321228 -0.294402
v 1.610901 -0.345535 -0.279103
v 1.635000 -0.342282 -0.271980
v 1.635000 -0.319021 -0.286888
v 1.596007 -0.327003 -0.314071
v 1.596007 -0.354051 -0.297750
v 1.610901 -0.345535 -0.279103
v 1.610901 -0.321228 -0.294402
v 1.596007 -0.334142 -0.338384
v 1.596007 -0.364577 -0.320800
v 1.596007 -0.354051 -0.297750
v 1.596007 -0.327003 -0.314071
v 1.610901 -0.339917 -0.358054
v 1.610901 -0.373093 -0.339447
v 1.596007 -0.364577 -0.320800
v 1.596007 -0.334142 -0.338384
v 1.635000 -0.342124 -0.365567
v 1.635000 -0.376346 -0.346570
v 1.610901 -0.373093 -0.339447
v 1.610901 -0.339917 -0.358054
v 1.659099 -0.373093 -0.339447
v 1.659099 -0.404171 -0.313930
v 1.635000 -0.408404 -0.320518
v 1.635000 -0.376346 -0.346570
v 1.673993 -0.364577 -0.320800
v 1.673993 -0.393088 -0.296685
v 1.659099 -0.404171 -0.313930
v 1.659099 -0.373093 -0.339447
v 1.673993 -0.354051 -0.297750
v 1.673993 -0.379388 -0.275368
v 1.673993 -0.393088 -0.296685
v 1.673993 -0.364577 -0.320800
v 1.659099 -0.345535 -0.279103
v 1.659099 -0.368305 -0.258122
v 1.673993 -0.379388 -0.275368
v 1.673993 -0.354051 -0.297750
v 1.635000 -0.342282 -0.271980
v 1.635000 -0.364072 -0.251535
v 1.659099 -0.368305 -0.258122
v 1.659099 -0.345535 -0.279103
v 1.610901 -0.345535 -0.279103
v 1.610901 -0.368305 -0.258122
v 1.635000 -0.364072 -0.251535
v 1.635000 -0.342282 -0.271980
v 1.596007 -0.354051 -0.297750
v 1.596007 -0.379388 -0.275368
v 1.610901 -0.368305 -0.258122
v 1.610901 -0.345535 -0.279103
v 1.596007 -0.364577 -0.320800
v 1.596007 -0.393088 -0.296685
v 1.596007 -0.379388 -0.275368
v 1.596007 -0.354051 -0.297750
v 1.610901 -0.373093 -0.339447
v 1.610901 -0.404171 -0.313930
v 1.596007 -0.393088 -0.296685
v 1.596007 -0.364577 -0.320800
v 1.635000 -0.376346 -0.346570
v 1.635000 -0.408404 -0.320518
v 1.610901 -0.404171 -0.313930
v 1.610901 -0.373093 -0.339447
v 1.659099 -0.404171 -0.313930
v 1.659099 -0.432517 -0.282023
v 1.635000 -0.437644 -0.287941
v 1.635000 -0.408404 -0.320518
v 1.673993 -0.393088 -0.296685
v 1.673993 -0.419092 -0.266530
v 1.659099 -0.432517 -0.282023
v 1.659099 -0.404171 -0.313930
v 1.673993 -0.379388 -0.275368
v 1.673993 -0.402498 -0.247380
v 1.673993 -0.419092 -0.266530
v 1.673993 -0.393088 -0.296685
v 1.659099 -0.368305 -0.258122
v 1.659099 -0.389074 -0.231887
v 1.673993 -0.402498 -0.247380
v 1.673993 -0.379388 -0.275368
v 1.635000 -0.364072 -0.251535
v 1.635000 -0.383946 -0.225969
v 1.659099 -0.389074 -0.231887
v 1.659099 -0.368305 -0.258122
v 1.610901 -0.368305 -0.258122
v 1.610901 -0.389074 -0.231887
v 1.635000 -0.383946 -0.225969
v 1.635000 -0.364072 -0.251535
v 1.596007 -0.379388 -0.275368
v 1.596007 -0.402498 -0.247380
v 1.610901 -0.389074 -0.231887
v 1.610901 -0.368305 -0.258122
v 1.596007 -0.393088 -0.296685
v 1.596007 -0.419092 -0.266530
v 1.596007 -0.402498 -0.247380
v 1.596007 -0.379388 -0.275368
v 1.610901 -0.404171 -0.313930
v 1.610901 -0.432517 -0.282023
v 1.596007 -0.419092 -0.266530
v 1.596007 -0.393088 -0.296685
v 1.635000 -0.408404 -0.320518
v 1.635000 -0.437644 -0.287941
v 1.610901 -0.432517 -0.282023
v 1.610901 -0.404171 -0.313930
v 1.659099 -0.432517 -0.282023
v 1.659099 -0.457554 -0.244374
v 1.635000 -0.463472 -0.249502
v 1.635000 -0.437644 -0.287941
v 1.673993 -0.419092 -0.266530
v 1.673993 -0.442061 -0.230950
v 1.659099 -0.457554 -0.244374
v 1.659099 -0.432517 -0.282023
v 1.673993 -0.402498 -0.247380
v 1.673993 -0.422911 -0.214356
v 1.673993 -0.442061 -0.230950
v 1.673993 -0.419092 -0.266530
v 1.659099 -0.389074 -0.231887
v 1.659099 -0.407418 -0.200931
v 1.673993 -0.422911 -0.214356
v 1.673993 -0.402498 -0.247380
v 1.635000 -0.383946 -0.225969
v 1.635000 -0.401500 -0.195803
v 1.659099 -0.407418 -0.200931
v 1.659099 -0.389074 -0.231887
v 1.610901 -0.389074 -0.231887
v 1.610901 -0.407418 -0.200931
v 1.635000 -0.401500 -0.195803
v 1.635000 -0.383946 -0.225969
v 1.596007 -0.402498 -0.247380
v 1.596007 -0.422911 -0.214356
v 1.610901 -0.407418 -0.200931
v 1.610901 -0.389074 -0.231887
v 1.596007 -0.419092 -0.266530
v 1.596007 -0.442061 -0.230950
v 1.596007 -0.422911 -0.214356
v 1.596007 -0.402498 -0.247380
v 1.610901 -0.432517 -0.282023
v 1.610901 -0.457554 -0.244374
v 1.596007 -0.442061 -0.230950
v 1.596007 -0.419092 -0.266530
v 1.635000 -0.437644 -0.287941
v 1.635000 -0.463472 -0.249502
v 1.610901 -0.457554 -0.244374
v 1.610901 -0.432517 -0.282023
v 1.659099 -0.457554 -0.244374
v 1.659099 -0.478774 -0.201751
v 1.635000 -0.485361 -0.205984
v 1.635000 -0.463472 -0.249502
v 1.673993 -0.442061 -0.230950
v 1.673993 -0.461528 -0.190668
v 1.659099 -0.478774 -0.201751
v 1.659099 -0.457554 -0.244374
v 1.673993 -0.422911 -0.214356
v 1.673993 -0.440211 -0.176968
v 1.673993 -0.461528 -0.190668
v 1.673993 -0.442061 -0.230950
v 1.659099 -0.407418 -0.200931
v 1.659099 -0.422965 -0.165885
v 1.673993 -0.440211 -0.176968
v 1.673993 -0.422911 -0.214356
v 1.635000 -0.401500 -0.195803
v 1.635000 -0.416378 -0.161652
v 1.659099 -0.422965 -0.165885
v 1.659099 -0.407418 -0.200931
v 1.610901 -0.407418 -0.200931
v 1.610901 -0.422965 -0.165885
v 1.635000 -0.416378 -0.161652
v 1.635000 -0.401500 -0.195803
v 1.596007 -0.422911 -0.214356
v 1.596007 -0.440211 -0.176968
v 1.610901 -0.422965 -0.165885
v 1.610901 -0.407418 -0.200931
v 1.596007 -0.442061 -0.230950
v 1.596007 -0.461528 -0.190668
v 1.596007 -0.440211 -0.176968
v 1.596007 -0.422911 -0.214356
v 1.610901 -0.457554 -0.244374
v 1.610901 -0.478774 -0.201751
v 1.596007 -0.461528 -0.190668
v 1.596007 -0.442061 -0.230950
v 1.635000 -0.463472 -0.249502
v 1.635000 -0.485361 -0.205984
v 1.610901 -0.478774 -0.201751
v 1.610901 -0.457554 -0.244374
v 1.659099 -0.478774 -0.201751
v 1.659099 -0.495743 -0.155020
v 1.635000 -0.502866 -0.158273
v 1.635000 -0.485361 -0.205984
v 1.673993 -0.461528 -0.190668
v 1.673993 -0.477096 -0.146504
v 1.659099 -0.495743 -0.155020
v 1.659099 -0.478774 -0.201751
v 1.673993 -0.440211 -0.176968
v 1.673993 -0.454046 -0.135978
v 1.673993 -0.477096 -0.146504
v 1.673993 -0.461528 -0.190668
v 1.659099 -0.422965 -0.165885
v 1.659099 -0.435399 -0.127462
v 1.673993 -0.454046 -0.135978
v 1.673993 -0.440211 -0.176968
v 1.635000 -0.416378 -0.161652
v 1.635000 -0.428276 -0.124209
v 1.659099 -0.435399 -0.127462
v 1.659099 -0.422965 -0.165885
v 1.610901 -0.422965 -0.165885
v 1.610901 -0.435399 -0.127462
v 1.635000 -0.428276 -0.124209
v 1.635000 -0.416378 -0.161652
v 1.596007 -0.440211 -0.176968
v 1.596007 -0.454046 -0.135978
v 1.610901 -0.435399 -0.127462
v 1.610901 -0.422965 -0.165885
v 1.596007 -0.461528 -0.190668
v 1.596007 -0.477096 -0.146504
v 1.596007 -0.454046 -0.135978
v 1.596007 -0.440211 -0.176968
v 1.610901 -0.478774 -0.201751
v 1.610901 -0.495743 -0.155020
v 1.596007 -0.477096 -0.146504
v 1.596007 -0.461528 -0.190668
v 1.635000 -0.485361 -0.205984
v 1.635000 -0.502866 -0.158273
v 1.610901 -0.495743 -0.155020
v 1.610901 -0.478774 -0.201751
v 1.659099 -0.495743 -0.155020
v 1.659099 -0.508117 -0.105134
v 1.635000 -0.515630 -0.107340
v 1.635000 -0.502866 -0.158273
v 1.673993 -0.477096 -0.146504
v 1.673993 -0.488447 -0.099359
v 1.659099 -0.508117 -0.105134
v 1.659099 -0.495743 -0.155020
v 1.673993 -0.454046 -0.135978
v 1.673993 -0.464135 -0.092220
v 1.673993 -0.488447 -0.099359
v 1.673993 -0.477096 -0.146504
v 1.659099 -0.435399 -0.127462
v 1.659099 -0.444465 -0.086444
v 1.673993 -0.464135 -0.092220
v 1.673993 -0.454046 -0.135978
v 1.635000 -0.428276 -0.124209
v 1.635000 -0.436952 -0.084238
v 1.659099 -0.444465 -0.086444
v 1.659099 -0.435399 -0.127462
v 1.610901 -0.435399 -0.127462
v 1.610901 -0.444465 -0.086444
v 1.635000 -0.436952 -0.084238
v 1.635000 -0.428276 -0.124209
v 1.596007 -0.454046 -0.135978
v 1.596007 -0.464135 -0.092220
v 1.610901 -0.444465 -0.086444
v 1.610901 -0.435399 -0.127462
v 1.596007 -0.477096 -0.146504
v 1.596007 -0.488447 -0.099359
v 1.596007 -0.464135 -0.092220
v 1.596007 -0.454046 -0.135978
v 1.610901 -0.495743 -0.155020
v 1.610901 -0.508117 -0.105134
v 1.596007 -0.488447 -0.099359
v 1.596007 -0.477096 -0.146504
v 1.635000 -0.502866 -0.158273
v 1.635000 -0.515630 -0.107340
v 1.610901 -0.508117 -0.105134
v 1.610901 -0.495743 -0.155020
v 1.659099 -0.508117 -0.105134
v 1.659099 -0.515644 -0.053108
v 1.635000 -0.523394 -0.054222
v 1.635000 -0.515630 -0.107340
v 1.673993 -0.488447 -0.099359
v 1.673993 -0.495352 -0.050190
v 1.659099 -0.515644 -0.053108
v 1.659099 -0.508117 -0.105134
v 1.673993 -0.464135 -0.092220
v 1.673993 -0.470271 -0.046584
v 1.673993 -0.495352 -0.050190
v 1.673993 -0.488447 -0.099359
v 1.659099 -0.444465 -0.086444
v 1.659099 -0.449980 -0.043667
v 1.673993 -0.470271 -0.046584
v 1.673993 -0.464135 -0.092220
v 1.635000 -0.436952 -0.084238
v 1.635000 -0.442229 -0.042552
v 1.659099 -0.449980 -0.043667
v 1.659099 -0.444465 -0.086444
v 1.610901 -0.444465 -0.086444
v 1.610901 -0.449980 -0.043667
v 1.635000 -0.442229 -0.042552
v 1.635000 -0.436952 -0.084238
v 1.596007 -0.464135 -0.092220
v 1.596007 -0.470271 -0.046584
v 1.610901 -0.449980 -0.043667
v 1.610901 -0.444465 -0.086444
v 1.596007 -0.488447 -0.099359
v 1.596007 -0.495352 -0.050190
v 1.596007 -0.470271 -0.046584
v 1.596007 -0.464135 -0.092220
v 1.610901 -0.508117 -0.105134
v 1.610901 -0.515644 -0.053108
v 1.596007 -0.495352 -0.050190
v 1.596007 -0.488447 -0.099359
v 1.635000 -0.515630 -0.107340
v 1.635000 -0.523394 -0.054222
v 1.610901 -0.515644 -0.053108
v 1.610901 -0.508117 -0.105134
v 1.659099 -0.515644 -0.053108
v 1.659099 -0.518170 -0.000000
v 1.635000 -0.526000 -0.000000
v 1.635000 -0.523394 -0.054222
v 1.673993 -0.495352 -0.050190
v 1.673993 -0.497670 -0.000000
v 1.659099 -0.518170 -0.000000
v 1.659099 -0.515644 -0.053108
v 1.673993 -0.470271 -0.046584
v 1.673993 -0.472330 -0.000000
v 1.673993 -0.497670 -0.000000
v 1.673993 -0.495352 -0.050190
v 1.659099 -0.449980 -0.043667
v 1.659099 -0.451830 -0.000000
v 1.673993 -0.472330 -0.000000
v 1.673993 -0.470271 -0.046584
v 1.635000 -0.442229 -0.042552
v 1.635000 -0.444000 -0.000000
v 1.659099 -0.451830 -0.000000
v 1.659099 -0.449980 -0.043667
v 1.610901 -0.449980 -0.043667
v 1.610901 -0.451830 -0.000000
v 1.635000 -0.444000 -0.000000
v 1.635000 -0.442229 -0.042552
v 1.596007 -0.470271 -0.046584
v 1.596007 -0.472330 -0.000000
v 1.610901 -0.451830 -0.000000
v 1.610901 -0.449980 -0.043667
v 1.596007 -0.495352 -0.050190
v 1.596007 -0.497670 -0.000000
v 1.596007 -0.472330 -0.000000
v 1.596007 -0.470271 -0.046584
v 1.610901 -0.515644 -0.053108
v 1.610901 -0.518170 -0.000000
v 1.596007 -0.497670 -0.000000
v 1.596007 -0.495352 -0.050190
v 1.635000 -0.523394 -0.054222
v 1.635000 -0.526000 -0.000000
v 1.610901 -0.518170 -0.000000
v 1.610901 -0.515644 -0.053108
v 1.659099 -0.518170 -0.000000
v 1.659099 -0.515644 0.053108
v 1.635000 -0.523394 0.054222
v 1.635000 -0.526000 -0.000000
v 1.673993 -0.497670 -0.000000
v 1.673993 -0.495352 0.050190
v 1.659099 -0.515644 0.053108
v 1.659099 -0.518170 -0.000000
v 1.673993 -0.472330 -0.000000
v 1.673993 -0.470271 0.046584
v 1.673993 -0.495352 0.050190
v 1.673993 -0.497670 -0.000000
v 1.659099 -0.451830 -0.000000
v 1.659099 -0.449980 0.043667
v 1.673993 -0.470271 0.046584
v 1.673993 -0.472330 -0.000000
v 1.635000 -0.444000 -0.000000
v 1.635000 -0.442229 0.042552
v 1.659099 -0.449980 0.043667
v 1.659099 -0.451830 -0.000000
v 1.610901 -0.451830 -0.000000
v 1.610901 -0.449980 0.043667
v 1.635000 -0.442229 0.042552
v 1.635000 -0.444000 -0.000000
v 1.596007 -0.472330 -0.000000
v 1.596007 -0.470271 0.046584
v 1.610901 -0.449980 0.043667
v 1.610901 -0.451830 -0.000000
v 1.596007 -0.497670 -0.000000
v 1.596007 -0.495352 0.050190
v 1.596007 -0.470271 0.046584
v 1.596007 -0.472330 -0.000000
v 1.610901 -0.518170 -0.000000
v 1.610901 -0.515644 0.053108
v 1.596007 -0.495352 0.050190
v 1.596007 -0.497670 -0.000000
v 1.635000 -0.526000 -0.000000
v 1.635000 -0.523394 0.054222
v 1.610901 -0.515644 0.053108
v 1.610901 -0.518170 -0.000000
v 1.659099 -0.515644 0.053108
v 1.659099 -0.508117 0.105134
v 1.635000 -0.515630 0.107340
v 1.635000 -0.523394 0.054222
v 1.673993 -0.495352 0.050190
v 1.673993 -0.488447 0.099359
v 1.659099 -0.508117 0.105134
v 1.659099 -0.515644 0.053108
v 1.673993 -0.470271 0.046584
v 1.673993 -0.464135 0.092220
v 1.673993 -0.488447 0.099359
v 1.673993 -0.495352 0.050190
v 1.659099 -0.449980 0.043667
v 1.659099 -0.444465 0.086444
v 1.673993 -0.464135 0.092220
v 1.673993 -0.470271 0.046584
v 1.635000 -0.442229 0.042552
v 1.635000 -0.436952 0.084238
v 1.659099 -0.444465 0.086444
v 1.659099 -0.449980 0.043667
v 1.610901 -0.449980 0.043667
v 1.610901 -0.444465 0.086444
v 1.635000 -0.436952 0.084238
v 1.635000 -0.442229 0.042552
v 1.596007 -0.470271 0.046584
v 1.596007 -0.464135 0.092220
v 1.610901 -0.444465 0.086444
v 1.610901 -0.449980 0.043667
v 1.596007 -0.495352 0.050190
v 1.596007 -0.488447 0.099359
v 1.596007 -0.464135 0.092220
v 1.596007 -0.470271 0.046584
v 1.610901 -0.515644 0.053108
v 1.610901 -0.508117 0.105134
v 1.596007 -0.488447 0.099359
v 1.596007 -0.495352 0.050190
v 1.635000 -0.523394 0.054222
v 1.635000 -0.515630 0.107340
v 1.610901 -0.508117 0.105134
v 1.610901 -0.515644 0.053108
v 1.659099 -0.508117 0.105134
v 1.659099 -0.495743 0.155020
v 1.635000 -0.502866 0.158273
v 1.635000 -0.515630 0.107340
v 1.673993 -0.488447 0.099359
v 1.673993 -0.477096 0.146504
v 1.659099 -0.495743 0.155020
v 1.659099 -0.508117 0.105134
v 1.673993 -0.464135 0.092220
v 1.673993 -0.454046 0.135978
v 1.673993 -0.477096 0.146504
v 1.673993 -0.488447 0.099359
v 1.659099 -0.444465 0.086444
v 1.659099 -0.435399 0.127462
v 1.673993 -0.454046 0.135978
v 1.673993 -0.464135 0.092220
v 1.635000 -0.436952 0.084238
v 1.635000 -0.428276 0.124209
v 1.659099 -0.435399 0.127462
v 1.659099 -0.444465 0.086444
v 1.610901 -0.444465 0.086444
v 1.610901 -0.435399 0.127462
v 1.635000 -0.428276 0.124209
v 1.635000 -0.436952 0.084238
v 1.596007 -0.464135 0.092220
v 1.596007 -0.454046 0.135978
v 1.610901 -0.435399 0.127462
v 1.610901 -0.444465 0.086444
v 1.596007 -0.488447 0.099359
v 1.596007 -0.477096 0.146504
v 1.596007 -0.454046 0.135978
v 1.596007 -0.464135 0.092220
v 1.610901 -0.508117 0.105134
v 1.610901 -0.495743 0.155020
v 1.596007 -0.477096 0.146504
v 1.596007 -0.488447 0.099359
v 1.635000 -0.515630 0.107340
v 1.635000 -0.502866 0.158273
v 1.610901 -0.495743 0.155020
v 1.610901 -0.508117 0.105134
v 1.659099 -0.495743 0.155020
v 1.659099 -0.478774 0.201751
v 1.635000 -0.485361 0.205984
v 1.635000 -0.502866 0.158273
v 1.673993 -0.477096 0.146504
v 1.673993 -0.461528 0.190668
v 1.659099 -0.478774 0.201751
v 1.659099 -0.495743 0.155020
v 1.673993 -0.454046 0.135978
v 1.673993 -0.440211 0.176968
v 1.673993 -0.461528 0.190668
v 1.673993 -0.477096 0.146504
v 1.659099 -0.435399 0.127462
v 1.659099 -0.422965 0.165885
v 1.673993 -0.440211 0.176968
v 1.673993 -0.454046 0.135978
v 1.635000 -0.428276 0.124209
v 1.635000 -0.416378 0.161652
v 1.659099 -0.422965 0.165885
v 1.659099 -0.435399 0.127462
v 1.610901 -0.435399 0.127462
v 1.610901 -0.422965 0.165885
v 1.635000 -0.416378 0.161652
v 1.635000 -0.428276 0.124209
v 1.596007 -0.454046 0.135978
v 1.596007 -0.440211 0.176968
v 1.610901 -0.422965 0.165885
v 1.610901 -0.435399 0.127462
v 1.596007 -0.477096 0.146504
v 1.596007 -0.461528 0.190668
v 1.596007 -0.440211 0.176968
v 1.596007 -0.454046 0.135978
v 1.610901 -0.495743 0.155020
v 1.610901 -0.478774 0.201751
v 1.596007 -0.461528 0.190668
v 1.596007 -0.477096 0.146504
v 1.635000 -0.502866 0.158273
v 1.635000 -0.485361 0.205984
v 1.610901 -0.478774 0.201751
v 1.610901 -0.495743 0.155020
v 1.659099 -0.478774 0.201751
v 1.659099 -0.457554 0.244374
v 1.635000 -0.463472 0.249502
v 1.635000 -0.485361 0.205984
v 1.673993 -0.461528 0.190668
v 1.673993 -0.442061 0.230950
v 1.659099 -0.457554 0.244374
v 1.659099 -0.478774 0.201751
v 1.673993 -0.440211 0.176968
v 1.673993 -0.422911 0.214356
v 1.673993 -0.442061 0.230950
v 1.673993 -0.461528 0.190668
v 1.659099 -0.422965 0.165885
v 1.659099 -0.407418 0.200931
v 1.673993 -0.422911 0.214356
v 1.673993 -0.440211 0.176968
v 1.635000 -0.416378 0.161652
v 1.635000 -0.401500 0.195803
v 1.659099 -0.407418 0.200931
v 1.659099 -0.422965 0.165885
v 1.610901 -0.422965 0.165885
v 1.610901 -0.407418 0.200931
v 1.635000 -0.401500 0.195803
v 1.635000 -0.416378 0.161652
v 1.596007 -0.440211 0.176968
v 1.596007 -0.422911 0.214356
v 1.610901 -0.407418 0.200931
v 1.610901 -0.422965 0.165885
v 1.596007 -0.461528 0.190668
v 1.596007 -0.442061 0.230950
v 1.596007 -0.422911 0.214356
v 1.596007 -0.440211 0.176968
v 1.610901 -0.478774 0.201751
v 1.610901 -0.457554 0.244374
v 1.596007 -0.442061 0.230950
v 1.596007 -0.461528 0.190668
v 1.635000 -0.485361 0.205984
v 1.635000 -0.463472 0.249502
v 1.610901 -0.457554 0.244374
v 1.610901 -0.478774 0.201751
v 1.659099 -0.457554 0.244374
v 1.659099 -0.432517 0.282023
v 1.635000 -0.437644 0.287941
v 1.635000 -0.463472 0.249502
v 1.673993 -0.442061 0.230950
v 1.673993 -0.419092 0.266530
v 1.659099 -0.432517 0.282023
v 1.659099 -0.457554 0.244374
v 1.673993 -0.422911 0.214356
v 1.673993 -0.402498 0.247380
v 1.673993 -0.419092 0.266530
v 1.673993 -0.442061 0.230950
v 1.659099 -0.407418 0.200931
v 1.659099 -0.389074 0.231887
v 1.673993 -0.402498 0.247380
v 1.673993 -0.422911 0.214356
v 1.635000 -0.401500 0.195803
v 1.635000 -0.383946 0.225969
v 1.659099 -0.389074 0.231887
v 1.659099 -0.407418 0.200931
v 1.610901 -0.407418 0.200931
v 1.610901 -0.389074 0.231887
v 1.635000 -0.383946 0.225969
v 1.635000 -0.401500 0.195803
v 1.596007 -0.422911 0.214356
v 1.596007 -0.402498 0.247380
v 1.610901 -0.389074 0.231887
v 1.610901 -0.407418 0.200931
v 1.596007 -0.442061 0.230950
v 1.596007 -0.419092 0.266530
v 1.596007 -0.402498 0.247380
v 1.596007 -0.422911 0.214356
v 1.610901 -0.457554 0.244374
v 1.610901 -0.432517 0.282023
v 1.596007 -0.419092 0.266530
v 1.596007 -0.442061 0.230950
v 1.635000 -0.463472 0.249502
v 1.635000 -0.437644 0.287941
v 1.610901 -0.432517 0.282023
v 1.610901 -0.457554 0.244374
v 1.659099 -0.432517 0.282023
v 1.659099 -0.404171 0.313930
v 1.635000 -0.408404 0.320518
v 1.635000 -0.437644 0.287941
v 1.673993 -0.419092 0.266530
v 1.673993 -0.393088 0.296685
v 1.659099 -0.404171 0.313930
v 1.659099 -0.432517 0.282023
v 1.673993 -0.402498 0.247380
v 1.673993 -0.379388 0.275368
v 1.673993 -0.393088 0.296685
v 1.673993 -0.419092 0.266530
v 1.659099 -0.389074 0.231887
v 1.659099 -0.368305 0.258122
v 1.673993 -0.379388 0.275368
v 1.673993 -0.402498 0.247380
v 1.635000 -0.383946 0.225969
v 1.635000 -0.364072 0.251535
v 1.659099 -0.368305 0.258122
v 1.659099 -0.389074 0.231887
v 1.610901 -0.389074 0.231887
v 1.610901 -0.368305 0.258122
v 1.635000 -0.364072 0.251535
v 1.635000 -0.383946 0.225969
v 1.596007 -0.402498 0.247380
v 1.596007 -0.379388 0.275368
v 1.610901 -0.368305 0.258122
v 1.610901 -0.389074 0.231887
v 1.596007 -0.419092 0.266530
v 1.596007 -0.393088 0.296685
v 1.596007 -0.379388 0.275368
v 1.596007 -0.402498 0.247380
v 1.610901 -0.432517 0.282023
v 1.610901 -0.404171 0.313930
v 1.596007 -0.393088 0.296685
v 1.596007 -0.419092 0.266530
v 1.635000 -0.437644 0.287941
v 1.635000 -0.408404 0.320518
v 1.610901 -0.404171 0.313930
v 1.610901 -0.432517 0.282023
v 1.659099 -0.404171 0.313930
v 1.659099 -0.373093 0.339447
v 1.635000 -0.376346 0.346570
v 1.635000 -0.408404 0.320518
v 1.673993 -0.393088 0.296685
v 1.673993 -0.364577 0.320800
v 1.659099 -0.373093 0.339447
v 1.659099 -0.404171 0.313930
v 1.673993 -0.379388 0.275368
v 1.673993 -0.354051 0.297750
v 1.673993 -0.364577 0.320800
v 1.673993 -0.393088 0.296685
v 1.659099 -0.368305 0.258122
v 1.659099 -0.345535 0.279103
v 1.673993 -0.354051 0.297750
v 1.673993 -0.379388 0.275368
v 1.635000 -0.364072 0.251535
v 1.635000 -0.342282 0.271980
v 1.659099 -0.345535 0.279103
v 1.659099 -0.368305 0.258122
v 1.610901 -0.368305 0.258122
v 1.610901 -0.345535 0.279103
v 1.635000 -0.342282 0.271980
v 1.635000 -0.364072 0.251535
v 1.596007 -0.379388 0.275368
v 1.596007 -0.354051 0.297750
v 1.610901 -0.345535 0.279103
v 1.610901 -0.368305 0.258122
v 1.596007 -0.393088 0.296685
v 1.596007 -0.364577 0.320800
v 1.596007 -0.354051 0.297750
v 1.596007 -0.379388 0.275368
v 1.610901 -0.404171 0.313930
v 1.610901 -0.373093 0.339447
v 1.596007 -0.364577 0.320800
v 1.596007 -0.393088 0.296685
v 1.635000 -0.408404 0.320518
v 1.635000 -0.376346 0.346570
v 1.610901 -0.373093 0.339447
v 1.610901 -0.404171 0.313930
v 1.659099 -0.373093 0.339447
v 1.659099 -0.339917 0.358054
v 1.635000 -0.342124 0.365567
v 1.635000 -0.376346 0.346570
v 1.673993 -0.364577 0.320800
v 1.673993 -0.334142 0.338384
v 1.659099 -0.339917 0.358054
v 1.659099 -0.373093 0.339447
v 1.673993 -0.354051 0.297750
v 1.673993 -0.327003 0.314071
v 1.673993 -0.334142 0.338384
v 1.673993 -0.364577 0.320800
v 1.659099 -0.345535 0.279103
v 1.659099 -0.321228 0.294402
v 1.673993 -0.327003 0.314071
v 1.673993 -0.354051 0.297750
v 1.635000 -0.342282 0.271980
v 1.635000 -0.319021 0.286888
v 1.659099 -0.321228 0.294402
v 1.659099 -0.345535 0.279103
v 1.610901 -0.345535 0.279103
v 1.610901 -0.321228 0.294402
v 1.635000 -0.319021 0.286888
v 1.635000 -0.342282 0.271980
v 1.596007 -0.354051 0.297750
v 1.596007 -0.327003 0.314071
v 1.610901 -0.321228 0.294402
v 1.610901 -0.345535 0.279103
v 1.596007 -0.364577 0.320800
v 1.596007 -0.334142 0.338384
v 1.596007 -0.327003 0.314071
v 1.596007 -0.354051 0.297750
v 1.610901 -0.373093 0.339447
v 1.610901 -0.339917 0.358054
v 1.596007 -0.334142 0.338384
v 1.596007 -0.364577 0.320800
v 1.635000 -0.376346 0.346570
v 1.635000 -0.342124 0.365567
v 1.610901 -0.339917 0.358054
v 1.610901 -0.373093 0.339447
v 1.659099 -0.339917 0.358054
v 1.659099 -0.305318 0.369371
v 1.635000 -0.306433 0.377122
v 1.635000 -0.342124 0.365567
v 1.673993 -0.334142 0.338384
v 1.673993 -0.302401 0.349080
v 1.659099 -0.305318 0.369371
v 1.659099 -0.339917 0.358054
v 1.673993 -0.327003 0.314071
v 1.673993 -0.298795 0.323999
v 1.673993 -0.302401 0.349080
v 1.673993 -0.334142 0.338384
v 1.659099 -0.321228 0.294402
v 1.659099 -0.295877 0.303707
v 1.673993 -0.298795 0.323999
v 1.673993 -0.327003 0.314071
v 1.635000 -0.319021 0.286888
v 1.635000 -0.294763 0.295957
v 1.659099 -0.295877 0.303707
v 1.659099 -0.321228 0.294402
v 1.610901 -0.321228 0.294402
v 1.610901 -0.295877 0.303707
v 1.635000 -0.294763 0.295957
v 1.635000 -0.319021 0.286888
v 1.596007 -0.327003 0.314071
v 1.596007 -0.298795 0.323999
v 1.610901 -0.295877 0.303707
v 1.610901 -0.321228 0.294402
v 1.596007 -0.334142 0.338384
v 1.596007 -0.302401 0.349080
v 1.596007 -0.298795 0.323999
v 1.596007 -0.327003 0.314071
v 1.610901 -0.339917 0.358054
v 1.610901 -0.305318 0.369371
v 1.596007 -0.302401 0.349080
v 1.596007 -0.334142 0.338384
v 1.635000 -0.342124 0.365567
v 1.635000 -0.306433 0.377122
v 1.610901 -0.305318 0.369371
v 1.610901 -0.339917 0.358054
v 1.659099 -0.305318 0.369371
v 1.659099 -0.270000 0.373170
v 1.635000 -0.270000 0.381000
v 1.635000 -0.306433 0.377122
v 1.673993 -0.302401 0.349080
v 1.673993 -0.270000 0.352670
v 1.659099 -0.270000 0.373170
v 1.659099 -0.305318 0.369371
v 1.673993 -0.298795 0.323999
v 1.673993 -0.270000 0.327330
v 1.673993 -0.270000 0.352670
v 1.673993 -0.302401 0.349080
v 1.659099 -0.295877 0.303707
v 1.659099 -0.270000 0.306830
v 1.673993 -0.270000 0.327330
v 1.673993 -0.298795 0.323999
v 1.635000 -0.294763 0.295957
v 1.635000 -0.270000 0.299000
v 1.659099 -0.270000 0.306830
v 1.659099 -0.295877 0.303707
v 1.610901 -0.295877 0.303707
v 1.610901 -0.270000 0.306830
v 1.635000 -0.270000 0.299000
v 1.635000 -0.294763 0.295957
v 1.596007 -0.298795 0.323999
v 1.596007 -0.270000 0.327330
v 1.610901 -0.270000 0.306830
v 1.610901 -0.295877 0.303707
v 1.596007 -0.302401 0.349080
v 1.596007 -0.270000 0.352670
v 1.596007 -0.270000 0.327330
v 1.596007 -0.298795 0.323999
v 1.610901 -0.305318 0.369371
v 1.610901 -0.270000 0.373170
v 1.596007 -0.270000 0.352670
v 1.596007 -0.302401 0.349080
v 1.635000 -0.306433 0.377122
v 1.635000 -0.270000 0.381000
v 1.610901 -0.270000 0.373170
v 1.610901 -0.305318 0.369371
v 1.612000 -0.205000 -0.425000
v 1.653000 -0.205000 -0.425000
v 1.653000 -0.335000 -0.425000
v 1.612000 -0.335000 -0.425000
v 1.653000 -0.205000 -0.255000
v 1.612000 -0.205000 -0.255000
v 1.612000 -0.335000 -0.255000
v 1.653000 -0.335000 -0.255000
v 1.612000 -0.205000 -0.255000
v 1.612000 -0.205000 -0.425000
v 1.612000 -0.335000 -0.425000
v 1.612000 -0.335000 -0.255000
v 1.653000 -0.205000 -0.425000
v 1.653000 -0.205000 -0.255000
v 1.653000 -0.335000 -0.255000
v 1.653000 -0.335000 -0.425000
v 1.612000 -0.205000 -0.255000
v 1.653000 -0.205000 -0.255000
v 1.653000 -0.205000 -0.425000
v 1.612000 -0.205000 -0.425000
v 1.612000 -0.335000 -0.425000
v 1.653000 -0.335000 -0.425000
v 1.653000 -0.335000 -0.255000
v 1.612000 -0.335000 -0.255000
v 1.612000 -0.205000 0.255000
v 1.653000 -0.205000 0.255000
v 1.653000 -0.335000 0.255000
v 1.612000 -0.335000 0.255000
v 1.653000 -0.205000 0.425000
v 1.612000 -0.205000 0.425000
v 1.612000 -0.335000 0.425000
v 1.653000 -0.335000 0.425000
v 1.612000 -0.205000 0.425000
v 1.612000 -0.205000 0.255000
v 1.612000 -0.335000 0.255000
v 1.612000 -0.335000 0.425000
v 1.653000 -0.205000 0.255000
v 1.653000 -0.205000 0.425000
v 1.653000 -0.335000 0.425000
v 1.653000 -0.335000 0.255000
v 1.612000 -0.205000 0.425000
v 1.653000 -0.205000 0.425000
v 1.653000 -0.205000 0.255000
v 1.612000 -0.205000 0.255000
v 1.612000 -0.335000 0.255000
v 1.653000 -0.335000 0.255000
v 1.653000 -0.335000 0.425000
v 1.612000 -0.335000 0.425000
v -1.290000 0.325000 0.995000
v -1.050000 0.325000 0.995000
v -1.050000 0.080000 0.995000
v -1.290000 0.080000 0.995000
v -1.050000 0.325000 1.042000
v -1.290000 0.325000 1.042000
v -1.290000 0.080000 1.042000
v -1.050000 0.080000 1.042000
v -1.290000 0.325000 1.042000
v -1.290000 0.325000 0.995000
v -1.290000 0.080000 0.995000
v -1.290000 0.080000 1.042000
v -1.050000 0.325000 0.995000
v -1.050000 0.325000 1.042000
v -1.050000 0.080000 1.042000
v -1.050000 0.080000 0.995000
v -1.290000 0.325000 1.042000
v -1.050000 0.325000 1.042000
v -1.050000 0.325000 0.995000
v -1.290000 0.325000 0.995000
v -1.290000 0.080000 0.995000
v -1.050000 0.080000 0.995000
v -1.050000 0.080000 1.042000
v -1.290000 0.080000 1.042000
v -1.170000 0.240000 1.046400
v -1.146000 0.240000 1.050000
v -1.150584 0.254107 1.050000
v -1.170000 0.240000 1.046400
v -1.150584 0.254107 1.050000
v -1.162584 0.262825 1.050000
v -1.170000 0.240000 1.046400
v -1.162584 0.262825 1.050000
v -1.177416 0.262825 1.050000
v -1.170000 0.240000 1.046400
v -1.177416 0.262825 1.050000
v -1.189416 0.254107 1.050000
v -1.170000 0.240000 1.046400
v -1.189416 0.254107 1.050000
v -1.194000 0.240000 1.050000
v -1.170000 0.240000 1.046400
v -1.194000 0.240000 1.050000
v -1.189416 0.225893 1.050000
v -1.170000 0.240000 1.046400
v -1.189416 0.225893 1.050000
v -1.177416 0.217175 1.050000
v -1.170000 0.240000 1.046400
v -1.177416 0.217175 1.050000
v -1.162584 0.217175 1.050000
v -1.170000 0.240000 1.046400
v -1.162584 0.217175 1.050000
v -1.150584 0.225893 1.050000
v -1.170000 0.240000 1.046400
v -1.150584 0.225893 1.050000
v -1.146000 0.240000 1.050000
v -0.120000 0.325000 0.995000
v 0.120000 0.325000 0.995000
v 0.120000 0.080000 0.995000
v -0.120000 0.080000 0.995000
v 0.120000 0.325000 1.042000
v -0.120000 0.325000 1.042000
v -0.120000 0.080000 1.042000
v 0.120000 0.080000 1.042000
v -0.120000 0.325000 1.042000
v -0.120000 0.325000 0.995000
v -0.120000 0.080000 0.995000
v -0.120000 0.080000 1.042000
v 0.120000 0.325000 0.995000
v 0.120000 0.325000 1.042000
v 0.120000 0.080000 1.042000
v 0.120000 0.080000 0.995000
v -0.120000 0.325000 1.042000
v 0.120000 0.325000 1.042000
v 0.120000 0.325000 0.995000
v -0.120000 0.325000 0.995000
v -0.120000 0.080000 0.995000
v 0.120000 0.080000 0.995000
v 0.120000 0.080000 1.042000
v -0.120000 0.080000 1.042000
v 0.000000 0.240000 1.046400
v 0.024000 0.240000 1.050000
v 0.019416 0.254107 1.050000
v 0.000000 0.240000 1.046400
v 0.019416 0.254107 1.050000
v 0.007416 0.262825 1.050000
v 0.000000 0.240000 1.046400
v 0.007416 0.262825 1.050000
v -0.007416 0.262825 1.050000
v 0.000000 0.240000 1.046400
v -0.007416 0.262825 1.050000
v -0.019416 0.254107 1.050000
v 0.000000 0.240000 1.046400
v -0.019416 0.254107 1.050000
v -0.024000 0.240000 1.050000
v 0.000000 0.240000 1.046400
v -0.024000 0.240000 1.050000
v -0.019416 0.225893 1.050000
v 0.000000 0.240000 1.046400
v -0.019416 0.225893 1.050000
v -0.007416 0.217175 1.050000
v 0.000000 0.240000 1.046400
v -0.007416 0.217175 1.050000
v 0.007416 0.217175 1.050000
v 0.000000 0.240000 1.046400
v 0.007416 0.217175 1.050000
v 0.019416 0.225893 1.050000
v 0.000000 0.240000 1.046400
v 0.019416 0.225893 1.050000
v 0.024000 0.240000 1.050000
v 1.050000 0.325000 0.995000
v 1.290000 0.325000 0.995000
v 1.290000 0.080000 0.995000
v 1.050000 0.080000 0.995000
v 1.290000 0.325000 1.042000
v 1.050000 0.325000 1.042000
v 1.050000 0.080000 1.042000
v 1.290000 0.080000 1.042000
v 1.050000 0.325000 1.042000
v 1.050000 0.325000 0.995000
v 1.050000 0.080000 0.995000
v 1.050000 0.080000 1.042000
v 1.290000 0.325000 0.995000
v 1.290000 0.325000 1.042000
v 1.290000 0.080000 1.042000
v 1.290000 0.080000 0.995000
v 1.050000 0.325000 1.042000
v 1.290000 0.325000 1.042000
v 1.290000 0.325000 0.995000
v 1.050000 0.325000 0.995000
v 1.050000 0.080000 0.995000
v 1.290000 0.080000 0.995000
v 1.290000 0.080000 1.042000
v 1.050000 0.080000 1.042000
v 1.170000 0.240000 1.046400
v 1.194000 0.240000 1.050000
v 1.189416 0.254107 1.050000
v 1.170000 0.240000 1.046400
v 1.189416 0.254107 1.050000
v 1.177416 0.262825 1.050000
v 1.170000 0.240000 1.046400
v 1.177416 0.262825 1.050000
v 1.162584 0.262825 1.050000
v 1.170000 0.240000 1.046400
v 1.162584 0.262825 1.050000
v 1.150584 0.254107 1.050000
v 1.170000 0.240000 1.046400
v 1.150584 0.254107 1.050000
v 1.146000 0.240000 1.050000
v 1.170000 0.240000 1.046400
v 1.146000 0.240000 1.050000
v 1.150584 0.225893 1.050000
v 1.170000 0.240000 1.046400
v 1.150584 0.225893 1.050000
v 1.162584 0.217175 1.050000
v 1.170000 0.240000 1.046400
v 1.162584 0.217175 1.050000
v 1.177416 0.217175 1.050000
v 1.170000 0.240000 1.046400
v 1.177416 0.217175 1.050000
v 1.189416 0.225893 1.050000
v 1.170000 0.240000 1.046400
v 1.189416 0.225893 1.050000
v 1.194000 0.240000 1.050000
vt 0.142500 0.611887
vt 0.397500 0.611887
vt 0.397500 0.970848
vt 0.142500 0.970848
vt 0.397500 0.647119
vt 0.142500 0.647119
vt 0.142500 0.546080
vt 0.397500 0.546080
vt 0.142500 0.647119
vt 0.142500 0.611887
vt 0.142500 0.970848
vt 0.142500 0.546080
vt 0.397500 0.611887
vt 0.397500 0.647119
vt 0.397500 0.546080
vt 0.397500 0.970848
vt 0.142500 0.647119
vt 0.397500 0.647119
vt 0.397500 0.611887
vt 0.142500 0.611887
vt 0.142500 0.970848
vt 0.397500 0.970848
vt 0.397500 0.546080
vt 0.142500 0.546080
vt 0.136550 0.020719
vt 0.403450 0.020719
vt 0.403450 0.469610
vt 0.136550 0.469610
vt 0.403450 0.058427
vt 0.136550 0.058427
vt 0.136550 0.047318
vt 0.403450 0.047318
vt 0.136550 0.058427
vt 0.136550 0.020719
vt 0.136550 0.469610
vt 0.136550 0.047318
vt 0.403450 0.020719
vt 0.403450 0.058427
vt 0.403450 0.047318
vt 0.403450 0.469610
vt 0.136550 0.058427
vt 0.403450 0.058427
vt 0.403450 0.020719
vt 0.136550 0.020719
vt 0.136550 0.469610
vt 0.403450 0.469610
vt 0.403450 0.047318
vt 0.136550 0.047318
vt 0.140800 0.525377
vt 0.399200 0.525377
vt 0.399200 0.521462
vt 0.140800 0.521462
vt 0.399200 0.561598
vt 0.140800 0.561598
vt 0.140800 0.557684
vt 0.399200 0.557684
vt 0.140800 0.561598
vt 0.140800 0.525377
vt 0.140800 0.521462
vt 0.140800 0.557684
vt 0.399200 0.525377
vt 0.399200 0.561598
vt 0.399200 0.557684
vt 0.399200 0.521462
vt 0.140800 0.561598
vt 0.399200 0.561598
vt 0.399200 0.525377
vt 0.140800 0.525377
vt 0.140800 0.521462
vt 0.399200 0.521462
vt 0.399200 0.557684
vt 0.140800 0.557684
vt 0.153550 0.585071
vt 0.236850 0.585071
vt 0.236850 0.537461
vt 0.153550 0.537461
vt 0.236850 0.585547
vt 0.153550 0.585547
vt 0.153550 0.537937
vt 0.236850 0.537937
vt 0.153550 0.585547
vt 0.153550 0.585071
vt 0.153550 0.537461
vt 0.153550 0.537937
vt 0.236850 0.585071
vt 0.236850 0.585547
vt 0.236850 0.537937
vt 0.236850 0.537461
vt 0.153550 0.585547
vt 0.236850 0.585547
vt 0.236850 0.585071
vt 0.153550 0.585071
vt 0.153550 0.537461
vt 0.236850 0.537461
vt 0.236850 0.537937
vt 0.153550 0.537937
vt 0.153550 0.088131
vt 0.156525 0.088131
vt 0.156525 0.034702
vt 0.153550 0.034702
vt 0.156525 0.088836
vt 0.153550 0.088836
vt 0.153550 0.035407
vt 0.156525 0.035407
vt 0.153550 0.088836
vt 0.153550 0.088131
vt 0.153550 0.034702
vt 0.153550 0.035407
vt 0.156525 0.088131
vt 0.156525 0.088836
vt 0.156525 0.035407
vt 0.156525 0.034702
vt 0.153550 0.088836
vt 0.156525 0.088836
vt 0.156525 0.088131
vt 0.153550 0.088131
vt 0.153550 0.034702
vt 0.156525 0.034702
vt 0.156525 0.035407
vt 0.153550 0.035407
vt 0.233875 0.088131
vt 0.236850 0.088131
vt 0.236850 0.034702
vt 0.233875 0.034702
vt 0.236850 0.088836
vt 0.233875 0.088836
vt 0.233875 0.035407
vt 0.236850 0.035407
vt 0.233875 0.088836
vt 0.233875 0.088131
vt 0.233875 0.034702
vt 0.233875 0.035407
vt 0.236850 0.088131
vt 0.236850 0.088836
vt 0.236850 0.035407
vt 0.236850 0.034702
vt 0.233875 0.088836
vt 0.236850 0.088836
vt 0.236850 0.088131
vt 0.233875 0.088131
vt 0.233875 0.034702
vt 0.236850 0.034702
vt 0.236850 0.035407
vt 0.233875 0.035407
vt 0.153550 0.038405
vt 0.236850 0.038405
vt 0.236850 0.034702
vt 0.153550 0.034702
vt 0.236850 0.039110
vt 0.153550 0.039110
vt 0.153550 0.035407
vt 0.236850 0.035407
vt 0.153550 0.039110
vt 0.153550 0.038405
vt 0.153550 0.034702
vt 0.153550 0.035407
vt 0.236850 0.038405
vt 0.236850 0.039110
vt 0.236850 0.035407
vt 0.236850 0.034702
vt 0.153550 0.039110
vt 0.236850 0.039110
vt 0.236850 0.038405
vt 0.153550 0.038405
vt 0.153550 0.034702
vt 0.236850 0.034702
vt 0.236850 0.035407
vt 0.153550 0.035407
vt 0.153550 0.088131
vt 0.236850 0.088131
vt 0.236850 0.084428
vt 0.153550 0.084428
vt 0.236850 0.088836
vt 0.153550 0.088836
vt 0.153550 0.085133
vt 0.236850 0.085133
vt 0.153550 0.088836
vt 0.153550 0.088131
vt 0.153550 0.084428
vt 0.153550 0.085133
vt 0.236850 0.088131
vt 0.236850 0.088836
vt 0.236850 0.085133
vt 0.236850 0.084428
vt 0.153550 0.088836
vt 0.236850 0.088836
vt 0.236850 0.088131
vt 0.153550 0.088131
vt 0.153550 0.084428
vt 0.236850 0.084428
vt 0.236850 0.085133
vt 0.153550 0.085133
vt 0.239400 0.585071
vt 0.300600 0.585071
vt 0.300600 0.537461
vt 0.239400 0.537461
vt 0.300600 0.585547
vt 0.239400 0.585547
vt 0.239400 0.537937
vt 0.300600 0.537937
vt 0.239400 0.585547
vt 0.239400 0.585071
vt 0.239400 0.537461
vt 0.239400 0.537937
vt 0.300600 0.585071
vt 0.300600 0.585547
vt 0.300600 0.537937
vt 0.300600 0.537461
vt 0.239400 0.585547
vt 0.300600 0.585547
vt 0.300600 0.585071
vt 0.239400 0.585071
vt 0.239400 0.537461
vt 0.300600 0.537461
vt 0.300600 0.537937
vt 0.239400 0.537937
vt 0.239400 0.088131
vt 0.242375 0.088131
vt 0.242375 0.034702
vt 0.239400 0.034702
vt 0.242375 0.088836
vt 0.239400 0.088836
vt 0.239400 0.035407
vt 0.242375 0.035407
vt 0.239400 0.088836
vt 0.239400 0.088131
vt 0.239400 0.034702
vt 0.239400 0.035407
vt 0.242375 0.088131
vt 0.242375 0.088836
vt 0.242375 0.035407
vt 0.242375 0.034702
vt 0.239400 0.088836
vt 0.242375 0.088836
vt 0.242375 0.088131
vt 0.239400 0.088131
vt 0.239400 0.034702
vt 0.242375 0.034702
vt 0.242375 0.035407
vt 0.239400 0.035407
vt 0.297625 0.088131
vt 0.300600 0.088131
vt 0.300600 0.034702
vt 0.297625 0.034702
vt 0.300600 0.088836
vt 0.297625 0.088836
vt 0.297625 0.035407
vt 0.300600 0.035407
vt 0.297625 0.088836
vt 0.297625 0.088131
vt 0.297625 0.034702
vt 0.297625 0.035407
vt 0.300600 0.088131
vt 0.300600 0.088836
vt 0.300600 0.035407
vt 0.300600 0.034702
vt 0.297625 0.088836
vt 0.300600 0.088836
vt 0.300600 0.088131
vt 0.297625 0.088131
vt 0.297625 0.034702
vt 0.300600 0.034702
vt 0.300600 0.035407
vt 0.297625 0.035407
vt 0.239400 0.038405
vt 0.300600 0.038405
vt 0.300600 0.034702
vt 0.239400 0.034702
vt 0.300600 0.039110
vt 0.239400 0.039110
vt 0.239400 0.035407
vt 0.300600 0.035407
vt 0.239400 0.039110
vt 0.239400 0.038405
vt 0.239400 0.034702
vt 0.239400 0.035407
vt 0.300600 0.038405
vt 0.300600 0.039110
vt 0.300600 0.035407
vt 0.300600 0.034702
vt 0.239400 0.039110
vt 0.300600 0.039110
vt 0.300600 0.038405
vt 0.239400 0.038405
vt 0.239400 0.034702
vt 0.300600 0.034702
vt 0.300600 0.035407
vt 0.239400 0.035407
vt 0.239400 0.088131
vt 0.300600 0.088131
vt 0.300600 0.084428
vt 0.239400 0.084428
vt 0.300600 0.088836
vt 0.239400 0.088836
vt 0.239400 0.085133
vt 0.300600 0.085133
vt 0.239400 0.088836
vt 0.239400 0.088131
vt 0.239400 0.084428
vt 0.239400 0.085133
vt 0.300600 0.088131
vt 0.300600 0.088836
vt 0.300600 0.085133
vt 0.300600 0.084428
vt 0.239400 0.088836
vt 0.300600 0.088836
vt 0.300600 0.088131
vt 0.239400 0.088131
vt 0.239400 0.084428
vt 0.300600 0.084428
vt 0.300600 0.085133
vt 0.239400 0.085133
vt 0.303150 0.585071
vt 0.386450 0.585071
vt 0.386450 0.537461
vt 0.303150 0.537461
vt 0.386450 0.585547
vt 0.303150 0.585547
vt 0.303150 0.537937
vt 0.386450 0.537937
vt 0.303150 0.585547
vt 0.303150 0.585071
vt 0.303150 0.537461
vt 0.303150 0.537937
vt 0.386450 0.585071
vt 0.386450 0.585547
vt 0.386450 0.537937
vt 0.386450 0.537461
vt 0.303150 0.585547
vt 0.386450 0.585547
vt 0.386450 0.585071
vt 0.303150 0.585071
vt 0.303150 0.537461
vt 0.386450 0.537461
vt 0.386450 0.537937
vt 0.303150 0.537937
vt 0.303150 0.088131
vt 0.306125 0.088131
vt 0.306125 0.034702
vt 0.303150 0.034702
vt 0.306125 0.088836
vt 0.303150 0.088836
vt 0.303150 0.035407
vt 0.306125 0.035407
vt 0.303150 0.088836
vt 0.303150 0.088131
vt 0.303150 0.034702
vt 0.303150 0.035407
vt 0.306125 0.088131
vt 0.306125 0.088836
vt 0.306125 0.035407
vt 0.306125 0.034702
vt 0.303150 0.088836
vt 0.306125 0.088836
vt 0.306125 0.088131
vt 0.303150 0.088131
vt 0.303150 0.034702
vt 0.306125 0.034702
vt 0.306125 0.035407
vt 0.303150 0.035407
vt 0.383475 0.088131
vt 0.386450 0.088131
vt 0.386450 0.034702
vt 0.383475 0.034702
vt 0.386450 0.088836
vt 0.383475 0.088836
vt 0.383475 0.035407
vt 0.386450 0.035407
vt 0.383475 0.088836
vt 0.383475 0.088131
vt 0.383475 0.034702
vt 0.383475 0.035407
vt 0.386450 0.088131
vt 0.386450 0.088836
vt 0.386450 0.035407
vt 0.386450 0.034702
vt 0.383475 0.088836
vt 0.386450 0.088836
vt 0.386450 0.088131
vt 0.383475 0.088131
vt 0.383475 0.034702
vt 0.386450 0.034702
vt 0.386450 0.035407
vt 0.383475 0.035407
vt 0.303150 0.038405
vt 0.386450 0.038405
vt 0.386450 0.034702
vt 0.303150 0.034702
vt 0.386450 0.039110
vt 0.303150 0.039110
vt 0.303150 0.035407
vt 0.386450 0.035407
vt 0.303150 0.039110
vt 0.303150 0.038405
vt 0.303150 0.034702
vt 0.303150 0.035407
vt 0.386450 0.038405
vt 0.386450 0.039110
vt 0.386450 0.035407
vt 0.386450 0.034702
vt 0.303150 0.039110
vt 0.386450 0.039110
vt 0.386450 0.038405
vt 0.303150 0.038405
vt 0.303150 0.034702
vt 0.386450 0.034702
vt 0.386450 0.035407
vt 0.303150 0.035407
vt 0.303150 0.088131
vt 0.386450 0.088131
vt 0.386450 0.084428
vt 0.303150 0.084428
vt 0.386450 0.088836
vt 0.303150 0.088836
vt 0.303150 0.085133
vt 0.386450 0.085133
vt 0.303150 0.088836
vt 0.303150 0.088131
vt 0.303150 0.084428
vt 0.303150 0.085133
vt 0.386450 0.088131
vt 0.386450 0.088836
vt 0.386450 0.085133
vt 0.386450 0.084428
vt 0.303150 0.088836
vt 0.386450 0.088836
vt 0.386450 0.088131
vt 0.303150 0.088131
vt 0.303150 0.084428
vt 0.386450 0.084428
vt 0.386450 0.085133
vt 0.303150 0.085133
vt 0.153550 0.621617
vt 0.236850 0.621617
vt 0.236850 0.574007
vt 0.153550 0.574007
vt 0.236850 0.622093
vt 0.153550 0.622093
vt 0.153550 0.574483
vt 0.236850 0.574483
vt 0.153550 0.622093
vt 0.153550 0.621617
vt 0.153550 0.574007
vt 0.153550 0.574483
vt 0.236850 0.621617
vt 0.236850 0.622093
vt 0.236850 0.574483
vt 0.236850 0.574007
vt 0.153550 0.622093
vt 0.236850 0.622093
vt 0.236850 0.621617
vt 0.153550 0.621617
vt 0.153550 0.574007
vt 0.236850 0.574007
vt 0.236850 0.574483
vt 0.153550 0.574483
vt 0.153550 0.124676
vt 0.156525 0.124676
vt 0.156525 0.071247
vt 0.153550 0.071247
vt 0.156525 0.125381
vt 0.153550 0.125381
vt 0.153550 0.071952
vt 0.156525 0.071952
vt 0.153550 0.125381
vt 0.153550 0.124676
vt 0.153550 0.071247
vt 0.153550 0.071952
vt 0.156525 0.124676
vt 0.156525 0.125381
vt 0.156525 0.071952
vt 0.156525 0.071247
vt 0.153550 0.125381
vt 0.156525 0.125381
vt 0.156525 0.124676
vt 0.153550 0.124676
vt 0.153550 0.071247
vt 0.156525 0.071247
vt 0.156525 0.071952
vt 0.153550 0.071952
vt 0.233875 0.124676
vt 0.236850 0.124676
vt 0.236850 0.071247
vt 0.233875 0.071247
vt 0.236850 0.125381
vt 0.233875 0.125381
vt 0.233875 0.071952
vt 0.236850 0.071952
vt 0.233875 0.125381
vt 0.233875 0.124676
vt 0.233875 0.071247
vt 0.233875 0.071952
vt 0.236850 0.124676
vt 0.236850 0.125381
vt 0.236850 0.071952
vt 0.236850 0.071247
vt 0.233875 0.125381
vt 0.236850 0.125381
vt 0.236850 0.124676
vt 0.233875 0.124676
vt 0.233875 0.071247
vt 0.236850 0.071247
vt 0.236850 0.071952
vt 0.233875 0.071952
vt 0.153550 0.074950
vt 0.236850 0.074950
vt 0.236850 0.071247
vt 0.153550 0.071247
vt 0.236850 0.075655
vt 0.153550 0.075655
vt 0.153550 0.071952
vt 0.236850 0.071952
vt 0.153550 0.075655
vt 0.153550 0.074950
vt 0.153550 0.071247
vt 0.153550 0.071952
vt 0.236850 0.074950
vt 0.236850 0.075655
vt 0.236850 0.071952
vt 0.236850 0.071247
vt 0.153550 0.075655
vt 0.236850 0.075655
vt 0.236850 0.074950
vt 0.153550 0.074950
vt 0.153550 0.071247
vt 0.236850 0.071247
vt 0.236850 0.071952
vt 0.153550 0.071952
vt 0.153550 0.124676
vt 0.236850 0.124676
vt 0.236850 0.120973
vt 0.153550 0.120973
vt 0.236850 0.125381
vt 0.153550 0.125381
vt 0.153550 0.121678
vt 0.236850 0.121678
vt 0.153550 0.125381
vt 0.153550 0.124676
vt 0.153550 0.120973
vt 0.153550 0.121678
vt 0.236850 0.124676
vt 0.236850 0.125381
vt 0.236850 0.121678
vt 0.236850 0.120973
vt 0.153550 0.125381
vt 0.236850 0.125381
vt 0.236850 0.124676
vt 0.153550 0.124676
vt 0.153550 0.120973
vt 0.236850 0.120973
vt 0.236850 0.121678
vt 0.153550 0.121678
vt 0.239400 0.621617
vt 0.300600 0.621617
vt 0.300600 0.574007
vt 0.239400 0.574007
vt 0.300600 0.622093
vt 0.239400 0.622093
vt 0.239400 0.574483
vt 0.300600 0.574483
vt 0.239400 0.622093
vt 0.239400 0.621617
vt 0.239400 0.574007
vt 0.239400 0.574483
vt 0.300600 0.621617
vt 0.300600 0.622093
vt 0.300600 0.574483
vt 0.300600 0.574007
vt 0.239400 0.622093
vt 0.300600 0.622093
vt 0.300600 0.621617
vt 0.239400 0.621617
vt 0.239400 0.574007
vt 0.300600 0.574007
vt 0.300600 0.574483
vt 0.239400 0.574483
vt 0.239400 0.124676
vt 0.242375 0.124676
vt 0.242375 0.071247
vt 0.239400 0.071247
vt 0.242375 0.125381
vt 0.239400 0.125381
vt 0.239400 0.071952
vt 0.242375 0.071952
vt 0.239400 0.125381
vt 0.239400 0.124676
vt 0.239400 0.071247
vt 0.239400 0.071952
vt 0.242375 0.124676
vt 0.242375 0.125381
vt 0.242375 0.071952
vt 0.242375 0.071247
vt 0.239400 0.125381
vt 0.242375 0.125381
vt 0.242375 0.124676
vt 0.239400 0.124676
vt 0.239400 0.071247
vt 0.242375 0.071247
vt 0.242375 0.071952
vt 0.239400 0.071952
vt 0.297625 0.124676
vt 0.300600 0.124676
vt 0.300600 0.071247
vt 0.297625 0.071247
vt 0.300600 0.125381
vt 0.297625 0.125381
vt 0.297625 0.071952
vt 0.300600 0.071952
vt 0.297625 0.125381
vt 0.297625 0.124676
vt 0.297625 0.071247
vt 0.297625 0.071952
vt 0.300600 0.124676
vt 0.300600 0.125381
vt 0.300600 0.071952
vt 0.300600 0.071247
vt 0.297625 0.125381
vt 0.300600 0.125381
vt 0.300600 0.124676
vt 0.297625 0.124676
vt 0.297625 0.071247
vt 0.300600 0.071247
vt 0.300600 0.071952
vt 0.297625 0.071952
vt 0.239400 0.074950
vt 0.300600 0.074950
vt 0.300600 0.071247
vt 0.239400 0.071247
vt 0.300600 0.075655
vt 0.239400 0.075655
vt 0.239400 0.071952
vt 0.300600 0.071952
vt 0.239400 0.075655
vt 0.239400 0.074950
vt 0.239400 0.071247
vt 0.239400 0.071952
vt 0.300600 0.074950
vt 0.300600 0.075655
vt 0.300600 0.071952
vt 0.300600 0.071247
vt 0.239400 0.075655
vt 0.300600 0.075655
vt 0.300600 0.074950
vt 0.239400 0.074950
vt 0.239400 0.071247
vt 0.300600 0.071247
vt 0.300600 0.071952
vt 0.239400 0.071952
vt 0.239400 0.124676
vt 0.300600 0.124676
vt 0.300600 0.120973
vt 0.239400 0.120973
vt 0.300600 0.125381
vt 0.239400 0.125381
vt 0.239400 0.121678
vt 0.300600 0.121678
vt 0.239400 0.125381
vt 0.239400 0.124676
vt 0.239400 0.120973
vt 0.239400 0.121678
vt 0.300600 0.124676
vt 0.300600 0.125381
vt 0.300600 0.121678
vt 0.300600 0.120973
vt 0.239400 0.125381
vt 0.300600 0.125381
vt 0.300600 0.124676
vt 0.239400 0.124676
vt 0.239400 0.120973
vt 0.300600 0.120973
vt 0.300600 0.121678
vt 0.239400 0.121678
vt 0.303150 0.621617
vt 0.386450 0.621617
vt 0.386450 0.574007
vt 0.303150 0.574007
vt 0.386450 0.622093
vt 0.303150 0.622093
vt 0.303150 0.574483
vt 0.386450 0.574483
vt 0.303150 0.622093
vt 0.303150 0.621617
vt 0.303150 0.574007
vt 0.303150 0.574483
vt 0.386450 0.621617
vt 0.386450 0.622093
vt 0.386450 0.574483
vt 0.386450 0.574007
vt 0.303150 0.622093
vt 0.386450 0.622093
vt 0.386450 0.621617
vt 0.303150 0.621617
vt 0.303150 0.574007
vt 0.386450 0.574007
vt 0.386450 0.574483
vt 0.303150 0.574483
vt 0.303150 0.124676
vt 0.306125 0.124676
vt 0.306125 0.071247
vt 0.303150 0.071247
vt 0.306125 0.125381
vt 0.303150 0.125381
vt 0.303150 0.071952
vt 0.306125 0.071952
vt 0.303150 0.125381
vt 0.303150 0.124676
vt 0.303150 0.071247
vt 0.303150 0.071952
vt 0.306125 0.124676
vt 0.306125 0.125381
vt 0.306125 0.071952
vt 0.306125 0.071247
vt 0.303150 0.125381
vt 0.306125 0.125381
vt 0.306125 0.124676
vt 0.303150 0.124676
vt 0.303150 0.071247
vt 0.306125 0.071247
vt 0.306125 0.071952
vt 0.303150 0.071952
vt 0.383475 0.124676
vt 0.386450 0.124676
vt 0.386450 0.071247
vt 0.383475 0.071247
vt 0.386450 0.125381
vt 0.383475 0.125381
vt 0.383475 0.071952
vt 0.386450 0.071952
vt 0.383475 0.125381
vt 0.383475 0.124676
vt 0.383475 0.071247
vt 0.383475 0.071952
vt 0.386450 0.124676
vt 0.386450 0.125381
vt 0.386450 0.071952
vt 0.386450 0.071247
vt 0.383475 0.125381
vt 0.386450 0.125381
vt 0.386450 0.124676
vt 0.383475 0.124676
vt 0.383475 0.071247
vt 0.386450 0.071247
vt 0.386450 0.071952
vt 0.383475 0.071952
vt 0.303150 0.074950
vt 0.386450 0.074950
vt 0.386450 0.071247
vt 0.303150 0.071247
vt 0.386450 0.075655
vt 0.303150 0.075655
vt 0.303150 0.071952
vt 0.386450 0.071952
vt 0.303150 0.075655
vt 0.303150 0.074950
vt 0.303150 0.071247
vt 0.303150 0.071952
vt 0.386450 0.074950
vt 0.386450 0.075655
vt 0.386450 0.071952
vt 0.386450 0.071247
vt 0.303150 0.075655
vt 0.386450 0.075655
vt 0.386450 0.074950
vt 0.303150 0.074950
vt 0.303150 0.071247
vt 0.386450 0.071247
vt 0.386450 0.071952
vt 0.303150 0.071952
vt 0.303150 0.124676
vt 0.386450 0.124676
vt 0.386450 0.120973
vt 0.303150 0.120973
vt 0.386450 0.125381
vt 0.303150 0.125381
vt 0.303150 0.121678
vt 0.386450 0.121678
vt 0.303150 0.125381
vt 0.303150 0.124676
vt 0.303150 0.120973
vt 0.303150 0.121678
vt 0.386450 0.124676
vt 0.386450 0.125381
vt 0.386450 0.121678
vt 0.386450 0.120973
vt 0.303150 0.125381
vt 0.386450 0.125381
vt 0.386450 0.124676
vt 0.303150 0.124676
vt 0.303150 0.120973
vt 0.386450 0.120973
vt 0.386450 0.121678
vt 0.303150 0.121678
vt 0.138420 0.590061
vt 0.140120 0.590061
vt 0.140120 0.544567
vt 0.138420 0.544567
vt 0.140120 0.602249
vt 0.138420 0.602249
vt 0.138420 0.556755
vt 0.140120 0.556755
vt 0.138420 0.602249
vt 0.138420 0.590061
vt 0.138420 0.544567
vt 0.138420 0.556755
vt 0.140120 0.590061
vt 0.140120 0.602249
vt 0.140120 0.556755
vt 0.140120 0.544567
vt 0.138420 0.602249
vt 0.140120 0.602249
vt 0.140120 0.590061
vt 0.138420 0.590061
vt 0.138420 0.544567
vt 0.140120 0.544567
vt 0.140120 0.556755
vt 0.138420 0.556755
vt 0.138420 0.604915
vt 0.140120 0.604915
vt 0.140120 0.559421
vt 0.138420 0.559421
vt 0.140120 0.617103
vt 0.138420 0.617103
vt 0.138420 0.571609
vt 0.140120 0.571609
vt 0.138420 0.617103
vt 0.138420 0.604915
vt 0.138420 0.559421
vt 0.138420 0.571609
vt 0.140120 0.604915
vt 0.140120 0.617103
vt 0.140120 0.571609
vt 0.140120 0.559421
vt 0.138420 0.617103
vt 0.140120 0.617103
vt 0.140120 0.604915
vt 0.138420 0.604915
vt 0.138420 0.559421
vt 0.140120 0.559421
vt 0.140120 0.571609
vt 0.138420 0.571609
vt 0.399880 0.590061
vt 0.401580 0.590061
vt 0.401580 0.544567
vt 0.399880 0.544567
vt 0.401580 0.602249
vt 0.399880 0.602249
vt 0.399880 0.556755
vt 0.401580 0.556755
vt 0.399880 0.602249
vt 0.399880 0.590061
vt 0.399880 0.544567
vt 0.399880 0.556755
vt 0.401580 0.590061
vt 0.401580 0.602249
vt 0.401580 0.556755
vt 0.401580 0.544567
vt 0.399880 0.602249
vt 0.401580 0.602249
vt 0.401580 0.590061
vt 0.399880 0.590061
vt 0.399880 0.544567
vt 0.401580 0.544567
vt 0.401580 0.556755
vt 0.399880 0.556755
vt 0.399880 0.604915
vt 0.401580 0.604915
vt 0.401580 0.559421
vt 0.399880 0.559421
vt 0.401580 0.617103
vt 0.399880 0.617103
vt 0.399880 0.571609
vt 0.401580 0.571609
vt 0.399880 0.617103
vt 0.399880 0.604915
vt 0.399880 0.559421
vt 0.399880 0.571609
vt 0.401580 0.604915
vt 0.401580 0.617103
vt 0.401580 0.571609
vt 0.401580 0.559421
vt 0.399880 0.617103
vt 0.401580 0.617103
vt 0.401580 0.604915
vt 0.399880 0.604915
vt 0.399880 0.559421
vt 0.401580 0.559421
vt 0.401580 0.571609
vt 0.399880 0.571609
vt 0.136975 0.643656
vt 0.403025 0.643656
vt 0.403025 0.621706
vt 0.136975 0.621706
vt 0.136975 0.652942
vt 0.403025 0.652942
vt 0.403025 0.643656
vt 0.136975 0.643656
vt 0.136975 0.659999
vt 0.403025 0.659999
vt 0.403025 0.652942
vt 0.136975 0.652942
vt 0.136975 0.665839
vt 0.403025 0.665839
vt 0.403025 0.659999
vt 0.136975 0.659999
vt 0.136975 0.670858
vt 0.403025 0.670858
vt 0.403025 0.665839
vt 0.136975 0.665839
vt 0.136975 0.675260
vt 0.403025 0.675260
vt 0.403025 0.670858
vt 0.136975 0.670858
vt 0.136975 0.679169
vt 0.403025 0.679169
vt 0.403025 0.675260
vt 0.136975 0.675260
vt 0.136975 0.682663
vt 0.403025 0.682663
vt 0.403025 0.679169
vt 0.136975 0.679169
vt 0.136975 0.685795
vt 0.403025 0.685795
vt 0.403025 0.682663
vt 0.136975 0.682663
vt 0.136975 0.688606
vt 0.403025 0.688606
vt 0.403025 0.685795
vt 0.136975 0.685795
vt 0.136975 0.691123
vt 0.403025 0.691123
vt 0.403025 0.688606
vt 0.136975 0.688606
vt 0.136975 0.693367
vt 0.403025 0.693367
vt 0.403025 0.691123
vt 0.136975 0.691123
vt 0.136975 0.695354
vt 0.403025 0.695354
vt 0.403025 0.693367
vt 0.136975 0.693367
vt 0.136975 0.697094
vt 0.403025 0.697094
vt 0.403025 0.695354
vt 0.136975 0.695354
vt 0.136975 0.698595
vt 0.403025 0.698595
vt 0.403025 0.697094
vt 0.136975 0.697094
vt 0.136975 0.699860
vt 0.403025 0.699860
vt 0.403025 0.698595
vt 0.136975 0.698595
vt 0.136975 0.700892
vt 0.403025 0.700892
vt 0.403025 0.699860
vt 0.136975 0.699860
vt 0.136975 0.701688
vt 0.403025 0.701688
vt 0.403025 0.700892
vt 0.136975 0.700892
vt 0.136975 0.702246
vt 0.403025 0.702246
vt 0.403025 0.701688
vt 0.136975 0.701688
vt 0.136975 0.702556
vt 0.403025 0.702556
vt 0.403025 0.702246
vt 0.136975 0.702246
vt 0.136975 0.702609
vt 0.403025 0.702609
vt 0.403025 0.702556
vt 0.136975 0.702556
vt 0.136975 0.702389
vt 0.403025 0.702389
vt 0.403025 0.702609
vt 0.136975 0.702609
vt 0.136975 0.701876
vt 0.403025 0.701876
vt 0.403025 0.702389
vt 0.136975 0.702389
vt 0.136975 0.701040
vt 0.403025 0.701040
vt 0.403025 0.701876
vt 0.136975 0.701876
vt 0.136975 0.699844
vt 0.403025 0.699844
vt 0.403025 0.701040
vt 0.136975 0.701040
vt 0.136975 0.698232
vt 0.403025 0.698232
vt 0.403025 0.699844
vt 0.136975 0.699844
vt 0.136975 0.696127
vt 0.403025 0.696127
vt 0.403025 0.698232
vt 0.136975 0.698232
vt 0.136975 0.693405
vt 0.403025 0.693405
vt 0.403025 0.696127
vt 0.136975 0.696127
vt 0.136975 0.689862
vt 0.403025 0.689862
vt 0.403025 0.693405
vt 0.136975 0.693405
vt 0.136975 0.685103
vt 0.403025 0.685103
vt 0.403025 0.689862
vt 0.136975 0.689862
vt 0.136975 0.678113
vt 0.403025 0.678113
vt 0.403025 0.685103
vt 0.136975 0.685103
vt 0.136975 0.658460
vt 0.403025 0.658460
vt 0.403025 0.678113
vt 0.136975 0.678113
vt 0.136975 0.621706
vt 0.403025 0.621706
vt 0.403025 0.609010
vt 0.136975 0.609010
vt 0.403025 0.622486
vt 0.136975 0.622486
vt 0.136975 0.609790
vt 0.403025 0.609790
vt 0.136975 0.622486
vt 0.136975 0.621706
vt 0.136975 0.609010
vt 0.136975 0.609790
vt 0.403025 0.621706
vt 0.403025 0.622486
vt 0.403025 0.609790
vt 0.403025 0.609010
vt 0.136975 0.622486
vt 0.403025 0.622486
vt 0.403025 0.621706
vt 0.136975 0.621706
vt 0.136975 0.609010
vt 0.403025 0.609010
vt 0.403025 0.609790
vt 0.136975 0.609790
vt 0.136975 0.657680
vt 0.403025 0.657680
vt 0.403025 0.644984
vt 0.136975 0.644984
vt 0.403025 0.658460
vt 0.136975 0.658460
vt 0.136975 0.645764
vt 0.403025 0.645764
vt 0.136975 0.658460
vt 0.136975 0.657680
vt 0.136975 0.644984
vt 0.136975 0.645764
vt 0.403025 0.657680
vt 0.403025 0.658460
vt 0.403025 0.645764
vt 0.403025 0.644984
vt 0.136975 0.658460
vt 0.403025 0.658460
vt 0.403025 0.657680
vt 0.136975 0.657680
vt 0.136975 0.644984
vt 0.403025 0.644984
vt 0.403025 0.645764
vt 0.136975 0.645764
vt 0.136975 0.609010
vt 0.403025 0.609010
vt 0.403025 0.645764
vt 0.136975 0.645764
vt 0.136975 0.621706
vt 0.136975 0.609010
vt 0.136975 0.638496
vt 0.136975 0.643656
vt 0.136975 0.621706
vt 0.136975 0.638496
vt 0.136975 0.652942
vt 0.136975 0.643656
vt 0.136975 0.638496
vt 0.136975 0.659999
vt 0.136975 0.652942
vt 0.136975 0.638496
vt 0.136975 0.665839
vt 0.136975 0.659999
vt 0.136975 0.638496
vt 0.136975 0.670858
vt 0.136975 0.665839
vt 0.136975 0.638496
vt 0.136975 0.675260
vt 0.136975 0.670858
vt 0.136975 0.638496
vt 0.136975 0.679169
vt 0.136975 0.675260
vt 0.136975 0.638496
vt 0.136975 0.682663
vt 0.136975 0.679169
vt 0.136975 0.638496
vt 0.136975 0.685795
vt 0.136975 0.682663
vt 0.136975 0.638496
vt 0.136975 0.688606
vt 0.136975 0.685795
vt 0.136975 0.638496
vt 0.136975 0.691123
vt 0.136975 0.688606
vt 0.136975 0.638496
vt 0.136975 0.693367
vt 0.136975 0.691123
vt 0.136975 0.638496
vt 0.136975 0.695354
vt 0.136975 0.693367
vt 0.136975 0.638496
vt 0.136975 0.697094
vt 0.136975 0.695354
vt 0.136975 0.638496
vt 0.136975 0.698595
vt 0.136975 0.697094
vt 0.136975 0.638496
vt 0.136975 0.699860
vt 0.136975 0.698595
vt 0.136975 0.638496
vt 0.136975 0.700892
vt 0.136975 0.699860
vt 0.136975 0.638496
vt 0.136975 0.701688
vt 0.136975 0.700892
vt 0.136975 0.638496
vt 0.136975 0.702246
vt 0.136975 0.701688
vt 0.136975 0.638496
vt 0.136975 0.702556
vt 0.136975 0.702246
vt 0.136975 0.638496
vt 0.136975 0.702609
vt 0.136975 0.702556
vt 0.136975 0.638496
vt 0.136975 0.702389
vt 0.136975 0.702609
vt 0.136975 0.638496
vt 0.136975 0.701876
vt 0.136975 0.702389
vt 0.136975 0.638496
vt 0.136975 0.701040
vt 0.136975 0.701876
vt 0.136975 0.638496
vt 0.136975 0.699844
vt 0.136975 0.701040
vt 0.136975 0.638496
vt 0.136975 0.698232
vt 0.136975 0.699844
vt 0.136975 0.638496
vt 0.136975 0.696127
vt 0.136975 0.698232
vt 0.136975 0.638496
vt 0.136975 0.693405
vt 0.136975 0.696127
vt 0.136975 0.638496
vt 0.136975 0.689862
vt 0.136975 0.693405
vt 0.136975 0.638496
vt 0.136975 0.685103
vt 0.136975 0.689862
vt 0.136975 0.638496
vt 0.136975 0.678113
vt 0.136975 0.685103
vt 0.136975 0.638496
vt 0.136975 0.658460
vt 0.136975 0.678113
vt 0.136975 0.638496
vt 0.136975 0.645764
vt 0.136975 0.658460
vt 0.136975 0.638496
vt 0.136975 0.609010
vt 0.136975 0.645764
vt 0.136975 0.638496
vt 0.403025 0.638496
vt 0.403025 0.609010
vt 0.403025 0.621706
vt 0.403025 0.638496
vt 0.403025 0.621706
vt 0.403025 0.643656
vt 0.403025 0.638496
vt 0.403025 0.643656
vt 0.403025 0.652942
vt 0.403025 0.638496
vt 0.403025 0.652942
vt 0.403025 0.659999
vt 0.403025 0.638496
vt 0.403025 0.659999
vt 0.403025 0.665839
vt 0.403025 0.638496
vt 0.403025 0.665839
vt 0.403025 0.670858
vt 0.403025 0.638496
vt 0.403025 0.670858
vt 0.403025 0.675260
vt 0.403025 0.638496
vt 0.403025 0.675260
vt 0.403025 0.679169
vt 0.403025 0.638496
vt 0.403025 0.679169
vt 0.403025 0.682663
vt 0.403025 0.638496
vt 0.403025 0.682663
vt 0.403025 0.685795
vt 0.403025 0.638496
vt 0.403025 0.685795
vt 0.403025 0.688606
vt 0.403025 0.638496
vt 0.403025 0.688606
vt 0.403025 0.691123
vt 0.403025 0.638496
vt 0.403025 0.691123
vt 0.403025 0.693367
vt 0.403025 0.638496
vt 0.403025 0.693367
vt 0.403025 0.695354
vt 0.403025 0.638496
vt 0.403025 0.695354
vt 0.403025 0.697094
vt 0.403025 0.638496
vt 0.403025 0.697094
vt 0.403025 0.698595
vt 0.403025 0.638496
vt 0.403025 0.698595
vt 0.403025 0.699860
vt 0.403025 0.638496
vt 0.403025 0.699860
vt 0.403025 0.700892
vt 0.403025 0.638496
vt 0.403025 0.700892
vt 0.403025 0.701688
vt 0.403025 0.638496
vt 0.403025 0.701688
vt 0.403025 0.702246
vt 0.403025 0.638496
vt 0.403025 0.702246
vt 0.403025 0.702556
vt 0.403025 0.638496
vt 0.403025 0.702556
vt 0.403025 0.702609
vt 0.403025 0.638496
vt 0.403025 0.702609
vt 0.403025 0.702389
vt 0.403025 0.638496
vt 0.403025 0.702389
vt 0.403025 0.701876
vt 0.403025 0.638496
vt 0.403025 0.701876
vt 0.403025 0.701040
vt 0.403025 0.638496
vt 0.403025 0.701040
vt 0.403025 0.699844
vt 0.403025 0.638496
vt 0.403025 0.699844
vt 0.403025 0.698232
vt 0.403025 0.638496
vt 0.403025 0.698232
vt 0.403025 0.696127
vt 0.403025 0.638496
vt 0.403025 0.696127
vt 0.403025 0.693405
vt 0.403025 0.638496
vt 0.403025 0.693405
vt 0.403025 0.689862
vt 0.403025 0.638496
vt 0.403025 0.689862
vt 0.403025 0.685103
vt 0.403025 0.638496
vt 0.403025 0.685103
vt 0.403025 0.678113
vt 0.403025 0.638496
vt 0.403025 0.678113
vt 0.403025 0.658460
vt 0.403025 0.638496
vt 0.403025 0.658460
vt 0.403025 0.645764
vt 0.403025 0.638496
vt 0.403025 0.645764
vt 0.403025 0.609010
vt 0.137570 0.188020
vt 0.402430 0.188020
vt 0.402430 0.187277
vt 0.137570 0.187277
vt 0.137570 0.202436
vt 0.402430 0.202436
vt 0.402430 0.202569
vt 0.137570 0.202569
vt 0.502069 0.927769
vt 0.518869 0.927769
vt 0.510425 0.899210
vt 0.993625 0.899210
vt 0.502069 0.925409
vt 0.502069 0.927769
vt 0.993625 0.899210
vt 0.993625 0.896850
vt 0.510425 0.896850
vt 0.510425 0.899210
vt 0.518869 0.927769
vt 0.518869 0.925409
vt 0.510512 0.945867
vt 0.527312 0.945867
vt 0.518869 0.927769
vt 0.502069 0.927769
vt 0.510512 0.943507
vt 0.510512 0.945867
vt 0.502069 0.927769
vt 0.502069 0.925409
vt 0.518869 0.925409
vt 0.518869 0.927769
vt 0.527312 0.945867
vt 0.527312 0.943507
vt 0.518956 0.962122
vt 0.535756 0.962122
vt 0.527312 0.945867
vt 0.510512 0.945867
vt 0.518956 0.959762
vt 0.518956 0.962122
vt 0.510512 0.945867
vt 0.510512 0.943507
vt 0.527312 0.943507
vt 0.527312 0.945867
vt 0.535756 0.962122
vt 0.535756 0.959762
vt 0.527400 0.977372
vt 0.544200 0.977372
vt 0.535756 0.962122
vt 0.518956 0.962122
vt 0.527400 0.975013
vt 0.527400 0.977372
vt 0.518956 0.962122
vt 0.518956 0.959762
vt 0.535756 0.959762
vt 0.535756 0.962122
vt 0.544200 0.977372
vt 0.544200 0.975013
vt 0.535844 0.531945
vt 0.552644 0.531945
vt 0.544200 0.977372
vt 0.527400 0.977372
vt 0.535844 0.529585
vt 0.535844 0.531945
vt 0.527400 0.977372
vt 0.527400 0.975013
vt 0.544200 0.975013
vt 0.544200 0.977372
vt 0.552644 0.531945
vt 0.552644 0.529585
vt 0.544288 0.546008
vt 0.561087 0.546008
vt 0.552644 0.531945
vt 0.535844 0.531945
vt 0.544288 0.543648
vt 0.544288 0.546008
vt 0.535844 0.531945
vt 0.535844 0.529585
vt 0.552644 0.529585
vt 0.552644 0.531945
vt 0.561087 0.546008
vt 0.561087 0.543648
vt 0.552731 0.559663
vt 0.569531 0.559663
vt 0.561087 0.546008
vt 0.544288 0.546008
vt 0.552731 0.557303
vt 0.552731 0.559663
vt 0.544288 0.546008
vt 0.544288 0.543648
vt 0.561087 0.543648
vt 0.561087 0.546008
vt 0.569531 0.559663
vt 0.569531 0.557303
vt 0.561175 0.572975
vt 0.577975 0.572975
vt 0.569531 0.559663
vt 0.552731 0.559663
vt 0.561175 0.570615
vt 0.561175 0.572975
vt 0.552731 0.559663
vt 0.552731 0.557303
vt 0.569531 0.557303
vt 0.569531 0.559663
vt 0.577975 0.572975
vt 0.577975 0.570615
vt 0.569619 0.585989
vt 0.586419 0.585989
vt 0.577975 0.572975
vt 0.561175 0.572975
vt 0.569619 0.583629
vt 0.569619 0.585989
vt 0.561175 0.572975
vt 0.561175 0.570615
vt 0.577975 0.570615
vt 0.577975 0.572975
vt 0.586419 0.585989
vt 0.586419 0.583629
vt 0.578063 0.598737
vt 0.594863 0.598737
vt 0.586419 0.585989
vt 0.569619 0.585989
vt 0.578063 0.596377
vt 0.578063 0.598737
vt 0.569619 0.585989
vt 0.569619 0.583629
vt 0.586419 0.583629
vt 0.586419 0.585989
vt 0.594863 0.598737
vt 0.594863 0.596377
vt 0.586506 0.611242
vt 0.603306 0.611242
vt 0.594863 0.598737
vt 0.578063 0.598737
vt 0.586506 0.608883
vt 0.586506 0.611242
vt 0.578063 0.598737
vt 0.578063 0.596377
vt 0.594863 0.596377
vt 0.594863 0.598737
vt 0.603306 0.611242
vt 0.603306 0.608883
vt 0.594950 0.623522
vt 0.611750 0.623522
vt 0.603306 0.611242
vt 0.586506 0.611242
vt 0.594950 0.621163
vt 0.594950 0.623522
vt 0.586506 0.611242
vt 0.586506 0.608883
vt 0.603306 0.608883
vt 0.603306 0.611242
vt 0.611750 0.623522
vt 0.611750 0.621163
vt 0.603394 0.635590
vt 0.620194 0.635590
vt 0.611750 0.623522
vt 0.594950 0.623522
vt 0.603394 0.633230
vt 0.603394 0.635590
vt 0.594950 0.623522
vt 0.594950 0.621163
vt 0.611750 0.621163
vt 0.611750 0.623522
vt 0.620194 0.635590
vt 0.620194 0.633230
vt 0.611838 0.647453
vt 0.628637 0.647453
vt 0.620194 0.635590
vt 0.603394 0.635590
vt 0.611838 0.645093
vt 0.611838 0.647453
vt 0.603394 0.635590
vt 0.603394 0.633230
vt 0.620194 0.633230
vt 0.620194 0.635590
vt 0.628637 0.647453
vt 0.628637 0.645093
vt 0.620281 0.659119
vt 0.637081 0.659119
vt 0.628637 0.647453
vt 0.611838 0.647453
vt 0.620281 0.656759
vt 0.620281 0.659119
vt 0.611838 0.647453
vt 0.611838 0.645093
vt 0.628637 0.645093
vt 0.628637 0.647453
vt 0.637081 0.659119
vt 0.637081 0.656759
vt 0.628725 0.670590
vt 0.645525 0.670590
vt 0.637081 0.659119
vt 0.620281 0.659119
vt 0.628725 0.668230
vt 0.628725 0.670590
vt 0.620281 0.659119
vt 0.620281 0.656759
vt 0.637081 0.656759
vt 0.637081 0.659119
vt 0.645525 0.670590
vt 0.645525 0.668230
vt 0.637169 0.681869
vt 0.653969 0.681869
vt 0.645525 0.670590
vt 0.628725 0.670590
vt 0.637169 0.679509
vt 0.637169 0.681869
vt 0.628725 0.670590
vt 0.628725 0.668230
vt 0.645525 0.668230
vt 0.645525 0.670590
vt 0.653969 0.681869
vt 0.653969 0.679509
vt 0.645613 0.692953
vt 0.662413 0.692953
vt 0.653969 0.681869
vt 0.637169 0.681869
vt 0.645613 0.690593
vt 0.645613 0.692953
vt 0.637169 0.681869
vt 0.637169 0.679509
vt 0.653969 0.679509
vt 0.653969 0.681869
vt 0.662413 0.692953
vt 0.662413 0.690593
vt 0.654056 0.703839
vt 0.670856 0.703839
vt 0.662413 0.692953
vt 0.645613 0.692953
vt 0.654056 0.701479
vt 0.654056 0.703839
vt 0.645613 0.692953
vt 0.645613 0.690593
vt 0.662413 0.690593
vt 0.662413 0.692953
vt 0.670856 0.703839
vt 0.670856 0.701479
vt 0.662500 0.714522
vt 0.679300 0.714522
vt 0.670856 0.703839
vt 0.654056 0.703839
vt 0.662500 0.712162
vt 0.662500 0.714522
vt 0.654056 0.703839
vt 0.654056 0.701479
vt 0.670856 0.701479
vt 0.670856 0.703839
vt 0.679300 0.714522
vt 0.679300 0.712162
vt 0.670944 0.724992
vt 0.687744 0.724992
vt 0.679300 0.714522
vt 0.662500 0.714522
vt 0.670944 0.722632
vt 0.670944 0.724992
vt 0.662500 0.714522
vt 0.662500 0.712162
vt 0.679300 0.712162
vt 0.679300 0.714522
vt 0.687744 0.724992
vt 0.687744 0.722632
vt 0.679388 0.735236
vt 0.696187 0.735236
vt 0.687744 0.724992
vt 0.670944 0.724992
vt 0.679388 0.732876
vt 0.679388 0.735236
vt 0.670944 0.724992
vt 0.670944 0.722632
vt 0.687744 0.722632
vt 0.687744 0.724992
vt 0.696187 0.735236
vt 0.696187 0.732876
vt 0.687831 0.745238
vt 0.704631 0.745238
vt 0.696187 0.735236
vt 0.679388 0.735236
vt 0.687831 0.742878
vt 0.687831 0.745238
vt 0.679388 0.735236
vt 0.679388 0.732876
vt 0.696187 0.732876
vt 0.696187 0.735236
vt 0.704631 0.745238
vt 0.704631 0.742878
vt 0.696275 0.754974
vt 0.713075 0.754974
vt 0.704631 0.745238
vt 0.687831 0.745238
vt 0.696275 0.752614
vt 0.696275 0.754974
vt 0.687831 0.745238
vt 0.687831 0.742878
vt 0.704631 0.742878
vt 0.704631 0.745238
vt 0.713075 0.754974
vt 0.713075 0.752614
vt 0.704719 0.764412
vt 0.721519 0.764412
vt 0.713075 0.754974
vt 0.696275 0.754974
vt 0.704719 0.762052
vt 0.704719 0.764412
vt 0.696275 0.754974
vt 0.696275 0.752614
vt 0.713075 0.752614
vt 0.713075 0.754974
vt 0.721519 0.764412
vt 0.721519 0.762052
vt 0.713163 0.773507
vt 0.729963 0.773507
vt 0.721519 0.764412
vt 0.704719 0.764412
vt 0.713163 0.771147
vt 0.713163 0.773507
vt 0.704719 0.764412
vt 0.704719 0.762052
vt 0.721519 0.762052
vt 0.721519 0.764412
vt 0.729963 0.773507
vt 0.729963 0.771147
vt 0.721606 0.782193
vt 0.738406 0.782193
vt 0.729963 0.773507
vt 0.713163 0.773507
vt 0.721606 0.779833
vt 0.721606 0.782193
vt 0.713163 0.773507
vt 0.713163 0.771147
vt 0.729963 0.771147
vt 0.729963 0.773507
vt 0.738406 0.782193
vt 0.738406 0.779833
vt 0.730050 0.790371
vt 0.746850 0.790371
vt 0.738406 0.782193
vt 0.721606 0.782193
vt 0.730050 0.788011
vt 0.730050 0.790371
vt 0.721606 0.782193
vt 0.721606 0.779833
vt 0.738406 0.779833
vt 0.738406 0.782193
vt 0.746850 0.790371
vt 0.746850 0.788011
vt 0.738494 0.797871
vt 0.755294 0.797871
vt 0.746850 0.790371
vt 0.730050 0.790371
vt 0.738494 0.795511
vt 0.738494 0.797871
vt 0.730050 0.790371
vt 0.730050 0.788011
vt 0.746850 0.788011
vt 0.746850 0.790371
vt 0.755294 0.797871
vt 0.755294 0.795511
vt 0.746938 0.804365
vt 0.763737 0.804365
vt 0.755294 0.797871
vt 0.738494 0.797871
vt 0.746938 0.802005
vt 0.746938 0.804365
vt 0.738494 0.797871
vt 0.738494 0.795511
vt 0.755294 0.795511
vt 0.755294 0.797871
vt 0.763737 0.804365
vt 0.763737 0.802005
vt 0.755381 0.809017
vt 0.772181 0.809017
vt 0.763737 0.804365
vt 0.746938 0.804365
vt 0.755381 0.806657
vt 0.755381 0.809017
vt 0.746938 0.804365
vt 0.746938 0.802005
vt 0.763737 0.802005
vt 0.763737 0.804365
vt 0.772181 0.809017
vt 0.772181 0.806657
vt 0.763825 0.803208
vt 0.780625 0.803208
vt 0.772181 0.809017
vt 0.755381 0.809017
vt 0.763825 0.800848
vt 0.763825 0.803208
vt 0.755381 0.809017
vt 0.755381 0.806657
vt 0.772181 0.806657
vt 0.772181 0.809017
vt 0.780625 0.803208
vt 0.780625 0.800848
vt 0.986205 0.887204
vt 0.503005 0.887204
vt 0.503005 0.807233
vt 0.986205 0.807233
vt 0.510845 0.897766
vt 0.994045 0.897766
vt 0.994045 0.817795
vt 0.510845 0.817795
vt 0.994045 0.897766
vt 0.986205 0.887204
vt 0.986205 0.807233
vt 0.994045 0.817795
vt 0.503005 0.887204
vt 0.510845 0.897766
vt 0.510845 0.817795
vt 0.503005 0.807233
vt 0.994045 0.897766
vt 0.510845 0.897766
vt 0.503005 0.887204
vt 0.986205 0.887204
vt 0.986205 0.807233
vt 0.503005 0.807233
vt 0.510845 0.817795
vt 0.994045 0.817795
vt 0.996059 0.815792
vt 0.996600 0.814405
vt 0.993198 0.813641
vt 0.994641 0.816649
vt 0.996059 0.815792
vt 0.993198 0.813641
vt 0.992889 0.816649
vt 0.994641 0.816649
vt 0.993198 0.813641
vt 0.991471 0.815792
vt 0.992889 0.816649
vt 0.993198 0.813641
vt 0.990930 0.814405
vt 0.991471 0.815792
vt 0.993198 0.813641
vt 0.991471 0.813018
vt 0.990930 0.814405
vt 0.993198 0.813641
vt 0.992889 0.812160
vt 0.991471 0.813018
vt 0.993198 0.813641
vt 0.994641 0.812160
vt 0.992889 0.812160
vt 0.993198 0.813641
vt 0.996059 0.813018
vt 0.994641 0.812160
vt 0.993198 0.813641
vt 0.996600 0.814405
vt 0.996059 0.813018
vt 0.993198 0.813641
vt 0.996059 0.847693
vt 0.996600 0.846306
vt 0.993198 0.845542
vt 0.994641 0.848550
vt 0.996059 0.847693
vt 0.993198 0.845542
vt 0.992889 0.848550
vt 0.994641 0.848550
vt 0.993198 0.845542
vt 0.991471 0.847693
vt 0.992889 0.848550
vt 0.993198 0.845542
vt 0.990930 0.846306
vt 0.991471 0.847693
vt 0.993198 0.845542
vt 0.991471 0.844919
vt 0.990930 0.846306
vt 0.993198 0.845542
vt 0.992889 0.844061
vt 0.991471 0.844919
vt 0.993198 0.845542
vt 0.994641 0.844061
vt 0.992889 0.844061
vt 0.993198 0.845542
vt 0.996059 0.844919
vt 0.994641 0.844061
vt 0.993198 0.845542
vt 0.996600 0.846306
vt 0.996059 0.844919
vt 0.993198 0.845542
vt 0.996059 0.881342
vt 0.996600 0.879955
vt 0.993198 0.879191
vt 0.994641 0.882199
vt 0.996059 0.881342
vt 0.993198 0.879191
vt 0.992889 0.882199
vt 0.994641 0.882199
vt 0.993198 0.879191
vt 0.991471 0.881342
vt 0.992889 0.882199
vt 0.993198 0.879191
vt 0.990930 0.879955
vt 0.991471 0.881342
vt 0.993198 0.879191
vt 0.991471 0.878568
vt 0.990930 0.879955
vt 0.993198 0.879191
vt 0.992889 0.877710
vt 0.991471 0.878568
vt 0.993198 0.879191
vt 0.994641 0.877710
vt 0.992889 0.877710
vt 0.993198 0.879191
vt 0.996059 0.878568
vt 0.994641 0.877710
vt 0.993198 0.879191
vt 0.996600 0.879955
vt 0.996059 0.878568
vt 0.993198 0.879191
vt 0.763405 0.800632
vt 0.780205 0.800632
vt 0.780205 0.720661
vt 0.763405 0.720661
vt 0.788045 0.811194
vt 0.771245 0.811194
vt 0.771245 0.731223
vt 0.788045 0.731223
vt 0.771245 0.811194
vt 0.763405 0.800632
vt 0.763405 0.720661
vt 0.771245 0.731223
vt 0.780205 0.800632
vt 0.788045 0.811194
vt 0.788045 0.731223
vt 0.780205 0.720661
vt 0.771245 0.811194
vt 0.788045 0.811194
vt 0.780205 0.800632
vt 0.763405 0.800632
vt 0.763405 0.720661
vt 0.780205 0.720661
vt 0.788045 0.731223
vt 0.771245 0.731223
vt 0.779918 0.739894
vt 0.783320 0.740657
vt 0.782779 0.742044
vt 0.779918 0.739894
vt 0.782779 0.742044
vt 0.781361 0.742902
vt 0.779918 0.739894
vt 0.781361 0.742902
vt 0.779609 0.742902
vt 0.779918 0.739894
vt 0.779609 0.742902
vt 0.778191 0.742044
vt 0.779918 0.739894
vt 0.778191 0.742044
vt 0.777650 0.740657
vt 0.779918 0.739894
vt 0.777650 0.740657
vt 0.778191 0.739270
vt 0.779918 0.739894
vt 0.778191 0.739270
vt 0.779609 0.738413
vt 0.779918 0.739894
vt 0.779609 0.738413
vt 0.781361 0.738413
vt 0.779918 0.739894
vt 0.781361 0.738413
vt 0.782779 0.739270
vt 0.779918 0.739894
vt 0.782779 0.739270
vt 0.783320 0.740657
vt 0.779918 0.771795
vt 0.783320 0.772558
vt 0.782779 0.773945
vt 0.779918 0.771795
vt 0.782779 0.773945
vt 0.781361 0.774803
vt 0.779918 0.771795
vt 0.781361 0.774803
vt 0.779609 0.774803
vt 0.779918 0.771795
vt 0.779609 0.774803
vt 0.778191 0.773945
vt 0.779918 0.771795
vt 0.778191 0.773945
vt 0.777650 0.772558
vt 0.779918 0.771795
vt 0.777650 0.772558
vt 0.778191 0.771171
vt 0.779918 0.771795
vt 0.778191 0.771171
vt 0.779609 0.770314
vt 0.779918 0.771795
vt 0.779609 0.770314
vt 0.781361 0.770314
vt 0.779918 0.771795
vt 0.781361 0.770314
vt 0.782779 0.771171
vt 0.779918 0.771795
vt 0.782779 0.771171
vt 0.783320 0.772558
vt 0.779918 0.805444
vt 0.783320 0.806207
vt 0.782779 0.807594
vt 0.779918 0.805444
vt 0.782779 0.807594
vt 0.781361 0.808452
vt 0.779918 0.805444
vt 0.781361 0.808452
vt 0.779609 0.808452
vt 0.779918 0.805444
vt 0.779609 0.808452
vt 0.778191 0.807594
vt 0.779918 0.805444
vt 0.778191 0.807594
vt 0.777650 0.806207
vt 0.779918 0.805444
vt 0.777650 0.806207
vt 0.778191 0.804820
vt 0.779918 0.805444
vt 0.778191 0.804820
vt 0.779609 0.803963
vt 0.779918 0.805444
vt 0.779609 0.803963
vt 0.781361 0.803963
vt 0.779918 0.805444
vt 0.781361 0.803963
vt 0.782779 0.804820
vt 0.779918 0.805444
vt 0.782779 0.804820
vt 0.783320 0.806207
vt 0.727819 0.927769
vt 0.744619 0.927769
vt 0.736175 0.899210
vt 0.719375 0.899210
vt 0.727819 0.925409
vt 0.727819 0.927769
vt 0.719375 0.899210
vt 0.719375 0.896850
vt 0.736175 0.896850
vt 0.736175 0.899210
vt 0.744619 0.927769
vt 0.744619 0.925409
vt 0.736263 0.945867
vt 0.753062 0.945867
vt 0.744619 0.927769
vt 0.727819 0.927769
vt 0.736263 0.943507
vt 0.736263 0.945867
vt 0.727819 0.927769
vt 0.727819 0.925409
vt 0.744619 0.925409
vt 0.744619 0.927769
vt 0.753062 0.945867
vt 0.753062 0.943507
vt 0.744706 0.962122
vt 0.761506 0.962122
vt 0.753062 0.945867
vt 0.736263 0.945867
vt 0.744706 0.959762
vt 0.744706 0.962122
vt 0.736263 0.945867
vt 0.736263 0.943507
vt 0.753062 0.943507
vt 0.753062 0.945867
vt 0.761506 0.962122
vt 0.761506 0.959762
vt 0.753150 0.977372
vt 0.769950 0.977372
vt 0.761506 0.962122
vt 0.744706 0.962122
vt 0.753150 0.975013
vt 0.753150 0.977372
vt 0.744706 0.962122
vt 0.744706 0.959762
vt 0.761506 0.959762
vt 0.761506 0.962122
vt 0.769950 0.977372
vt 0.769950 0.975013
vt 0.761594 0.531945
vt 0.778394 0.531945
vt 0.769950 0.977372
vt 0.753150 0.977372
vt 0.761594 0.529585
vt 0.761594 0.531945
vt 0.753150 0.977372
vt 0.753150 0.975013
vt 0.769950 0.975013
vt 0.769950 0.977372
vt 0.778394 0.531945
vt 0.778394 0.529585
vt 0.770037 0.546008
vt 0.786837 0.546008
vt 0.778394 0.531945
vt 0.761594 0.531945
vt 0.770037 0.543648
vt 0.770037 0.546008
vt 0.761594 0.531945
vt 0.761594 0.529585
vt 0.778394 0.529585
vt 0.778394 0.531945
vt 0.786837 0.546008
vt 0.786837 0.543648
vt 0.778481 0.559663
vt 0.795281 0.559663
vt 0.786837 0.546008
vt 0.770037 0.546008
vt 0.778481 0.557303
vt 0.778481 0.559663
vt 0.770037 0.546008
vt 0.770037 0.543648
vt 0.786837 0.543648
vt 0.786837 0.546008
vt 0.795281 0.559663
vt 0.795281 0.557303
vt 0.786925 0.572975
vt 0.803725 0.572975
vt 0.795281 0.559663
vt 0.778481 0.559663
vt 0.786925 0.570615
vt 0.786925 0.572975
vt 0.778481 0.559663
vt 0.778481 0.557303
vt 0.795281 0.557303
vt 0.795281 0.559663
vt 0.803725 0.572975
vt 0.803725 0.570615
vt 0.795369 0.585989
vt 0.812169 0.585989
vt 0.803725 0.572975
vt 0.786925 0.572975
vt 0.795369 0.583629
vt 0.795369 0.585989
vt 0.786925 0.572975
vt 0.786925 0.570615
vt 0.803725 0.570615
vt 0.803725 0.572975
vt 0.812169 0.585989
vt 0.812169 0.583629
vt 0.803813 0.598737
vt 0.820612 0.598737
vt 0.812169 0.585989
vt 0.795369 0.585989
vt 0.803813 0.596377
vt 0.803813 0.598737
vt 0.795369 0.585989
vt 0.795369 0.583629
vt 0.812169 0.583629
vt 0.812169 0.585989
vt 0.820612 0.598737
vt 0.820612 0.596377
vt 0.812256 0.611242
vt 0.829056 0.611242
vt 0.820612 0.598737
vt 0.803813 0.598737
vt 0.812256 0.608883
vt 0.812256 0.611242
vt 0.803813 0.598737
vt 0.803813 0.596377
vt 0.820612 0.596377
vt 0.820612 0.598737
vt 0.829056 0.611242
vt 0.829056 0.608883
vt 0.820700 0.623522
vt 0.837500 0.623522
vt 0.829056 0.611242
vt 0.812256 0.611242
vt 0.820700 0.621163
vt 0.820700 0.623522
vt 0.812256 0.611242
vt 0.812256 0.608883
vt 0.829056 0.608883
vt 0.829056 0.611242
vt 0.837500 0.623522
vt 0.837500 0.621163
vt 0.829144 0.635590
vt 0.845944 0.635590
vt 0.837500 0.623522
vt 0.820700 0.623522
vt 0.829144 0.633230
vt 0.829144 0.635590
vt 0.820700 0.623522
vt 0.820700 0.621163
vt 0.837500 0.621163
vt 0.837500 0.623522
vt 0.845944 0.635590
vt 0.845944 0.633230
vt 0.837587 0.647453
vt 0.854387 0.647453
vt 0.845944 0.635590
vt 0.829144 0.635590
vt 0.837587 0.645093
vt 0.837587 0.647453
vt 0.829144 0.635590
vt 0.829144 0.633230
vt 0.845944 0.633230
vt 0.845944 0.635590
vt 0.854387 0.647453
vt 0.854387 0.645093
vt 0.846031 0.659119
vt 0.862831 0.659119
vt 0.854387 0.647453
vt 0.837587 0.647453
vt 0.846031 0.656759
vt 0.846031 0.659119
vt 0.837587 0.647453
vt 0.837587 0.645093
vt 0.854387 0.645093
vt 0.854387 0.647453
vt 0.862831 0.659119
vt 0.862831 0.656759
vt 0.854475 0.670590
vt 0.871275 0.670590
vt 0.862831 0.659119
vt 0.846031 0.659119
vt 0.854475 0.668230
vt 0.854475 0.670590
vt 0.846031 0.659119
vt 0.846031 0.656759
vt 0.862831 0.656759
vt 0.862831 0.659119
vt 0.871275 0.670590
vt 0.871275 0.668230
vt 0.862919 0.681869
vt 0.879719 0.681869
vt 0.871275 0.670590
vt 0.854475 0.670590
vt 0.862919 0.679509
vt 0.862919 0.681869
vt 0.854475 0.670590
vt 0.854475 0.668230
vt 0.871275 0.668230
vt 0.871275 0.670590
vt 0.879719 0.681869
vt 0.879719 0.679509
vt 0.871363 0.692953
vt 0.888162 0.692953
vt 0.879719 0.681869
vt 0.862919 0.681869
vt 0.871363 0.690593
vt 0.871363 0.692953
vt 0.862919 0.681869
vt 0.862919 0.679509
vt 0.879719 0.679509
vt 0.879719 0.681869
vt 0.888162 0.692953
vt 0.888162 0.690593
vt 0.879806 0.703839
vt 0.896606 0.703839
vt 0.888162 0.692953
vt 0.871363 0.692953
vt 0.879806 0.701479
vt 0.879806 0.703839
vt 0.871363 0.692953
vt 0.871363 0.690593
vt 0.888162 0.690593
vt 0.888162 0.692953
vt 0.896606 0.703839
vt 0.896606 0.701479
vt 0.888250 0.714522
vt 0.905050 0.714522
vt 0.896606 0.703839
vt 0.879806 0.703839
vt 0.888250 0.712162
vt 0.888250 0.714522
vt 0.879806 0.703839
vt 0.879806 0.701479
vt 0.896606 0.701479
vt 0.896606 0.703839
vt 0.905050 0.714522
vt 0.905050 0.712162
vt 0.896694 0.724992
vt 0.913494 0.724992
vt 0.905050 0.714522
vt 0.888250 0.714522
vt 0.896694 0.722632
vt 0.896694 0.724992
vt 0.888250 0.714522
vt 0.888250 0.712162
vt 0.905050 0.712162
vt 0.905050 0.714522
vt 0.913494 0.724992
vt 0.913494 0.722632
vt 0.905138 0.735236
vt 0.921938 0.735236
vt 0.913494 0.724992
vt 0.896694 0.724992
vt 0.905138 0.732876
vt 0.905138 0.735236
vt 0.896694 0.724992
vt 0.896694 0.722632
vt 0.913494 0.722632
vt 0.913494 0.724992
vt 0.921938 0.735236
vt 0.921938 0.732876
vt 0.913581 0.745238
vt 0.930381 0.745238
vt 0.921938 0.735236
vt 0.905138 0.735236
vt 0.913581 0.742878
vt 0.913581 0.745238
vt 0.905138 0.735236
vt 0.905138 0.732876
vt 0.921938 0.732876
vt 0.921938 0.735236
vt 0.930381 0.745238
vt 0.930381 0.742878
vt 0.922025 0.754974
vt 0.938825 0.754974
vt 0.930381 0.745238
vt 0.913581 0.745238
vt 0.922025 0.752614
vt 0.922025 0.754974
vt 0.913581 0.745238
vt 0.913581 0.742878
vt 0.930381 0.742878
vt 0.930381 0.745238
vt 0.938825 0.754974
vt 0.938825 0.752614
vt 0.930469 0.764412
vt 0.947269 0.764412
vt 0.938825 0.754974
vt 0.922025 0.754974
vt 0.930469 0.762052
vt 0.930469 0.764412
vt 0.922025 0.754974
vt 0.922025 0.752614
vt 0.938825 0.752614
vt 0.938825 0.754974
vt 0.947269 0.764412
vt 0.947269 0.762052
vt 0.938913 0.773507
vt 0.955712 0.773507
vt 0.947269 0.764412
vt 0.930469 0.764412
vt 0.938913 0.771147
vt 0.938913 0.773507
vt 0.930469 0.764412
vt 0.930469 0.762052
vt 0.947269 0.762052
vt 0.947269 0.764412
vt 0.955712 0.773507
vt 0.955712 0.771147
vt 0.947356 0.782193
vt 0.964156 0.782193
vt 0.955712 0.773507
vt 0.938913 0.773507
vt 0.947356 0.779833
vt 0.947356 0.782193
vt 0.938913 0.773507
vt 0.938913 0.771147
vt 0.955712 0.771147
vt 0.955712 0.773507
vt 0.964156 0.782193
vt 0.964156 0.779833
vt 0.955800 0.790371
vt 0.972600 0.790371
vt 0.964156 0.782193
vt 0.947356 0.782193
vt 0.955800 0.788011
vt 0.955800 0.790371
vt 0.947356 0.782193
vt 0.947356 0.779833
vt 0.964156 0.779833
vt 0.964156 0.782193
vt 0.972600 0.790371
vt 0.972600 0.788011
vt 0.964244 0.797871
vt 0.981044 0.797871
vt 0.972600 0.790371
vt 0.955800 0.790371
vt 0.964244 0.795511
vt 0.964244 0.797871
vt 0.955800 0.790371
vt 0.955800 0.788011
vt 0.972600 0.788011
vt 0.972600 0.790371
vt 0.981044 0.797871
vt 0.981044 0.795511
vt 0.972688 0.804365
vt 0.989488 0.804365
vt 0.981044 0.797871
vt 0.964244 0.797871
vt 0.972688 0.802005
vt 0.972688 0.804365
vt 0.964244 0.797871
vt 0.964244 0.795511
vt 0.981044 0.795511
vt 0.981044 0.797871
vt 0.989488 0.804365
vt 0.989488 0.802005
vt 0.981131 0.809017
vt 0.997931 0.809017
vt 0.989488 0.804365
vt 0.972688 0.804365
vt 0.981131 0.806657
vt 0.981131 0.809017
vt 0.972688 0.804365
vt 0.972688 0.802005
vt 0.989488 0.802005
vt 0.989488 0.804365
vt 0.997931 0.809017
vt 0.997931 0.806657
vt 0.989575 0.803208
vt 0.506375 0.803208
vt 0.997931 0.809017
vt 0.981131 0.809017
vt 0.989575 0.800848
vt 0.989575 0.803208
vt 0.981131 0.809017
vt 0.981131 0.806657
vt 0.997931 0.806657
vt 0.997931 0.809017
vt 0.506375 0.803208
vt 0.506375 0.800848
vt 0.711955 0.887204
vt 0.728755 0.887204
vt 0.728755 0.807233
vt 0.711955 0.807233
vt 0.736595 0.897766
vt 0.719795 0.897766
vt 0.719795 0.817795
vt 0.736595 0.817795
vt 0.719795 0.897766
vt 0.711955 0.887204
vt 0.711955 0.807233
vt 0.719795 0.817795
vt 0.728755 0.887204
vt 0.736595 0.897766
vt 0.736595 0.817795
vt 0.728755 0.807233
vt 0.719795 0.897766
vt 0.736595 0.897766
vt 0.728755 0.887204
vt 0.711955 0.887204
vt 0.711955 0.807233
vt 0.728755 0.807233
vt 0.736595 0.817795
vt 0.719795 0.817795
vt 0.721809 0.815792
vt 0.722350 0.814405
vt 0.718948 0.813641
vt 0.720391 0.816649
vt 0.721809 0.815792
vt 0.718948 0.813641
vt 0.718639 0.816649
vt 0.720391 0.816649
vt 0.718948 0.813641
vt 0.717221 0.815792
vt 0.718639 0.816649
vt 0.718948 0.813641
vt 0.716680 0.814405
vt 0.717221 0.815792
vt 0.718948 0.813641
vt 0.717221 0.813018
vt 0.716680 0.814405
vt 0.718948 0.813641
vt 0.718639 0.812160
vt 0.717221 0.813018
vt 0.718948 0.813641
vt 0.720391 0.812160
vt 0.718639 0.812160
vt 0.718948 0.813641
vt 0.721809 0.813018
vt 0.720391 0.812160
vt 0.718948 0.813641
vt 0.722350 0.814405
vt 0.721809 0.813018
vt 0.718948 0.813641
vt 0.721809 0.847693
vt 0.722350 0.846306
vt 0.718948 0.845542
vt 0.720391 0.848550
vt 0.721809 0.847693
vt 0.718948 0.845542
vt 0.718639 0.848550
vt 0.720391 0.848550
vt 0.718948 0.845542
vt 0.717221 0.847693
vt 0.718639 0.848550
vt 0.718948 0.845542
vt 0.716680 0.846306
vt 0.717221 0.847693
vt 0.718948 0.845542
vt 0.717221 0.844919
vt 0.716680 0.846306
vt 0.718948 0.845542
vt 0.718639 0.844061
vt 0.717221 0.844919
vt 0.718948 0.845542
vt 0.720391 0.844061
vt 0.718639 0.844061
vt 0.718948 0.845542
vt 0.721809 0.844919
vt 0.720391 0.844061
vt 0.718948 0.845542
vt 0.722350 0.846306
vt 0.721809 0.844919
vt 0.718948 0.845542
vt 0.721809 0.881342
vt 0.722350 0.879955
vt 0.718948 0.879191
vt 0.720391 0.882199
vt 0.721809 0.881342
vt 0.718948 0.879191
vt 0.718639 0.882199
vt 0.720391 0.882199
vt 0.718948 0.879191
vt 0.717221 0.881342
vt 0.718639 0.882199
vt 0.718948 0.879191
vt 0.716680 0.879955
vt 0.717221 0.881342
vt 0.718948 0.879191
vt 0.717221 0.878568
vt 0.716680 0.879955
vt 0.718948 0.879191
vt 0.718639 0.877710
vt 0.717221 0.878568
vt 0.718948 0.879191
vt 0.720391 0.877710
vt 0.718639 0.877710
vt 0.718948 0.879191
vt 0.721809 0.878568
vt 0.720391 0.877710
vt 0.718948 0.879191
vt 0.722350 0.879955
vt 0.721809 0.878568
vt 0.718948 0.879191
vt 0.989155 0.800632
vt 0.505955 0.800632
vt 0.505955 0.720661
vt 0.989155 0.720661
vt 0.513795 0.811194
vt 0.996995 0.811194
vt 0.996995 0.731223
vt 0.513795 0.731223
vt 0.996995 0.811194
vt 0.989155 0.800632
vt 0.989155 0.720661
vt 0.996995 0.731223
vt 0.505955 0.800632
vt 0.513795 0.811194
vt 0.513795 0.731223
vt 0.505955 0.720661
vt 0.996995 0.811194
vt 0.513795 0.811194
vt 0.505955 0.800632
vt 0.989155 0.800632
vt 0.989155 0.720661
vt 0.505955 0.720661
vt 0.513795 0.731223
vt 0.996995 0.731223
vt 0.505668 0.739894
vt 0.509070 0.740657
vt 0.508529 0.742044
vt 0.505668 0.739894
vt 0.508529 0.742044
vt 0.507111 0.742902
vt 0.505668 0.739894
vt 0.507111 0.742902
vt 0.505359 0.742902
vt 0.505668 0.739894
vt 0.505359 0.742902
vt 0.503941 0.742044
vt 0.505668 0.739894
vt 0.503941 0.742044
vt 0.503400 0.740657
vt 0.505668 0.739894
vt 0.503400 0.740657
vt 0.503941 0.739270
vt 0.505668 0.739894
vt 0.503941 0.739270
vt 0.505359 0.738413
vt 0.505668 0.739894
vt 0.505359 0.738413
vt 0.507111 0.738413
vt 0.505668 0.739894
vt 0.507111 0.738413
vt 0.508529 0.739270
vt 0.505668 0.739894
vt 0.508529 0.739270
vt 0.509070 0.740657
vt 0.505668 0.771795
vt 0.509070 0.772558
vt 0.508529 0.773945
vt 0.505668 0.771795
vt 0.508529 0.773945
vt 0.507111 0.774803
vt 0.505668 0.771795
vt 0.507111 0.774803
vt 0.505359 0.774803
vt 0.505668 0.771795
vt 0.505359 0.774803
vt 0.503941 0.773945
vt 0.505668 0.771795
vt 0.503941 0.773945
vt 0.503400 0.772558
vt 0.505668 0.771795
vt 0.503400 0.772558
vt 0.503941 0.771171
vt 0.505668 0.771795
vt 0.503941 0.771171
vt 0.505359 0.770314
vt 0.505668 0.771795
vt 0.505359 0.770314
vt 0.507111 0.770314
vt 0.505668 0.771795
vt 0.507111 0.770314
vt 0.508529 0.771171
vt 0.505668 0.771795
vt 0.508529 0.771171
vt 0.509070 0.772558
vt 0.505668 0.805444
vt 0.509070 0.806207
vt 0.508529 0.807594
vt 0.505668 0.805444
vt 0.508529 0.807594
vt 0.507111 0.808452
vt 0.505668 0.805444
vt 0.507111 0.808452
vt 0.505359 0.808452
vt 0.505668 0.805444
vt 0.505359 0.808452
vt 0.503941 0.807594
vt 0.505668 0.805444
vt 0.503941 0.807594
vt 0.503400 0.806207
vt 0.505668 0.805444
vt 0.503400 0.806207
vt 0.503941 0.804820
vt 0.505668 0.805444
vt 0.503941 0.804820
vt 0.505359 0.803963
vt 0.505668 0.805444
vt 0.505359 0.803963
vt 0.507111 0.803963
vt 0.505668 0.805444
vt 0.507111 0.803963
vt 0.508529 0.804820
vt 0.505668 0.805444
vt 0.508529 0.804820
vt 0.509070 0.806207
vt 0.942770 0.810481
vt 0.772470 0.810481
vt 0.772470 0.803926
vt 0.942770 0.803926
vt 0.781430 0.822551
vt 0.951730 0.822551
vt 0.951730 0.815996
vt 0.781430 0.815996
vt 0.951730 0.822551
vt 0.942770 0.810481
vt 0.942770 0.803926
vt 0.951730 0.815996
vt 0.772470 0.810481
vt 0.781430 0.822551
vt 0.781430 0.815996
vt 0.772470 0.803926
vt 0.951730 0.822551
vt 0.781430 0.822551
vt 0.772470 0.810481
vt 0.942770 0.810481
vt 0.942770 0.803926
vt 0.772470 0.803926
vt 0.781430 0.815996
vt 0.951730 0.815996
vt 0.718570 0.722023
vt 0.548270 0.722023
vt 0.548270 0.715468
vt 0.718570 0.715468
vt 0.557230 0.734093
vt 0.727530 0.734093
vt 0.727530 0.727538
vt 0.557230 0.727538
vt 0.727530 0.734093
vt 0.718570 0.722023
vt 0.718570 0.715468
vt 0.727530 0.727538
vt 0.548270 0.722023
vt 0.557230 0.734093
vt 0.557230 0.727538
vt 0.548270 0.715468
vt 0.727530 0.734093
vt 0.557230 0.734093
vt 0.548270 0.722023
vt 0.718570 0.722023
vt 0.718570 0.715468
vt 0.548270 0.715468
vt 0.557230 0.727538
vt 0.727530 0.727538
vt 0.948965 0.821231
vt 0.955685 0.821231
vt 0.955685 0.814676
vt 0.948965 0.814676
vt 0.724485 0.723343
vt 0.717765 0.723343
vt 0.717765 0.716788
vt 0.724485 0.716788
vt 0.717765 0.723343
vt 0.948965 0.821231
vt 0.948965 0.814676
vt 0.717765 0.716788
vt 0.955685 0.821231
vt 0.724485 0.723343
vt 0.724485 0.716788
vt 0.955685 0.814676
vt 0.717765 0.723343
vt 0.724485 0.723343
vt 0.955685 0.821231
vt 0.948965 0.821231
vt 0.948965 0.814676
vt 0.955685 0.814676
vt 0.724485 0.716788
vt 0.717765 0.716788
vt 0.775515 0.821231
vt 0.782235 0.821231
vt 0.782235 0.814676
vt 0.775515 0.814676
vt 0.551035 0.723343
vt 0.544315 0.723343
vt 0.544315 0.716788
vt 0.551035 0.716788
vt 0.544315 0.723343
vt 0.775515 0.821231
vt 0.775515 0.814676
vt 0.544315 0.716788
vt 0.782235 0.821231
vt 0.551035 0.723343
vt 0.551035 0.716788
vt 0.782235 0.814676
vt 0.544315 0.723343
vt 0.551035 0.723343
vt 0.782235 0.821231
vt 0.775515 0.821231
vt 0.775515 0.814676
vt 0.782235 0.814676
vt 0.551035 0.716788
vt 0.544315 0.716788
vt 0.942770 0.877167
vt 0.772470 0.877167
vt 0.772470 0.869913
vt 0.942770 0.869913
vt 0.781430 0.889237
vt 0.951730 0.889237
vt 0.951730 0.881983
vt 0.781430 0.881983
vt 0.951730 0.889237
vt 0.942770 0.877167
vt 0.942770 0.869913
vt 0.951730 0.881983
vt 0.772470 0.877167
vt 0.781430 0.889237
vt 0.781430 0.881983
vt 0.772470 0.869913
vt 0.951730 0.889237
vt 0.781430 0.889237
vt 0.772470 0.877167
vt 0.942770 0.877167
vt 0.942770 0.869913
vt 0.772470 0.869913
vt 0.781430 0.881983
vt 0.951730 0.881983
vt 0.718570 0.788709
vt 0.548270 0.788709
vt 0.548270 0.781455
vt 0.718570 0.781455
vt 0.557230 0.800779
vt 0.727530 0.800779
vt 0.727530 0.793525
vt 0.557230 0.793525
vt 0.727530 0.800779
vt 0.718570 0.788709
vt 0.718570 0.781455
vt 0.727530 0.793525
vt 0.548270 0.788709
vt 0.557230 0.800779
vt 0.557230 0.793525
vt 0.548270 0.781455
vt 0.727530 0.800779
vt 0.557230 0.800779
vt 0.548270 0.788709
vt 0.718570 0.788709
vt 0.718570 0.781455
vt 0.548270 0.781455
vt 0.557230 0.793525
vt 0.727530 0.793525
vt 0.948965 0.887917
vt 0.955685 0.887917
vt 0.955685 0.880663
vt 0.948965 0.880663
vt 0.724485 0.790029
vt 0.717765 0.790029
vt 0.717765 0.782775
vt 0.724485 0.782775
vt 0.717765 0.790029
vt 0.948965 0.887917
vt 0.948965 0.880663
vt 0.717765 0.782775
vt 0.955685 0.887917
vt 0.724485 0.790029
vt 0.724485 0.782775
vt 0.955685 0.880663
vt 0.717765 0.790029
vt 0.724485 0.790029
vt 0.955685 0.887917
vt 0.948965 0.887917
vt 0.948965 0.880663
vt 0.955685 0.880663
vt 0.724485 0.782775
vt 0.717765 0.782775
vt 0.775515 0.887917
vt 0.782235 0.887917
vt 0.782235 0.880663
vt 0.775515 0.880663
vt 0.551035 0.790029
vt 0.544315 0.790029
vt 0.544315 0.782775
vt 0.551035 0.782775
vt 0.544315 0.790029
vt 0.775515 0.887917
vt 0.775515 0.880663
vt 0.544315 0.782775
vt 0.782235 0.887917
vt 0.551035 0.790029
vt 0.551035 0.782775
vt 0.782235 0.880663
vt 0.544315 0.790029
vt 0.551035 0.790029
vt 0.782235 0.887917
vt 0.775515 0.887917
vt 0.775515 0.880663
vt 0.782235 0.880663
vt 0.551035 0.782775
vt 0.544315 0.782775
vt 0.948335 0.877834
vt 0.957365 0.877834
vt 0.957365 0.818402
vt 0.948335 0.818402
vt 0.967165 0.891036
vt 0.958135 0.891036
vt 0.958135 0.831604
vt 0.967165 0.831604
vt 0.958135 0.891036
vt 0.948335 0.877834
vt 0.948335 0.818402
vt 0.958135 0.831604
vt 0.957365 0.877834
vt 0.967165 0.891036
vt 0.967165 0.831604
vt 0.957365 0.818402
vt 0.958135 0.891036
vt 0.967165 0.891036
vt 0.957365 0.877834
vt 0.948335 0.877834
vt 0.948335 0.818402
vt 0.957365 0.818402
vt 0.967165 0.831604
vt 0.958135 0.831604
vt 0.711535 0.772402
vt 0.720565 0.772402
vt 0.720565 0.712970
vt 0.711535 0.712970
vt 0.730365 0.785604
vt 0.721335 0.785604
vt 0.721335 0.726172
vt 0.730365 0.726172
vt 0.721335 0.785604
vt 0.711535 0.772402
vt 0.711535 0.712970
vt 0.721335 0.726172
vt 0.720565 0.772402
vt 0.730365 0.785604
vt 0.730365 0.726172
vt 0.720565 0.712970
vt 0.721335 0.785604
vt 0.730365 0.785604
vt 0.720565 0.772402
vt 0.711535 0.772402
vt 0.711535 0.712970
vt 0.720565 0.712970
vt 0.730365 0.726172
vt 0.721335 0.726172
vt 0.769635 0.877834
vt 0.778665 0.877834
vt 0.778665 0.818402
vt 0.769635 0.818402
vt 0.788465 0.891036
vt 0.779435 0.891036
vt 0.779435 0.831604
vt 0.788465 0.831604
vt 0.779435 0.891036
vt 0.769635 0.877834
vt 0.769635 0.818402
vt 0.779435 0.831604
vt 0.778665 0.877834
vt 0.788465 0.891036
vt 0.788465 0.831604
vt 0.778665 0.818402
vt 0.779435 0.891036
vt 0.788465 0.891036
vt 0.778665 0.877834
vt 0.769635 0.877834
vt 0.769635 0.818402
vt 0.778665 0.818402
vt 0.788465 0.831604
vt 0.779435 0.831604
vt 0.532835 0.772402
vt 0.541865 0.772402
vt 0.541865 0.712970
vt 0.532835 0.712970
vt 0.551665 0.785604
vt 0.542635 0.785604
vt 0.542635 0.726172
vt 0.551665 0.726172
vt 0.542635 0.785604
vt 0.532835 0.772402
vt 0.532835 0.712970
vt 0.542635 0.726172
vt 0.541865 0.772402
vt 0.551665 0.785604
vt 0.551665 0.726172
vt 0.541865 0.712970
vt 0.542635 0.785604
vt 0.551665 0.785604
vt 0.541865 0.772402
vt 0.532835 0.772402
vt 0.532835 0.712970
vt 0.541865 0.712970
vt 0.551665 0.726172
vt 0.542635 0.726172
vt 0.943890 0.887765
vt 0.773590 0.887765
vt 0.773590 0.879462
vt 0.943890 0.879462
vt 0.785910 0.904362
vt 0.956210 0.904362
vt 0.956210 0.896059
vt 0.785910 0.896059
vt 0.956210 0.904362
vt 0.943890 0.887765
vt 0.943890 0.879462
vt 0.956210 0.896059
vt 0.773590 0.887765
vt 0.785910 0.904362
vt 0.785910 0.896059
vt 0.773590 0.879462
vt 0.956210 0.904362
vt 0.785910 0.904362
vt 0.773590 0.887765
vt 0.943890 0.887765
vt 0.943890 0.879462
vt 0.773590 0.879462
vt 0.785910 0.896059
vt 0.956210 0.896059
vt 0.714090 0.791763
vt 0.543790 0.791763
vt 0.543790 0.783460
vt 0.714090 0.783460
vt 0.556110 0.808360
vt 0.726410 0.808360
vt 0.726410 0.800057
vt 0.556110 0.800057
vt 0.726410 0.808360
vt 0.714090 0.791763
vt 0.714090 0.783460
vt 0.726410 0.800057
vt 0.543790 0.791763
vt 0.556110 0.808360
vt 0.556110 0.800057
vt 0.543790 0.783460
vt 0.726410 0.808360
vt 0.556110 0.808360
vt 0.543790 0.791763
vt 0.714090 0.791763
vt 0.714090 0.783460
vt 0.543790 0.783460
vt 0.556110 0.800057
vt 0.726410 0.800057
vt 0.945815 0.892922
vt 0.951485 0.892922
vt 0.951485 0.882434
vt 0.945815 0.882434
vt 0.728685 0.806350
vt 0.723015 0.806350
vt 0.723015 0.795862
vt 0.728685 0.795862
vt 0.723015 0.806350
vt 0.945815 0.892922
vt 0.945815 0.882434
vt 0.723015 0.795862
vt 0.951485 0.892922
vt 0.728685 0.806350
vt 0.728685 0.795862
vt 0.951485 0.882434
vt 0.723015 0.806350
vt 0.728685 0.806350
vt 0.951485 0.892922
vt 0.945815 0.892922
vt 0.945815 0.882434
vt 0.951485 0.882434
vt 0.728685 0.795862
vt 0.723015 0.795862
vt 0.771315 0.892922
vt 0.776985 0.892922
vt 0.776985 0.882434
vt 0.771315 0.882434
vt 0.554185 0.806350
vt 0.548515 0.806350
vt 0.548515 0.795862
vt 0.554185 0.795862
vt 0.548515 0.806350
vt 0.771315 0.892922
vt 0.771315 0.882434
vt 0.548515 0.795862
vt 0.776985 0.892922
vt 0.554185 0.806350
vt 0.554185 0.795862
vt 0.776985 0.882434
vt 0.548515 0.806350
vt 0.554185 0.806350
vt 0.776985 0.892922
vt 0.771315 0.892922
vt 0.771315 0.882434
vt 0.776985 0.882434
vt 0.554185 0.795862
vt 0.548515 0.795862
vt 0.579375 0.881836
vt 0.622425 0.881836
vt 0.622425 0.856053
vt 0.614550 0.846876
vt 0.587250 0.846876
vt 0.579375 0.856053
vt 0.584975 0.863597
vt 0.592850 0.854420
vt 0.620150 0.854420
vt 0.628025 0.863597
vt 0.628025 0.889380
vt 0.584975 0.889380
vt 0.579375 0.881836
vt 0.622425 0.881836
vt 0.628025 0.889380
vt 0.584975 0.889380
vt 0.622425 0.881836
vt 0.622425 0.856053
vt 0.628025 0.863597
vt 0.628025 0.889380
vt 0.622425 0.856053
vt 0.614550 0.846876
vt 0.620150 0.854420
vt 0.628025 0.863597
vt 0.614550 0.846876
vt 0.587250 0.846876
vt 0.592850 0.854420
vt 0.620150 0.854420
vt 0.587250 0.846876
vt 0.579375 0.856053
vt 0.584975 0.863597
vt 0.592850 0.854420
vt 0.579375 0.856053
vt 0.579375 0.881836
vt 0.584975 0.889380
vt 0.584975 0.863597
vt 0.589735 0.370078
vt 0.607585 0.370078
vt 0.607585 0.355657
vt 0.589735 0.355657
vt 0.609965 0.373285
vt 0.592115 0.373285
vt 0.592115 0.358864
vt 0.609965 0.358864
vt 0.592115 0.373285
vt 0.589735 0.370078
vt 0.589735 0.355657
vt 0.592115 0.358864
vt 0.607585 0.370078
vt 0.609965 0.373285
vt 0.609965 0.358864
vt 0.607585 0.355657
vt 0.592115 0.373285
vt 0.609965 0.373285
vt 0.607585 0.370078
vt 0.589735 0.370078
vt 0.589735 0.355657
vt 0.607585 0.355657
vt 0.609965 0.358864
vt 0.592115 0.358864
vt 0.594180 0.364765
vt 0.601740 0.364765
vt 0.603420 0.362143
vt 0.600900 0.359696
vt 0.599640 0.355588
vt 0.596280 0.355588
vt 0.595020 0.359696
vt 0.592500 0.362143
vt 0.593340 0.363275
vt 0.595860 0.360828
vt 0.597120 0.356720
vt 0.600480 0.356720
vt 0.601740 0.360828
vt 0.604260 0.363275
vt 0.602580 0.365897
vt 0.595020 0.365897
vt 0.594180 0.364765
vt 0.601740 0.364765
vt 0.602580 0.365897
vt 0.595020 0.365897
vt 0.601740 0.364765
vt 0.603420 0.362143
vt 0.604260 0.363275
vt 0.602580 0.365897
vt 0.603420 0.362143
vt 0.600900 0.359696
vt 0.601740 0.360828
vt 0.604260 0.363275
vt 0.600900 0.359696
vt 0.599640 0.355588
vt 0.600480 0.356720
vt 0.601740 0.360828
vt 0.599640 0.355588
vt 0.596280 0.355588
vt 0.597120 0.356720
vt 0.600480 0.356720
vt 0.596280 0.355588
vt 0.595020 0.359696
vt 0.595860 0.360828
vt 0.597120 0.356720
vt 0.595020 0.359696
vt 0.592500 0.362143
vt 0.593340 0.363275
vt 0.595860 0.360828
vt 0.592500 0.362143
vt 0.594180 0.364765
vt 0.595020 0.365897
vt 0.593340 0.363275
vt 0.585644 0.855940
vt 0.586165 0.854604
vt 0.582889 0.853868
vt 0.584279 0.856765
vt 0.585644 0.855940
vt 0.582889 0.853868
vt 0.582591 0.856765
vt 0.584279 0.856765
vt 0.582889 0.853868
vt 0.581226 0.855940
vt 0.582591 0.856765
vt 0.582889 0.853868
vt 0.580705 0.854604
vt 0.581226 0.855940
vt 0.582889 0.853868
vt 0.581226 0.853268
vt 0.580705 0.854604
vt 0.582889 0.853868
vt 0.582591 0.852443
vt 0.581226 0.853268
vt 0.582889 0.853868
vt 0.584279 0.852443
vt 0.582591 0.852443
vt 0.582889 0.853868
vt 0.585644 0.853268
vt 0.584279 0.852443
vt 0.582889 0.853868
vt 0.586165 0.854604
vt 0.585644 0.853268
vt 0.582889 0.853868
vt 0.617774 0.855940
vt 0.618295 0.854604
vt 0.615019 0.853868
vt 0.616409 0.856765
vt 0.617774 0.855940
vt 0.615019 0.853868
vt 0.614721 0.856765
vt 0.616409 0.856765
vt 0.615019 0.853868
vt 0.613356 0.855940
vt 0.614721 0.856765
vt 0.615019 0.853868
vt 0.612835 0.854604
vt 0.613356 0.855940
vt 0.615019 0.853868
vt 0.613356 0.853268
vt 0.612835 0.854604
vt 0.615019 0.853868
vt 0.614721 0.852443
vt 0.613356 0.853268
vt 0.615019 0.853868
vt 0.616409 0.852443
vt 0.614721 0.852443
vt 0.615019 0.853868
vt 0.617774 0.853268
vt 0.616409 0.852443
vt 0.615019 0.853868
vt 0.618295 0.854604
vt 0.617774 0.853268
vt 0.615019 0.853868
vt 0.585959 0.875168
vt 0.586480 0.873832
vt 0.583204 0.873096
vt 0.584594 0.875993
vt 0.585959 0.875168
vt 0.583204 0.873096
vt 0.582906 0.875993
vt 0.584594 0.875993
vt 0.583204 0.873096
vt 0.581541 0.875168
vt 0.582906 0.875993
vt 0.583204 0.873096
vt 0.581020 0.873832
vt 0.581541 0.875168
vt 0.583204 0.873096
vt 0.581541 0.872496
vt 0.581020 0.873832
vt 0.583204 0.873096
vt 0.582906 0.871671
vt 0.581541 0.872496
vt 0.583204 0.873096
vt 0.584594 0.871671
vt 0.582906 0.871671
vt 0.583204 0.873096
vt 0.585959 0.872496
vt 0.584594 0.871671
vt 0.583204 0.873096
vt 0.586480 0.873832
vt 0.585959 0.872496
vt 0.583204 0.873096
vt 0.617459 0.875168
vt 0.617980 0.873832
vt 0.614704 0.873096
vt 0.616094 0.875993
vt 0.617459 0.875168
vt 0.614704 0.873096
vt 0.614406 0.875993
vt 0.616094 0.875993
vt 0.614704 0.873096
vt 0.613041 0.875168
vt 0.614406 0.875993
vt 0.614704 0.873096
vt 0.612520 0.873832
vt 0.613041 0.875168
vt 0.614704 0.873096
vt 0.613041 0.872496
vt 0.612520 0.873832
vt 0.614704 0.873096
vt 0.614406 0.871671
vt 0.613041 0.872496
vt 0.614704 0.873096
vt 0.616094 0.871671
vt 0.614406 0.871671
vt 0.614704 0.873096
vt 0.617459 0.872496
vt 0.616094 0.871671
vt 0.614704 0.873096
vt 0.617980 0.873832
vt 0.617459 0.872496
vt 0.614704 0.873096
vt 0.633099 0.642383
vt 0.632567 0.644753
vt 0.631122 0.646312
vt 0.631665 0.643860
vt 0.631793 0.638517
vt 0.631291 0.640671
vt 0.632567 0.644753
vt 0.633099 0.642383
vt 0.628246 0.633737
vt 0.627779 0.635626
vt 0.631291 0.640671
vt 0.631793 0.638517
vt 0.623812 0.629871
vt 0.623374 0.631544
vt 0.627779 0.635626
vt 0.628246 0.633737
vt 0.620185 0.628394
vt 0.619759 0.629985
vt 0.623374 0.631544
vt 0.623812 0.629871
vt 0.618751 0.629871
vt 0.618314 0.631544
vt 0.619759 0.629985
vt 0.620185 0.628394
vt 0.620057 0.633737
vt 0.619590 0.635626
vt 0.618314 0.631544
vt 0.618751 0.629871
vt 0.623604 0.638517
vt 0.623102 0.640671
vt 0.619590 0.635626
vt 0.620057 0.633737
vt 0.628038 0.642383
vt 0.627507 0.644753
vt 0.623102 0.640671
vt 0.623604 0.638517
vt 0.631665 0.643860
vt 0.631122 0.646312
vt 0.627507 0.644753
vt 0.628038 0.642383
vt 0.632567 0.644753
vt 0.630983 0.645643
vt 0.629504 0.647252
vt 0.631122 0.646312
vt 0.631291 0.640671
vt 0.629793 0.641428
vt 0.630983 0.645643
vt 0.632567 0.644753
vt 0.627779 0.635626
vt 0.626389 0.636219
vt 0.629793 0.641428
vt 0.631291 0.640671
vt 0.623374 0.631544
vt 0.622072 0.632004
vt 0.626389 0.636219
vt 0.627779 0.635626
vt 0.619759 0.629985
vt 0.618489 0.630395
vt 0.622072 0.632004
vt 0.623374 0.631544
vt 0.618314 0.631544
vt 0.617011 0.632004
vt 0.618489 0.630395
vt 0.619759 0.629985
vt 0.619590 0.635626
vt 0.618201 0.636219
vt 0.617011 0.632004
vt 0.618314 0.631544
vt 0.623102 0.640671
vt 0.621604 0.641428
vt 0.618201 0.636219
vt 0.619590 0.635626
vt 0.627507 0.644753
vt 0.625922 0.645643
vt 0.621604 0.641428
vt 0.623102 0.640671
vt 0.631122 0.646312
vt 0.629504 0.647252
vt 0.625922 0.645643
vt 0.627507 0.644753
vt 0.630983 0.645643
vt 0.628378 0.645033
vt 0.626845 0.646661
vt 0.629504 0.647252
vt 0.629793 0.641428
vt 0.627331 0.640772
vt 0.628378 0.645033
vt 0.630983 0.645643
vt 0.626389 0.636219
vt 0.624104 0.635505
vt 0.627331 0.640772
vt 0.629793 0.641428
vt 0.622072 0.632004
vt 0.619930 0.631244
vt 0.624104 0.635505
vt 0.626389 0.636219
vt 0.618489 0.630395
vt 0.616402 0.629616
vt 0.619930 0.631244
vt 0.622072 0.632004
vt 0.617011 0.632004
vt 0.614869 0.631244
vt 0.616402 0.629616
vt 0.618489 0.630395
vt 0.618201 0.636219
vt 0.615916 0.635505
vt 0.614869 0.631244
vt 0.617011 0.632004
vt 0.621604 0.641428
vt 0.619143 0.640772
vt 0.615916 0.635505
vt 0.618201 0.636219
vt 0.625922 0.645643
vt 0.623317 0.645033
vt 0.619143 0.640772
vt 0.621604 0.641428
vt 0.629504 0.647252
vt 0.626845 0.646661
vt 0.623317 0.645033
vt 0.625922 0.645643
vt 0.628378 0.645033
vt 0.624806 0.642937
vt 0.623197 0.644549
vt 0.626845 0.646661
vt 0.627331 0.640772
vt 0.623955 0.638716
vt 0.624806 0.642937
vt 0.628378 0.645033
vt 0.624104 0.635505
vt 0.620971 0.633498
vt 0.623955 0.638716
vt 0.627331 0.640772
vt 0.619930 0.631244
vt 0.616993 0.629277
vt 0.620971 0.633498
vt 0.624104 0.635505
vt 0.616402 0.629616
vt 0.613540 0.627664
vt 0.616993 0.629277
vt 0.619930 0.631244
vt 0.614869 0.631244
vt 0.611932 0.629277
vt 0.613540 0.627664
vt 0.616402 0.629616
vt 0.615916 0.635505
vt 0.612782 0.633498
vt 0.611932 0.629277
vt 0.614869 0.631244
vt 0.619143 0.640772
vt 0.615767 0.638716
vt 0.612782 0.633498
vt 0.615916 0.635505
vt 0.623317 0.645033
vt 0.619745 0.642937
vt 0.615767 0.638716
vt 0.619143 0.640772
vt 0.626845 0.646661
vt 0.623197 0.644549
vt 0.619745 0.642937
vt 0.623317 0.645033
vt 0.624806 0.642937
vt 0.620339 0.639396
vt 0.618637 0.640961
vt 0.623197 0.644549
vt 0.623955 0.638716
vt 0.619733 0.635301
vt 0.620339 0.639396
vt 0.624806 0.642937
vt 0.620971 0.633498
vt 0.617052 0.630239
vt 0.619733 0.635301
vt 0.623955 0.638716
vt 0.616993 0.629277
vt 0.613320 0.626144
vt 0.617052 0.630239
vt 0.620971 0.633498
vt 0.613540 0.627664
vt 0.609961 0.624580
vt 0.613320 0.626144
vt 0.616993 0.629277
vt 0.611932 0.629277
vt 0.608259 0.626144
vt 0.609961 0.624580
vt 0.613540 0.627664
vt 0.612782 0.633498
vt 0.608864 0.630239
vt 0.608259 0.626144
vt 0.611932 0.629277
vt 0.615767 0.638716
vt 0.611545 0.635301
vt 0.608864 0.630239
vt 0.612782 0.633498
vt 0.619745 0.642937
vt 0.615278 0.639396
vt 0.611545 0.635301
vt 0.615767 0.638716
vt 0.623197 0.644549
vt 0.618637 0.640961
vt 0.615278 0.639396
vt 0.619745 0.642937
vt 0.620339 0.639396
vt 0.615068 0.634484
vt 0.613255 0.635969
vt 0.618637 0.640961
vt 0.619733 0.635301
vt 0.614752 0.630598
vt 0.615068 0.634484
vt 0.620339 0.639396
vt 0.617052 0.630239
vt 0.612429 0.625795
vt 0.614752 0.630598
vt 0.619733 0.635301
vt 0.613320 0.626144
vt 0.608986 0.621909
vt 0.612429 0.625795
vt 0.617052 0.630239
vt 0.609961 0.624580
vt 0.605737 0.620425
vt 0.608986 0.621909
vt 0.613320 0.626144
vt 0.608259 0.626144
vt 0.603925 0.621909
vt 0.605737 0.620425
vt 0.609961 0.624580
vt 0.608864 0.630239
vt 0.604241 0.625795
vt 0.603925 0.621909
vt 0.608259 0.626144
vt 0.611545 0.635301
vt 0.606564 0.630598
vt 0.604241 0.625795
vt 0.608864 0.630239
vt 0.615278 0.639396
vt 0.610007 0.634484
vt 0.606564 0.630598
vt 0.611545 0.635301
vt 0.618637 0.640961
vt 0.613255 0.635969
vt 0.610007 0.634484
vt 0.615278 0.639396
vt 0.615068 0.634484
vt 0.609101 0.628300
vt 0.607163 0.629674
vt 0.613255 0.635969
vt 0.614752 0.630598
vt 0.609113 0.624702
vt 0.609101 0.628300
vt 0.615068 0.634484
vt 0.612429 0.625795
vt 0.607195 0.620256
vt 0.609113 0.624702
vt 0.614752 0.630598
vt 0.608986 0.621909
vt 0.604079 0.616658
vt 0.607195 0.620256
vt 0.612429 0.625795
vt 0.605737 0.620425
vt 0.600956 0.615284
vt 0.604079 0.616658
vt 0.608986 0.621909
vt 0.603925 0.621909
vt 0.599018 0.616658
vt 0.600956 0.615284
vt 0.605737 0.620425
vt 0.604241 0.625795
vt 0.599006 0.620256
vt 0.599018 0.616658
vt 0.603925 0.621909
vt 0.606564 0.630598
vt 0.600924 0.624702
vt 0.599006 0.620256
vt 0.604241 0.625795
vt 0.610007 0.634484
vt 0.604040 0.628300
vt 0.600924 0.624702
vt 0.606564 0.630598
vt 0.613255 0.635969
vt 0.607163 0.629674
vt 0.604040 0.628300
vt 0.610007 0.634484
vt 0.609101 0.628300
vt 0.602558 0.620970
vt 0.600483 0.622206
vt 0.607163 0.629674
vt 0.609113 0.624702
vt 0.602930 0.617734
vt 0.602558 0.620970
vt 0.609101 0.628300
vt 0.607195 0.620256
vt 0.601456 0.613734
vt 0.602930 0.617734
vt 0.609113 0.624702
vt 0.604079 0.616658
vt 0.598700 0.610498
vt 0.601456 0.613734
vt 0.607195 0.620256
vt 0.600956 0.615284
vt 0.595714 0.609262
vt 0.598700 0.610498
vt 0.604079 0.616658
vt 0.599018 0.616658
vt 0.593639 0.610498
vt 0.595714 0.609262
vt 0.600956 0.615284
vt 0.599006 0.620256
vt 0.593268 0.613734
vt 0.593639 0.610498
vt 0.599018 0.616658
vt 0.600924 0.624702
vt 0.594741 0.617734
vt 0.593268 0.613734
vt 0.599006 0.620256
vt 0.604040 0.628300
vt 0.597497 0.620970
vt 0.594741 0.617734
vt 0.600924 0.624702
vt 0.607163 0.629674
vt 0.600483 0.622206
vt 0.597497 0.620970
vt 0.604040 0.628300
vt 0.602558 0.620970
vt 0.595574 0.612643
vt 0.593353 0.613715
vt 0.600483 0.622206
vt 0.602930 0.617734
vt 0.596329 0.609834
vt 0.595574 0.612643
vt 0.602558 0.620970
vt 0.601456 0.613734
vt 0.595330 0.606363
vt 0.596329 0.609834
vt 0.602930 0.617734
vt 0.598700 0.610498
vt 0.592958 0.603555
vt 0.595330 0.606363
vt 0.601456 0.613734
vt 0.595714 0.609262
vt 0.590118 0.602482
vt 0.592958 0.603555
vt 0.598700 0.610498
vt 0.593639 0.610498
vt 0.587897 0.603555
vt 0.590118 0.602482
vt 0.595714 0.609262
vt 0.593268 0.613734
vt 0.587141 0.606363
vt 0.587897 0.603555
vt 0.593639 0.610498
vt 0.594741 0.617734
vt 0.588141 0.609834
vt 0.587141 0.606363
vt 0.593268 0.613734
vt 0.597497 0.620970
vt 0.590513 0.612643
vt 0.588141 0.609834
vt 0.594741 0.617734
vt 0.600483 0.622206
vt 0.593353 0.613715
vt 0.590513 0.612643
vt 0.597497 0.620970
vt 0.595574 0.612643
vt 0.588290 0.603488
vt 0.585916 0.604376
vt 0.593353 0.613715
vt 0.596329 0.609834
vt 0.589446 0.601165
vt 0.588290 0.603488
vt 0.595574 0.612643
vt 0.595330 0.606363
vt 0.588941 0.598292
vt 0.589446 0.601165
vt 0.596329 0.609834
vt 0.592958 0.603555
vt 0.586969 0.595969
vt 0.588941 0.598292
vt 0.595330 0.606363
vt 0.590118 0.602482
vt 0.584282 0.595081
vt 0.586969 0.595969
vt 0.592958 0.603555
vt 0.587897 0.603555
vt 0.581908 0.595969
vt 0.584282 0.595081
vt 0.590118 0.602482
vt 0.587141 0.606363
vt 0.580752 0.598292
vt 0.581908 0.595969
vt 0.587897 0.603555
vt 0.588141 0.609834
vt 0.581257 0.601165
vt 0.580752 0.598292
vt 0.587141 0.606363
vt 0.590513 0.612643
vt 0.583230 0.603488
vt 0.581257 0.601165
vt 0.588141 0.609834
vt 0.593353 0.613715
vt 0.585916 0.604376
vt 0.583230 0.603488
vt 0.590513 0.612643
vt 0.588290 0.603488
vt 0.580855 0.593693
vt 0.578325 0.594377
vt 0.585916 0.604376
vt 0.589446 0.601165
vt 0.582419 0.591901
vt 0.580855 0.593693
vt 0.588290 0.603488
vt 0.588941 0.598292
vt 0.582419 0.589687
vt 0.582419 0.591901
vt 0.589446 0.601165
vt 0.586969 0.595969
vt 0.580855 0.587895
vt 0.582419 0.589687
vt 0.588941 0.598292
vt 0.584282 0.595081
vt 0.578325 0.587211
vt 0.580855 0.587895
vt 0.586969 0.595969
vt 0.581908 0.595969
vt 0.575795 0.587895
vt 0.578325 0.587211
vt 0.584282 0.595081
vt 0.580752 0.598292
vt 0.574231 0.589687
vt 0.575795 0.587895
vt 0.581908 0.595969
vt 0.581257 0.601165
vt 0.574231 0.591901
vt 0.574231 0.589687
vt 0.580752 0.598292
vt 0.583230 0.603488
vt 0.575795 0.593693
vt 0.574231 0.591901
vt 0.581257 0.601165
vt 0.585916 0.604376
vt 0.578325 0.594377
vt 0.575795 0.593693
vt 0.583230 0.603488
vt 0.580855 0.593693
vt 0.573420 0.583456
vt 0.570734 0.583923
vt 0.578325 0.594377
vt 0.582419 0.591901
vt 0.575393 0.582233
vt 0.573420 0.583456
vt 0.580855 0.593693
vt 0.582419 0.589687
vt 0.575898 0.580721
vt 0.575393 0.582233
vt 0.582419 0.591901
vt 0.580855 0.587895
vt 0.574742 0.579498
vt 0.575898 0.580721
vt 0.582419 0.589687
vt 0.578325 0.587211
vt 0.572368 0.579030
vt 0.574742 0.579498
vt 0.580855 0.587895
vt 0.575795 0.587895
vt 0.569681 0.579498
vt 0.572368 0.579030
vt 0.578325 0.587211
vt 0.574231 0.589687
vt 0.567709 0.580721
vt 0.569681 0.579498
vt 0.575795 0.587895
vt 0.574231 0.591901
vt 0.567204 0.582233
vt 0.567709 0.580721
vt 0.574231 0.589687
vt 0.575795 0.593693
vt 0.568360 0.583456
vt 0.567204 0.582233
vt 0.574231 0.591901
vt 0.578325 0.594377
vt 0.570734 0.583923
vt 0.568360 0.583456
vt 0.575795 0.593693
vt 0.573420 0.583456
vt 0.566137 0.572986
vt 0.563297 0.573227
vt 0.570734 0.583923
vt 0.575393 0.582233
vt 0.568509 0.572356
vt 0.566137 0.572986
vt 0.573420 0.583456
vt 0.575898 0.580721
vt 0.569509 0.571578
vt 0.568509 0.572356
vt 0.575393 0.582233
vt 0.574742 0.579498
vt 0.568753 0.570948
vt 0.569509 0.571578
vt 0.575898 0.580721
vt 0.572368 0.579030
vt 0.566532 0.570707
vt 0.568753 0.570948
vt 0.574742 0.579498
vt 0.569681 0.579498
vt 0.563692 0.570948
vt 0.566532 0.570707
vt 0.572368 0.579030
vt 0.567709 0.580721
vt 0.561320 0.571578
vt 0.563692 0.570948
vt 0.569681 0.579498
vt 0.567204 0.582233
vt 0.560321 0.572356
vt 0.561320 0.571578
vt 0.567709 0.580721
vt 0.568360 0.583456
vt 0.561076 0.572986
vt 0.560321 0.572356
vt 0.567204 0.582233
vt 0.570734 0.583923
vt 0.563297 0.573227
vt 0.561076 0.572986
vt 0.568360 0.583456
vt 0.566137 0.572986
vt 0.559153 0.562496
vt 0.556167 0.562505
vt 0.563297 0.573227
vt 0.568509 0.572356
vt 0.561909 0.562472
vt 0.559153 0.562496
vt 0.566137 0.572986
vt 0.569509 0.571578
vt 0.563382 0.562443
vt 0.561909 0.562472
vt 0.568509 0.572356
vt 0.568753 0.570948
vt 0.563011 0.562420
vt 0.563382 0.562443
vt 0.569509 0.571578
vt 0.566532 0.570707
vt 0.560936 0.562410
vt 0.563011 0.562420
vt 0.568753 0.570948
vt 0.563692 0.570948
vt 0.557950 0.562420
vt 0.560936 0.562410
vt 0.566532 0.570707
vt 0.561320 0.571578
vt 0.555194 0.562443
vt 0.557950 0.562420
vt 0.563692 0.570948
vt 0.560321 0.572356
vt 0.553720 0.562472
vt 0.555194 0.562443
vt 0.561320 0.571578
vt 0.561076 0.572986
vt 0.554092 0.562496
vt 0.553720 0.562472
vt 0.560321 0.572356
vt 0.563297 0.573227
vt 0.556167 0.562505
vt 0.554092 0.562496
vt 0.561076 0.572986
vt 0.559153 0.562496
vt 0.552610 0.552200
vt 0.549487 0.551977
vt 0.556167 0.562505
vt 0.561909 0.562472
vt 0.555726 0.552783
vt 0.552610 0.552200
vt 0.559153 0.562496
vt 0.563382 0.562443
vt 0.557644 0.553503
vt 0.555726 0.552783
vt 0.561909 0.562472
vt 0.563011 0.562420
vt 0.557632 0.554086
vt 0.557644 0.553503
vt 0.563382 0.562443
vt 0.560936 0.562410
vt 0.555694 0.554309
vt 0.557632 0.554086
vt 0.563011 0.562420
vt 0.557950 0.562420
vt 0.552571 0.554086
vt 0.555694 0.554309
vt 0.560936 0.562410
vt 0.555194 0.562443
vt 0.549455 0.553503
vt 0.552571 0.554086
vt 0.557950 0.562420
vt 0.553720 0.562472
vt 0.547537 0.552783
vt 0.549455 0.553503
vt 0.555194 0.562443
vt 0.554092 0.562496
vt 0.547549 0.552200
vt 0.547537 0.552783
vt 0.553720 0.562472
vt 0.556167 0.562505
vt 0.549487 0.551977
vt 0.547549 0.552200
vt 0.554092 0.562496
vt 0.552610 0.552200
vt 0.546643 0.542306
vt 0.543395 0.541856
vt 0.549487 0.551977
vt 0.555726 0.552783
vt 0.550086 0.543484
vt 0.546643 0.542306
vt 0.552610 0.552200
vt 0.557644 0.553503
vt 0.552409 0.544940
vt 0.550086 0.543484
vt 0.555726 0.552783
vt 0.557632 0.554086
vt 0.552725 0.546118
vt 0.552409 0.544940
vt 0.557644 0.553503
vt 0.555694 0.554309
vt 0.550913 0.546568
vt 0.552725 0.546118
vt 0.557632 0.554086
vt 0.552571 0.554086
vt 0.547664 0.546118
vt 0.550913 0.546568
vt 0.555694 0.554309
vt 0.549455 0.553503
vt 0.544221 0.544940
vt 0.547664 0.546118
vt 0.552571 0.554086
vt 0.547537 0.552783
vt 0.541898 0.543484
vt 0.544221 0.544940
vt 0.549455 0.553503
vt 0.547549 0.552200
vt 0.541582 0.542306
vt 0.541898 0.543484
vt 0.547537 0.552783
vt 0.549487 0.551977
vt 0.543395 0.541856
vt 0.541582 0.542306
vt 0.547549 0.552200
vt 0.546643 0.542306
vt 0.541372 0.533017
vt 0.538013 0.532350
vt 0.543395 0.541856
vt 0.550086 0.543484
vt 0.545105 0.534766
vt 0.541372 0.533017
vt 0.546643 0.542306
vt 0.552409 0.544940
vt 0.547786 0.536928
vt 0.545105 0.534766
vt 0.550086 0.543484
vt 0.552725 0.546118
vt 0.548391 0.538676
vt 0.547786 0.536928
vt 0.552409 0.544940
vt 0.550913 0.546568
vt 0.546689 0.539344
vt 0.548391 0.538676
vt 0.552725 0.546118
vt 0.547664 0.546118
vt 0.543330 0.538676
vt 0.546689 0.539344
vt 0.550913 0.546568
vt 0.544221 0.544940
vt 0.539598 0.536928
vt 0.543330 0.538676
vt 0.547664 0.546118
vt 0.541898 0.543484
vt 0.536917 0.534766
vt 0.539598 0.536928
vt 0.544221 0.544940
vt 0.541582 0.542306
vt 0.536311 0.533017
vt 0.536917 0.534766
vt 0.541898 0.543484
vt 0.543395 0.541856
vt 0.538013 0.532350
vt 0.536311 0.533017
vt 0.541582 0.542306
vt 0.541372 0.533017
vt 0.536905 0.524522
vt 0.533453 0.523650
vt 0.538013 0.532350
vt 0.545105 0.534766
vt 0.540883 0.526806
vt 0.536905 0.524522
vt 0.541372 0.533017
vt 0.547786 0.536928
vt 0.543868 0.529629
vt 0.540883 0.526806
vt 0.545105 0.534766
vt 0.548391 0.538676
vt 0.544718 0.531913
vt 0.543868 0.529629
vt 0.547786 0.536928
vt 0.546689 0.539344
vt 0.543110 0.532785
vt 0.544718 0.531913
vt 0.548391 0.538676
vt 0.543330 0.538676
vt 0.539657 0.531913
vt 0.543110 0.532785
vt 0.546689 0.539344
vt 0.539598 0.536928
vt 0.535679 0.529629
vt 0.539657 0.531913
vt 0.543330 0.538676
vt 0.536917 0.534766
vt 0.532695 0.526806
vt 0.535679 0.529629
vt 0.539598 0.536928
vt 0.536311 0.533017
vt 0.531844 0.524522
vt 0.532695 0.526806
vt 0.536917 0.534766
vt 0.538013 0.532350
vt 0.533453 0.523650
vt 0.531844 0.524522
vt 0.536311 0.533017
vt 0.536905 0.524522
vt 0.533333 0.976994
vt 0.529805 0.975935
vt 0.533453 0.523650
vt 0.540883 0.526806
vt 0.537507 0.979766
vt 0.533333 0.976994
vt 0.536905 0.524522
vt 0.543868 0.529629
vt 0.540734 0.523193
vt 0.537507 0.979766
vt 0.540883 0.526806
vt 0.544718 0.531913
vt 0.541781 0.525966
vt 0.540734 0.523193
vt 0.543868 0.529629
vt 0.543110 0.532785
vt 0.540248 0.527025
vt 0.541781 0.525966
vt 0.544718 0.531913
vt 0.539657 0.531913
vt 0.536720 0.525966
vt 0.540248 0.527025
vt 0.543110 0.532785
vt 0.535679 0.529629
vt 0.532546 0.523193
vt 0.536720 0.525966
vt 0.539657 0.531913
vt 0.532695 0.526806
vt 0.529319 0.979766
vt 0.532546 0.523193
vt 0.535679 0.529629
vt 0.531844 0.524522
vt 0.528272 0.976994
vt 0.529319 0.979766
vt 0.532695 0.526806
vt 0.533453 0.523650
vt 0.529805 0.975935
vt 0.528272 0.976994
vt 0.531844 0.524522
vt 0.533333 0.976994
vt 0.530728 0.970585
vt 0.527146 0.969361
vt 0.529805 0.975935
vt 0.537507 0.979766
vt 0.535046 0.973790
vt 0.530728 0.970585
vt 0.533333 0.976994
vt 0.540734 0.523193
vt 0.538449 0.977751
vt 0.535046 0.973790
vt 0.537507 0.979766
vt 0.541781 0.525966
vt 0.539639 0.520956
vt 0.538449 0.977751
vt 0.540734 0.523193
vt 0.540248 0.527025
vt 0.538161 0.522180
vt 0.539639 0.520956
vt 0.541781 0.525966
vt 0.536720 0.525966
vt 0.534578 0.520956
vt 0.538161 0.522180
vt 0.540248 0.527025
vt 0.532546 0.523193
vt 0.530261 0.977751
vt 0.534578 0.520956
vt 0.536720 0.525966
vt 0.529319 0.979766
vt 0.526857 0.973790
vt 0.530261 0.977751
vt 0.532546 0.523193
vt 0.528272 0.976994
vt 0.525667 0.970585
vt 0.526857 0.973790
vt 0.529319 0.979766
vt 0.529805 0.975935
vt 0.527146 0.969361
vt 0.525667 0.970585
vt 0.528272 0.976994
vt 0.530728 0.970585
vt 0.529143 0.965426
vt 0.525528 0.964062
vt 0.527146 0.969361
vt 0.535046 0.973790
vt 0.533548 0.968998
vt 0.529143 0.965426
vt 0.530728 0.970585
vt 0.538449 0.977751
vt 0.537060 0.973414
vt 0.533548 0.968998
vt 0.535046 0.973790
vt 0.539639 0.520956
vt 0.538336 0.976985
vt 0.537060 0.973414
vt 0.538449 0.977751
vt 0.538161 0.522180
vt 0.536891 0.978350
vt 0.538336 0.976985
vt 0.539639 0.520956
vt 0.534578 0.520956
vt 0.533276 0.976985
vt 0.536891 0.978350
vt 0.538161 0.522180
vt 0.530261 0.977751
vt 0.528871 0.973414
vt 0.533276 0.976985
vt 0.534578 0.520956
vt 0.526857 0.973790
vt 0.525359 0.968998
vt 0.528871 0.973414
vt 0.530261 0.977751
vt 0.525667 0.970585
vt 0.524083 0.965426
vt 0.525359 0.968998
vt 0.526857 0.973790
vt 0.527146 0.969361
vt 0.525528 0.964062
vt 0.524083 0.965426
vt 0.525667 0.970585
vt 0.529143 0.965426
vt 0.528612 0.961623
vt 0.524985 0.960146
vt 0.525528 0.964062
vt 0.533548 0.968998
vt 0.533046 0.965489
vt 0.528612 0.961623
vt 0.529143 0.965426
vt 0.537060 0.973414
vt 0.536593 0.970269
vt 0.533046 0.965489
vt 0.533548 0.968998
vt 0.538336 0.976985
vt 0.537899 0.974135
vt 0.536593 0.970269
vt 0.537060 0.973414
vt 0.536891 0.978350
vt 0.536465 0.975612
vt 0.537899 0.974135
vt 0.538336 0.976985
vt 0.533276 0.976985
vt 0.532838 0.974135
vt 0.536465 0.975612
vt 0.536891 0.978350
vt 0.528871 0.973414
vt 0.528404 0.970269
vt 0.532838 0.974135
vt 0.533276 0.976985
vt 0.525359 0.968998
vt 0.524857 0.965489
vt 0.528404 0.970269
vt 0.528871 0.973414
vt 0.524083 0.965426
vt 0.523551 0.961623
vt 0.524857 0.965489
vt 0.525359 0.968998
vt 0.525528 0.964062
vt 0.524985 0.960146
vt 0.523551 0.961623
vt 0.524083 0.965426
vt 0.528612 0.961623
vt 0.529143 0.959253
vt 0.525528 0.957694
vt 0.524985 0.960146
vt 0.533046 0.965489
vt 0.533548 0.963335
vt 0.529143 0.959253
vt 0.528612 0.961623
vt 0.536593 0.970269
vt 0.537060 0.968380
vt 0.533548 0.963335
vt 0.533046 0.965489
vt 0.537899 0.974135
vt 0.538336 0.972462
vt 0.537060 0.968380
vt 0.536593 0.970269
vt 0.536465 0.975612
vt 0.536891 0.974021
vt 0.538336 0.972462
vt 0.537899 0.974135
vt 0.532838 0.974135
vt 0.533276 0.972462
vt 0.536891 0.974021
vt 0.536465 0.975612
vt 0.528404 0.970269
vt 0.528871 0.968380
vt 0.533276 0.972462
vt 0.532838 0.974135
vt 0.524857 0.965489
vt 0.525359 0.963335
vt 0.528871 0.968380
vt 0.528404 0.970269
vt 0.523551 0.961623
vt 0.524083 0.959253
vt 0.525359 0.963335
vt 0.524857 0.965489
vt 0.524985 0.960146
vt 0.525528 0.957694
vt 0.524083 0.959253
vt 0.523551 0.961623
vt 0.529143 0.959253
vt 0.530728 0.958363
vt 0.527146 0.956754
vt 0.525528 0.957694
vt 0.533548 0.963335
vt 0.535046 0.962578
vt 0.530728 0.958363
vt 0.529143 0.959253
vt 0.537060 0.968380
vt 0.538449 0.967787
vt 0.535046 0.962578
vt 0.533548 0.963335
vt 0.538336 0.972462
vt 0.539639 0.972002
vt 0.538449 0.967787
vt 0.537060 0.968380
vt 0.536891 0.974021
vt 0.538161 0.973611
vt 0.539639 0.972002
vt 0.538336 0.972462
vt 0.533276 0.972462
vt 0.534578 0.972002
vt 0.538161 0.973611
vt 0.536891 0.974021
vt 0.528871 0.968380
vt 0.530261 0.967787
vt 0.534578 0.972002
vt 0.533276 0.972462
vt 0.525359 0.963335
vt 0.526857 0.962578
vt 0.530261 0.967787
vt 0.528871 0.968380
vt 0.524083 0.959253
vt 0.525667 0.958363
vt 0.526857 0.962578
vt 0.525359 0.963335
vt 0.525528 0.957694
vt 0.527146 0.956754
vt 0.525667 0.958363
vt 0.524083 0.959253
vt 0.530728 0.958363
vt 0.533333 0.958973
vt 0.529805 0.957345
vt 0.527146 0.956754
vt 0.535046 0.962578
vt 0.537507 0.963234
vt 0.533333 0.958973
vt 0.530728 0.958363
vt 0.538449 0.967787
vt 0.540734 0.968501
vt 0.537507 0.963234
vt 0.535046 0.962578
vt 0.539639 0.972002
vt 0.541781 0.972762
vt 0.540734 0.968501
vt 0.538449 0.967787
vt 0.538161 0.973611
vt 0.540248 0.974390
vt 0.541781 0.972762
vt 0.539639 0.972002
vt 0.534578 0.972002
vt 0.536720 0.972762
vt 0.540248 0.974390
vt 0.538161 0.973611
vt 0.530261 0.967787
vt 0.532546 0.968501
vt 0.536720 0.972762
vt 0.534578 0.972002
vt 0.526857 0.962578
vt 0.529319 0.963234
vt 0.532546 0.968501
vt 0.530261 0.967787
vt 0.525667 0.958363
vt 0.528272 0.958973
vt 0.529319 0.963234
vt 0.526857 0.962578
vt 0.527146 0.956754
vt 0.529805 0.957345
vt 0.528272 0.958973
vt 0.525667 0.958363
vt 0.533333 0.958973
vt 0.536905 0.961069
vt 0.533453 0.959457
vt 0.529805 0.957345
vt 0.537507 0.963234
vt 0.540883 0.965290
vt 0.536905 0.961069
vt 0.533333 0.958973
vt 0.540734 0.968501
vt 0.543868 0.970508
vt 0.540883 0.965290
vt 0.537507 0.963234
vt 0.541781 0.972762
vt 0.544718 0.974729
vt 0.543868 0.970508
vt 0.540734 0.968501
vt 0.540248 0.974390
vt 0.543110 0.976342
vt 0.544718 0.974729
vt 0.541781 0.972762
vt 0.536720 0.972762
vt 0.539657 0.974729
vt 0.543110 0.976342
vt 0.540248 0.974390
vt 0.532546 0.968501
vt 0.535679 0.970508
vt 0.539657 0.974729
vt 0.536720 0.972762
vt 0.529319 0.963234
vt 0.532695 0.965290
vt 0.535679 0.970508
vt 0.532546 0.968501
vt 0.528272 0.958973
vt 0.531844 0.961069
vt 0.532695 0.965290
vt 0.529319 0.963234
vt 0.529805 0.957345
vt 0.533453 0.959457
vt 0.531844 0.961069
vt 0.528272 0.958973
vt 0.536905 0.961069
vt 0.541372 0.964610
vt 0.538013 0.963045
vt 0.533453 0.959457
vt 0.540883 0.965290
vt 0.545105 0.968705
vt 0.541372 0.964610
vt 0.536905 0.961069
vt 0.543868 0.970508
vt 0.547786 0.973767
vt 0.545105 0.968705
vt 0.540883 0.965290
vt 0.544718 0.974729
vt 0.548391 0.977862
vt 0.547786 0.973767
vt 0.543868 0.970508
vt 0.543110 0.976342
vt 0.546689 0.979426
vt 0.548391 0.977862
vt 0.544718 0.974729
vt 0.539657 0.974729
vt 0.543330 0.977862
vt 0.546689 0.979426
vt 0.543110 0.976342
vt 0.535679 0.970508
vt 0.539598 0.973767
vt 0.543330 0.977862
vt 0.539657 0.974729
vt 0.532695 0.965290
vt 0.536917 0.968705
vt 0.539598 0.973767
vt 0.535679 0.970508
vt 0.531844 0.961069
vt 0.536311 0.964610
vt 0.536917 0.968705
vt 0.532695 0.965290
vt 0.533453 0.959457
vt 0.538013 0.963045
vt 0.536311 0.964610
vt 0.531844 0.961069
vt 0.541372 0.964610
vt 0.546643 0.969522
vt 0.543395 0.968037
vt 0.538013 0.963045
vt 0.545105 0.968705
vt 0.550086 0.973408
vt 0.546643 0.969522
vt 0.541372 0.964610
vt 0.547786 0.973767
vt 0.552409 0.978211
vt 0.550086 0.973408
vt 0.545105 0.968705
vt 0.548391 0.977862
vt 0.552725 0.522097
vt 0.552409 0.978211
vt 0.547786 0.973767
vt 0.546689 0.979426
vt 0.550913 0.523581
vt 0.552725 0.522097
vt 0.548391 0.977862
vt 0.543330 0.977862
vt 0.547664 0.522097
vt 0.550913 0.523581
vt 0.546689 0.979426
vt 0.539598 0.973767
vt 0.544221 0.978211
vt 0.547664 0.522097
vt 0.543330 0.977862
vt 0.536917 0.968705
vt 0.541898 0.973408
vt 0.544221 0.978211
vt 0.539598 0.973767
vt 0.536311 0.964610
vt 0.541582 0.969522
vt 0.541898 0.973408
vt 0.536917 0.968705
vt 0.538013 0.963045
vt 0.543395 0.968037
vt 0.541582 0.969522
vt 0.536311 0.964610
vt 0.546643 0.969522
vt 0.552610 0.975706
vt 0.549487 0.974332
vt 0.543395 0.968037
vt 0.550086 0.973408
vt 0.555726 0.979304
vt 0.552610 0.975706
vt 0.546643 0.969522
vt 0.552409 0.978211
vt 0.557644 0.523750
vt 0.555726 0.979304
vt 0.550086 0.973408
vt 0.552725 0.522097
vt 0.557632 0.527348
vt 0.557644 0.523750
vt 0.552409 0.978211
vt 0.550913 0.523581
vt 0.555694 0.528722
vt 0.557632 0.527348
vt 0.552725 0.522097
vt 0.547664 0.522097
vt 0.552571 0.527348
vt 0.555694 0.528722
vt 0.550913 0.523581
vt 0.544221 0.978211
vt 0.549455 0.523750
vt 0.552571 0.527348
vt 0.547664 0.522097
vt 0.541898 0.973408
vt 0.547537 0.979304
vt 0.549455 0.523750
vt 0.544221 0.978211
vt 0.541582 0.969522
vt 0.547549 0.975706
vt 0.547537 0.979304
vt 0.541898 0.973408
vt 0.543395 0.968037
vt 0.549487 0.974332
vt 0.547549 0.975706
vt 0.541582 0.969522
vt 0.552610 0.975706
vt 0.559153 0.523036
vt 0.556167 0.521800
vt 0.549487 0.974332
vt 0.555726 0.979304
vt 0.561909 0.526272
vt 0.559153 0.523036
vt 0.552610 0.975706
vt 0.557644 0.523750
vt 0.563382 0.530272
vt 0.561909 0.526272
vt 0.555726 0.979304
vt 0.557632 0.527348
vt 0.563011 0.533508
vt 0.563382 0.530272
vt 0.557644 0.523750
vt 0.555694 0.528722
vt 0.560936 0.534744
vt 0.563011 0.533508
vt 0.557632 0.527348
vt 0.552571 0.527348
vt 0.557950 0.533508
vt 0.560936 0.534744
vt 0.555694 0.528722
vt 0.549455 0.523750
vt 0.555194 0.530272
vt 0.557950 0.533508
vt 0.552571 0.527348
vt 0.547537 0.979304
vt 0.553720 0.526272
vt 0.555194 0.530272
vt 0.549455 0.523750
vt 0.547549 0.975706
vt 0.554092 0.523036
vt 0.553720 0.526272
vt 0.547537 0.979304
vt 0.549487 0.974332
vt 0.556167 0.521800
vt 0.554092 0.523036
vt 0.547549 0.975706
vt 0.559153 0.523036
vt 0.566137 0.531363
vt 0.563297 0.530291
vt 0.556167 0.521800
vt 0.561909 0.526272
vt 0.568509 0.534172
vt 0.566137 0.531363
vt 0.559153 0.523036
vt 0.563382 0.530272
vt 0.569509 0.537643
vt 0.568509 0.534172
vt 0.561909 0.526272
vt 0.563011 0.533508
vt 0.568753 0.540451
vt 0.569509 0.537643
vt 0.563382 0.530272
vt 0.560936 0.534744
vt 0.566532 0.541524
vt 0.568753 0.540451
vt 0.563011 0.533508
vt 0.557950 0.533508
vt 0.563692 0.540451
vt 0.566532 0.541524
vt 0.560936 0.534744
vt 0.555194 0.530272
vt 0.561320 0.537643
vt 0.563692 0.540451
vt 0.557950 0.533508
vt 0.553720 0.526272
vt 0.560321 0.534172
vt 0.561320 0.537643
vt 0.555194 0.530272
vt 0.554092 0.523036
vt 0.561076 0.531363
vt 0.560321 0.534172
vt 0.553720 0.526272
vt 0.556167 0.521800
vt 0.563297 0.530291
vt 0.561076 0.531363
vt 0.554092 0.523036
vt 0.566137 0.531363
vt 0.573420 0.540518
vt 0.570734 0.539630
vt 0.563297 0.530291
vt 0.568509 0.534172
vt 0.575393 0.542841
vt 0.573420 0.540518
vt 0.566137 0.531363
vt 0.569509 0.537643
vt 0.575898 0.545714
vt 0.575393 0.542841
vt 0.568509 0.534172
vt 0.568753 0.540451
vt 0.574742 0.548037
vt 0.575898 0.545714
vt 0.569509 0.537643
vt 0.566532 0.541524
vt 0.572368 0.548925
vt 0.574742 0.548037
vt 0.568753 0.540451
vt 0.563692 0.540451
vt 0.569681 0.548037
vt 0.572368 0.548925
vt 0.566532 0.541524
vt 0.561320 0.537643
vt 0.567709 0.545714
vt 0.569681 0.548037
vt 0.563692 0.540451
vt 0.560321 0.534172
vt 0.567204 0.542841
vt 0.567709 0.545714
vt 0.561320 0.537643
vt 0.561076 0.531363
vt 0.568360 0.540518
vt 0.567204 0.542841
vt 0.560321 0.534172
vt 0.563297 0.530291
vt 0.570734 0.539630
vt 0.568360 0.540518
vt 0.561076 0.531363
vt 0.573420 0.540518
vt 0.580855 0.550313
vt 0.578325 0.549629
vt 0.570734 0.539630
vt 0.575393 0.542841
vt 0.582419 0.552105
vt 0.580855 0.550313
vt 0.573420 0.540518
vt 0.575898 0.545714
vt 0.582419 0.554319
vt 0.582419 0.552105
vt 0.575393 0.542841
vt 0.574742 0.548037
vt 0.580855 0.556111
vt 0.582419 0.554319
vt 0.575898 0.545714
vt 0.572368 0.548925
vt 0.578325 0.556795
vt 0.580855 0.556111
vt 0.574742 0.548037
vt 0.569681 0.548037
vt 0.575795 0.556111
vt 0.578325 0.556795
vt 0.572368 0.548925
vt 0.567709 0.545714
vt 0.574231 0.554319
vt 0.575795 0.556111
vt 0.569681 0.548037
vt 0.567204 0.542841
vt 0.574231 0.552105
vt 0.574231 0.554319
vt 0.567709 0.545714
vt 0.568360 0.540518
vt 0.575795 0.550313
vt 0.574231 0.552105
vt 0.567204 0.542841
vt 0.570734 0.539630
vt 0.578325 0.549629
vt 0.575795 0.550313
vt 0.568360 0.540518
vt 0.580855 0.550313
vt 0.588290 0.560550
vt 0.585916 0.560083
vt 0.578325 0.549629
vt 0.582419 0.552105
vt 0.589446 0.561773
vt 0.588290 0.560550
vt 0.580855 0.550313
vt 0.582419 0.554319
vt 0.588941 0.563285
vt 0.589446 0.561773
vt 0.582419 0.552105
vt 0.580855 0.556111
vt 0.586969 0.564508
vt 0.588941 0.563285
vt 0.582419 0.554319
vt 0.578325 0.556795
vt 0.584282 0.564976
vt 0.586969 0.564508
vt 0.580855 0.556111
vt 0.575795 0.556111
vt 0.581908 0.564508
vt 0.584282 0.564976
vt 0.578325 0.556795
vt 0.574231 0.554319
vt 0.580752 0.563285
vt 0.581908 0.564508
vt 0.575795 0.556111
vt 0.574231 0.552105
vt 0.581257 0.561773
vt 0.580752 0.563285
vt 0.574231 0.554319
vt 0.575795 0.550313
vt 0.583230 0.560550
vt 0.581257 0.561773
vt 0.574231 0.552105
vt 0.578325 0.549629
vt 0.585916 0.560083
vt 0.583230 0.560550
vt 0.575795 0.550313
vt 0.588290 0.560550
vt 0.595574 0.571020
vt 0.593353 0.570779
vt 0.585916 0.560083
vt 0.589446 0.561773
vt 0.596329 0.571650
vt 0.595574 0.571020
vt 0.588290 0.560550
vt 0.588941 0.563285
vt 0.595330 0.572428
vt 0.596329 0.571650
vt 0.589446 0.561773
vt 0.586969 0.564508
vt 0.592958 0.573058
vt 0.595330 0.572428
vt 0.588941 0.563285
vt 0.584282 0.564976
vt 0.590118 0.573299
vt 0.592958 0.573058
vt 0.586969 0.564508
vt 0.581908 0.564508
vt 0.587897 0.573058
vt 0.590118 0.573299
vt 0.584282 0.564976
vt 0.580752 0.563285
vt 0.587141 0.572428
vt 0.587897 0.573058
vt 0.581908 0.564508
vt 0.581257 0.561773
vt 0.588141 0.571650
vt 0.587141 0.572428
vt 0.580752 0.563285
vt 0.583230 0.560550
vt 0.590513 0.571020
vt 0.588141 0.571650
vt 0.581257 0.561773
vt 0.585916 0.560083
vt 0.593353 0.570779
vt 0.590513 0.571020
vt 0.583230 0.560550
vt 0.595574 0.571020
vt 0.602558 0.581510
vt 0.600483 0.581501
vt 0.593353 0.570779
vt 0.596329 0.571650
vt 0.602930 0.581534
vt 0.602558 0.581510
vt 0.595574 0.571020
vt 0.595330 0.572428
vt 0.601456 0.581563
vt 0.602930 0.581534
vt 0.596329 0.571650
vt 0.592958 0.573058
vt 0.598700 0.581586
vt 0.601456 0.581563
vt 0.595330 0.572428
vt 0.590118 0.573299
vt 0.595714 0.581596
vt 0.598700 0.581586
vt 0.592958 0.573058
vt 0.587897 0.573058
vt 0.593639 0.581586
vt 0.595714 0.581596
vt 0.590118 0.573299
vt 0.587141 0.572428
vt 0.593268 0.581563
vt 0.593639 0.581586
vt 0.587897 0.573058
vt 0.588141 0.571650
vt 0.594741 0.581534
vt 0.593268 0.581563
vt 0.587141 0.572428
vt 0.590513 0.571020
vt 0.597497 0.581510
vt 0.594741 0.581534
vt 0.588141 0.571650
vt 0.593353 0.570779
vt 0.600483 0.581501
vt 0.597497 0.581510
vt 0.590513 0.571020
vt 0.602558 0.581510
vt 0.609101 0.591806
vt 0.607163 0.592029
vt 0.600483 0.581501
vt 0.602930 0.581534
vt 0.609113 0.591223
vt 0.609101 0.591806
vt 0.602558 0.581510
vt 0.601456 0.581563
vt 0.607195 0.590503
vt 0.609113 0.591223
vt 0.602930 0.581534
vt 0.598700 0.581586
vt 0.604079 0.589920
vt 0.607195 0.590503
vt 0.601456 0.581563
vt 0.595714 0.581596
vt 0.600956 0.589697
vt 0.604079 0.589920
vt 0.598700 0.581586
vt 0.593639 0.581586
vt 0.599018 0.589920
vt 0.600956 0.589697
vt 0.595714 0.581596
vt 0.593268 0.581563
vt 0.599006 0.590503
vt 0.599018 0.589920
vt 0.593639 0.581586
vt 0.594741 0.581534
vt 0.600924 0.591223
vt 0.599006 0.590503
vt 0.593268 0.581563
vt 0.597497 0.581510
vt 0.604040 0.591806
vt 0.600924 0.591223
vt 0.594741 0.581534
vt 0.600483 0.581501
vt 0.607163 0.592029
vt 0.604040 0.591806
vt 0.597497 0.581510
vt 0.609101 0.591806
vt 0.615068 0.601700
vt 0.613255 0.602150
vt 0.607163 0.592029
vt 0.609113 0.591223
vt 0.614752 0.600522
vt 0.615068 0.601700
vt 0.609101 0.591806
vt 0.607195 0.590503
vt 0.612429 0.599066
vt 0.614752 0.600522
vt 0.609113 0.591223
vt 0.604079 0.589920
vt 0.608986 0.597888
vt 0.612429 0.599066
vt 0.607195 0.590503
vt 0.600956 0.589697
vt 0.605737 0.597438
vt 0.608986 0.597888
vt 0.604079 0.589920
vt 0.599018 0.589920
vt 0.603925 0.597888
vt 0.605737 0.597438
vt 0.600956 0.589697
vt 0.599006 0.590503
vt 0.604241 0.599066
vt 0.603925 0.597888
vt 0.599018 0.589920
vt 0.600924 0.591223
vt 0.606564 0.600522
vt 0.604241 0.599066
vt 0.599006 0.590503
vt 0.604040 0.591806
vt 0.610007 0.601700
vt 0.606564 0.600522
vt 0.600924 0.591223
vt 0.607163 0.592029
vt 0.613255 0.602150
vt 0.610007 0.601700
vt 0.604040 0.591806
vt 0.615068 0.601700
vt 0.620339 0.610989
vt 0.618637 0.611656
vt 0.613255 0.602150
vt 0.614752 0.600522
vt 0.619733 0.609240
vt 0.620339 0.610989
vt 0.615068 0.601700
vt 0.612429 0.599066
vt 0.617052 0.607078
vt 0.619733 0.609240
vt 0.614752 0.600522
vt 0.608986 0.597888
vt 0.613320 0.605330
vt 0.617052 0.607078
vt 0.612429 0.599066
vt 0.605737 0.597438
vt 0.609961 0.604662
vt 0.613320 0.605330
vt 0.608986 0.597888
vt 0.603925 0.597888
vt 0.608259 0.605330
vt 0.609961 0.604662
vt 0.605737 0.597438
vt 0.604241 0.599066
vt 0.608864 0.607078
vt 0.608259 0.605330
vt 0.603925 0.597888
vt 0.606564 0.600522
vt 0.611545 0.609240
vt 0.608864 0.607078
vt 0.604241 0.599066
vt 0.610007 0.601700
vt 0.615278 0.610989
vt 0.611545 0.609240
vt 0.606564 0.600522
vt 0.613255 0.602150
vt 0.618637 0.611656
vt 0.615278 0.610989
vt 0.610007 0.601700
vt 0.620339 0.610989
vt 0.624806 0.619484
vt 0.623197 0.620356
vt 0.618637 0.611656
vt 0.619733 0.609240
vt 0.623955 0.617200
vt 0.624806 0.619484
vt 0.620339 0.610989
vt 0.617052 0.607078
vt 0.620971 0.614377
vt 0.623955 0.617200
vt 0.619733 0.609240
vt 0.613320 0.605330
vt 0.616993 0.612093
vt 0.620971 0.614377
vt 0.617052 0.607078
vt 0.609961 0.604662
vt 0.613540 0.611221
vt 0.616993 0.612093
vt 0.613320 0.605330
vt 0.608259 0.605330
vt 0.611932 0.612093
vt 0.613540 0.611221
vt 0.609961 0.604662
vt 0.608864 0.607078
vt 0.612782 0.614377
vt 0.611932 0.612093
vt 0.608259 0.605330
vt 0.611545 0.609240
vt 0.615767 0.617200
vt 0.612782 0.614377
vt 0.608864 0.607078
vt 0.615278 0.610989
vt 0.619745 0.619484
vt 0.615767 0.617200
vt 0.611545 0.609240
vt 0.618637 0.611656
vt 0.623197 0.620356
vt 0.619745 0.619484
vt 0.615278 0.610989
vt 0.624806 0.619484
vt 0.628378 0.627012
vt 0.626845 0.628071
vt 0.623197 0.620356
vt 0.623955 0.617200
vt 0.627331 0.624240
vt 0.628378 0.627012
vt 0.624806 0.619484
vt 0.620971 0.614377
vt 0.624104 0.620813
vt 0.627331 0.624240
vt 0.623955 0.617200
vt 0.616993 0.612093
vt 0.619930 0.618040
vt 0.624104 0.620813
vt 0.620971 0.614377
vt 0.613540 0.611221
vt 0.616402 0.616981
vt 0.619930 0.618040
vt 0.616993 0.612093
vt 0.611932 0.612093
vt 0.614869 0.618040
vt 0.616402 0.616981
vt 0.613540 0.611221
vt 0.612782 0.614377
vt 0.615916 0.620813
vt 0.614869 0.618040
vt 0.611932 0.612093
vt 0.615767 0.617200
vt 0.619143 0.624240
vt 0.615916 0.620813
vt 0.612782 0.614377
vt 0.619745 0.619484
vt 0.623317 0.627012
vt 0.619143 0.624240
vt 0.615767 0.617200
vt 0.623197 0.620356
vt 0.626845 0.628071
vt 0.623317 0.627012
vt 0.619745 0.619484
vt 0.628378 0.627012
vt 0.630983 0.633421
vt 0.629504 0.634645
vt 0.626845 0.628071
vt 0.627331 0.624240
vt 0.629793 0.630216
vt 0.630983 0.633421
vt 0.628378 0.627012
vt 0.624104 0.620813
vt 0.626389 0.626255
vt 0.629793 0.630216
vt 0.627331 0.624240
vt 0.619930 0.618040
vt 0.622072 0.623050
vt 0.626389 0.626255
vt 0.624104 0.620813
vt 0.616402 0.616981
vt 0.618489 0.621826
vt 0.622072 0.623050
vt 0.619930 0.618040
vt 0.614869 0.618040
vt 0.617011 0.623050
vt 0.618489 0.621826
vt 0.616402 0.616981
vt 0.615916 0.620813
vt 0.618201 0.626255
vt 0.617011 0.623050
vt 0.614869 0.618040
vt 0.619143 0.624240
vt 0.621604 0.630216
vt 0.618201 0.626255
vt 0.615916 0.620813
vt 0.623317 0.627012
vt 0.625922 0.633421
vt 0.621604 0.630216
vt 0.619143 0.624240
vt 0.626845 0.628071
vt 0.629504 0.634645
vt 0.625922 0.633421
vt 0.623317 0.627012
vt 0.630983 0.633421
vt 0.632567 0.638580
vt 0.631122 0.639944
vt 0.629504 0.634645
vt 0.629793 0.630216
vt 0.631291 0.635008
vt 0.632567 0.638580
vt 0.630983 0.633421
vt 0.626389 0.626255
vt 0.627779 0.630592
vt 0.631291 0.635008
vt 0.629793 0.630216
vt 0.622072 0.623050
vt 0.623374 0.627021
vt 0.627779 0.630592
vt 0.626389 0.626255
vt 0.618489 0.621826
vt 0.619759 0.625656
vt 0.623374 0.627021
vt 0.622072 0.623050
vt 0.617011 0.623050
vt 0.618314 0.627021
vt 0.619759 0.625656
vt 0.618489 0.621826
vt 0.618201 0.626255
vt 0.619590 0.630592
vt 0.618314 0.627021
vt 0.617011 0.623050
vt 0.621604 0.630216
vt 0.623102 0.635008
vt 0.619590 0.630592
vt 0.618201 0.626255
vt 0.625922 0.633421
vt 0.627507 0.638580
vt 0.623102 0.635008
vt 0.621604 0.630216
vt 0.629504 0.634645
vt 0.631122 0.639944
vt 0.627507 0.638580
vt 0.625922 0.633421
vt 0.632567 0.638580
vt 0.633099 0.642383
vt 0.631665 0.643860
vt 0.631122 0.639944
vt 0.631291 0.635008
vt 0.631793 0.638517
vt 0.633099 0.642383
vt 0.632567 0.638580
vt 0.627779 0.630592
vt 0.628246 0.633737
vt 0.631793 0.638517
vt 0.631291 0.635008
vt 0.623374 0.627021
vt 0.623812 0.629871
vt 0.628246 0.633737
vt 0.627779 0.630592
vt 0.619759 0.625656
vt 0.620185 0.628394
vt 0.623812 0.629871
vt 0.623374 0.627021
vt 0.618314 0.627021
vt 0.618751 0.629871
vt 0.620185 0.628394
vt 0.619759 0.625656
vt 0.619590 0.630592
vt 0.620057 0.633737
vt 0.618751 0.629871
vt 0.618314 0.627021
vt 0.623102 0.635008
vt 0.623604 0.638517
vt 0.620057 0.633737
vt 0.619590 0.630592
vt 0.627507 0.638580
vt 0.628038 0.642383
vt 0.623604 0.638517
vt 0.623102 0.635008
vt 0.631122 0.639944
vt 0.631665 0.643860
vt 0.628038 0.642383
vt 0.627507 0.638580
vt 0.516410 0.957529
vt 0.520715 0.957529
vt 0.520715 0.946167
vt 0.516410 0.946167
vt 0.544515 0.529591
vt 0.540210 0.529591
vt 0.540210 0.978229
vt 0.544515 0.978229
vt 0.540210 0.529591
vt 0.516410 0.957529
vt 0.516410 0.946167
vt 0.540210 0.978229
vt 0.520715 0.957529
vt 0.544515 0.529591
vt 0.544515 0.978229
vt 0.520715 0.946167
vt 0.540210 0.529591
vt 0.544515 0.529591
vt 0.520715 0.957529
vt 0.516410 0.957529
vt 0.516410 0.946167
vt 0.520715 0.946167
vt 0.544515 0.978229
vt 0.540210 0.978229
vt 0.611610 0.625777
vt 0.615915 0.625777
vt 0.615915 0.614415
vt 0.611610 0.614415
vt 0.639715 0.657839
vt 0.635410 0.657839
vt 0.635410 0.646477
vt 0.639715 0.646477
vt 0.635410 0.657839
vt 0.611610 0.625777
vt 0.611610 0.614415
vt 0.635410 0.646477
vt 0.615915 0.625777
vt 0.639715 0.657839
vt 0.639715 0.646477
vt 0.615915 0.614415
vt 0.635410 0.657839
vt 0.639715 0.657839
vt 0.615915 0.625777
vt 0.611610 0.625777
vt 0.611610 0.614415
vt 0.615915 0.614415
vt 0.639715 0.646477
vt 0.635410 0.646477
vt 0.976449 0.642383
vt 0.975917 0.644753
vt 0.974472 0.646312
vt 0.975015 0.643860
vt 0.975143 0.638517
vt 0.974641 0.640671
vt 0.975917 0.644753
vt 0.976449 0.642383
vt 0.971596 0.633737
vt 0.971129 0.635626
vt 0.974641 0.640671
vt 0.975143 0.638517
vt 0.967162 0.629871
vt 0.966724 0.631544
vt 0.971129 0.635626
vt 0.971596 0.633737
vt 0.963535 0.628394
vt 0.963109 0.629985
vt 0.966724 0.631544
vt 0.967162 0.629871
vt 0.962101 0.629871
vt 0.961664 0.631544
vt 0.963109 0.629985
vt 0.963535 0.628394
vt 0.963407 0.633737
vt 0.962940 0.635626
vt 0.961664 0.631544
vt 0.962101 0.629871
vt 0.966954 0.638517
vt 0.966452 0.640671
vt 0.962940 0.635626
vt 0.963407 0.633737
vt 0.971388 0.642383
vt 0.970857 0.644753
vt 0.966452 0.640671
vt 0.966954 0.638517
vt 0.975015 0.643860
vt 0.974472 0.646312
vt 0.970857 0.644753
vt 0.971388 0.642383
vt 0.975917 0.644753
vt 0.974333 0.645643
vt 0.972854 0.647252
vt 0.974472 0.646312
vt 0.974641 0.640671
vt 0.973143 0.641428
vt 0.974333 0.645643
vt 0.975917 0.644753
vt 0.971129 0.635626
vt 0.969739 0.636219
vt 0.973143 0.641428
vt 0.974641 0.640671
vt 0.966724 0.631544
vt 0.965422 0.632004
vt 0.969739 0.636219
vt 0.971129 0.635626
vt 0.963109 0.629985
vt 0.961839 0.630395
vt 0.965422 0.632004
vt 0.966724 0.631544
vt 0.961664 0.631544
vt 0.960361 0.632004
vt 0.961839 0.630395
vt 0.963109 0.629985
vt 0.962940 0.635626
vt 0.961551 0.636219
vt 0.960361 0.632004
vt 0.961664 0.631544
vt 0.966452 0.640671
vt 0.964954 0.641428
vt 0.961551 0.636219
vt 0.962940 0.635626
vt 0.970857 0.644753
vt 0.969272 0.645643
vt 0.964954 0.641428
vt 0.966452 0.640671
vt 0.974472 0.646312
vt 0.972854 0.647252
vt 0.969272 0.645643
vt 0.970857 0.644753
vt 0.974333 0.645643
vt 0.971728 0.645033
vt 0.970195 0.646661
vt 0.972854 0.647252
vt 0.973143 0.641428
vt 0.970681 0.640772
vt 0.971728 0.645033
vt 0.974333 0.645643
vt 0.969739 0.636219
vt 0.967454 0.635505
vt 0.970681 0.640772
vt 0.973143 0.641428
vt 0.965422 0.632004
vt 0.963280 0.631244
vt 0.967454 0.635505
vt 0.969739 0.636219
vt 0.961839 0.630395
vt 0.959752 0.629616
vt 0.963280 0.631244
vt 0.965422 0.632004
vt 0.960361 0.632004
vt 0.958219 0.631244
vt 0.959752 0.629616
vt 0.961839 0.630395
vt 0.961551 0.636219
vt 0.959266 0.635505
vt 0.958219 0.631244
vt 0.960361 0.632004
vt 0.964954 0.641428
vt 0.962493 0.640772
vt 0.959266 0.635505
vt 0.961551 0.636219
vt 0.969272 0.645643
vt 0.966667 0.645033
vt 0.962493 0.640772
vt 0.964954 0.641428
vt 0.972854 0.647252
vt 0.970195 0.646661
vt 0.966667 0.645033
vt 0.969272 0.645643
vt 0.971728 0.645033
vt 0.968156 0.642937
vt 0.966547 0.644549
vt 0.970195 0.646661
vt 0.970681 0.640772
vt 0.967305 0.638716
vt 0.968156 0.642937
vt 0.971728 0.645033
vt 0.967454 0.635505
vt 0.964321 0.633498
vt 0.967305 0.638716
vt 0.970681 0.640772
vt 0.963280 0.631244
vt 0.960343 0.629277
vt 0.964321 0.633498
vt 0.967454 0.635505
vt 0.959752 0.629616
vt 0.956890 0.627664
vt 0.960343 0.629277
vt 0.963280 0.631244
vt 0.958219 0.631244
vt 0.955282 0.629277
vt 0.956890 0.627664
vt 0.959752 0.629616
vt 0.959266 0.635505
vt 0.956132 0.633498
vt 0.955282 0.629277
vt 0.958219 0.631244
vt 0.962493 0.640772
vt 0.959117 0.638716
vt 0.956132 0.633498
vt 0.959266 0.635505
vt 0.966667 0.645033
vt 0.963095 0.642937
vt 0.959117 0.638716
vt 0.962493 0.640772
vt 0.970195 0.646661
vt 0.966547 0.644549
vt 0.963095 0.642937
vt 0.966667 0.645033
vt 0.968156 0.642937
vt 0.963689 0.639396
vt 0.961987 0.640961
vt 0.966547 0.644549
vt 0.967305 0.638716
vt 0.963083 0.635301
vt 0.963689 0.639396
vt 0.968156 0.642937
vt 0.964321 0.633498
vt 0.960402 0.630239
vt 0.963083 0.635301
vt 0.967305 0.638716
vt 0.960343 0.629277
vt 0.956670 0.626144
vt 0.960402 0.630239
vt 0.964321 0.633498
vt 0.956890 0.627664
vt 0.953311 0.624580
vt 0.956670 0.626144
vt 0.960343 0.629277
vt 0.955282 0.629277
vt 0.951609 0.626144
vt 0.953311 0.624580
vt 0.956890 0.627664
vt 0.956132 0.633498
vt 0.952214 0.630239
vt 0.951609 0.626144
vt 0.955282 0.629277
vt 0.959117 0.638716
vt 0.954895 0.635301
vt 0.952214 0.630239
vt 0.956132 0.633498
vt 0.963095 0.642937
vt 0.958628 0.639396
vt 0.954895 0.635301
vt 0.959117 0.638716
vt 0.966547 0.644549
vt 0.961987 0.640961
vt 0.958628 0.639396
vt 0.963095 0.642937
vt 0.963689 0.639396
vt 0.958418 0.634484
vt 0.956605 0.635969
vt 0.961987 0.640961
vt 0.963083 0.635301
vt 0.958102 0.630598
vt 0.958418 0.634484
vt 0.963689 0.639396
vt 0.960402 0.630239
vt 0.955779 0.625795
vt 0.958102 0.630598
vt 0.963083 0.635301
vt 0.956670 0.626144
vt 0.952336 0.621909
vt 0.955779 0.625795
vt 0.960402 0.630239
vt 0.953311 0.624580
vt 0.949087 0.620425
vt 0.952336 0.621909
vt 0.956670 0.626144
vt 0.951609 0.626144
vt 0.947275 0.621909
vt 0.949087 0.620425
vt 0.953311 0.624580
vt 0.952214 0.630239
vt 0.947591 0.625795
vt 0.947275 0.621909
vt 0.951609 0.626144
vt 0.954895 0.635301
vt 0.949914 0.630598
vt 0.947591 0.625795
vt 0.952214 0.630239
vt 0.958628 0.639396
vt 0.953357 0.634484
vt 0.949914 0.630598
vt 0.954895 0.635301
vt 0.961987 0.640961
vt 0.956605 0.635969
vt 0.953357 0.634484
vt 0.958628 0.639396
vt 0.958418 0.634484
vt 0.952451 0.628300
vt 0.950513 0.629674
vt 0.956605 0.635969
vt 0.958102 0.630598
vt 0.952463 0.624702
vt 0.952451 0.628300
vt 0.958418 0.634484
vt 0.955779 0.625795
vt 0.950545 0.620256
vt 0.952463 0.624702
vt 0.958102 0.630598
vt 0.952336 0.621909
vt 0.947429 0.616658
vt 0.950545 0.620256
vt 0.955779 0.625795
vt 0.949087 0.620425
vt 0.944306 0.615284
vt 0.947429 0.616658
vt 0.952336 0.621909
vt 0.947275 0.621909
vt 0.942368 0.616658
vt 0.944306 0.615284
vt 0.949087 0.620425
vt 0.947591 0.625795
vt 0.942356 0.620256
vt 0.942368 0.616658
vt 0.947275 0.621909
vt 0.949914 0.630598
vt 0.944274 0.624702
vt 0.942356 0.620256
vt 0.947591 0.625795
vt 0.953357 0.634484
vt 0.947390 0.628300
vt 0.944274 0.624702
vt 0.949914 0.630598
vt 0.956605 0.635969
vt 0.950513 0.629674
vt 0.947390 0.628300
vt 0.953357 0.634484
vt 0.952451 0.628300
vt 0.945908 0.620970
vt 0.943833 0.622206
vt 0.950513 0.629674
vt 0.952463 0.624702
vt 0.946280 0.617734
vt 0.945908 0.620970
vt 0.952451 0.628300
vt 0.950545 0.620256
vt 0.944806 0.613734
vt 0.946280 0.617734
vt 0.952463 0.624702
vt 0.947429 0.616658
vt 0.942050 0.610498
vt 0.944806 0.613734
vt 0.950545 0.620256
vt 0.944306 0.615284
vt 0.939064 0.609262
vt 0.942050 0.610498
vt 0.947429 0.616658
vt 0.942368 0.616658
vt 0.936989 0.610498
vt 0.939064 0.609262
vt 0.944306 0.615284
vt 0.942356 0.620256
vt 0.936618 0.613734
vt 0.936989 0.610498
vt 0.942368 0.616658
vt 0.944274 0.624702
vt 0.938091 0.617734
vt 0.936618 0.613734
vt 0.942356 0.620256
vt 0.947390 0.628300
vt 0.940847 0.620970
vt 0.938091 0.617734
vt 0.944274 0.624702
vt 0.950513 0.629674
vt 0.943833 0.622206
vt 0.940847 0.620970
vt 0.947390 0.628300
vt 0.945908 0.620970
vt 0.938924 0.612643
vt 0.936703 0.613715
vt 0.943833 0.622206
vt 0.946280 0.617734
vt 0.939679 0.609834
vt 0.938924 0.612643
vt 0.945908 0.620970
vt 0.944806 0.613734
vt 0.938680 0.606363
vt 0.939679 0.609834
vt 0.946280 0.617734
vt 0.942050 0.610498
vt 0.936308 0.603555
vt 0.938680 0.606363
vt 0.944806 0.613734
vt 0.939064 0.609262
vt 0.933468 0.602482
vt 0.936308 0.603555
vt 0.942050 0.610498
vt 0.936989 0.610498
vt 0.931247 0.603555
vt 0.933468 0.602482
vt 0.939064 0.609262
vt 0.936618 0.613734
vt 0.930491 0.606363
vt 0.931247 0.603555
vt 0.936989 0.610498
vt 0.938091 0.617734
vt 0.931491 0.609834
vt 0.930491 0.606363
vt 0.936618 0.613734
vt 0.940847 0.620970
vt 0.933863 0.612643
vt 0.931491 0.609834
vt 0.938091 0.617734
vt 0.943833 0.622206
vt 0.936703 0.613715
vt 0.933863 0.612643
vt 0.940847 0.620970
vt 0.938924 0.612643
vt 0.931640 0.603488
vt 0.929266 0.604376
vt 0.936703 0.613715
vt 0.939679 0.609834
vt 0.932796 0.601165
vt 0.931640 0.603488
vt 0.938924 0.612643
vt 0.938680 0.606363
vt 0.932291 0.598292
vt 0.932796 0.601165
vt 0.939679 0.609834
vt 0.936308 0.603555
vt 0.930319 0.595969
vt 0.932291 0.598292
vt 0.938680 0.606363
vt 0.933468 0.602482
vt 0.927632 0.595081
vt 0.930319 0.595969
vt 0.936308 0.603555
vt 0.931247 0.603555
vt 0.925258 0.595969
vt 0.927632 0.595081
vt 0.933468 0.602482
vt 0.930491 0.606363
vt 0.924102 0.598292
vt 0.925258 0.595969
vt 0.931247 0.603555
vt 0.931491 0.609834
vt 0.924607 0.601165
vt 0.924102 0.598292
vt 0.930491 0.606363
vt 0.933863 0.612643
vt 0.926580 0.603488
vt 0.924607 0.601165
vt 0.931491 0.609834
vt 0.936703 0.613715
vt 0.929266 0.604376
vt 0.926580 0.603488
vt 0.933863 0.612643
vt 0.931640 0.603488
vt 0.924205 0.593693
vt 0.921675 0.594377
vt 0.929266 0.604376
vt 0.932796 0.601165
vt 0.925769 0.591901
vt 0.924205 0.593693
vt 0.931640 0.603488
vt 0.932291 0.598292
vt 0.925769 0.589687
vt 0.925769 0.591901
vt 0.932796 0.601165
vt 0.930319 0.595969
vt 0.924205 0.587895
vt 0.925769 0.589687
vt 0.932291 0.598292
vt 0.927632 0.595081
vt 0.921675 0.587211
vt 0.924205 0.587895
vt 0.930319 0.595969
vt 0.925258 0.595969
vt 0.919145 0.587895
vt 0.921675 0.587211
vt 0.927632 0.595081
vt 0.924102 0.598292
vt 0.917581 0.589687
vt 0.919145 0.587895
vt 0.925258 0.595969
vt 0.924607 0.601165
vt 0.917581 0.591901
vt 0.917581 0.589687
vt 0.924102 0.598292
vt 0.926580 0.603488
vt 0.919145 0.593693
vt 0.917581 0.591901
vt 0.924607 0.601165
vt 0.929266 0.604376
vt 0.921675 0.594377
vt 0.919145 0.593693
vt 0.926580 0.603488
vt 0.924205 0.593693
vt 0.916770 0.583456
vt 0.914084 0.583923
vt 0.921675 0.594377
vt 0.925769 0.591901
vt 0.918743 0.582233
vt 0.916770 0.583456
vt 0.924205 0.593693
vt 0.925769 0.589687
vt 0.919248 0.580721
vt 0.918743 0.582233
vt 0.925769 0.591901
vt 0.924205 0.587895
vt 0.918092 0.579498
vt 0.919248 0.580721
vt 0.925769 0.589687
vt 0.921675 0.587211
vt 0.915718 0.579030
vt 0.918092 0.579498
vt 0.924205 0.587895
vt 0.919145 0.587895
vt 0.913031 0.579498
vt 0.915718 0.579030
vt 0.921675 0.587211
vt 0.917581 0.589687
vt 0.911059 0.580721
vt 0.913031 0.579498
vt 0.919145 0.587895
vt 0.917581 0.591901
vt 0.910554 0.582233
vt 0.911059 0.580721
vt 0.917581 0.589687
vt 0.919145 0.593693
vt 0.911710 0.583456
vt 0.910554 0.582233
vt 0.917581 0.591901
vt 0.921675 0.594377
vt 0.914084 0.583923
vt 0.911710 0.583456
vt 0.919145 0.593693
vt 0.916770 0.583456
vt 0.909487 0.572986
vt 0.906647 0.573227
vt 0.914084 0.583923
vt 0.918743 0.582233
vt 0.911859 0.572356
vt 0.909487 0.572986
vt 0.916770 0.583456
vt 0.919248 0.580721
vt 0.912859 0.571578
vt 0.911859 0.572356
vt 0.918743 0.582233
vt 0.918092 0.579498
vt 0.912103 0.570948
vt 0.912859 0.571578
vt 0.919248 0.580721
vt 0.915718 0.579030
vt 0.909882 0.570707
vt 0.912103 0.570948
vt 0.918092 0.579498
vt 0.913031 0.579498
vt 0.907042 0.570948
vt 0.909882 0.570707
vt 0.915718 0.579030
vt 0.911059 0.580721
vt 0.904670 0.571578
vt 0.907042 0.570948
vt 0.913031 0.579498
vt 0.910554 0.582233
vt 0.903671 0.572356
vt 0.904670 0.571578
vt 0.911059 0.580721
vt 0.911710 0.583456
vt 0.904426 0.572986
vt 0.903671 0.572356
vt 0.910554 0.582233
vt 0.914084 0.583923
vt 0.906647 0.573227
vt 0.904426 0.572986
vt 0.911710 0.583456
vt 0.909487 0.572986
vt 0.902503 0.562496
vt 0.899517 0.562505
vt 0.906647 0.573227
vt 0.911859 0.572356
vt 0.905259 0.562472
vt 0.902503 0.562496
vt 0.909487 0.572986
vt 0.912859 0.571578
vt 0.906732 0.562443
vt 0.905259 0.562472
vt 0.911859 0.572356
vt 0.912103 0.570948
vt 0.906361 0.562420
vt 0.906732 0.562443
vt 0.912859 0.571578
vt 0.909882 0.570707
vt 0.904286 0.562410
vt 0.906361 0.562420
vt 0.912103 0.570948
vt 0.907042 0.570948
vt 0.901300 0.562420
vt 0.904286 0.562410
vt 0.909882 0.570707
vt 0.904670 0.571578
vt 0.898544 0.562443
vt 0.901300 0.562420
vt 0.907042 0.570948
vt 0.903671 0.572356
vt 0.897070 0.562472
vt 0.898544 0.562443
vt 0.904670 0.571578
vt 0.904426 0.572986
vt 0.897442 0.562496
vt 0.897070 0.562472
vt 0.903671 0.572356
vt 0.906647 0.573227
vt 0.899517 0.562505
vt 0.897442 0.562496
vt 0.904426 0.572986
vt 0.902503 0.562496
vt 0.895960 0.552200
vt 0.892837 0.551977
vt 0.899517 0.562505
vt 0.905259 0.562472
vt 0.899076 0.552783
vt 0.895960 0.552200
vt 0.902503 0.562496
vt 0.906732 0.562443
vt 0.900994 0.553503
vt 0.899076 0.552783
vt 0.905259 0.562472
vt 0.906361 0.562420
vt 0.900982 0.554086
vt 0.900994 0.553503
vt 0.906732 0.562443
vt 0.904286 0.562410
vt 0.899044 0.554309
vt 0.900982 0.554086
vt 0.906361 0.562420
vt 0.901300 0.562420
vt 0.895921 0.554086
vt 0.899044 0.554309
vt 0.904286 0.562410
vt 0.898544 0.562443
vt 0.892805 0.553503
vt 0.895921 0.554086
vt 0.901300 0.562420
vt 0.897070 0.562472
vt 0.890887 0.552783
vt 0.892805 0.553503
vt 0.898544 0.562443
vt 0.897442 0.562496
vt 0.890899 0.552200
vt 0.890887 0.552783
vt 0.897070 0.562472
vt 0.899517 0.562505
vt 0.892837 0.551977
vt 0.890899 0.552200
vt 0.897442 0.562496
vt 0.895960 0.552200
vt 0.889993 0.542306
vt 0.886745 0.541856
vt 0.892837 0.551977
vt 0.899076 0.552783
vt 0.893436 0.543484
vt 0.889993 0.542306
vt 0.895960 0.552200
vt 0.900994 0.553503
vt 0.895759 0.544940
vt 0.893436 0.543484
vt 0.899076 0.552783
vt 0.900982 0.554086
vt 0.896075 0.546118
vt 0.895759 0.544940
vt 0.900994 0.553503
vt 0.899044 0.554309
vt 0.894263 0.546568
vt 0.896075 0.546118
vt 0.900982 0.554086
vt 0.895921 0.554086
vt 0.891014 0.546118
vt 0.894263 0.546568
vt 0.899044 0.554309
vt 0.892805 0.553503
vt 0.887571 0.544940
vt 0.891014 0.546118
vt 0.895921 0.554086
vt 0.890887 0.552783
vt 0.885248 0.543484
vt 0.887571 0.544940
vt 0.892805 0.553503
vt 0.890899 0.552200
vt 0.884932 0.542306
vt 0.885248 0.543484
vt 0.890887 0.552783
vt 0.892837 0.551977
vt 0.886745 0.541856
vt 0.884932 0.542306
vt 0.890899 0.552200
vt 0.889993 0.542306
vt 0.884722 0.533017
vt 0.881363 0.532350
vt 0.886745 0.541856
vt 0.893436 0.543484
vt 0.888455 0.534766
vt 0.884722 0.533017
vt 0.889993 0.542306
vt 0.895759 0.544940
vt 0.891136 0.536928
vt 0.888455 0.534766
vt 0.893436 0.543484
vt 0.896075 0.546118
vt 0.891741 0.538676
vt 0.891136 0.536928
vt 0.895759 0.544940
vt 0.894263 0.546568
vt 0.890039 0.539344
vt 0.891741 0.538676
vt 0.896075 0.546118
vt 0.891014 0.546118
vt 0.886680 0.538676
vt 0.890039 0.539344
vt 0.894263 0.546568
vt 0.887571 0.544940
vt 0.882948 0.536928
vt 0.886680 0.538676
vt 0.891014 0.546118
vt 0.885248 0.543484
vt 0.880267 0.534766
vt 0.882948 0.536928
vt 0.887571 0.544940
vt 0.884932 0.542306
vt 0.879661 0.533017
vt 0.880267 0.534766
vt 0.885248 0.543484
vt 0.886745 0.541856
vt 0.881363 0.532350
vt 0.879661 0.533017
vt 0.884932 0.542306
vt 0.884722 0.533017
vt 0.880255 0.524522
vt 0.876803 0.523650
vt 0.881363 0.532350
vt 0.888455 0.534766
vt 0.884233 0.526806
vt 0.880255 0.524522
vt 0.884722 0.533017
vt 0.891136 0.536928
vt 0.887218 0.529629
vt 0.884233 0.526806
vt 0.888455 0.534766
vt 0.891741 0.538676
vt 0.888068 0.531913
vt 0.887218 0.529629
vt 0.891136 0.536928
vt 0.890039 0.539344
vt 0.886460 0.532785
vt 0.888068 0.531913
vt 0.891741 0.538676
vt 0.886680 0.538676
vt 0.883007 0.531913
vt 0.886460 0.532785
vt 0.890039 0.539344
vt 0.882948 0.536928
vt 0.879029 0.529629
vt 0.883007 0.531913
vt 0.886680 0.538676
vt 0.880267 0.534766
vt 0.876045 0.526806
vt 0.879029 0.529629
vt 0.882948 0.536928
vt 0.879661 0.533017
vt 0.875194 0.524522
vt 0.876045 0.526806
vt 0.880267 0.534766
vt 0.881363 0.532350
vt 0.876803 0.523650
vt 0.875194 0.524522
vt 0.879661 0.533017
vt 0.880255 0.524522
vt 0.876683 0.976994
vt 0.873155 0.975935
vt 0.876803 0.523650
vt 0.884233 0.526806
vt 0.880857 0.979766
vt 0.876683 0.976994
vt 0.880255 0.524522
vt 0.887218 0.529629
vt 0.884084 0.523193
vt 0.880857 0.979766
vt 0.884233 0.526806
vt 0.888068 0.531913
vt 0.885131 0.525966
vt 0.884084 0.523193
vt 0.887218 0.529629
vt 0.886460 0.532785
vt 0.883598 0.527025
vt 0.885131 0.525966
vt 0.888068 0.531913
vt 0.883007 0.531913
vt 0.880070 0.525966
vt 0.883598 0.527025
vt 0.886460 0.532785
vt 0.879029 0.529629
vt 0.875896 0.523193
vt 0.880070 0.525966
vt 0.883007 0.531913
vt 0.876045 0.526806
vt 0.872669 0.979766
vt 0.875896 0.523193
vt 0.879029 0.529629
vt 0.875194 0.524522
vt 0.871622 0.976994
vt 0.872669 0.979766
vt 0.876045 0.526806
vt 0.876803 0.523650
vt 0.873155 0.975935
vt 0.871622 0.976994
vt 0.875194 0.524522
vt 0.876683 0.976994
vt 0.874078 0.970585
vt 0.870496 0.969361
vt 0.873155 0.975935
vt 0.880857 0.979766
vt 0.878396 0.973790
vt 0.874078 0.970585
vt 0.876683 0.976994
vt 0.884084 0.523193
vt 0.881799 0.977751
vt 0.878396 0.973790
vt 0.880857 0.979766
vt 0.885131 0.525966
vt 0.882989 0.520956
vt 0.881799 0.977751
vt 0.884084 0.523193
vt 0.883598 0.527025
vt 0.881511 0.522180
vt 0.882989 0.520956
vt 0.885131 0.525966
vt 0.880070 0.525966
vt 0.877928 0.520956
vt 0.881511 0.522180
vt 0.883598 0.527025
vt 0.875896 0.523193
vt 0.873611 0.977751
vt 0.877928 0.520956
vt 0.880070 0.525966
vt 0.872669 0.979766
vt 0.870207 0.973790
vt 0.873611 0.977751
vt 0.875896 0.523193
vt 0.871622 0.976994
vt 0.869017 0.970585
vt 0.870207 0.973790
vt 0.872669 0.979766
vt 0.873155 0.975935
vt 0.870496 0.969361
vt 0.869017 0.970585
vt 0.871622 0.976994
vt 0.874078 0.970585
vt 0.872493 0.965426
vt 0.868878 0.964062
vt 0.870496 0.969361
vt 0.878396 0.973790
vt 0.876898 0.968998
vt 0.872493 0.965426
vt 0.874078 0.970585
vt 0.881799 0.977751
vt 0.880410 0.973414
vt 0.876898 0.968998
vt 0.878396 0.973790
vt 0.882989 0.520956
vt 0.881686 0.976985
vt 0.880410 0.973414
vt 0.881799 0.977751
vt 0.881511 0.522180
vt 0.880241 0.978350
vt 0.881686 0.976985
vt 0.882989 0.520956
vt 0.877928 0.520956
vt 0.876626 0.976985
vt 0.880241 0.978350
vt 0.881511 0.522180
vt 0.873611 0.977751
vt 0.872221 0.973414
vt 0.876626 0.976985
vt 0.877928 0.520956
vt 0.870207 0.973790
vt 0.868709 0.968998
vt 0.872221 0.973414
vt 0.873611 0.977751
vt 0.869017 0.970585
vt 0.867433 0.965426
vt 0.868709 0.968998
vt 0.870207 0.973790
vt 0.870496 0.969361
vt 0.868878 0.964062
vt 0.867433 0.965426
vt 0.869017 0.970585
vt 0.872493 0.965426
vt 0.871962 0.961623
vt 0.868335 0.960146
vt 0.868878 0.964062
vt 0.876898 0.968998
vt 0.876396 0.965489
vt 0.871962 0.961623
vt 0.872493 0.965426
vt 0.880410 0.973414
vt 0.879943 0.970269
vt 0.876396 0.965489
vt 0.876898 0.968998
vt 0.881686 0.976985
vt 0.881249 0.974135
vt 0.879943 0.970269
vt 0.880410 0.973414
vt 0.880241 0.978350
vt 0.879815 0.975612
vt 0.881249 0.974135
vt 0.881686 0.976985
vt 0.876626 0.976985
vt 0.876188 0.974135
vt 0.879815 0.975612
vt 0.880241 0.978350
vt 0.872221 0.973414
vt 0.871754 0.970269
vt 0.876188 0.974135
vt 0.876626 0.976985
vt 0.868709 0.968998
vt 0.868207 0.965489
vt 0.871754 0.970269
vt 0.872221 0.973414
vt 0.867433 0.965426
vt 0.866901 0.961623
vt 0.868207 0.965489
vt 0.868709 0.968998
vt 0.868878 0.964062
vt 0.868335 0.960146
vt 0.866901 0.961623
vt 0.867433 0.965426
vt 0.871962 0.961623
vt 0.872493 0.959253
vt 0.868878 0.957694
vt 0.868335 0.960146
vt 0.876396 0.965489
vt 0.876898 0.963335
vt 0.872493 0.959253
vt 0.871962 0.961623
vt 0.879943 0.970269
vt 0.880410 0.968380
vt 0.876898 0.963335
vt 0.876396 0.965489
vt 0.881249 0.974135
vt 0.881686 0.972462
vt 0.880410 0.968380
vt 0.879943 0.970269
vt 0.879815 0.975612
vt 0.880241 0.974021
vt 0.881686 0.972462
vt 0.881249 0.974135
vt 0.876188 0.974135
vt 0.876626 0.972462
vt 0.880241 0.974021
vt 0.879815 0.975612
vt 0.871754 0.970269
vt 0.872221 0.968380
vt 0.876626 0.972462
vt 0.876188 0.974135
vt 0.868207 0.965489
vt 0.868709 0.963335
vt 0.872221 0.968380
vt 0.871754 0.970269
vt 0.866901 0.961623
vt 0.867433 0.959253
vt 0.868709 0.963335
vt 0.868207 0.965489
vt 0.868335 0.960146
vt 0.868878 0.957694
vt 0.867433 0.959253
vt 0.866901 0.961623
vt 0.872493 0.959253
vt 0.874078 0.958363
vt 0.870496 0.956754
vt 0.868878 0.957694
vt 0.876898 0.963335
vt 0.878396 0.962578
vt 0.874078 0.958363
vt 0.872493 0.959253
vt 0.880410 0.968380
vt 0.881799 0.967787
vt 0.878396 0.962578
vt 0.876898 0.963335
vt 0.881686 0.972462
vt 0.882989 0.972002
vt 0.881799 0.967787
vt 0.880410 0.968380
vt 0.880241 0.974021
vt 0.881511 0.973611
vt 0.882989 0.972002
vt 0.881686 0.972462
vt 0.876626 0.972462
vt 0.877928 0.972002
vt 0.881511 0.973611
vt 0.880241 0.974021
vt 0.872221 0.968380
vt 0.873611 0.967787
vt 0.877928 0.972002
vt 0.876626 0.972462
vt 0.868709 0.963335
vt 0.870207 0.962578
vt 0.873611 0.967787
vt 0.872221 0.968380
vt 0.867433 0.959253
vt 0.869017 0.958363
vt 0.870207 0.962578
vt 0.868709 0.963335
vt 0.868878 0.957694
vt 0.870496 0.956754
vt 0.869017 0.958363
vt 0.867433 0.959253
vt 0.874078 0.958363
vt 0.876683 0.958973
vt 0.873155 0.957345
vt 0.870496 0.956754
vt 0.878396 0.962578
vt 0.880857 0.963234
vt 0.876683 0.958973
vt 0.874078 0.958363
vt 0.881799 0.967787
vt 0.884084 0.968501
vt 0.880857 0.963234
vt 0.878396 0.962578
vt 0.882989 0.972002
vt 0.885131 0.972762
vt 0.884084 0.968501
vt 0.881799 0.967787
vt 0.881511 0.973611
vt 0.883598 0.974390
vt 0.885131 0.972762
vt 0.882989 0.972002
vt 0.877928 0.972002
vt 0.880070 0.972762
vt 0.883598 0.974390
vt 0.881511 0.973611
vt 0.873611 0.967787
vt 0.875896 0.968501
vt 0.880070 0.972762
vt 0.877928 0.972002
vt 0.870207 0.962578
vt 0.872669 0.963234
vt 0.875896 0.968501
vt 0.873611 0.967787
vt 0.869017 0.958363
vt 0.871622 0.958973
vt 0.872669 0.963234
vt 0.870207 0.962578
vt 0.870496 0.956754
vt 0.873155 0.957345
vt 0.871622 0.958973
vt 0.869017 0.958363
vt 0.876683 0.958973
vt 0.880255 0.961069
vt 0.876803 0.959457
vt 0.873155 0.957345
vt 0.880857 0.963234
vt 0.884233 0.965290
vt 0.880255 0.961069
vt 0.876683 0.958973
vt 0.884084 0.968501
vt 0.887218 0.970508
vt 0.884233 0.965290
vt 0.880857 0.963234
vt 0.885131 0.972762
vt 0.888068 0.974729
vt 0.887218 0.970508
vt 0.884084 0.968501
vt 0.883598 0.974390
vt 0.886460 0.976342
vt 0.888068 0.974729
vt 0.885131 0.972762
vt 0.880070 0.972762
vt 0.883007 0.974729
vt 0.886460 0.976342
vt 0.883598 0.974390
vt 0.875896 0.968501
vt 0.879029 0.970508
vt 0.883007 0.974729
vt 0.880070 0.972762
vt 0.872669 0.963234
vt 0.876045 0.965290
vt 0.879029 0.970508
vt 0.875896 0.968501
vt 0.871622 0.958973
vt 0.875194 0.961069
vt 0.876045 0.965290
vt 0.872669 0.963234
vt 0.873155 0.957345
vt 0.876803 0.959457
vt 0.875194 0.961069
vt 0.871622 0.958973
vt 0.880255 0.961069
vt 0.884722 0.964610
vt 0.881363 0.963045
vt 0.876803 0.959457
vt 0.884233 0.965290
vt 0.888455 0.968705
vt 0.884722 0.964610
vt 0.880255 0.961069
vt 0.887218 0.970508
vt 0.891136 0.973767
vt 0.888455 0.968705
vt 0.884233 0.965290
vt 0.888068 0.974729
vt 0.891741 0.977862
vt 0.891136 0.973767
vt 0.887218 0.970508
vt 0.886460 0.976342
vt 0.890039 0.979426
vt 0.891741 0.977862
vt 0.888068 0.974729
vt 0.883007 0.974729
vt 0.886680 0.977862
vt 0.890039 0.979426
vt 0.886460 0.976342
vt 0.879029 0.970508
vt 0.882948 0.973767
vt 0.886680 0.977862
vt 0.883007 0.974729
vt 0.876045 0.965290
vt 0.880267 0.968705
vt 0.882948 0.973767
vt 0.879029 0.970508
vt 0.875194 0.961069
vt 0.879661 0.964610
vt 0.880267 0.968705
vt 0.876045 0.965290
vt 0.876803 0.959457
vt 0.881363 0.963045
vt 0.879661 0.964610
vt 0.875194 0.961069
vt 0.884722 0.964610
vt 0.889993 0.969522
vt 0.886745 0.968037
vt 0.881363 0.963045
vt 0.888455 0.968705
vt 0.893436 0.973408
vt 0.889993 0.969522
vt 0.884722 0.964610
vt 0.891136 0.973767
vt 0.895759 0.978211
vt 0.893436 0.973408
vt 0.888455 0.968705
vt 0.891741 0.977862
vt 0.896075 0.522097
vt 0.895759 0.978211
vt 0.891136 0.973767
vt 0.890039 0.979426
vt 0.894263 0.523581
vt 0.896075 0.522097
vt 0.891741 0.977862
vt 0.886680 0.977862
vt 0.891014 0.522097
vt 0.894263 0.523581
vt 0.890039 0.979426
vt 0.882948 0.973767
vt 0.887571 0.978211
vt 0.891014 0.522097
vt 0.886680 0.977862
vt 0.880267 0.968705
vt 0.885248 0.973408
vt 0.887571 0.978211
vt 0.882948 0.973767
vt 0.879661 0.964610
vt 0.884932 0.969522
vt 0.885248 0.973408
vt 0.880267 0.968705
vt 0.881363 0.963045
vt 0.886745 0.968037
vt 0.884932 0.969522
vt 0.879661 0.964610
vt 0.889993 0.969522
vt 0.895960 0.975706
vt 0.892837 0.974332
vt 0.886745 0.968037
vt 0.893436 0.973408
vt 0.899076 0.979304
vt 0.895960 0.975706
vt 0.889993 0.969522
vt 0.895759 0.978211
vt 0.900994 0.523750
vt 0.899076 0.979304
vt 0.893436 0.973408
vt 0.896075 0.522097
vt 0.900982 0.527348
vt 0.900994 0.523750
vt 0.895759 0.978211
vt 0.894263 0.523581
vt 0.899044 0.528722
vt 0.900982 0.527348
vt 0.896075 0.522097
vt 0.891014 0.522097
vt 0.895921 0.527348
vt 0.899044 0.528722
vt 0.894263 0.523581
vt 0.887571 0.978211
vt 0.892805 0.523750
vt 0.895921 0.527348
vt 0.891014 0.522097
vt 0.885248 0.973408
vt 0.890887 0.979304
vt 0.892805 0.523750
vt 0.887571 0.978211
vt 0.884932 0.969522
vt 0.890899 0.975706
vt 0.890887 0.979304
vt 0.885248 0.973408
vt 0.886745 0.968037
vt 0.892837 0.974332
vt 0.890899 0.975706
vt 0.884932 0.969522
vt 0.895960 0.975706
vt 0.902503 0.523036
vt 0.899517 0.521800
vt 0.892837 0.974332
vt 0.899076 0.979304
vt 0.905259 0.526272
vt 0.902503 0.523036
vt 0.895960 0.975706
vt 0.900994 0.523750
vt 0.906732 0.530272
vt 0.905259 0.526272
vt 0.899076 0.979304
vt 0.900982 0.527348
vt 0.906361 0.533508
vt 0.906732 0.530272
vt 0.900994 0.523750
vt 0.899044 0.528722
vt 0.904286 0.534744
vt 0.906361 0.533508
vt 0.900982 0.527348
vt 0.895921 0.527348
vt 0.901300 0.533508
vt 0.904286 0.534744
vt 0.899044 0.528722
vt 0.892805 0.523750
vt 0.898544 0.530272
vt 0.901300 0.533508
vt 0.895921 0.527348
vt 0.890887 0.979304
vt 0.897070 0.526272
vt 0.898544 0.530272
vt 0.892805 0.523750
vt 0.890899 0.975706
vt 0.897442 0.523036
vt 0.897070 0.526272
vt 0.890887 0.979304
vt 0.892837 0.974332
vt 0.899517 0.521800
vt 0.897442 0.523036
vt 0.890899 0.975706
vt 0.902503 0.523036
vt 0.909487 0.531363
vt 0.906647 0.530291
vt 0.899517 0.521800
vt 0.905259 0.526272
vt 0.911859 0.534172
vt 0.909487 0.531363
vt 0.902503 0.523036
vt 0.906732 0.530272
vt 0.912859 0.537643
vt 0.911859 0.534172
vt 0.905259 0.526272
vt 0.906361 0.533508
vt 0.912103 0.540451
vt 0.912859 0.537643
vt 0.906732 0.530272
vt 0.904286 0.534744
vt 0.909882 0.541524
vt 0.912103 0.540451
vt 0.906361 0.533508
vt 0.901300 0.533508
vt 0.907042 0.540451
vt 0.909882 0.541524
vt 0.904286 0.534744
vt 0.898544 0.530272
vt 0.904670 0.537643
vt 0.907042 0.540451
vt 0.901300 0.533508
vt 0.897070 0.526272
vt 0.903671 0.534172
vt 0.904670 0.537643
vt 0.898544 0.530272
vt 0.897442 0.523036
vt 0.904426 0.531363
vt 0.903671 0.534172
vt 0.897070 0.526272
vt 0.899517 0.521800
vt 0.906647 0.530291
vt 0.904426 0.531363
vt 0.897442 0.523036
vt 0.909487 0.531363
vt 0.916770 0.540518
vt 0.914084 0.539630
vt 0.906647 0.530291
vt 0.911859 0.534172
vt 0.918743 0.542841
vt 0.916770 0.540518
vt 0.909487 0.531363
vt 0.912859 0.537643
vt 0.919248 0.545714
vt 0.918743 0.542841
vt 0.911859 0.534172
vt 0.912103 0.540451
vt 0.918092 0.548037
vt 0.919248 0.545714
vt 0.912859 0.537643
vt 0.909882 0.541524
vt 0.915718 0.548925
vt 0.918092 0.548037
vt 0.912103 0.540451
vt 0.907042 0.540451
vt 0.913031 0.548037
vt 0.915718 0.548925
vt 0.909882 0.541524
vt 0.904670 0.537643
vt 0.911059 0.545714
vt 0.913031 0.548037
vt 0.907042 0.540451
vt 0.903671 0.534172
vt 0.910554 0.542841
vt 0.911059 0.545714
vt 0.904670 0.537643
vt 0.904426 0.531363
vt 0.911710 0.540518
vt 0.910554 0.542841
vt 0.903671 0.534172
vt 0.906647 0.530291
vt 0.914084 0.539630
vt 0.911710 0.540518
vt 0.904426 0.531363
vt 0.916770 0.540518
vt 0.924205 0.550313
vt 0.921675 0.549629
vt 0.914084 0.539630
vt 0.918743 0.542841
vt 0.925769 0.552105
vt 0.924205 0.550313
vt 0.916770 0.540518
vt 0.919248 0.545714
vt 0.925769 0.554319
vt 0.925769 0.552105
vt 0.918743 0.542841
vt 0.918092 0.548037
vt 0.924205 0.556111
vt 0.925769 0.554319
vt 0.919248 0.545714
vt 0.915718 0.548925
vt 0.921675 0.556795
vt 0.924205 0.556111
vt 0.918092 0.548037
vt 0.913031 0.548037
vt 0.919145 0.556111
vt 0.921675 0.556795
vt 0.915718 0.548925
vt 0.911059 0.545714
vt 0.917581 0.554319
vt 0.919145 0.556111
vt 0.913031 0.548037
vt 0.910554 0.542841
vt 0.917581 0.552105
vt 0.917581 0.554319
vt 0.911059 0.545714
vt 0.911710 0.540518
vt 0.919145 0.550313
vt 0.917581 0.552105
vt 0.910554 0.542841
vt 0.914084 0.539630
vt 0.921675 0.549629
vt 0.919145 0.550313
vt 0.911710 0.540518
vt 0.924205 0.550313
vt 0.931640 0.560550
vt 0.929266 0.560083
vt 0.921675 0.549629
vt 0.925769 0.552105
vt 0.932796 0.561773
vt 0.931640 0.560550
vt 0.924205 0.550313
vt 0.925769 0.554319
vt 0.932291 0.563285
vt 0.932796 0.561773
vt 0.925769 0.552105
vt 0.924205 0.556111
vt 0.930319 0.564508
vt 0.932291 0.563285
vt 0.925769 0.554319
vt 0.921675 0.556795
vt 0.927632 0.564976
vt 0.930319 0.564508
vt 0.924205 0.556111
vt 0.919145 0.556111
vt 0.925258 0.564508
vt 0.927632 0.564976
vt 0.921675 0.556795
vt 0.917581 0.554319
vt 0.924102 0.563285
vt 0.925258 0.564508
vt 0.919145 0.556111
vt 0.917581 0.552105
vt 0.924607 0.561773
vt 0.924102 0.563285
vt 0.917581 0.554319
vt 0.919145 0.550313
vt 0.926580 0.560550
vt 0.924607 0.561773
vt 0.917581 0.552105
vt 0.921675 0.549629
vt 0.929266 0.560083
vt 0.926580 0.560550
vt 0.919145 0.550313
vt 0.931640 0.560550
vt 0.938924 0.571020
vt 0.936703 0.570779
vt 0.929266 0.560083
vt 0.932796 0.561773
vt 0.939679 0.571650
vt 0.938924 0.571020
vt 0.931640 0.560550
vt 0.932291 0.563285
vt 0.938680 0.572428
vt 0.939679 0.571650
vt 0.932796 0.561773
vt 0.930319 0.564508
vt 0.936308 0.573058
vt 0.938680 0.572428
vt 0.932291 0.563285
vt 0.927632 0.564976
vt 0.933468 0.573299
vt 0.936308 0.573058
vt 0.930319 0.564508
vt 0.925258 0.564508
vt 0.931247 0.573058
vt 0.933468 0.573299
vt 0.927632 0.564976
vt 0.924102 0.563285
vt 0.930491 0.572428
vt 0.931247 0.573058
vt 0.925258 0.564508
vt 0.924607 0.561773
vt 0.931491 0.571650
vt 0.930491 0.572428
vt 0.924102 0.563285
vt 0.926580 0.560550
vt 0.933863 0.571020
vt 0.931491 0.571650
vt 0.924607 0.561773
vt 0.929266 0.560083
vt 0.936703 0.570779
vt 0.933863 0.571020
vt 0.926580 0.560550
vt 0.938924 0.571020
vt 0.945908 0.581510
vt 0.943833 0.581501
vt 0.936703 0.570779
vt 0.939679 0.571650
vt 0.946280 0.581534
vt 0.945908 0.581510
vt 0.938924 0.571020
vt 0.938680 0.572428
vt 0.944806 0.581563
vt 0.946280 0.581534
vt 0.939679 0.571650
vt 0.936308 0.573058
vt 0.942050 0.581586
vt 0.944806 0.581563
vt 0.938680 0.572428
vt 0.933468 0.573299
vt 0.939064 0.581596
vt 0.942050 0.581586
vt 0.936308 0.573058
vt 0.931247 0.573058
vt 0.936989 0.581586
vt 0.939064 0.581596
vt 0.933468 0.573299
vt 0.930491 0.572428
vt 0.936618 0.581563
vt 0.936989 0.581586
vt 0.931247 0.573058
vt 0.931491 0.571650
vt 0.938091 0.581534
vt 0.936618 0.581563
vt 0.930491 0.572428
vt 0.933863 0.571020
vt 0.940847 0.581510
vt 0.938091 0.581534
vt 0.931491 0.571650
vt 0.936703 0.570779
vt 0.943833 0.581501
vt 0.940847 0.581510
vt 0.933863 0.571020
vt 0.945908 0.581510
vt 0.952451 0.591806
vt 0.950513 0.592029
vt 0.943833 0.581501
vt 0.946280 0.581534
vt 0.952463 0.591223
vt 0.952451 0.591806
vt 0.945908 0.581510
vt 0.944806 0.581563
vt 0.950545 0.590503
vt 0.952463 0.591223
vt 0.946280 0.581534
vt 0.942050 0.581586
vt 0.947429 0.589920
vt 0.950545 0.590503
vt 0.944806 0.581563
vt 0.939064 0.581596
vt 0.944306 0.589697
vt 0.947429 0.589920
vt 0.942050 0.581586
vt 0.936989 0.581586
vt 0.942368 0.589920
vt 0.944306 0.589697
vt 0.939064 0.581596
vt 0.936618 0.581563
vt 0.942356 0.590503
vt 0.942368 0.589920
vt 0.936989 0.581586
vt 0.938091 0.581534
vt 0.944274 0.591223
vt 0.942356 0.590503
vt 0.936618 0.581563
vt 0.940847 0.581510
vt 0.947390 0.591806
vt 0.944274 0.591223
vt 0.938091 0.581534
vt 0.943833 0.581501
vt 0.950513 0.592029
vt 0.947390 0.591806
vt 0.940847 0.581510
vt 0.952451 0.591806
vt 0.958418 0.601700
vt 0.956605 0.602150
vt 0.950513 0.592029
vt 0.952463 0.591223
vt 0.958102 0.600522
vt 0.958418 0.601700
vt 0.952451 0.591806
vt 0.950545 0.590503
vt 0.955779 0.599066
vt 0.958102 0.600522
vt 0.952463 0.591223
vt 0.947429 0.589920
vt 0.952336 0.597888
vt 0.955779 0.599066
vt 0.950545 0.590503
vt 0.944306 0.589697
vt 0.949087 0.597438
vt 0.952336 0.597888
vt 0.947429 0.589920
vt 0.942368 0.589920
vt 0.947275 0.597888
vt 0.949087 0.597438
vt 0.944306 0.589697
vt 0.942356 0.590503
vt 0.947591 0.599066
vt 0.947275 0.597888
vt 0.942368 0.589920
vt 0.944274 0.591223
vt 0.949914 0.600522
vt 0.947591 0.599066
vt 0.942356 0.590503
vt 0.947390 0.591806
vt 0.953357 0.601700
vt 0.949914 0.600522
vt 0.944274 0.591223
vt 0.950513 0.592029
vt 0.956605 0.602150
vt 0.953357 0.601700
vt 0.947390 0.591806
vt 0.958418 0.601700
vt 0.963689 0.610989
vt 0.961987 0.611656
vt 0.956605 0.602150
vt 0.958102 0.600522
vt 0.963083 0.609240
vt 0.963689 0.610989
vt 0.958418 0.601700
vt 0.955779 0.599066
vt 0.960402 0.607078
vt 0.963083 0.609240
vt 0.958102 0.600522
vt 0.952336 0.597888
vt 0.956670 0.605330
vt 0.960402 0.607078
vt 0.955779 0.599066
vt 0.949087 0.597438
vt 0.953311 0.604662
vt 0.956670 0.605330
vt 0.952336 0.597888
vt 0.947275 0.597888
vt 0.951609 0.605330
vt 0.953311 0.604662
vt 0.949087 0.597438
vt 0.947591 0.599066
vt 0.952214 0.607078
vt 0.951609 0.605330
vt 0.947275 0.597888
vt 0.949914 0.600522
vt 0.954895 0.609240
vt 0.952214 0.607078
vt 0.947591 0.599066
vt 0.953357 0.601700
vt 0.958628 0.610989
vt 0.954895 0.609240
vt 0.949914 0.600522
vt 0.956605 0.602150
vt 0.961987 0.611656
vt 0.958628 0.610989
vt 0.953357 0.601700
vt 0.963689 0.610989
vt 0.968156 0.619484
vt 0.966547 0.620356
vt 0.961987 0.611656
vt 0.963083 0.609240
vt 0.967305 0.617200
vt 0.968156 0.619484
vt 0.963689 0.610989
vt 0.960402 0.607078
vt 0.964321 0.614377
vt 0.967305 0.617200
vt 0.963083 0.609240
vt 0.956670 0.605330
vt 0.960343 0.612093
vt 0.964321 0.614377
vt 0.960402 0.607078
vt 0.953311 0.604662
vt 0.956890 0.611221
vt 0.960343 0.612093
vt 0.956670 0.605330
vt 0.951609 0.605330
vt 0.955282 0.612093
vt 0.956890 0.611221
vt 0.953311 0.604662
vt 0.952214 0.607078
vt 0.956132 0.614377
vt 0.955282 0.612093
vt 0.951609 0.605330
vt 0.954895 0.609240
vt 0.959117 0.617200
vt 0.956132 0.614377
vt 0.952214 0.607078
vt 0.958628 0.610989
vt 0.963095 0.619484
vt 0.959117 0.617200
vt 0.954895 0.609240
vt 0.961987 0.611656
vt 0.966547 0.620356
vt 0.963095 0.619484
vt 0.958628 0.610989
vt 0.968156 0.619484
vt 0.971728 0.627012
vt 0.970195 0.628071
vt 0.966547 0.620356
vt 0.967305 0.617200
vt 0.970681 0.624240
vt 0.971728 0.627012
vt 0.968156 0.619484
vt 0.964321 0.614377
vt 0.967454 0.620813
vt 0.970681 0.624240
vt 0.967305 0.617200
vt 0.960343 0.612093
vt 0.963280 0.618040
vt 0.967454 0.620813
vt 0.964321 0.614377
vt 0.956890 0.611221
vt 0.959752 0.616981
vt 0.963280 0.618040
vt 0.960343 0.612093
vt 0.955282 0.612093
vt 0.958219 0.618040
vt 0.959752 0.616981
vt 0.956890 0.611221
vt 0.956132 0.614377
vt 0.959266 0.620813
vt 0.958219 0.618040
vt 0.955282 0.612093
vt 0.959117 0.617200
vt 0.962493 0.624240
vt 0.959266 0.620813
vt 0.956132 0.614377
vt 0.963095 0.619484
vt 0.966667 0.627012
vt 0.962493 0.624240
vt 0.959117 0.617200
vt 0.966547 0.620356
vt 0.970195 0.628071
vt 0.966667 0.627012
vt 0.963095 0.619484
vt 0.971728 0.627012
vt 0.974333 0.633421
vt 0.972854 0.634645
vt 0.970195 0.628071
vt 0.970681 0.624240
vt 0.973143 0.630216
vt 0.974333 0.633421
vt 0.971728 0.627012
vt 0.967454 0.620813
vt 0.969739 0.626255
vt 0.973143 0.630216
vt 0.970681 0.624240
vt 0.963280 0.618040
vt 0.965422 0.623050
vt 0.969739 0.626255
vt 0.967454 0.620813
vt 0.959752 0.616981
vt 0.961839 0.621826
vt 0.965422 0.623050
vt 0.963280 0.618040
vt 0.958219 0.618040
vt 0.960361 0.623050
vt 0.961839 0.621826
vt 0.959752 0.616981
vt 0.959266 0.620813
vt 0.961551 0.626255
vt 0.960361 0.623050
vt 0.958219 0.618040
vt 0.962493 0.624240
vt 0.964954 0.630216
vt 0.961551 0.626255
vt 0.959266 0.620813
vt 0.966667 0.627012
vt 0.969272 0.633421
vt 0.964954 0.630216
vt 0.962493 0.624240
vt 0.970195 0.628071
vt 0.972854 0.634645
vt 0.969272 0.633421
vt 0.966667 0.627012
vt 0.974333 0.633421
vt 0.975917 0.638580
vt 0.974472 0.639944
vt 0.972854 0.634645
vt 0.973143 0.630216
vt 0.974641 0.635008
vt 0.975917 0.638580
vt 0.974333 0.633421
vt 0.969739 0.626255
vt 0.971129 0.630592
vt 0.974641 0.635008
vt 0.973143 0.630216
vt 0.965422 0.623050
vt 0.966724 0.627021
vt 0.971129 0.630592
vt 0.969739 0.626255
vt 0.961839 0.621826
vt 0.963109 0.625656
vt 0.966724 0.627021
vt 0.965422 0.623050
vt 0.960361 0.623050
vt 0.961664 0.627021
vt 0.963109 0.625656
vt 0.961839 0.621826
vt 0.961551 0.626255
vt 0.962940 0.630592
vt 0.961664 0.627021
vt 0.960361 0.623050
vt 0.964954 0.630216
vt 0.966452 0.635008
vt 0.962940 0.630592
vt 0.961551 0.626255
vt 0.969272 0.633421
vt 0.970857 0.638580
vt 0.966452 0.635008
vt 0.964954 0.630216
vt 0.972854 0.634645
vt 0.974472 0.639944
vt 0.970857 0.638580
vt 0.969272 0.633421
vt 0.975917 0.638580
vt 0.976449 0.642383
vt 0.975015 0.643860
vt 0.974472 0.639944
vt 0.974641 0.635008
vt 0.975143 0.638517
vt 0.976449 0.642383
vt 0.975917 0.638580
vt 0.971129 0.630592
vt 0.971596 0.633737
vt 0.975143 0.638517
vt 0.974641 0.635008
vt 0.966724 0.627021
vt 0.967162 0.629871
vt 0.971596 0.633737
vt 0.971129 0.630592
vt 0.963109 0.625656
vt 0.963535 0.628394
vt 0.967162 0.629871
vt 0.966724 0.627021
vt 0.961664 0.627021
vt 0.962101 0.629871
vt 0.963535 0.628394
vt 0.963109 0.625656
vt 0.962940 0.630592
vt 0.963407 0.633737
vt 0.962101 0.629871
vt 0.961664 0.627021
vt 0.966452 0.635008
vt 0.966954 0.638517
vt 0.963407 0.633737
vt 0.962940 0.630592
vt 0.970857 0.638580
vt 0.971388 0.642383
vt 0.966954 0.638517
vt 0.966452 0.635008
vt 0.974472 0.639944
vt 0.975015 0.643860
vt 0.971388 0.642383
vt 0.970857 0.638580
vt 0.859760 0.957529
vt 0.864065 0.957529
vt 0.864065 0.946167
vt 0.859760 0.946167
vt 0.887865 0.529591
vt 0.883560 0.529591
vt 0.883560 0.978229
vt 0.887865 0.978229
vt 0.883560 0.529591
vt 0.859760 0.957529
vt 0.859760 0.946167
vt 0.883560 0.978229
vt 0.864065 0.957529
vt 0.887865 0.529591
vt 0.887865 0.978229
vt 0.864065 0.946167
vt 0.883560 0.529591
vt 0.887865 0.529591
vt 0.864065 0.957529
vt 0.859760 0.957529
vt 0.859760 0.946167
vt 0.864065 0.946167
vt 0.887865 0.978229
vt 0.883560 0.978229
vt 0.954960 0.625777
vt 0.959265 0.625777
vt 0.959265 0.614415
vt 0.954960 0.614415
vt 0.983065 0.657839
vt 0.978760 0.657839
vt 0.978760 0.646477
vt 0.983065 0.646477
vt 0.978760 0.657839
vt 0.954960 0.625777
vt 0.954960 0.614415
vt 0.978760 0.646477
vt 0.959265 0.625777
vt 0.983065 0.657839
vt 0.983065 0.646477
vt 0.959265 0.614415
vt 0.978760 0.657839
vt 0.983065 0.657839
vt 0.959265 0.625777
vt 0.954960 0.625777
vt 0.954960 0.614415
vt 0.959265 0.614415
vt 0.983065 0.646477
vt 0.978760 0.646477
vt 0.753850 0.811663
vt 0.779050 0.811663
vt 0.779050 0.790250
vt 0.753850 0.790250
vt 0.785630 0.820527
vt 0.760430 0.820527
vt 0.760430 0.799114
vt 0.785630 0.799114
vt 0.760430 0.820527
vt 0.753850 0.811663
vt 0.753850 0.790250
vt 0.760430 0.799114
vt 0.779050 0.811663
vt 0.785630 0.820527
vt 0.785630 0.799114
vt 0.779050 0.790250
vt 0.760430 0.820527
vt 0.785630 0.820527
vt 0.779050 0.811663
vt 0.753850 0.811663
vt 0.753850 0.790250
vt 0.779050 0.790250
vt 0.785630 0.799114
vt 0.760430 0.799114
vt 0.773646 0.813928
vt 0.776670 0.814607
vt 0.776189 0.815840
vt 0.773646 0.813928
vt 0.776189 0.815840
vt 0.774929 0.816602
vt 0.773646 0.813928
vt 0.774929 0.816602
vt 0.773371 0.816602
vt 0.773646 0.813928
vt 0.773371 0.816602
vt 0.772111 0.815840
vt 0.773646 0.813928
vt 0.772111 0.815840
vt 0.771630 0.814607
vt 0.773646 0.813928
vt 0.771630 0.814607
vt 0.772111 0.813374
vt 0.773646 0.813928
vt 0.772111 0.813374
vt 0.773371 0.812612
vt 0.773646 0.813928
vt 0.773371 0.812612
vt 0.774929 0.812612
vt 0.773646 0.813928
vt 0.774929 0.812612
vt 0.776189 0.813374
vt 0.773646 0.813928
vt 0.776189 0.813374
vt 0.776670 0.814607
vt 0.876700 0.811663
vt 0.901900 0.811663
vt 0.901900 0.790250
vt 0.876700 0.790250
vt 0.908480 0.820527
vt 0.883280 0.820527
vt 0.883280 0.799114
vt 0.908480 0.799114
vt 0.883280 0.820527
vt 0.876700 0.811663
vt 0.876700 0.790250
vt 0.883280 0.799114
vt 0.901900 0.811663
vt 0.908480 0.820527
vt 0.908480 0.799114
vt 0.901900 0.790250
vt 0.883280 0.820527
vt 0.908480 0.820527
vt 0.901900 0.811663
vt 0.876700 0.811663
vt 0.876700 0.790250
vt 0.901900 0.790250
vt 0.908480 0.799114
vt 0.883280 0.799114
vt 0.896496 0.813928
vt 0.899520 0.814607
vt 0.899039 0.815840
vt 0.896496 0.813928
vt 0.899039 0.815840
vt 0.897779 0.816602
vt 0.896496 0.813928
vt 0.897779 0.816602
vt 0.896221 0.816602
vt 0.896496 0.813928
vt 0.896221 0.816602
vt 0.894961 0.815840
vt 0.896496 0.813928
vt 0.894961 0.815840
vt 0.894480 0.814607
vt 0.896496 0.813928
vt 0.894480 0.814607
vt 0.894961 0.813374
vt 0.896496 0.813928
vt 0.894961 0.813374
vt 0.896221 0.812612
vt 0.896496 0.813928
vt 0.896221 0.812612
vt 0.897779 0.812612
vt 0.896496 0.813928
vt 0.897779 0.812612
vt 0.899039 0.813374
vt 0.896496 0.813928
vt 0.899039 0.813374
vt 0.899520 0.814607
vt 0.999000 0.811663
vt 0.524750 0.811663
vt 0.524750 0.790250
vt 0.999000 0.790250
vt 0.531330 0.820527
vt 0.506130 0.820527
vt 0.506130 0.799114
vt 0.531330 0.799114
vt 0.506130 0.820527
vt 0.999000 0.811663
vt 0.999000 0.790250
vt 0.506130 0.799114
vt 0.524750 0.811663
vt 0.531330 0.820527
vt 0.531330 0.799114
vt 0.524750 0.790250
vt 0.506130 0.820527
vt 0.531330 0.820527
vt 0.524750 0.811663
vt 0.999000 0.811663
vt 0.999000 0.790250
vt 0.524750 0.790250
vt 0.531330 0.799114
vt 0.506130 0.799114
vt 0.519346 0.813928
vt 0.522370 0.814607
vt 0.521889 0.815840
vt 0.519346 0.813928
vt 0.521889 0.815840
vt 0.520629 0.816602
vt 0.519346 0.813928
vt 0.520629 0.816602
vt 0.519071 0.816602
vt 0.519346 0.813928
vt 0.519071 0.816602
vt 0.517811 0.815840
vt 0.519346 0.813928
vt 0.517811 0.815840
vt 0.517330 0.814607
vt 0.519346 0.813928
vt 0.517330 0.814607
vt 0.517811 0.813374
vt 0.519346 0.813928
vt 0.517811 0.813374
vt 0.519071 0.812612
vt 0.519346 0.813928
vt 0.519071 0.812612
vt 0.520629 0.812612
vt 0.519346 0.813928
vt 0.520629 0.812612
vt 0.521889 0.813374
vt 0.519346 0.813928
vt 0.521889 0.813374
vt 0.522370 0.814607
vn 0.000000 0.000000 -1.000000
vn 0.000000 0.000000 -1.000000
vn 0.000000 0.000000 1.000000
vn 0.000000 0.000000 1.000000
vn -1.000000 0.000000 -0.000000
vn -1.000000 -0.000000 0.000000
vn 1.000000 0.000000 -0.000000
vn 1.000000 0.000000 0.000000
vn -0.000000 1.000000 0.000000
vn 0.000000 1.000000 0.000000
vn 0.000000 -1.000000 0.000000
vn 0.000000 -1.000000 0.000000
vn 0.000000 0.000000 -1.000000
vn 0.000000 0.000000 -1.000000
vn 0.000000 0.000000 1.000000
vn 0.000000 0.000000 1.000000
vn -1.000000 0.000000 -0.000000
vn -1.000000 -0.000000 0.000000
vn 1.000000 0.000000 -0.000000
vn 1.000000 0.000000 0.000000
vn -0.000000 1.000000 0.000000
vn 0.000000 1.000000 0.000000
vn 0.000000 -1.000000 0.000000
vn 0.000000 -1.000000 0.000000
vn 0.000000 0.000000 -1.000000
vn 0.000000 0.000000 -1.000000
vn 0.000000 0.000000 1.000000
vn 0.000000 0.000000 1.000000
vn -1.000000 0.000000 -0.000000
vn -1.000000 -0.000000 0.000000
vn 1.000000 0.000000 -0.000000
vn 1.000000 0.000000 0.000000
vn -0.000000 1.000000 0.000000
vn 0.000000 1.000000 0.000000
vn 0.000000 -1.000000 0.000000
vn 0.000000 -1.000000 0.000000
vn 0.000000 0.000000 -1.000000
vn 0.000000 0.000000 -1.000000
vn 0.000000 0.000000 1.000000
vn 0.000000 0.000000 1.000000
vn -1.000000 0.000000 -0.000000
vn -1.000000 -0.000000 0.000000
vn 1.000000 0.000000 -0.000000
vn 1.000000 0.000000 0.000000
vn -0.000000 1.000000 0.000000
vn 0.000000 1.000000 0.000000
vn 0.000000 -1.000000 0.000000
vn 0.000000 -1.000000 0.000000
vn 0.000000 0.000000 -1.000000
vn 0.000000 0.000000 -1.000000
vn 0.000000 0.000000 1.000000
vn 0.000000 0.000000 1.000000
vn -1.000000 0.000000 -0.000000
vn -1.000000 -0.000000 0.000000
vn 1.000000 0.000000 -0.000000
vn 1.000000 0.000000 0.000000
vn -0.000000 1.000000 0.000000
vn 0.000000 1.000000 0.000000
vn 0.000000 -1.000000 0.000000
vn 0.000000 -1.000000 0.000000
vn 0.000000 0.000000 -1.000000
vn 0.000000 0.000000 -1.000000
vn 0.000000 0.000000 1.000000
vn 0.000000 0.000000 1.000000
vn -1.000000 0.000000 -0.000000
vn -1.000000 -0.000000 0.000000
vn 1.000000 0.000000 -0.000000
vn 1.000000 0.000000 0.000000
vn -0.000000 1.000000 0.000000
vn 0.000000 1.000000 0.000000
vn 0.000000 -1.000000 0.000000
vn 0.000000 -1.000000 0.000000
vn 0.000000 0.000000 -1.000000
vn 0.000000 0.000000 -1.000000
vn 0.000000 0.000000 1.000000
vn 0.000000 0.000000 1.000000
vn -1.000000 0.000000 -0.000000
vn -1.000000 -0.000000 0.000000
vn 1.000000 0.000000 -0.000000
vn 1.000000 0.000000 0.000000
vn -0.000000 1.000000 0.000000
vn 0.000000 1.000000 0.000000
vn 0.000000 -1.000000 0.000000
vn 0.000000 -1.000000 0.000000
vn 0.000000 0.000000 -1.000000
vn 0.000000 0.000000 -1.000000
vn 0.000000 0.000000 1.000000
vn 0.000000 0.000000 1.000000
vn -1.000000 0.000000 -0.000000
vn -1.000000 -0.000000 0.000000
vn 1.000000 0.000000 -0.000000
vn 1.000000 0.000000 0.000000
vn -0.000000 1.000000 0.000000
vn 0.000000 1.000000 0.000000
vn 0.000000 -1.000000 0.000000
vn 0.000000 -1.000000 0.000000
vn 0.000000 0.000000 -1.000000
vn 0.000000 0.000000 -1.000000
vn 0.000000 0.000000 1.000000
vn 0.000000 0.000000 1.000000
vn -1.000000 0.000000 -0.000000
vn -1.000000 -0.000000 0.000000
vn 1.000000 0.000000 -0.000000
vn 1.000000 0.000000 0.000000
vn -0.000000 1.000000 0.000000
vn 0.000000 1.000000 0.000000
vn 0.000000 -1.000000 0.000000
vn 0.000000 -1.000000 0.000000
vn 0.000000 0.000000 -1.000000
vn 0.000000 0.000000 -1.000000
vn 0.000000 0.000000 1.000000
vn 0.000000 0.000000 1.000000
vn -1.000000 0.000000 -0.000000
vn -1.000000 -0.000000 0.000000
vn 1.000000 0.000000 -0.000000
vn 1.000000 0.000000 0.000000
vn -0.000000 1.000000 0.000000
vn 0.000000 1.000000 0.000000
vn 0.000000 -1.000000 0.000000
vn 0.000000 -1.000000 0.000000
vn 0.000000 0.000000 -1.000000
vn 0.000000 0.000000 -1.000000
vn 0.000000 0.000000 1.000000
vn 0.000000 0.000000 1.000000
vn -1.000000 0.000000 -0.000000
vn -1.000000 -0.000000 0.000000
vn 1.000000 0.000000 -0.000000
vn 1.000000 0.000000 0.000000
vn -0.000000 1.000000 0.000000
vn 0.000000 1.000000 0.000000
vn 0.000000 -1.000000 0.000000
vn 0.000000 -1.000000 0.000000
vn 0.000000 0.000000 -1.000000
vn 0.000000 0.000000 -1.000000
vn 0.000000 0.000000 1.000000
vn 0.000000 0.000000 1.000000
vn -1.000000 0.000000 -0.000000
vn -1.000000 -0.000000 0.000000
vn 1.000000 0.000000 -0.000000
vn 1.000000 0.000000 0.000000
vn -0.000000 1.000000 0.000000
vn 0.000000 1.000000 0.000000
vn 0.000000 -1.000000 0.000000
vn 0.000000 -1.000000 0.000000
vn 0.000000 0.000000 -1.000000
vn 0.000000 0.000000 -1.000000
vn 0.000000 0.000000 1.000000
vn 0.000000 0.000000 1.000000
vn -1.000000 0.000000 -0.000000
vn -1.000000 -0.000000 0.000000
vn 1.000000 0.000000 -0.000000
vn 1.000000 0.000000 0.000000
vn -0.000000 1.000000 0.000000
vn 0.000000 1.000000 0.000000
vn 0.000000 -1.000000 0.000000
vn 0.000000 -1.000000 0.000000
vn 0.000000 0.000000 -1.000000
vn 0.000000 0.000000 -1.000000
vn 0.000000 0.000000 1.000000
vn 0.000000 0.000000 1.000000
vn -1.000000 0.000000 -0.000000
vn -1.000000 -0.000000 0.000000
vn 1.000000 0.000000 -0.000000
vn 1.000000 0.000000 0.000000
vn -0.000000 1.000000 0.000000
vn 0.000000 1.000000 0.000000
vn 0.000000 -1.000000 0.000000
vn 0.000000 -1.000000 0.000000
vn 0.000000 0.000000 -1.000000
vn 0.000000 0.000000 -1.000000
vn 0.000000 0.000000 1.000000
vn 0.000000 0.000000 1.000000
vn -1.000000 0.000000 -0.000000
vn -1.000000 -0.000000 0.000000
vn 1.000000 0.000000 -0.000000
vn 1.000000 0.000000 0.000000
vn -0.000000 1.000000 0.000000
vn 0.000000 1.000000 0.000000
vn 0.000000 -1.000000 0.000000
vn 0.000000 -1.000000 0.000000
vn 0.000000 0.000000 -1.000000
vn 0.000000 0.000000 -1.000000
vn 0.000000 0.000000 1.000000
vn 0.000000 0.000000 1.000000
vn -1.000000 0.000000 -0.000000
vn -1.000000 -0.000000 0.000000
vn 1.000000 0.000000 -0.000000
vn 1.000000 0.000000 0.000000
vn -0.000000 1.000000 0.000000
vn 0.000000 1.000000 0.000000
vn 0.000000 -1.000000 0.000000
vn 0.000000 -1.000000 0.000000
vn 0.000000 0.000000 -1.000000
vn 0.000000 0.000000 -1.000000
vn 0.000000 0.000000 1.000000
vn 0.000000 0.000000 1.000000
vn -1.000000 0.000000 -0.000000
vn -1.000000 -0.000000 0.000000
vn 1.000000 0.000000 -0.000000
vn 1.000000 0.000000 0.000000
vn -0.000000 1.000000 0.000000
vn 0.000000 1.000000 0.000000
vn 0.000000 -1.000000 0.000000
vn 0.000000 -1.000000 0.000000
vn 0.000000 0.000000 -1.000000
vn 0.000000 0.000000 -1.000000
vn 0.000000 0.000000 1.000000
vn 0.000000 0.000000 1.000000
vn -1.000000 0.000000 -0.000000
vn -1.000000 -0.000000 0.000000
vn 1.000000 0.000000 -0.000000
vn 1.000000 0.000000 0.000000
vn -0.000000 1.000000 0.000000
vn 0.000000 1.000000 0.000000
vn 0.000000 -1.000000 0.000000
vn 0.000000 -1.000000 0.000000
vn 0.000000 0.000000 -1.000000
vn 0.000000 0.000000 -1.000000
vn 0.000000 0.000000 1.000000
vn 0.000000 0.000000 1.000000
vn -1.000000 0.000000 -0.000000
vn -1.000000 -0.000000 0.000000
vn 1.000000 0.000000 -0.000000
vn 1.000000 0.000000 0.000000
vn -0.000000 1.000000 0.000000
vn 0.000000 1.000000 0.000000
vn 0.000000 -1.000000 0.000000
vn 0.000000 -1.000000 0.000000
vn 0.000000 0.000000 -1.000000
vn 0.000000 0.000000 -1.000000
vn 0.000000 0.000000 1.000000
vn 0.000000 0.000000 1.000000
vn -1.000000 0.000000 -0.000000
vn -1.000000 -0.000000 0.000000
vn 1.000000 0.000000 -0.000000
vn 1.000000 0.000000 0.000000
vn -0.000000 1.000000 0.000000
vn 0.000000 1.000000 0.000000
vn 0.000000 -1.000000 0.000000
vn 0.000000 -1.000000 0.000000
vn 0.000000 0.000000 -1.000000
vn 0.000000 0.000000 -1.000000
vn 0.000000 0.000000 1.000000
vn 0.000000 0.000000 1.000000
vn -1.000000 0.000000 -0.000000
vn -1.000000 -0.000000 0.000000
vn 1.000000 0.000000 -0.000000
vn 1.000000 0.000000 0.000000
vn -0.000000 1.000000 0.000000
vn 0.000000 1.000000 0.000000
vn 0.000000 -1.000000 0.000000
vn 0.000000 -1.000000 0.000000
vn 0.000000 0.000000 -1.000000
vn 0.000000 0.000000 -1.000000
vn 0.000000 0.000000 1.000000
vn 0.000000 0.000000 1.000000
vn -1.000000 0.000000 -0.000000
vn -1.000000 -0.000000 0.000000
vn 1.000000 0.000000 -0.000000
vn 1.000000 0.000000 0.000000
vn -0.000000 1.000000 0.000000
vn 0.000000 1.000000 0.000000
vn 0.000000 -1.000000 0.000000
vn 0.000000 -1.000000 0.000000
vn 0.000000 0.000000 -1.000000
vn 0.000000 0.000000 -1.000000
vn 0.000000 0.000000 1.000000
vn 0.000000 0.000000 1.000000
vn -1.000000 0.000000 -0.000000
vn -1.000000 -0.000000 0.000000
vn 1.000000 0.000000 -0.000000
vn 1.000000 0.000000 0.000000
vn -0.000000 1.000000 0.000000
vn 0.000000 1.000000 0.000000
vn 0.000000 -1.000000 0.000000
vn 0.000000 -1.000000 0.000000
vn 0.000000 0.000000 -1.000000
vn 0.000000 0.000000 -1.000000
vn 0.000000 0.000000 1.000000
vn 0.000000 0.000000 1.000000
vn -1.000000 0.000000 -0.000000
vn -1.000000 -0.000000 0.000000
vn 1.000000 0.000000 -0.000000
vn 1.000000 0.000000 0.000000
vn -0.000000 1.000000 0.000000
vn 0.000000 1.000000 0.000000
vn 0.000000 -1.000000 0.000000
vn 0.000000 -1.000000 0.000000
vn 0.000000 0.000000 -1.000000
vn 0.000000 0.000000 -1.000000
vn 0.000000 0.000000 1.000000
vn 0.000000 0.000000 1.000000
vn -1.000000 0.000000 -0.000000
vn -1.000000 -0.000000 0.000000
vn 1.000000 0.000000 -0.000000
vn 1.000000 0.000000 0.000000
vn -0.000000 1.000000 0.000000
vn 0.000000 1.000000 0.000000
vn 0.000000 -1.000000 0.000000
vn 0.000000 -1.000000 0.000000
vn 0.000000 0.000000 -1.000000
vn 0.000000 0.000000 -1.000000
vn 0.000000 0.000000 1.000000
vn 0.000000 0.000000 1.000000
vn -1.000000 0.000000 -0.000000
vn -1.000000 -0.000000 0.000000
vn 1.000000 0.000000 -0.000000
vn 1.000000 0.000000 0.000000
vn -0.000000 1.000000 0.000000
vn 0.000000 1.000000 0.000000
vn 0.000000 -1.000000 0.000000
vn 0.000000 -1.000000 0.000000
vn 0.000000 0.000000 -1.000000
vn 0.000000 0.000000 -1.000000
vn 0.000000 0.000000 1.000000
vn 0.000000 0.000000 1.000000
vn -1.000000 0.000000 -0.000000
vn -1.000000 -0.000000 0.000000
vn 1.000000 0.000000 -0.000000
vn 1.000000 0.000000 0.000000
vn -0.000000 1.000000 0.000000
vn 0.000000 1.000000 0.000000
vn 0.000000 -1.000000 0.000000
vn 0.000000 -1.000000 0.000000
vn 0.000000 0.000000 -1.000000
vn 0.000000 0.000000 -1.000000
vn 0.000000 0.000000 1.000000
vn 0.000000 0.000000 1.000000
vn -1.000000 0.000000 -0.000000
vn -1.000000 -0.000000 0.000000
vn 1.000000 0.000000 -0.000000
vn 1.000000 0.000000 0.000000
vn -0.000000 1.000000 0.000000
vn 0.000000 1.000000 0.000000
vn 0.000000 -1.000000 0.000000
vn 0.000000 -1.000000 0.000000
vn 0.000000 0.000000 -1.000000
vn 0.000000 0.000000 -1.000000
vn 0.000000 0.000000 1.000000
vn 0.000000 0.000000 1.000000
vn -1.000000 0.000000 -0.000000
vn -1.000000 -0.000000 0.000000
vn 1.000000 0.000000 -0.000000
vn 1.000000 0.000000 0.000000
vn -0.000000 1.000000 0.000000
vn 0.000000 1.000000 0.000000
vn 0.000000 -1.000000 0.000000
vn 0.000000 -1.000000 0.000000
vn 0.000000 0.000000 -1.000000
vn 0.000000 0.000000 -1.000000
vn 0.000000 0.000000 1.000000
vn 0.000000 0.000000 1.000000
vn -1.000000 0.000000 -0.000000
vn -1.000000 -0.000000 0.000000
vn 1.000000 0.000000 -0.000000
vn 1.000000 0.000000 0.000000
vn -0.000000 1.000000 0.000000
vn 0.000000 1.000000 0.000000
vn 0.000000 -1.000000 0.000000
vn 0.000000 -1.000000 0.000000
vn 0.000000 0.000000 -1.000000
vn 0.000000 0.000000 -1.000000
vn 0.000000 0.000000 1.000000
vn 0.000000 0.000000 1.000000
vn -1.000000 0.000000 -0.000000
vn -1.000000 -0.000000 0.000000
vn 1.000000 0.000000 -0.000000
vn 1.000000 0.000000 0.000000
vn -0.000000 1.000000 0.000000
vn 0.000000 1.000000 0.000000
vn 0.000000 -1.000000 0.000000
vn 0.000000 -1.000000 0.000000
vn 0.000000 0.000000 -1.000000
vn 0.000000 0.000000 -1.000000
vn 0.000000 0.000000 1.000000
vn 0.000000 0.000000 1.000000
vn -1.000000 0.000000 -0.000000
vn -1.000000 -0.000000 0.000000
vn 1.000000 0.000000 -0.000000
vn 1.000000 0.000000 0.000000
vn -0.000000 1.000000 0.000000
vn 0.000000 1.000000 0.000000
vn 0.000000 -1.000000 0.000000
vn 0.000000 -1.000000 0.000000
vn 0.000000 0.000000 -1.000000
vn 0.000000 0.000000 -1.000000
vn 0.000000 0.000000 1.000000
vn 0.000000 0.000000 1.000000
vn -1.000000 0.000000 -0.000000
vn -1.000000 -0.000000 0.000000
vn 1.000000 0.000000 -0.000000
vn 1.000000 0.000000 0.000000
vn -0.000000 1.000000 0.000000
vn 0.000000 1.000000 0.000000
vn 0.000000 -1.000000 0.000000
vn 0.000000 -1.000000 0.000000
vn 0.000000 0.000000 -1.000000
vn 0.000000 0.000000 -1.000000
vn 0.000000 0.000000 1.000000
vn 0.000000 0.000000 1.000000
vn -1.000000 0.000000 -0.000000
vn -1.000000 -0.000000 0.000000
vn 1.000000 0.000000 -0.000000
vn 1.000000 0.000000 0.000000
vn -0.000000 1.000000 0.000000
vn 0.000000 1.000000 0.000000
vn 0.000000 -1.000000 0.000000
vn 0.000000 -1.000000 0.000000
vn 0.000000 0.000000 -1.000000
vn 0.000000 0.000000 -1.000000
vn 0.000000 0.000000 1.000000
vn 0.000000 0.000000 1.000000
vn -1.000000 0.000000 -0.000000
vn -1.000000 -0.000000 0.000000
vn 1.000000 0.000000 -0.000000
vn 1.000000 0.000000 0.000000
vn -0.000000 1.000000 0.000000
vn 0.000000 1.000000 0.000000
vn 0.000000 -1.000000 0.000000
vn 0.000000 -1.000000 0.000000
vn 0.000000 0.000000 -1.000000
vn 0.000000 0.000000 -1.000000
vn 0.000000 0.000000 1.000000
vn 0.000000 0.000000 1.000000
vn -1.000000 0.000000 -0.000000
vn -1.000000 -0.000000 0.000000
vn 1.000000 0.000000 -0.000000
vn 1.000000 0.000000 0.000000
vn -0.000000 1.000000 0.000000
vn 0.000000 1.000000 0.000000
vn 0.000000 -1.000000 0.000000
vn 0.000000 -1.000000 0.000000
vn 0.000000 0.000000 -1.000000
vn 0.000000 0.000000 -1.000000
vn 0.000000 0.000000 1.000000
vn 0.000000 0.000000 1.000000
vn -1.000000 0.000000 -0.000000
vn -1.000000 -0.000000 0.000000
vn 1.000000 0.000000 -0.000000
vn 1.000000 0.000000 0.000000
vn -0.000000 1.000000 0.000000
vn 0.000000 1.000000 0.000000
vn 0.000000 -1.000000 0.000000
vn 0.000000 -1.000000 0.000000
vn 0.000000 0.293271 -0.956029
vn 0.000000 0.293271 -0.956029
vn 0.000000 0.617044 -0.786929
vn 0.000000 0.617044 -0.786929
vn 0.000000 0.733768 -0.679400
vn 0.000000 0.733768 -0.679400
vn 0.000000 0.805703 -0.592320
vn 0.000000 0.805703 -0.592320
vn 0.000000 0.855017 -0.518600
vn 0.000000 0.855017 -0.518600
vn 0.000000 0.890839 -0.454319
vn 0.000000 0.890839 -0.454319
vn 0.000000 0.917822 -0.396993
vn 0.000000 0.917822 -0.396993
vn 0.000000 0.938628 -0.344931
vn 0.000000 0.938628 -0.344931
vn 0.000000 0.954901 -0.296925
vn 0.000000 0.954901 -0.296925
vn 0.000000 0.967708 -0.252075
vn 0.000000 0.967708 -0.252075
vn 0.000000 0.977768 -0.209690
vn 0.000000 0.977768 -0.209690
vn 0.000000 0.985578 -0.169219
vn 0.000000 0.985578 -0.169219
vn 0.000000 0.991487 -0.130208
vn 0.000000 0.991487 -0.130208
vn 0.000000 0.995734 -0.092273
vn 0.000000 0.995734 -0.092273
vn 0.000000 0.998482 -0.055076
vn 0.000000 0.998482 -0.055076
vn 0.000000 0.999832 -0.018311
vn 0.000000 0.999832 -0.018311
vn -0.000000 0.999832 0.018311
vn 0.000000 0.999832 0.018311
vn -0.000000 0.998482 0.055076
vn 0.000000 0.998482 0.055076
vn -0.000000 0.995734 0.092273
vn 0.000000 0.995734 0.092273
vn -0.000000 0.991487 0.130208
vn 0.000000 0.991487 0.130208
vn -0.000000 0.985578 0.169219
vn 0.000000 0.985578 0.169219
vn -0.000000 0.977768 0.209690
vn 0.000000 0.977768 0.209690
vn -0.000000 0.967708 0.252075
vn 0.000000 0.967708 0.252075
vn -0.000000 0.954901 0.296925
vn 0.000000 0.954901 0.296925
vn -0.000000 0.938628 0.344931
vn 0.000000 0.938628 0.344931
vn -0.000000 0.917822 0.396993
vn 0.000000 0.917822 0.396993
vn -0.000000 0.890839 0.454319
vn 0.000000 0.890839 0.454319
vn -0.000000 0.855017 0.518600
vn 0.000000 0.855017 0.518600
vn -0.000000 0.805703 0.592320
vn 0.000000 0.805703 0.592320
vn -0.000000 0.733768 0.679400
vn 0.000000 0.733768 0.679400
vn -0.000000 0.617044 0.786929
vn 0.000000 0.617044 0.786929
vn -0.000000 0.293271 0.956029
vn 0.000000 0.293271 0.956029
vn 0.000000 0.000000 -1.000000
vn 0.000000 0.000000 -1.000000
vn 0.000000 0.000000 1.000000
vn 0.000000 0.000000 1.000000
vn -1.000000 0.000000 -0.000000
vn -1.000000 -0.000000 0.000000
vn 1.000000 0.000000 -0.000000
vn 1.000000 0.000000 0.000000
vn -0.000000 1.000000 0.000000
vn 0.000000 1.000000 0.000000
vn 0.000000 -1.000000 0.000000
vn 0.000000 -1.000000 0.000000
vn 0.000000 0.000000 -1.000000
vn 0.000000 0.000000 -1.000000
vn 0.000000 0.000000 1.000000
vn 0.000000 0.000000 1.000000
vn -1.000000 0.000000 -0.000000
vn -1.000000 -0.000000 0.000000
vn 1.000000 0.000000 -0.000000
vn 1.000000 0.000000 0.000000
vn -0.000000 1.000000 0.000000
vn 0.000000 1.000000 0.000000
vn 0.000000 -1.000000 0.000000
vn 0.000000 -1.000000 0.000000
vn 0.000000 -1.000000 0.000000
vn 0.000000 -1.000000 0.000000
vn -1.000000 0.000000 0.000000
vn -1.000000 -0.000000 0.000000
vn -1.000000 -0.000000 0.000000
vn -1.000000 -0.000000 0.000000
vn -1.000000 -0.000000 0.000000
vn -1.000000 -0.000000 0.000000
vn -1.000000 -0.000000 0.000000
vn -1.000000 -0.000000 0.000000
vn -1.000000 -0.000000 0.000000
vn -1.000000 -0.000000 0.000000
vn -1.000000 -0.000000 0.000000
vn -1.000000 -0.000000 0.000000
vn -1.000000 -0.000000 0.000000
vn -1.000000 -0.000000 0.000000
vn -1.000000 -0.000000 0.000000
vn -1.000000 -0.000000 0.000000
vn -1.000000 -0.000000 0.000000
vn -1.000000 0.000000 -0.000000
vn -1.000000 0.000000 -0.000000
vn -1.000000 0.000000 -0.000000
vn -1.000000 0.000000 -0.000000
vn -1.000000 0.000000 -0.000000
vn -1.000000 0.000000 -0.000000
vn -1.000000 0.000000 -0.000000
vn -1.000000 0.000000 -0.000000
vn -1.000000 0.000000 -0.000000
vn -1.000000 0.000000 -0.000000
vn -1.000000 0.000000 -0.000000
vn -1.000000 0.000000 -0.000000
vn -1.000000 0.000000 -0.000000
vn -1.000000 0.000000 -0.000000
vn -1.000000 0.000000 -0.000000
vn -1.000000 0.000000 -0.000000
vn -1.000000 0.000000 0.000000
vn -1.000000 0.000000 0.000000
vn 1.000000 0.000000 0.000000
vn 1.000000 0.000000 0.000000
vn 1.000000 0.000000 0.000000
vn 1.000000 0.000000 0.000000
vn 1.000000 0.000000 0.000000
vn 1.000000 0.000000 0.000000
vn 1.000000 0.000000 0.000000
vn 1.000000 0.000000 0.000000
vn 1.000000 0.000000 0.000000
vn 1.000000 0.000000 0.000000
vn 1.000000 0.000000 0.000000
vn 1.000000 0.000000 0.000000
vn 1.000000 0.000000 0.000000
vn 1.000000 0.000000 0.000000
vn 1.000000 0.000000 0.000000
vn 1.000000 0.000000 0.000000
vn 1.000000 -0.000000 0.000000
vn 1.000000 0.000000 0.000000
vn 1.000000 0.000000 0.000000
vn 1.000000 0.000000 0.000000
vn 1.000000 0.000000 0.000000
vn 1.000000 0.000000 0.000000
vn 1.000000 0.000000 0.000000
vn 1.000000 0.000000 0.000000
vn 1.000000 0.000000 0.000000
vn 1.000000 0.000000 0.000000
vn 1.000000 0.000000 0.000000
vn 1.000000 0.000000 0.000000
vn 1.000000 0.000000 0.000000
vn 1.000000 0.000000 0.000000
vn 1.000000 0.000000 0.000000
vn 1.000000 0.000000 0.000000
vn 1.000000 0.000000 0.000000
vn 1.000000 0.000000 -0.000000
vn 1.000000 0.000000 0.000000
vn 0.000000 0.968127 -0.250459
vn 0.000000 0.968127 -0.250459
vn -0.000000 0.968127 0.250459
vn 0.000000 0.968127 0.250459
vn 0.000000 0.293271 -0.956029
vn 0.000000 0.293271 -0.956029
vn -1.000000 0.000000 -0.000000
vn -1.000000 0.000000 0.000000
vn 1.000000 0.000000 0.000000
vn 1.000000 0.000000 0.000000
vn 0.000000 0.617044 -0.786929
vn 0.000000 0.617044 -0.786929
vn -1.000000 0.000000 -0.000000
vn -1.000000 0.000000 0.000000
vn 1.000000 0.000000 0.000000
vn 1.000000 0.000000 0.000000
vn 0.000000 0.733768 -0.679400
vn 0.000000 0.733768 -0.679400
vn -1.000000 0.000000 -0.000000
vn -1.000000 0.000000 0.000000
vn 1.000000 0.000000 0.000000
vn 1.000000 0.000000 0.000000
vn 0.000000 0.805703 -0.592320
vn 0.000000 0.805703 -0.592320
vn -1.000000 0.000000 -0.000000
vn -1.000000 0.000000 0.000000
vn 1.000000 0.000000 0.000000
vn 1.000000 0.000000 0.000000
vn 0.000000 0.855017 -0.518600
vn 0.000000 0.855017 -0.518600
vn -1.000000 0.000000 -0.000000
vn -1.000000 0.000000 0.000000
vn 1.000000 0.000000 0.000000
vn 1.000000 0.000000 0.000000
vn 0.000000 0.890839 -0.454319
vn 0.000000 0.890839 -0.454319
vn -1.000000 0.000000 -0.000000
vn -1.000000 0.000000 0.000000
vn 1.000000 0.000000 0.000000
vn 1.000000 0.000000 0.000000
vn 0.000000 0.917822 -0.396993
vn 0.000000 0.917822 -0.396993
vn -1.000000 0.000000 0.000000
vn -1.000000 0.000000 -0.000000
vn 1.000000 0.000000 0.000000
vn 1.000000 0.000000 0.000000
vn 0.000000 0.938628 -0.344931
vn 0.000000 0.938628 -0.344931
vn -1.000000 0.000000 0.000000
vn -1.000000 0.000000 -0.000000
vn 1.000000 0.000000 0.000000
vn 1.000000 0.000000 0.000000
vn 0.000000 0.954901 -0.296925
vn 0.000000 0.954901 -0.296925
vn -1.000000 0.000000 0.000000
vn -1.000000 0.000000 -0.000000
vn 1.000000 0.000000 0.000000
vn 1.000000 0.000000 0.000000
vn 0.000000 0.967708 -0.252075
vn 0.000000 0.967708 -0.252075
vn -1.000000 0.000000 0.000000
vn -1.000000 0.000000 -0.000000
vn 1.000000 0.000000 0.000000
vn 1.000000 0.000000 0.000000
vn 0.000000 0.977768 -0.209690
vn 0.000000 0.977768 -0.209690
vn -1.000000 0.000000 0.000000
vn -1.000000 0.000000 -0.000000
vn 1.000000 0.000000 0.000000
vn 1.000000 0.000000 0.000000
vn 0.000000 0.985578 -0.169219
vn 0.000000 0.985578 -0.169219
vn -1.000000 0.000000 0.000000
vn -1.000000 0.000000 -0.000000
vn 1.000000 0.000000 0.000000
vn 1.000000 0.000000 0.000000
vn 0.000000 0.991487 -0.130208
vn 0.000000 0.991487 -0.130208
vn -1.000000 0.000000 0.000000
vn -1.000000 0.000000 -0.000000
vn 1.000000 0.000000 0.000000
vn 1.000000 0.000000 0.000000
vn 0.000000 0.995734 -0.092273
vn 0.000000 0.995734 -0.092273
vn -1.000000 0.000000 0.000000
vn -1.000000 0.000000 -0.000000
vn 1.000000 0.000000 0.000000
vn 1.000000 0.000000 0.000000
vn 0.000000 0.998482 -0.055076
vn 0.000000 0.998482 -0.055076
vn -1.000000 0.000000 0.000000
vn -1.000000 0.000000 -0.000000
vn 1.000000 0.000000 0.000000
vn 1.000000 0.000000 0.000000
vn 0.000000 0.999832 -0.018311
vn 0.000000 0.999832 -0.018311
vn -1.000000 0.000000 0.000000
vn -1.000000 0.000000 -0.000000
vn 1.000000 0.000000 0.000000
vn 1.000000 0.000000 0.000000
vn -0.000000 0.999832 0.018311
vn 0.000000 0.999832 0.018311
vn -1.000000 0.000000 0.000000
vn -1.000000 0.000000 0.000000
vn 1.000000 0.000000 0.000000
vn 1.000000 0.000000 -0.000000
vn -0.000000 0.998482 0.055076
vn 0.000000 0.998482 0.055076
vn -1.000000 0.000000 0.000000
vn -1.000000 0.000000 0.000000
vn 1.000000 0.000000 0.000000
vn 1.000000 0.000000 -0.000000
vn -0.000000 0.995734 0.092273
vn 0.000000 0.995734 0.092273
vn -1.000000 0.000000 0.000000
vn -1.000000 0.000000 0.000000
vn 1.000000 0.000000 0.000000
vn 1.000000 0.000000 -0.000000
vn -0.000000 0.991487 0.130208
vn 0.000000 0.991487 0.130208
vn -1.000000 0.000000 0.000000
vn -1.000000 0.000000 0.000000
vn 1.000000 0.000000 0.000000
vn 1.000000 0.000000 -0.000000
vn -0.000000 0.985578 0.169219
vn 0.000000 0.985578 0.169219
vn -1.000000 0.000000 0.000000
vn -1.000000 0.000000 0.000000
vn 1.000000 0.000000 0.000000
vn 1.000000 0.000000 -0.000000
vn -0.000000 0.977768 0.209690
vn 0.000000 0.977768 0.209690
vn -1.000000 0.000000 0.000000
vn -1.000000 0.000000 0.000000
vn 1.000000 0.000000 0.000000
vn 1.000000 0.000000 -0.000000
vn -0.000000 0.967708 0.252075
vn 0.000000 0.967708 0.252075
vn -1.000000 0.000000 0.000000
vn -1.000000 0.000000 0.000000
vn 1.000000 0.000000 0.000000
vn 1.000000 0.000000 -0.000000
vn -0.000000 0.954901 0.296925
vn 0.000000 0.954901 0.296925
vn -1.000000 0.000000 0.000000
vn -1.000000 0.000000 0.000000
vn 1.000000 0.000000 0.000000
vn 1.000000 0.000000 -0.000000
vn -0.000000 0.938628 0.344931
vn 0.000000 0.938628 0.344931
vn -1.000000 0.000000 0.000000
vn -1.000000 0.000000 0.000000
vn 1.000000 0.000000 0.000000
vn 1.000000 0.000000 -0.000000
vn -0.000000 0.917822 0.396993
vn 0.000000 0.917822 0.396993
vn -1.000000 0.000000 0.000000
vn -1.000000 0.000000 0.000000
vn 1.000000 0.000000 0.000000
vn 1.000000 0.000000 -0.000000
vn -0.000000 0.890839 0.454319
vn 0.000000 0.890839 0.454319
vn -1.000000 0.000000 0.000000
vn -1.000000 0.000000 0.000000
vn 1.000000 0.000000 -0.000000
vn 1.000000 0.000000 0.000000
vn -0.000000 0.855017 0.518600
vn 0.000000 0.855017 0.518600
vn -1.000000 0.000000 0.000000
vn -1.000000 0.000000 0.000000
vn 1.000000 0.000000 -0.000000
vn 1.000000 0.000000 0.000000
vn -0.000000 0.805703 0.592320
vn 0.000000 0.805703 0.592320
vn -1.000000 0.000000 0.000000
vn -1.000000 0.000000 0.000000
vn 1.000000 0.000000 -0.000000
vn 1.000000 0.000000 0.000000
vn -0.000000 0.733768 0.679400
vn 0.000000 0.733768 0.679400
vn -1.000000 0.000000 0.000000
vn -1.000000 0.000000 0.000000
vn 1.000000 0.000000 -0.000000
vn 1.000000 0.000000 0.000000
vn -0.000000 0.617044 0.786929
vn 0.000000 0.617044 0.786929
vn -1.000000 0.000000 0.000000
vn -1.000000 0.000000 0.000000
vn 1.000000 0.000000 -0.000000
vn 1.000000 0.000000 0.000000
vn -0.000000 0.293271 0.956029
vn 0.000000 0.293271 0.956029
vn -1.000000 0.000000 0.000000
vn -1.000000 0.000000 0.000000
vn 1.000000 0.000000 -0.000000
vn 1.000000 0.000000 0.000000
vn 0.000000 0.000000 -1.000000
vn 0.000000 0.000000 -1.000000
vn 0.000000 0.000000 1.000000
vn 0.000000 0.000000 1.000000
vn -1.000000 0.000000 -0.000000
vn -1.000000 -0.000000 0.000000
vn 1.000000 0.000000 -0.000000
vn 1.000000 0.000000 0.000000
vn -0.000000 1.000000 0.000000
vn 0.000000 1.000000 0.000000
vn 0.000000 -1.000000 0.000000
vn 0.000000 -1.000000 0.000000
vn 0.148168 0.048143 -0.987790
vn 0.091573 0.126040 -0.987790
vn 0.000000 0.155794 -0.987790
vn -0.091573 0.126040 -0.987790
vn -0.148168 0.048143 -0.987790
vn -0.148168 -0.048143 -0.987790
vn -0.091573 -0.126040 -0.987790
vn -0.000000 -0.155794 -0.987790
vn 0.091573 -0.126040 -0.987790
vn 0.148168 -0.048143 -0.987790
vn 0.148168 0.048143 -0.987790
vn 0.091573 0.126040 -0.987790
vn 0.000000 0.155794 -0.987790
vn -0.091573 0.126040 -0.987790
vn -0.148168 0.048143 -0.987790
vn -0.148168 -0.048143 -0.987790
vn -0.091573 -0.126040 -0.987790
vn -0.000000 -0.155794 -0.987790
vn 0.091573 -0.126040 -0.987790
vn 0.148168 -0.048143 -0.987790
vn 0.148168 0.048143 -0.987790
vn 0.091573 0.126040 -0.987790
vn 0.000000 0.155794 -0.987790
vn -0.091573 0.126040 -0.987790
vn -0.148168 0.048143 -0.987790
vn -0.148168 -0.048143 -0.987790
vn -0.091573 -0.126040 -0.987790
vn -0.000000 -0.155794 -0.987790
vn 0.091573 -0.126040 -0.987790
vn 0.148168 -0.048143 -0.987790
vn 0.000000 0.000000 -1.000000
vn 0.000000 0.000000 -1.000000
vn 0.000000 0.000000 1.000000
vn 0.000000 0.000000 1.000000
vn -1.000000 0.000000 -0.000000
vn -1.000000 -0.000000 0.000000
vn 1.000000 0.000000 -0.000000
vn 1.000000 0.000000 0.000000
vn -0.000000 1.000000 0.000000
vn 0.000000 1.000000 0.000000
vn 0.000000 -1.000000 0.000000
vn 0.000000 -1.000000 0.000000
vn -0.148168 -0.048143 0.987790
vn -0.091573 -0.126040 0.987790
vn 0.000000 -0.155794 0.987790
vn 0.091573 -0.126040 0.987790
vn 0.148168 -0.048143 0.987790
vn 0.148168 0.048143 0.987790
vn 0.091573 0.126040 0.987790
vn 0.000000 0.155794 0.987790
vn -0.091573 0.126040 0.987790
vn -0.148168 0.048143 0.987790
vn -0.148168 -0.048143 0.987790
vn -0.091573 -0.126040 0.987790
vn 0.000000 -0.155794 0.987790
vn 0.091573 -0.126040 0.987790
vn 0.148168 -0.048143 0.987790
vn 0.148168 0.048143 0.987790
vn 0.091573 0.126040 0.987790
vn 0.000000 0.155794 0.987790
vn -0.091573 0.126040 0.987790
vn -0.148168 0.048143 0.987790
vn -0.148168 -0.048143 0.987790
vn -0.091573 -0.126040 0.987790
vn 0.000000 -0.155794 0.987790
vn 0.091573 -0.126040 0.987790
vn 0.148168 -0.048143 0.987790
vn 0.148168 0.048143 0.987790
vn 0.091573 0.126040 0.987790
vn 0.000000 0.155794 0.987790
vn -0.091573 0.126040 0.987790
vn -0.148168 0.048143 0.987790
vn 0.000000 0.293271 -0.956029
vn 0.000000 0.293271 -0.956029
vn -1.000000 0.000000 -0.000000
vn -1.000000 0.000000 0.000000
vn 1.000000 0.000000 0.000000
vn 1.000000 0.000000 0.000000
vn 0.000000 0.617044 -0.786929
vn 0.000000 0.617044 -0.786929
vn -1.000000 0.000000 -0.000000
vn -1.000000 0.000000 0.000000
vn 1.000000 0.000000 0.000000
vn 1.000000 0.000000 0.000000
vn 0.000000 0.733768 -0.679400
vn 0.000000 0.733768 -0.679400
vn -1.000000 0.000000 -0.000000
vn -1.000000 0.000000 0.000000
vn 1.000000 0.000000 0.000000
vn 1.000000 0.000000 0.000000
vn 0.000000 0.805703 -0.592320
vn 0.000000 0.805703 -0.592320
vn -1.000000 0.000000 -0.000000
vn -1.000000 0.000000 0.000000
vn 1.000000 0.000000 0.000000
vn 1.000000 0.000000 0.000000
vn 0.000000 0.855017 -0.518600
vn 0.000000 0.855017 -0.518600
vn -1.000000 0.000000 -0.000000
vn -1.000000 0.000000 0.000000
vn 1.000000 0.000000 0.000000
vn 1.000000 0.000000 0.000000
vn 0.000000 0.890839 -0.454319
vn 0.000000 0.890839 -0.454319
vn -1.000000 0.000000 -0.000000
vn -1.000000 0.000000 0.000000
vn 1.000000 0.000000 0.000000
vn 1.000000 0.000000 0.000000
vn 0.000000 0.917822 -0.396993
vn 0.000000 0.917822 -0.396993
vn -1.000000 0.000000 0.000000
vn -1.000000 0.000000 -0.000000
vn 1.000000 0.000000 0.000000
vn 1.000000 0.000000 0.000000
vn 0.000000 0.938628 -0.344931
vn 0.000000 0.938628 -0.344931
vn -1.000000 0.000000 0.000000
vn -1.000000 0.000000 -0.000000
vn 1.000000 0.000000 0.000000
vn 1.000000 0.000000 0.000000
vn 0.000000 0.954901 -0.296925
vn 0.000000 0.954901 -0.296925
vn -1.000000 0.000000 0.000000
vn -1.000000 0.000000 -0.000000
vn 1.000000 0.000000 0.000000
vn 1.000000 0.000000 0.000000
vn 0.000000 0.967708 -0.252075
vn 0.000000 0.967708 -0.252075
vn -1.000000 0.000000 0.000000
vn -1.000000 0.000000 -0.000000
vn 1.000000 0.000000 0.000000
vn 1.000000 0.000000 0.000000
vn 0.000000 0.977768 -0.209690
vn 0.000000 0.977768 -0.209690
vn -1.000000 0.000000 0.000000
vn -1.000000 0.000000 -0.000000
vn 1.000000 0.000000 0.000000
vn 1.000000 0.000000 0.000000
vn 0.000000 0.985578 -0.169219
vn 0.000000 0.985578 -0.169219
vn -1.000000 0.000000 0.000000
vn -1.000000 0.000000 -0.000000
vn 1.000000 0.000000 0.000000
vn 1.000000 0.000000 0.000000
vn 0.000000 0.991487 -0.130208
vn 0.000000 0.991487 -0.130208
vn -1.000000 0.000000 0.000000
vn -1.000000 0.000000 -0.000000
vn 1.000000 0.000000 0.000000
vn 1.000000 0.000000 0.000000
vn 0.000000 0.995734 -0.092273
vn 0.000000 0.995734 -0.092273
vn -1.000000 0.000000 0.000000
vn -1.000000 0.000000 -0.000000
vn 1.000000 0.000000 0.000000
vn 1.000000 0.000000 0.000000
vn 0.000000 0.998482 -0.055076
vn 0.000000 0.998482 -0.055076
vn -1.000000 0.000000 0.000000
vn -1.000000 0.000000 -0.000000
vn 1.000000 0.000000 0.000000
vn 1.000000 0.000000 0.000000
vn 0.000000 0.999832 -0.018311
vn 0.000000 0.999832 -0.018311
vn -1.000000 0.000000 0.000000
vn -1.000000 0.000000 -0.000000
vn 1.000000 0.000000 0.000000
vn 1.000000 0.000000 0.000000
vn -0.000000 0.999832 0.018311
vn 0.000000 0.999832 0.018311
vn -1.000000 0.000000 0.000000
vn -1.000000 0.000000 0.000000
vn 1.000000 0.000000 0.000000
vn 1.000000 0.000000 -0.000000
vn -0.000000 0.998482 0.055076
vn 0.000000 0.998482 0.055076
vn -1.000000 0.000000 0.000000
vn -1.000000 0.000000 0.000000
vn 1.000000 0.000000 0.000000
vn 1.000000 0.000000 -0.000000
vn -0.000000 0.995734 0.092273
vn 0.000000 0.995734 0.092273
vn -1.000000 0.000000 0.000000
vn -1.000000 0.000000 0.000000
vn 1.000000 0.000000 0.000000
vn 1.000000 0.000000 -0.000000
vn -0.000000 0.991487 0.130208
vn 0.000000 0.991487 0.130208
vn -1.000000 0.000000 0.000000
vn -1.000000 0.000000 0.000000
vn 1.000000 0.000000 0.000000
vn 1.000000 0.000000 -0.000000
vn -0.000000 0.985578 0.169219
vn 0.000000 0.985578 0.169219
vn -1.000000 0.000000 0.000000
vn -1.000000 0.000000 0.000000
vn 1.000000 0.000000 0.000000
vn 1.000000 0.000000 -0.000000
vn -0.000000 0.977768 0.209690
vn 0.000000 0.977768 0.209690
vn -1.000000 0.000000 0.000000
vn -1.000000 0.000000 0.000000
vn 1.000000 0.000000 0.000000
vn 1.000000 0.000000 -0.000000
vn -0.000000 0.967708 0.252075
vn 0.000000 0.967708 0.252075
vn -1.000000 0.000000 0.000000
vn -1.000000 0.000000 0.000000
vn 1.000000 0.000000 0.000000
vn 1.000000 0.000000 -0.000000
vn -0.000000 0.954901 0.296925
vn 0.000000 0.954901 0.296925
vn -1.000000 0.000000 0.000000
vn -1.000000 0.000000 0.000000
vn 1.000000 0.000000 0.000000
vn 1.000000 0.000000 -0.000000
vn -0.000000 0.938628 0.344931
vn 0.000000 0.938628 0.344931
vn -1.000000 0.000000 0.000000
vn -1.000000 0.000000 0.000000
vn 1.000000 0.000000 0.000000
vn 1.000000 0.000000 -0.000000
vn -0.000000 0.917822 0.396993
vn 0.000000 0.917822 0.396993
vn -1.000000 0.000000 0.000000
vn -1.000000 0.000000 0.000000
vn 1.000000 0.000000 0.000000
vn 1.000000 0.000000 -0.000000
vn -0.000000 0.890839 0.454319
vn 0.000000 0.890839 0.454319
vn -1.000000 0.000000 0.000000
vn -1.000000 0.000000 0.000000
vn 1.000000 0.000000 -0.000000
vn 1.000000 0.000000 0.000000
vn -0.000000 0.855017 0.518600
vn 0.000000 0.855017 0.518600
vn -1.000000 0.000000 0.000000
vn -1.000000 0.000000 0.000000
vn 1.000000 0.000000 -0.000000
vn 1.000000 0.000000 0.000000
vn -0.000000 0.805703 0.592320
vn 0.000000 0.805703 0.592320
vn -1.000000 0.000000 0.000000
vn -1.000000 0.000000 0.000000
vn 1.000000 0.000000 -0.000000
vn 1.000000 0.000000 0.000000
vn -0.000000 0.733768 0.679400
vn 0.000000 0.733768 0.679400
vn -1.000000 0.000000 0.000000
vn -1.000000 0.000000 0.000000
vn 1.000000 0.000000 -0.000000
vn 1.000000 0.000000 0.000000
vn -0.000000 0.617044 0.786929
vn 0.000000 0.617044 0.786929
vn -1.000000 0.000000 0.000000
vn -1.000000 0.000000 0.000000
vn 1.000000 0.000000 -0.000000
vn 1.000000 0.000000 0.000000
vn -0.000000 0.293271 0.956029
vn 0.000000 0.293271 0.956029
vn -1.000000 0.000000 0.000000
vn -1.000000 0.000000 0.000000
vn 1.000000 0.000000 -0.000000
vn 1.000000 0.000000 0.000000
vn 0.000000 0.000000 -1.000000
vn 0.000000 0.000000 -1.000000
vn 0.000000 0.000000 1.000000
vn 0.000000 0.000000 1.000000
vn -1.000000 0.000000 -0.000000
vn -1.000000 -0.000000 0.000000
vn 1.000000 0.000000 -0.000000
vn 1.000000 0.000000 0.000000
vn -0.000000 1.000000 0.000000
vn 0.000000 1.000000 0.000000
vn 0.000000 -1.000000 0.000000
vn 0.000000 -1.000000 0.000000
vn 0.148168 0.048143 -0.987790
vn 0.091573 0.126040 -0.987790
vn 0.000000 0.155794 -0.987790
vn -0.091573 0.126040 -0.987790
vn -0.148168 0.048143 -0.987790
vn -0.148168 -0.048143 -0.987790
vn -0.091573 -0.126040 -0.987790
vn -0.000000 -0.155794 -0.987790
vn 0.091573 -0.126040 -0.987790
vn 0.148168 -0.048143 -0.987790
vn 0.148168 0.048143 -0.987790
vn 0.091573 0.126040 -0.987790
vn 0.000000 0.155794 -0.987790
vn -0.091573 0.126040 -0.987790
vn -0.148168 0.048143 -0.987790
vn -0.148168 -0.048143 -0.987790
vn -0.091573 -0.126040 -0.987790
vn -0.000000 -0.155794 -0.987790
vn 0.091573 -0.126040 -0.987790
vn 0.148168 -0.048143 -0.987790
vn 0.148168 0.048143 -0.987790
vn 0.091573 0.126040 -0.987790
vn 0.000000 0.155794 -0.987790
vn -0.091573 0.126040 -0.987790
vn -0.148168 0.048143 -0.987790
vn -0.148168 -0.048143 -0.987790
vn -0.091573 -0.126040 -0.987790
vn -0.000000 -0.155794 -0.987790
vn 0.091573 -0.126040 -0.987790
vn 0.148168 -0.048143 -0.987790
vn 0.000000 0.000000 -1.000000
vn 0.000000 0.000000 -1.000000
vn 0.000000 0.000000 1.000000
vn 0.000000 0.000000 1.000000
vn -1.000000 0.000000 -0.000000
vn -1.000000 -0.000000 0.000000
vn 1.000000 0.000000 -0.000000
vn 1.000000 0.000000 0.000000
vn -0.000000 1.000000 0.000000
vn 0.000000 1.000000 0.000000
vn 0.000000 -1.000000 0.000000
vn 0.000000 -1.000000 0.000000
vn -0.148168 -0.048143 0.987790
vn -0.091573 -0.126040 0.987790
vn 0.000000 -0.155794 0.987790
vn 0.091573 -0.126040 0.987790
vn 0.148168 -0.048143 0.987790
vn 0.148168 0.048143 0.987790
vn 0.091573 0.126040 0.987790
vn 0.000000 0.155794 0.987790
vn -0.091573 0.126040 0.987790
vn -0.148168 0.048143 0.987790
vn -0.148168 -0.048143 0.987790
vn -0.091573 -0.126040 0.987790
vn 0.000000 -0.155794 0.987790
vn 0.091573 -0.126040 0.987790
vn 0.148168 -0.048143 0.987790
vn 0.148168 0.048143 0.987790
vn 0.091573 0.126040 0.987790
vn 0.000000 0.155794 0.987790
vn -0.091573 0.126040 0.987790
vn -0.148168 0.048143 0.987790
vn -0.148168 -0.048143 0.987790
vn -0.091573 -0.126040 0.987790
vn 0.000000 -0.155794 0.987790
vn 0.091573 -0.126040 0.987790
vn 0.148168 -0.048143 0.987790
vn 0.148168 0.048143 0.987790
vn 0.091573 0.126040 0.987790
vn 0.000000 0.155794 0.987790
vn -0.091573 0.126040 0.987790
vn -0.148168 0.048143 0.987790
vn 0.000000 0.000000 -1.000000
vn 0.000000 0.000000 -1.000000
vn 0.000000 0.000000 1.000000
vn 0.000000 0.000000 1.000000
vn -1.000000 0.000000 -0.000000
vn -1.000000 -0.000000 0.000000
vn 1.000000 0.000000 -0.000000
vn 1.000000 0.000000 0.000000
vn -0.000000 1.000000 0.000000
vn 0.000000 1.000000 0.000000
vn 0.000000 -1.000000 0.000000
vn 0.000000 -1.000000 0.000000
vn 0.000000 0.000000 -1.000000
vn 0.000000 0.000000 -1.000000
vn 0.000000 0.000000 1.000000
vn 0.000000 0.000000 1.000000
vn -1.000000 0.000000 -0.000000
vn -1.000000 -0.000000 0.000000
vn 1.000000 0.000000 -0.000000
vn 1.000000 0.000000 0.000000
vn -0.000000 1.000000 0.000000
vn 0.000000 1.000000 0.000000
vn 0.000000 -1.000000 0.000000
vn 0.000000 -1.000000 0.000000
vn 0.000000 0.000000 -1.000000
vn 0.000000 0.000000 -1.000000
vn 0.000000 0.000000 1.000000
vn 0.000000 0.000000 1.000000
vn -1.000000 0.000000 -0.000000
vn -1.000000 -0.000000 0.000000
vn 1.000000 0.000000 -0.000000
vn 1.000000 0.000000 0.000000
vn -0.000000 1.000000 0.000000
vn 0.000000 1.000000 0.000000
vn 0.000000 -1.000000 0.000000
vn 0.000000 -1.000000 0.000000
vn 0.000000 0.000000 -1.000000
vn 0.000000 0.000000 -1.000000
vn 0.000000 0.000000 1.000000
vn 0.000000 0.000000 1.000000
vn -1.000000 0.000000 -0.000000
vn -1.000000 -0.000000 0.000000
vn 1.000000 0.000000 -0.000000
vn 1.000000 0.000000 0.000000
vn -0.000000 1.000000 0.000000
vn 0.000000 1.000000 0.000000
vn 0.000000 -1.000000 0.000000
vn 0.000000 -1.000000 0.000000
vn 0.000000 0.000000 -1.000000
vn 0.000000 0.000000 -1.000000
vn 0.000000 0.000000 1.000000
vn 0.000000 0.000000 1.000000
vn -1.000000 0.000000 -0.000000
vn -1.000000 -0.000000 0.000000
vn 1.000000 0.000000 -0.000000
vn 1.000000 0.000000 0.000000
vn -0.000000 1.000000 0.000000
vn 0.000000 1.000000 0.000000
vn 0.000000 -1.000000 0.000000
vn 0.000000 -1.000000 0.000000
vn 0.000000 0.000000 -1.000000
vn 0.000000 0.000000 -1.000000
vn 0.000000 0.000000 1.000000
vn 0.000000 0.000000 1.000000
vn -1.000000 0.000000 -0.000000
vn -1.000000 -0.000000 0.000000
vn 1.000000 0.000000 -0.000000
vn 1.000000 0.000000 0.000000
vn -0.000000 1.000000 0.000000
vn 0.000000 1.000000 0.000000
vn 0.000000 -1.000000 0.000000
vn 0.000000 -1.000000 0.000000
vn 0.000000 0.000000 -1.000000
vn 0.000000 0.000000 -1.000000
vn 0.000000 0.000000 1.000000
vn 0.000000 0.000000 1.000000
vn -1.000000 0.000000 -0.000000
vn -1.000000 -0.000000 0.000000
vn 1.000000 0.000000 -0.000000
vn 1.000000 0.000000 0.000000
vn -0.000000 1.000000 0.000000
vn 0.000000 1.000000 0.000000
vn 0.000000 -1.000000 0.000000
vn 0.000000 -1.000000 0.000000
vn 0.000000 0.000000 -1.000000
vn 0.000000 0.000000 -1.000000
vn 0.000000 0.000000 1.000000
vn 0.000000 0.000000 1.000000
vn -1.000000 0.000000 -0.000000
vn -1.000000 -0.000000 0.000000
vn 1.000000 0.000000 -0.000000
vn 1.000000 0.000000 0.000000
vn -0.000000 1.000000 0.000000
vn 0.000000 1.000000 0.000000
vn 0.000000 -1.000000 0.000000
vn 0.000000 -1.000000 0.000000
vn 0.000000 0.000000 -1.000000
vn 0.000000 0.000000 -1.000000
vn 0.000000 0.000000 1.000000
vn 0.000000 0.000000 1.000000
vn -1.000000 0.000000 -0.000000
vn -1.000000 -0.000000 0.000000
vn 1.000000 0.000000 -0.000000
vn 1.000000 0.000000 0.000000
vn -0.000000 1.000000 0.000000
vn 0.000000 1.000000 0.000000
vn 0.000000 -1.000000 0.000000
vn 0.000000 -1.000000 0.000000
vn 0.000000 0.000000 -1.000000
vn 0.000000 0.000000 -1.000000
vn 0.000000 0.000000 1.000000
vn 0.000000 0.000000 1.000000
vn -1.000000 0.000000 -0.000000
vn -1.000000 -0.000000 0.000000
vn 1.000000 0.000000 -0.000000
vn 1.000000 0.000000 0.000000
vn -0.000000 1.000000 0.000000
vn 0.000000 1.000000 0.000000
vn 0.000000 -1.000000 0.000000
vn 0.000000 -1.000000 0.000000
vn 0.000000 0.000000 -1.000000
vn 0.000000 0.000000 -1.000000
vn 0.000000 0.000000 1.000000
vn 0.000000 0.000000 1.000000
vn -1.000000 0.000000 -0.000000
vn -1.000000 -0.000000 0.000000
vn 1.000000 0.000000 -0.000000
vn 1.000000 0.000000 0.000000
vn -0.000000 1.000000 0.000000
vn 0.000000 1.000000 0.000000
vn 0.000000 -1.000000 0.000000
vn 0.000000 -1.000000 0.000000
vn 0.000000 0.000000 -1.000000
vn 0.000000 0.000000 -1.000000
vn 0.000000 0.000000 1.000000
vn 0.000000 0.000000 1.000000
vn -1.000000 0.000000 -0.000000
vn -1.000000 -0.000000 0.000000
vn 1.000000 0.000000 -0.000000
vn 1.000000 0.000000 0.000000
vn -0.000000 1.000000 0.000000
vn 0.000000 1.000000 0.000000
vn 0.000000 -1.000000 0.000000
vn 0.000000 -1.000000 0.000000
vn 0.000000 0.000000 -1.000000
vn 0.000000 0.000000 -1.000000
vn 0.000000 0.000000 1.000000
vn 0.000000 0.000000 1.000000
vn -1.000000 0.000000 -0.000000
vn -1.000000 -0.000000 0.000000
vn 1.000000 0.000000 -0.000000
vn 1.000000 0.000000 0.000000
vn -0.000000 1.000000 0.000000
vn 0.000000 1.000000 0.000000
vn 0.000000 -1.000000 0.000000
vn 0.000000 -1.000000 0.000000
vn 0.000000 0.000000 -1.000000
vn 0.000000 0.000000 -1.000000
vn 0.000000 0.000000 1.000000
vn 0.000000 0.000000 1.000000
vn -1.000000 0.000000 -0.000000
vn -1.000000 -0.000000 0.000000
vn 1.000000 0.000000 -0.000000
vn 1.000000 0.000000 0.000000
vn -0.000000 1.000000 0.000000
vn 0.000000 1.000000 0.000000
vn 0.000000 -1.000000 0.000000
vn 0.000000 -1.000000 0.000000
vn 0.000000 0.000000 -1.000000
vn 0.000000 0.000000 -1.000000
vn 0.000000 0.000000 1.000000
vn 0.000000 0.000000 1.000000
vn -1.000000 0.000000 -0.000000
vn -1.000000 -0.000000 0.000000
vn 1.000000 0.000000 -0.000000
vn 1.000000 0.000000 0.000000
vn -0.000000 1.000000 0.000000
vn 0.000000 1.000000 0.000000
vn 0.000000 -1.000000 0.000000
vn 0.000000 -1.000000 0.000000
vn 0.000000 0.000000 -1.000000
vn 0.000000 0.000000 -1.000000
vn 0.000000 0.000000 1.000000
vn 0.000000 0.000000 1.000000
vn -1.000000 0.000000 -0.000000
vn -1.000000 -0.000000 0.000000
vn 1.000000 0.000000 -0.000000
vn 1.000000 0.000000 0.000000
vn -0.000000 1.000000 0.000000
vn 0.000000 1.000000 0.000000
vn 0.000000 -1.000000 0.000000
vn 0.000000 -1.000000 0.000000
vn 0.000000 0.000000 -1.000000
vn 0.000000 0.000000 -1.000000
vn 0.000000 0.000000 -1.000000
vn 0.000000 0.000000 -1.000000
vn 0.000000 0.000000 1.000000
vn -0.000000 0.000000 1.000000
vn 0.000000 0.000000 1.000000
vn 0.000000 0.000000 1.000000
vn 0.000000 -1.000000 0.000000
vn 0.000000 -1.000000 0.000000
vn -1.000000 0.000000 0.000000
vn -1.000000 0.000000 0.000000
vn -0.813733 0.581238 0.000000
vn -0.813733 0.581238 0.000000
vn 0.000000 1.000000 0.000000
vn 0.000000 1.000000 -0.000000
vn 0.813733 0.581238 0.000000
vn 0.813733 0.581238 -0.000000
vn 1.000000 0.000000 0.000000
vn 1.000000 0.000000 0.000000
vn 0.000000 0.000000 -1.000000
vn 0.000000 0.000000 -1.000000
vn 0.000000 0.000000 1.000000
vn 0.000000 0.000000 1.000000
vn -1.000000 0.000000 -0.000000
vn -1.000000 -0.000000 0.000000
vn 1.000000 0.000000 -0.000000
vn 1.000000 0.000000 0.000000
vn -0.000000 1.000000 0.000000
vn 0.000000 1.000000 0.000000
vn 0.000000 -1.000000 0.000000
vn 0.000000 -1.000000 0.000000
vn 0.000000 0.000000 -1.000000
vn 0.000000 0.000000 -1.000000
vn 0.000000 0.000000 -1.000000
vn 0.000000 0.000000 -1.000000
vn 0.000000 0.000000 -1.000000
vn 0.000000 -0.000000 -1.000000
vn 0.000000 0.000000 -1.000000
vn 0.000000 0.000000 1.000000
vn 0.000000 0.000000 1.000000
vn -0.000000 0.000000 1.000000
vn 0.000000 0.000000 1.000000
vn 0.000000 0.000000 1.000000
vn 0.000000 -1.000000 0.000000
vn 0.000000 -1.000000 0.000000
vn -0.882353 -0.470588 0.000000
vn -0.882353 -0.470588 0.000000
vn -0.759257 0.650791 0.000000
vn -0.759257 0.650791 0.000000
vn -0.968918 0.247383 0.000000
vn -0.968918 0.247383 0.000000
vn 0.000000 1.000000 0.000000
vn 0.000000 1.000000 -0.000000
vn 0.968918 0.247383 0.000000
vn 0.968918 0.247383 -0.000000
vn 0.759257 0.650791 0.000000
vn 0.759257 0.650791 -0.000000
vn 0.882353 -0.470588 0.000000
vn 0.882353 -0.470588 0.000000
vn 0.148168 0.048143 -0.987790
vn 0.091573 0.126040 -0.987790
vn 0.000000 0.155794 -0.987790
vn -0.091573 0.126040 -0.987790
vn -0.148168 0.048143 -0.987790
vn -0.148168 -0.048143 -0.987790
vn -0.091573 -0.126040 -0.987790
vn -0.000000 -0.155794 -0.987790
vn 0.091573 -0.126040 -0.987790
vn 0.148168 -0.048143 -0.987790
vn 0.148168 0.048143 -0.987790
vn 0.091573 0.126040 -0.987790
vn 0.000000 0.155794 -0.987790
vn -0.091573 0.126040 -0.987790
vn -0.148168 0.048143 -0.987790
vn -0.148168 -0.048143 -0.987790
vn -0.091573 -0.126040 -0.987790
vn -0.000000 -0.155794 -0.987790
vn 0.091573 -0.126040 -0.987790
vn 0.148168 -0.048143 -0.987790
vn 0.148168 0.048143 -0.987790
vn 0.091573 0.126040 -0.987790
vn 0.000000 0.155794 -0.987790
vn -0.091573 0.126040 -0.987790
vn -0.148168 0.048143 -0.987790
vn -0.148168 -0.048143 -0.987790
vn -0.091573 -0.126040 -0.987790
vn -0.000000 -0.155794 -0.987790
vn 0.091573 -0.126040 -0.987790
vn 0.148168 -0.048143 -0.987790
vn 0.148168 0.048143 -0.987790
vn 0.091573 0.126040 -0.987790
vn 0.000000 0.155794 -0.987790
vn -0.091573 0.126040 -0.987790
vn -0.148168 0.048143 -0.987790
vn -0.148168 -0.048143 -0.987790
vn -0.091573 -0.126040 -0.987790
vn -0.000000 -0.155794 -0.987790
vn 0.091573 -0.126040 -0.987790
vn 0.148168 -0.048143 -0.987790
vn 0.308839 0.101702 0.945661
vn 0.307446 0.100719 0.946220
vn 0.808870 0.064747 0.584412
vn 0.807405 0.063088 0.586614
vn 1.000000 -0.000000 0.000000
vn 1.000000 0.000000 0.000000
vn 0.808945 -0.070440 -0.583649
vn 0.807152 -0.067854 -0.586431
vn 0.308958 -0.116016 -0.943973
vn 0.307001 -0.114033 -0.944853
vn -0.308945 -0.113958 -0.944228
vn -0.306927 -0.116096 -0.944625
vn -0.808910 -0.067577 -0.584035
vn -0.806989 -0.070761 -0.586312
vn -1.000000 0.000000 0.000000
vn -1.000000 0.000000 0.000000
vn -0.808839 0.062878 0.584659
vn -0.807307 0.064983 0.586543
vn -0.308828 0.100672 0.945775
vn -0.307413 0.101751 0.946120
vn 0.308887 0.295694 0.903966
vn 0.304965 0.293342 0.906061
vn 0.808800 0.187793 0.557294
vn 0.804766 0.184546 0.564176
vn 1.000000 -0.000000 0.000000
vn 1.000000 0.000000 0.000000
vn 0.808403 -0.202841 -0.552576
vn 0.803586 -0.197586 -0.561435
vn 0.308290 -0.333094 -0.891070
vn 0.302915 -0.328409 -0.894645
vn -0.308404 -0.327802 -0.892991
vn -0.302565 -0.333737 -0.892790
vn -0.808627 -0.195307 -0.554957
vn -0.802802 -0.205466 -0.559726
vn -1.000000 0.000000 0.000000
vn -1.000000 0.000000 -0.000000
vn -0.808887 0.182796 0.558827
vn -0.804313 0.189748 0.563095
vn -0.308911 0.292950 0.904850
vn -0.304820 0.296101 0.905212
vn 0.308060 0.465376 0.829774
vn 0.302186 0.462649 0.833451
vn 0.807737 0.294929 0.510468
vn 0.801759 0.292348 0.521263
vn 1.000000 -0.000000 0.000000
vn 1.000000 0.000000 0.000000
vn 0.806514 -0.314921 -0.500360
vn 0.799509 -0.310322 -0.514282
vn 0.306217 -0.513685 -0.801473
vn 0.298370 -0.508404 -0.807775
vn -0.306532 -0.507024 -0.805583
vn -0.297727 -0.515136 -0.803737
vn -0.807174 -0.304980 -0.505428
vn -0.798022 -0.321000 -0.510020
vn -1.000000 0.000000 0.000000
vn -1.000000 0.000000 -0.000000
vn -0.808058 0.288169 0.513811
vn -0.800894 0.299563 0.518489
vn -0.308159 0.461720 0.831777
vn -0.301913 0.466339 0.831491
vn 0.307128 0.603906 0.735506
vn 0.300007 0.601618 0.740305
vn 0.806606 0.381727 0.451299
vn 0.799377 0.381273 0.464358
vn 1.000000 0.000000 0.000000
vn 1.000000 -0.000000 0.000000
vn 0.804767 -0.402230 -0.436533
vn 0.796399 -0.400393 -0.453248
vn 0.304370 -0.651791 -0.694642
vn 0.295069 -0.647451 -0.702667
vn -0.304820 -0.645374 -0.700412
vn -0.294260 -0.653961 -0.696955
vn -0.805742 -0.392114 -0.443876
vn -0.794467 -0.411525 -0.446620
vn -1.000000 0.000000 0.000000
vn -1.000000 0.000000 -0.000000
vn -0.807118 0.374648 0.456289
vn -0.798224 0.389006 0.459905
vn -0.307289 0.600155 0.738504
vn -0.299646 0.605418 0.737348
vn 0.306640 0.711584 0.632156
vn 0.298979 0.710151 0.637414
vn 0.806046 0.448208 0.386521
vn 0.798259 0.450289 0.400027
vn 1.000000 0.000000 0.000000
vn 1.000000 -0.000000 0.000000
vn 0.804050 -0.466171 -0.369036
vn 0.795106 -0.467651 -0.386147
vn 0.303651 -0.752227 -0.584766
vn 0.293822 -0.749451 -0.593290
vn -0.304123 -0.746920 -0.591286
vn -0.293000 -0.754855 -0.586809
vn -0.805095 -0.457376 -0.377662
vn -0.793105 -0.477559 -0.378051
vn -1.000000 0.000000 0.000000
vn -1.000000 0.000000 -0.000000
vn -0.806623 0.441881 0.392557
vn -0.797028 0.457365 0.394417
vn -0.306822 0.708296 0.635749
vn -0.298593 0.713494 0.633852
vn 0.306759 0.792532 0.527059
vn 0.299199 0.792011 0.532165
vn 0.806226 0.497036 0.320867
vn 0.798526 0.501239 0.333340
vn 1.000000 0.000000 0.000000
vn 1.000000 -0.000000 0.000000
vn 0.804479 -0.510994 -0.302819
vn 0.795680 -0.515233 -0.318477
vn 0.304134 -0.823360 -0.479146
vn 0.294562 -0.822117 -0.487193
vn -0.304539 -0.819422 -0.485596
vn -0.293842 -0.826147 -0.480768
vn -0.805385 -0.504205 -0.311660
vn -0.793914 -0.523079 -0.309981
vn -1.000000 0.000000 0.000000
vn -1.000000 0.000000 -0.000000
vn -0.806743 0.492031 0.327216
vn -0.797405 0.506981 0.327287
vn -0.306925 0.789971 0.530794
vn -0.298844 0.794626 0.528452
vn 0.307348 0.851870 0.424092
vn 0.300431 0.852086 0.428591
vn 0.806958 0.531770 0.256983
vn 0.799902 0.537237 0.267456
vn 1.000000 0.000000 0.000000
vn 1.000000 -0.000000 0.000000
vn 0.805685 -0.541456 -0.240201
vn 0.797651 -0.547361 -0.253275
vn 0.305425 -0.872977 -0.380299
vn 0.296748 -0.872916 -0.387244
vn -0.305718 -0.870326 -0.386095
vn -0.296189 -0.875648 -0.381462
vn -0.806342 -0.536771 -0.248375
vn -0.796284 -0.552955 -0.245302
vn -1.000000 0.000000 -0.000000
vn -1.000000 0.000000 0.000000
vn -0.807340 0.528246 0.262980
vn -0.799008 0.541414 0.261644
vn -0.307472 0.850080 0.427582
vn -0.300143 0.853927 0.425116
vn 0.308121 0.894214 0.324720
vn 0.302284 0.894888 0.328329
vn 0.807894 0.555807 0.195924
vn 0.801933 0.561536 0.203913
vn 1.000000 0.000000 0.000000
vn 1.000000 -0.000000 0.000000
vn 0.807144 -0.561679 -0.181753
vn 0.800370 -0.568023 -0.191720
vn 0.306980 -0.907024 -0.288219
vn 0.299705 -0.907693 -0.293719
vn -0.307155 -0.905436 -0.292989
vn -0.299320 -0.909347 -0.288957
vn -0.807531 -0.558851 -0.188624
vn -0.799439 -0.571568 -0.184953
vn -1.000000 0.000000 -0.000000
vn -1.000000 0.000000 0.000000
vn -0.808119 0.553646 0.201048
vn -0.801307 0.564224 0.198891
vn -0.308194 0.893110 0.327676
vn -0.302080 0.896033 0.325381
vn 0.308765 0.923163 0.228985
vn 0.304347 0.923987 0.231562
vn 0.808677 0.571908 0.137705
vn 0.804153 0.576939 0.143106
vn 1.000000 0.000000 0.000000
vn 1.000000 -0.000000 0.000000
vn 0.808368 -0.574803 -0.127050
vn 0.803230 -0.580443 -0.133820
vn 0.308295 -0.929644 -0.201781
vn 0.302806 -0.930591 -0.205690
vn -0.308370 -0.928848 -0.205305
vn -0.302581 -0.931435 -0.202170
vn -0.808530 -0.573414 -0.132199
vn -0.802689 -0.582342 -0.128716
vn -1.000000 0.000000 -0.000000
vn -1.000000 0.000000 0.000000
vn -0.808765 0.570834 0.141592
vn -0.803781 0.578396 0.139267
vn -0.308793 0.922598 0.231214
vn -0.304222 0.924583 0.229337
vn 0.309017 0.941258 0.136171
vn 0.306260 0.941939 0.137680
vn 0.809015 0.582076 0.081743
vn 0.806179 0.585576 0.084715
vn 1.000000 0.000000 0.000000
vn 1.000000 -0.000000 0.000000
vn 0.808987 -0.583002 -0.075157
vn 0.805760 -0.586959 -0.078925
vn 0.308977 -0.943539 -0.119446
vn 0.305556 -0.944359 -0.121741
vn -0.308987 -0.943261 -0.121600
vn -0.305455 -0.944667 -0.119588
vn -0.809005 -0.582558 -0.078333
vn -0.805520 -0.587706 -0.075764
vn -1.000000 0.000000 -0.000000
vn -1.000000 0.000000 0.000000
vn -0.809017 0.581729 0.084158
vn -0.806009 0.586152 0.082315
vn -0.309016 0.941057 0.137551
vn -0.306203 0.942158 0.136301
vn 0.308701 0.950085 0.045190
vn 0.307762 0.950367 0.045671
vn 0.808719 0.587569 0.027129
vn 0.807744 0.588868 0.028009
vn 1.000000 0.000000 0.000000
vn 1.000000 -0.000000 0.000000
vn 0.808766 -0.587603 -0.024905
vn 0.807652 -0.589084 -0.026043
vn 0.308775 -0.950312 -0.039553
vn 0.307607 -0.950660 -0.040293
vn -0.308766 -0.950285 -0.040277
vn -0.307586 -0.950697 -0.039569
vn -0.808744 -0.587587 -0.025977
vn -0.807601 -0.589200 -0.024973
vn -1.000000 0.000000 -0.000000
vn -1.000000 0.000000 0.000000
vn -0.808701 0.587556 0.027947
vn -0.807706 0.588958 0.027193
vn -0.308695 0.950065 0.045657
vn -0.307749 0.950393 0.045205
vn 0.307749 0.950393 -0.045205
vn 0.308695 0.950065 -0.045657
vn 0.807706 0.588958 -0.027193
vn 0.808701 0.587556 -0.027947
vn 1.000000 0.000000 0.000000
vn 1.000000 -0.000000 0.000000
vn 0.807601 -0.589200 0.024973
vn 0.808744 -0.587587 0.025977
vn 0.307586 -0.950697 0.039569
vn 0.308766 -0.950285 0.040277
vn -0.307607 -0.950660 0.040293
vn -0.308775 -0.950312 0.039553
vn -0.807652 -0.589084 0.026043
vn -0.808766 -0.587603 0.024905
vn -1.000000 0.000000 0.000000
vn -1.000000 0.000000 0.000000
vn -0.807744 0.588868 -0.028009
vn -0.808719 0.587569 -0.027129
vn -0.307762 0.950367 -0.045671
vn -0.308701 0.950085 -0.045190
vn 0.306203 0.942158 -0.136301
vn 0.309016 0.941057 -0.137551
vn 0.806009 0.586152 -0.082315
vn 0.809017 0.581729 -0.084158
vn 1.000000 0.000000 0.000000
vn 1.000000 0.000000 0.000000
vn 0.805520 -0.587706 0.075764
vn 0.809005 -0.582558 0.078333
vn 0.305455 -0.944667 0.119588
vn 0.308987 -0.943261 0.121600
vn -0.305556 -0.944359 0.121741
vn -0.308977 -0.943539 0.119446
vn -0.805760 -0.586959 0.078925
vn -0.808987 -0.583002 0.075157
vn -1.000000 0.000000 0.000000
vn -1.000000 -0.000000 0.000000
vn -0.806179 0.585576 -0.084715
vn -0.809015 0.582076 -0.081743
vn -0.306260 0.941939 -0.137680
vn -0.309017 0.941258 -0.136171
vn 0.304222 0.924583 -0.229337
vn 0.308793 0.922598 -0.231214
vn 0.803781 0.578396 -0.139267
vn 0.808765 0.570834 -0.141592
vn 1.000000 0.000000 0.000000
vn 1.000000 0.000000 0.000000
vn 0.802689 -0.582342 0.128716
vn 0.808530 -0.573414 0.132199
vn 0.302581 -0.931435 0.202170
vn 0.308370 -0.928848 0.205305
vn -0.302806 -0.930591 0.205690
vn -0.308295 -0.929644 0.201781
vn -0.803230 -0.580443 0.133820
vn -0.808368 -0.574803 0.127050
vn -1.000000 0.000000 0.000000
vn -1.000000 -0.000000 0.000000
vn -0.804153 0.576939 -0.143106
vn -0.808677 0.571908 -0.137705
vn -0.304347 0.923987 -0.231562
vn -0.308765 0.923163 -0.228985
vn 0.302080 0.896033 -0.325381
vn 0.308194 0.893110 -0.327676
vn 0.801307 0.564224 -0.198891
vn 0.808119 0.553646 -0.201048
vn 1.000000 0.000000 0.000000
vn 1.000000 0.000000 0.000000
vn 0.799439 -0.571568 0.184953
vn 0.807531 -0.558851 0.188624
vn 0.299320 -0.909347 0.288957
vn 0.307155 -0.905436 0.292989
vn -0.299705 -0.907693 0.293719
vn -0.306980 -0.907024 0.288219
vn -0.800370 -0.568023 0.191720
vn -0.807144 -0.561679 0.181753
vn -1.000000 0.000000 0.000000
vn -1.000000 -0.000000 0.000000
vn -0.801933 0.561536 -0.203913
vn -0.807894 0.555807 -0.195924
vn -0.302284 0.894888 -0.328329
vn -0.308121 0.894214 -0.324720
vn 0.300143 0.853927 -0.425116
vn 0.307472 0.850080 -0.427582
vn 0.799008 0.541414 -0.261644
vn 0.807340 0.528246 -0.262980
vn 1.000000 0.000000 0.000000
vn 1.000000 0.000000 0.000000
vn 0.796284 -0.552955 0.245302
vn 0.806342 -0.536771 0.248375
vn 0.296189 -0.875648 0.381462
vn 0.305718 -0.870326 0.386095
vn -0.296748 -0.872916 0.387244
vn -0.305425 -0.872977 0.380299
vn -0.797651 -0.547361 0.253275
vn -0.805685 -0.541456 0.240201
vn -1.000000 0.000000 0.000000
vn -1.000000 -0.000000 0.000000
vn -0.799902 0.537237 -0.267456
vn -0.806958 0.531770 -0.256983
vn -0.300431 0.852086 -0.428591
vn -0.307348 0.851870 -0.424092
vn 0.298844 0.794626 -0.528452
vn 0.306925 0.789971 -0.530794
vn 0.797405 0.506981 -0.327287
vn 0.806743 0.492031 -0.327216
vn 1.000000 0.000000 0.000000
vn 1.000000 0.000000 0.000000
vn 0.793914 -0.523079 0.309981
vn 0.805385 -0.504205 0.311660
vn 0.293842 -0.826147 0.480768
vn 0.304539 -0.819422 0.485596
vn -0.294562 -0.822117 0.487193
vn -0.304134 -0.823360 0.479146
vn -0.795680 -0.515233 0.318477
vn -0.804479 -0.510994 0.302819
vn -1.000000 0.000000 0.000000
vn -1.000000 -0.000000 0.000000
vn -0.798526 0.501239 -0.333340
vn -0.806226 0.497036 -0.320867
vn -0.299199 0.792011 -0.532165
vn -0.306759 0.792532 -0.527059
vn 0.298593 0.713494 -0.633852
vn 0.306822 0.708296 -0.635749
vn 0.797028 0.457365 -0.394417
vn 0.806623 0.441881 -0.392557
vn 1.000000 0.000000 0.000000
vn 1.000000 0.000000 0.000000
vn 0.793105 -0.477559 0.378051
vn 0.805095 -0.457376 0.377662
vn 0.293000 -0.754855 0.586809
vn 0.304123 -0.746920 0.591286
vn -0.293822 -0.749451 0.593290
vn -0.303651 -0.752227 0.584766
vn -0.795106 -0.467651 0.386147
vn -0.804050 -0.466171 0.369036
vn -1.000000 0.000000 0.000000
vn -1.000000 -0.000000 0.000000
vn -0.798259 0.450289 -0.400027
vn -0.806046 0.448208 -0.386521
vn -0.298979 0.710151 -0.637414
vn -0.306640 0.711584 -0.632156
vn 0.299646 0.605418 -0.737348
vn 0.307289 0.600155 -0.738504
vn 0.798224 0.389006 -0.459905
vn 0.807118 0.374648 -0.456289
vn 1.000000 0.000000 0.000000
vn 1.000000 0.000000 0.000000
vn 0.794467 -0.411525 0.446620
vn 0.805742 -0.392114 0.443876
vn 0.294260 -0.653961 0.696955
vn 0.304820 -0.645374 0.700412
vn -0.295069 -0.647451 0.702667
vn -0.304370 -0.651791 0.694642
vn -0.796399 -0.400393 0.453248
vn -0.804767 -0.402230 0.436533
vn -1.000000 0.000000 0.000000
vn -1.000000 -0.000000 0.000000
vn -0.799377 0.381273 -0.464358
vn -0.806606 0.381727 -0.451299
vn -0.300007 0.601618 -0.740305
vn -0.307128 0.603906 -0.735506
vn 0.301913 0.466339 -0.831491
vn 0.308159 0.461720 -0.831777
vn 0.800894 0.299563 -0.518489
vn 0.808058 0.288169 -0.513811
vn 1.000000 0.000000 0.000000
vn 1.000000 0.000000 0.000000
vn 0.798022 -0.321000 0.510020
vn 0.807174 -0.304980 0.505428
vn 0.297727 -0.515136 0.803737
vn 0.306532 -0.507024 0.805583
vn -0.298370 -0.508404 0.807775
vn -0.306217 -0.513685 0.801473
vn -0.799509 -0.310322 0.514282
vn -0.806514 -0.314921 0.500360
vn -1.000000 -0.000000 0.000000
vn -1.000000 0.000000 0.000000
vn -0.801759 0.292348 -0.521263
vn -0.807737 0.294929 -0.510468
vn -0.302186 0.462649 -0.833451
vn -0.308060 0.465376 -0.829774
vn 0.304820 0.296101 -0.905212
vn 0.308911 0.292950 -0.904850
vn 0.804313 0.189748 -0.563095
vn 0.808887 0.182796 -0.558827
vn 1.000000 0.000000 0.000000
vn 1.000000 0.000000 0.000000
vn 0.802802 -0.205466 0.559726
vn 0.808627 -0.195307 0.554957
vn 0.302565 -0.333737 0.892790
vn 0.308404 -0.327802 0.892991
vn -0.302915 -0.328409 0.894645
vn -0.308290 -0.333094 0.891070
vn -0.803586 -0.197586 0.561435
vn -0.808403 -0.202841 0.552576
vn -1.000000 -0.000000 0.000000
vn -1.000000 0.000000 0.000000
vn -0.804766 0.184546 -0.564176
vn -0.808800 0.187793 -0.557294
vn -0.304965 0.293342 -0.906061
vn -0.308887 0.295694 -0.903966
vn 0.307413 0.101751 -0.946120
vn 0.308828 0.100672 -0.945775
vn 0.807307 0.064983 -0.586543
vn 0.808839 0.062878 -0.584659
vn 1.000000 0.000000 0.000000
vn 1.000000 0.000000 0.000000
vn 0.806989 -0.070761 0.586312
vn 0.808910 -0.067577 0.584035
vn 0.306927 -0.116096 0.944625
vn 0.308945 -0.113958 0.944228
vn -0.307001 -0.114033 0.944853
vn -0.308958 -0.116016 0.943973
vn -0.807152 -0.067854 0.586431
vn -0.808945 -0.070440 0.583649
vn -1.000000 -0.000000 0.000000
vn -1.000000 0.000000 0.000000
vn -0.807405 0.063088 -0.586614
vn -0.808870 0.064747 -0.584412
vn -0.307446 0.100719 -0.946220
vn -0.308839 0.101702 -0.945661
vn 0.308839 -0.101702 -0.945661
vn 0.307446 -0.100719 -0.946220
vn 0.808870 -0.064747 -0.584412
vn 0.807405 -0.063088 -0.586614
vn 1.000000 0.000000 0.000000
vn 1.000000 0.000000 0.000000
vn 0.808945 0.070440 0.583649
vn 0.807152 0.067854 0.586431
vn 0.308958 0.116016 0.943973
vn 0.307001 0.114033 0.944853
vn -0.308945 0.113958 0.944228
vn -0.306927 0.116096 0.944625
vn -0.808910 0.067577 0.584035
vn -0.806989 0.070761 0.586312
vn -1.000000 0.000000 0.000000
vn -1.000000 0.000000 0.000000
vn -0.808839 -0.062878 -0.584659
vn -0.807307 -0.064983 -0.586543
vn -0.308828 -0.100672 -0.945775
vn -0.307413 -0.101751 -0.946120
vn 0.308887 -0.295694 -0.903966
vn 0.304965 -0.293342 -0.906061
vn 0.808800 -0.187793 -0.557294
vn 0.804766 -0.184546 -0.564176
vn 1.000000 0.000000 0.000000
vn 1.000000 0.000000 0.000000
vn 0.808403 0.202841 0.552576
vn 0.803586 0.197586 0.561435
vn 0.308290 0.333094 0.891070
vn 0.302915 0.328409 0.894645
vn -0.308404 0.327802 0.892991
vn -0.302565 0.333737 0.892790
vn -0.808627 0.195307 0.554957
vn -0.802802 0.205466 0.559726
vn -1.000000 0.000000 0.000000
vn -1.000000 0.000000 0.000000
vn -0.808887 -0.182796 -0.558827
vn -0.804313 -0.189748 -0.563095
vn -0.308911 -0.292950 -0.904850
vn -0.304820 -0.296101 -0.905212
vn 0.308060 -0.465376 -0.829774
vn 0.302186 -0.462649 -0.833451
vn 0.807737 -0.294929 -0.510468
vn 0.801759 -0.292348 -0.521263
vn 1.000000 0.000000 0.000000
vn 1.000000 0.000000 0.000000
vn 0.806514 0.314921 0.500360
vn 0.799509 0.310322 0.514282
vn 0.306217 0.513685 0.801473
vn 0.298370 0.508404 0.807775
vn -0.306532 0.507024 0.805583
vn -0.297727 0.515136 0.803737
vn -0.807174 0.304980 0.505428
vn -0.798022 0.321000 0.510020
vn -1.000000 0.000000 0.000000
vn -1.000000 0.000000 0.000000
vn -0.808058 -0.288169 -0.513811
vn -0.800894 -0.299563 -0.518489
vn -0.308159 -0.461720 -0.831777
vn -0.301913 -0.466339 -0.831491
vn 0.307128 -0.603906 -0.735506
vn 0.300007 -0.601618 -0.740305
vn 0.806606 -0.381727 -0.451299
vn 0.799377 -0.381273 -0.464358
vn 1.000000 0.000000 0.000000
vn 1.000000 0.000000 0.000000
vn 0.804767 0.402230 0.436533
vn 0.796399 0.400393 0.453248
vn 0.304370 0.651791 0.694642
vn 0.295069 0.647451 0.702667
vn -0.304820 0.645374 0.700412
vn -0.294260 0.653961 0.696955
vn -0.805742 0.392114 0.443876
vn -0.794467 0.411525 0.446620
vn -1.000000 0.000000 0.000000
vn -1.000000 0.000000 0.000000
vn -0.807118 -0.374648 -0.456289
vn -0.798224 -0.389006 -0.459905
vn -0.307289 -0.600155 -0.738504
vn -0.299646 -0.605418 -0.737348
vn 0.306640 -0.711584 -0.632156
vn 0.298979 -0.710151 -0.637414
vn 0.806046 -0.448208 -0.386521
vn 0.798259 -0.450289 -0.400027
vn 1.000000 0.000000 0.000000
vn 1.000000 0.000000 0.000000
vn 0.804050 0.466171 0.369036
vn 0.795106 0.467651 0.386147
vn 0.303651 0.752227 0.584766
vn 0.293822 0.749451 0.593290
vn -0.304123 0.746920 0.591286
vn -0.293000 0.754855 0.586809
vn -0.805095 0.457376 0.377662
vn -0.793105 0.477559 0.378051
vn -1.000000 0.000000 0.000000
vn -1.000000 0.000000 0.000000
vn -0.806623 -0.441881 -0.392557
vn -0.797028 -0.457365 -0.394417
vn -0.306822 -0.708296 -0.635749
vn -0.298593 -0.713494 -0.633852
vn 0.306759 -0.792532 -0.527059
vn 0.299199 -0.792011 -0.532165
vn 0.806226 -0.497036 -0.320867
vn 0.798526 -0.501239 -0.333340
vn 1.000000 0.000000 0.000000
vn 1.000000 0.000000 0.000000
vn 0.804479 0.510994 0.302819
vn 0.795680 0.515233 0.318477
vn 0.304134 0.823360 0.479146
vn 0.294562 0.822117 0.487193
vn -0.304539 0.819422 0.485596
vn -0.293842 0.826147 0.480768
vn -0.805385 0.504205 0.311660
vn -0.793914 0.523079 0.309981
vn -1.000000 0.000000 0.000000
vn -1.000000 0.000000 0.000000
vn -0.806743 -0.492031 -0.327216
vn -0.797405 -0.506981 -0.327287
vn -0.306925 -0.789971 -0.530794
vn -0.298844 -0.794626 -0.528452
vn 0.307348 -0.851870 -0.424092
vn 0.300431 -0.852086 -0.428591
vn 0.806958 -0.531770 -0.256983
vn 0.799902 -0.537237 -0.267456
vn 1.000000 0.000000 0.000000
vn 1.000000 0.000000 0.000000
vn 0.805685 0.541456 0.240201
vn 0.797651 0.547361 0.253275
vn 0.305425 0.872977 0.380299
vn 0.296748 0.872916 0.387244
vn -0.305718 0.870326 0.386095
vn -0.296189 0.875648 0.381462
vn -0.806342 0.536771 0.248375
vn -0.796284 0.552955 0.245302
vn -1.000000 0.000000 0.000000
vn -1.000000 0.000000 0.000000
vn -0.807340 -0.528246 -0.262980
vn -0.799008 -0.541414 -0.261644
vn -0.307472 -0.850080 -0.427582
vn -0.300143 -0.853927 -0.425116
vn 0.308121 -0.894214 -0.324720
vn 0.302284 -0.894888 -0.328329
vn 0.807894 -0.555807 -0.195924
vn 0.801933 -0.561536 -0.203913
vn 1.000000 0.000000 0.000000
vn 1.000000 0.000000 0.000000
vn 0.807144 0.561679 0.181753
vn 0.800370 0.568023 0.191720
vn 0.306980 0.907024 0.288219
vn 0.299705 0.907693 0.293719
vn -0.307155 0.905436 0.292989
vn -0.299320 0.909347 0.288957
vn -0.807531 0.558851 0.188624
vn -0.799439 0.571568 0.184953
vn -1.000000 0.000000 0.000000
vn -1.000000 0.000000 0.000000
vn -0.808119 -0.553646 -0.201048
vn -0.801307 -0.564224 -0.198891
vn -0.308194 -0.893110 -0.327676
vn -0.302080 -0.896033 -0.325381
vn 0.308765 -0.923163 -0.228985
vn 0.304347 -0.923987 -0.231562
vn 0.808677 -0.571908 -0.137705
vn 0.804153 -0.576939 -0.143106
vn 1.000000 0.000000 0.000000
vn 1.000000 0.000000 0.000000
vn 0.808368 0.574803 0.127050
vn 0.803230 0.580443 0.133820
vn 0.308295 0.929644 0.201781
vn 0.302806 0.930591 0.205690
vn -0.308370 0.928848 0.205305
vn -0.302581 0.931435 0.202170
vn -0.808530 0.573414 0.132199
vn -0.802689 0.582342 0.128716
vn -1.000000 0.000000 0.000000
vn -1.000000 0.000000 0.000000
vn -0.808765 -0.570834 -0.141592
vn -0.803781 -0.578396 -0.139267
vn -0.308793 -0.922598 -0.231214
vn -0.304222 -0.924583 -0.229337
vn 0.309017 -0.941258 -0.136171
vn 0.306260 -0.941939 -0.137680
vn 0.809015 -0.582076 -0.081743
vn 0.806179 -0.585576 -0.084715
vn 1.000000 0.000000 0.000000
vn 1.000000 0.000000 0.000000
vn 0.808987 0.583002 0.075157
vn 0.805760 0.586959 0.078925
vn 0.308977 0.943539 0.119446
vn 0.305556 0.944359 0.121741
vn -0.308987 0.943261 0.121600
vn -0.305455 0.944667 0.119588
vn -0.809005 0.582558 0.078333
vn -0.805520 0.587706 0.075764
vn -1.000000 0.000000 0.000000
vn -1.000000 0.000000 0.000000
vn -0.809017 -0.581729 -0.084158
vn -0.806009 -0.586152 -0.082315
vn -0.309016 -0.941057 -0.137551
vn -0.306203 -0.942158 -0.136301
vn 0.308701 -0.950085 -0.045190
vn 0.307762 -0.950367 -0.045671
vn 0.808719 -0.587569 -0.027129
vn 0.807744 -0.588868 -0.028009
vn 1.000000 0.000000 0.000000
vn 1.000000 0.000000 0.000000
vn 0.808766 0.587603 0.024905
vn 0.807652 0.589084 0.026043
vn 0.308775 0.950312 0.039553
vn 0.307607 0.950660 0.040293
vn -0.308766 0.950285 0.040277
vn -0.307586 0.950697 0.039569
vn -0.808744 0.587587 0.025977
vn -0.807601 0.589200 0.024973
vn -1.000000 0.000000 0.000000
vn -1.000000 0.000000 0.000000
vn -0.808701 -0.587556 -0.027947
vn -0.807706 -0.588958 -0.027193
vn -0.308695 -0.950065 -0.045657
vn -0.307749 -0.950393 -0.045205
vn 0.307749 -0.950393 0.045205
vn 0.308695 -0.950065 0.045657
vn 0.807706 -0.588958 0.027193
vn 0.808701 -0.587556 0.027947
vn 1.000000 0.000000 -0.000000
vn 1.000000 0.000000 0.000000
vn 0.807601 0.589200 -0.024973
vn 0.808744 0.587587 -0.025977
vn 0.307586 0.950697 -0.039569
vn 0.308766 0.950285 -0.040277
vn -0.307607 0.950660 -0.040293
vn -0.308775 0.950312 -0.039553
vn -0.807652 0.589084 -0.026043
vn -0.808766 0.587603 -0.024905
vn -1.000000 0.000000 0.000000
vn -1.000000 0.000000 0.000000
vn -0.807744 -0.588868 0.028009
vn -0.808719 -0.587569 0.027129
vn -0.307762 -0.950367 0.045671
vn -0.308701 -0.950085 0.045190
vn 0.306203 -0.942158 0.136301
vn 0.309016 -0.941057 0.137551
vn 0.806009 -0.586152 0.082315
vn 0.809017 -0.581729 0.084158
vn 1.000000 0.000000 -0.000000
vn 1.000000 0.000000 0.000000
vn 0.805520 0.587706 -0.075764
vn 0.809005 0.582558 -0.078333
vn 0.305455 0.944667 -0.119588
vn 0.308987 0.943261 -0.121600
vn -0.305556 0.944359 -0.121741
vn -0.308977 0.943539 -0.119446
vn -0.805760 0.586959 -0.078925
vn -0.808987 0.583002 -0.075157
vn -1.000000 0.000000 0.000000
vn -1.000000 0.000000 0.000000
vn -0.806179 -0.585576 0.084715
vn -0.809015 -0.582076 0.081743
vn -0.306260 -0.941939 0.137680
vn -0.309017 -0.941258 0.136171
vn 0.304222 -0.924583 0.229337
vn 0.308793 -0.922598 0.231214
vn 0.803781 -0.578396 0.139267
vn 0.808765 -0.570834 0.141592
vn 1.000000 0.000000 -0.000000
vn 1.000000 0.000000 0.000000
vn 0.802689 0.582342 -0.128716
vn 0.808530 0.573414 -0.132199
vn 0.302581 0.931435 -0.202170
vn 0.308370 0.928848 -0.205305
vn -0.302806 0.930591 -0.205690
vn -0.308295 0.929644 -0.201781
vn -0.803230 0.580443 -0.133820
vn -0.808368 0.574803 -0.127050
vn -1.000000 0.000000 0.000000
vn -1.000000 0.000000 0.000000
vn -0.804153 -0.576939 0.143106
vn -0.808677 -0.571908 0.137705
vn -0.304347 -0.923987 0.231562
vn -0.308765 -0.923163 0.228985
vn 0.302080 -0.896033 0.325381
vn 0.308194 -0.893110 0.327676
vn 0.801307 -0.564224 0.198891
vn 0.808119 -0.553646 0.201048
vn 1.000000 0.000000 -0.000000
vn 1.000000 0.000000 0.000000
vn 0.799439 0.571568 -0.184953
vn 0.807531 0.558851 -0.188624
vn 0.299320 0.909347 -0.288957
vn 0.307155 0.905436 -0.292989
vn -0.299705 0.907693 -0.293719
vn -0.306980 0.907024 -0.288219
vn -0.800370 0.568023 -0.191720
vn -0.807144 0.561679 -0.181753
vn -1.000000 0.000000 0.000000
vn -1.000000 0.000000 0.000000
vn -0.801933 -0.561536 0.203913
vn -0.807894 -0.555807 0.195924
vn -0.302284 -0.894888 0.328329
vn -0.308121 -0.894214 0.324720
vn 0.300143 -0.853927 0.425116
vn 0.307472 -0.850080 0.427582
vn 0.799008 -0.541414 0.261644
vn 0.807340 -0.528246 0.262980
vn 1.000000 0.000000 -0.000000
vn 1.000000 0.000000 0.000000
vn 0.796284 0.552955 -0.245302
vn 0.806342 0.536771 -0.248375
vn 0.296189 0.875648 -0.381462
vn 0.305718 0.870326 -0.386095
vn -0.296748 0.872916 -0.387244
vn -0.305425 0.872977 -0.380299
vn -0.797651 0.547361 -0.253275
vn -0.805685 0.541456 -0.240201
vn -1.000000 0.000000 0.000000
vn -1.000000 0.000000 0.000000
vn -0.799902 -0.537237 0.267456
vn -0.806958 -0.531770 0.256983
vn -0.300431 -0.852086 0.428591
vn -0.307348 -0.851870 0.424092
vn 0.298844 -0.794626 0.528452
vn 0.306925 -0.789971 0.530794
vn 0.797405 -0.506981 0.327287
vn 0.806743 -0.492031 0.327216
vn 1.000000 0.000000 0.000000
vn 1.000000 0.000000 -0.000000
vn 0.793914 0.523079 -0.309981
vn 0.805385 0.504205 -0.311660
vn 0.293842 0.826147 -0.480768
vn 0.304539 0.819422 -0.485596
vn -0.294562 0.822117 -0.487193
vn -0.304134 0.823360 -0.479146
vn -0.795680 0.515233 -0.318477
vn -0.804479 0.510994 -0.302819
vn -1.000000 0.000000 0.000000
vn -1.000000 0.000000 0.000000
vn -0.798526 -0.501239 0.333340
vn -0.806226 -0.497036 0.320867
vn -0.299199 -0.792011 0.532165
vn -0.306759 -0.792532 0.527059
vn 0.298593 -0.713494 0.633852
vn 0.306822 -0.708296 0.635749
vn 0.797028 -0.457365 0.394417
vn 0.806623 -0.441881 0.392557
vn 1.000000 0.000000 0.000000
vn 1.000000 0.000000 -0.000000
vn 0.793105 0.477559 -0.378051
vn 0.805095 0.457376 -0.377662
vn 0.293000 0.754855 -0.586809
vn 0.304123 0.746920 -0.591286
vn -0.293822 0.749451 -0.593290
vn -0.303651 0.752227 -0.584766
vn -0.795106 0.467651 -0.386147
vn -0.804050 0.466171 -0.369036
vn -1.000000 0.000000 0.000000
vn -1.000000 0.000000 0.000000
vn -0.798259 -0.450289 0.400027
vn -0.806046 -0.448208 0.386521
vn -0.298979 -0.710151 0.637414
vn -0.306640 -0.711584 0.632156
vn 0.299646 -0.605418 0.737348
vn 0.307289 -0.600155 0.738504
vn 0.798224 -0.389006 0.459905
vn 0.807118 -0.374648 0.456289
vn 1.000000 0.000000 0.000000
vn 1.000000 0.000000 -0.000000
vn 0.794467 0.411525 -0.446620
vn 0.805742 0.392114 -0.443876
vn 0.294260 0.653961 -0.696955
vn 0.304820 0.645374 -0.700412
vn -0.295069 0.647451 -0.702667
vn -0.304370 0.651791 -0.694642
vn -0.796399 0.400393 -0.453248
vn -0.804767 0.402230 -0.436533
vn -1.000000 0.000000 0.000000
vn -1.000000 0.000000 0.000000
vn -0.799377 -0.381273 0.464358
vn -0.806606 -0.381727 0.451299
vn -0.300007 -0.601618 0.740305
vn -0.307128 -0.603906 0.735506
vn 0.301913 -0.466339 0.831491
vn 0.308159 -0.461720 0.831777
vn 0.800894 -0.299563 0.518489
vn 0.808058 -0.288169 0.513811
vn 1.000000 0.000000 0.000000
vn 1.000000 0.000000 -0.000000
vn 0.798022 0.321000 -0.510020
vn 0.807174 0.304980 -0.505428
vn 0.297727 0.515136 -0.803737
vn 0.306532 0.507024 -0.805583
vn -0.298370 0.508404 -0.807775
vn -0.306217 0.513685 -0.801473
vn -0.799509 0.310322 -0.514282
vn -0.806514 0.314921 -0.500360
vn -1.000000 0.000000 0.000000
vn -1.000000 0.000000 0.000000
vn -0.801759 -0.292348 0.521263
vn -0.807737 -0.294929 0.510468
vn -0.302186 -0.462649 0.833451
vn -0.308060 -0.465376 0.829774
vn 0.304820 -0.296101 0.905212
vn 0.308911 -0.292950 0.904850
vn 0.804313 -0.189748 0.563095
vn 0.808887 -0.182796 0.558827
vn 1.000000 0.000000 0.000000
vn 1.000000 0.000000 -0.000000
vn 0.802802 0.205466 -0.559726
vn 0.808627 0.195307 -0.554957
vn 0.302565 0.333737 -0.892790
vn 0.308404 0.327802 -0.892991
vn -0.302915 0.328409 -0.894645
vn -0.308290 0.333094 -0.891070
vn -0.803586 0.197586 -0.561435
vn -0.808403 0.202841 -0.552576
vn -1.000000 0.000000 0.000000
vn -1.000000 0.000000 0.000000
vn -0.804766 -0.184546 0.564176
vn -0.808800 -0.187793 0.557294
vn -0.304965 -0.293342 0.906061
vn -0.308887 -0.295694 0.903966
vn 0.307413 -0.101751 0.946120
vn 0.308828 -0.100672 0.945775
vn 0.807307 -0.064983 0.586543
vn 0.808839 -0.062878 0.584659
vn 1.000000 0.000000 0.000000
vn 1.000000 0.000000 -0.000000
vn 0.806989 0.070761 -0.586312
vn 0.808910 0.067577 -0.584035
vn 0.306927 0.116096 -0.944625
vn 0.308945 0.113958 -0.944228
vn -0.307001 0.114033 -0.944853
vn -0.308958 0.116016 -0.943973
vn -0.807152 0.067854 -0.586431
vn -0.808945 0.070440 -0.583649
vn -1.000000 0.000000 0.000000
vn -1.000000 0.000000 0.000000
vn -0.807405 -0.063088 0.586614
vn -0.808870 -0.064747 0.584412
vn -0.307446 -0.100719 0.946220
vn -0.308839 -0.101702 0.945661
vn 0.000000 0.000000 -1.000000
vn 0.000000 0.000000 -1.000000
vn 0.000000 0.000000 1.000000
vn 0.000000 0.000000 1.000000
vn -1.000000 0.000000 -0.000000
vn -1.000000 -0.000000 0.000000
vn 1.000000 0.000000 -0.000000
vn 1.000000 0.000000 0.000000
vn -0.000000 1.000000 0.000000
vn 0.000000 1.000000 0.000000
vn 0.000000 -1.000000 0.000000
vn 0.000000 -1.000000 0.000000
vn 0.000000 0.000000 -1.000000
vn 0.000000 0.000000 -1.000000
vn 0.000000 0.000000 1.000000
vn 0.000000 0.000000 1.000000
vn -1.000000 0.000000 -0.000000
vn -1.000000 -0.000000 0.000000
vn 1.000000 0.000000 -0.000000
vn 1.000000 0.000000 0.000000
vn -0.000000 1.000000 0.000000
vn 0.000000 1.000000 0.000000
vn 0.000000 -1.000000 0.000000
vn 0.000000 -1.000000 0.000000
vn 0.308839 0.101702 0.945661
vn 0.307446 0.100719 0.946220
vn 0.808870 0.064747 0.584412
vn 0.807405 0.063088 0.586614
vn 1.000000 -0.000000 0.000000
vn 1.000000 0.000000 0.000000
vn 0.808945 -0.070440 -0.583649
vn 0.807152 -0.067854 -0.586431
vn 0.308958 -0.116016 -0.943973
vn 0.307001 -0.114033 -0.944853
vn -0.308945 -0.113958 -0.944228
vn -0.306927 -0.116096 -0.944625
vn -0.808910 -0.067577 -0.584035
vn -0.806989 -0.070761 -0.586312
vn -1.000000 0.000000 0.000000
vn -1.000000 0.000000 0.000000
vn -0.808839 0.062878 0.584659
vn -0.807307 0.064983 0.586543
vn -0.308828 0.100672 0.945775
vn -0.307413 0.101751 0.946120
vn 0.308887 0.295694 0.903966
vn 0.304965 0.293342 0.906061
vn 0.808800 0.187793 0.557294
vn 0.804766 0.184546 0.564176
vn 1.000000 -0.000000 0.000000
vn 1.000000 0.000000 0.000000
vn 0.808403 -0.202841 -0.552576
vn 0.803586 -0.197586 -0.561435
vn 0.308290 -0.333094 -0.891070
vn 0.302915 -0.328409 -0.894645
vn -0.308404 -0.327802 -0.892991
vn -0.302565 -0.333737 -0.892790
vn -0.808627 -0.195307 -0.554957
vn -0.802802 -0.205466 -0.559726
vn -1.000000 0.000000 0.000000
vn -1.000000 0.000000 -0.000000
vn -0.808887 0.182796 0.558827
vn -0.804313 0.189748 0.563095
vn -0.308911 0.292950 0.904850
vn -0.304820 0.296101 0.905212
vn 0.308060 0.465376 0.829774
vn 0.302186 0.462649 0.833451
vn 0.807737 0.294929 0.510468
vn 0.801759 0.292348 0.521263
vn 1.000000 -0.000000 0.000000
vn 1.000000 0.000000 0.000000
vn 0.806514 -0.314921 -0.500360
vn 0.799509 -0.310322 -0.514282
vn 0.306217 -0.513685 -0.801473
vn 0.298370 -0.508404 -0.807775
vn -0.306532 -0.507024 -0.805583
vn -0.297727 -0.515136 -0.803737
vn -0.807174 -0.304980 -0.505428
vn -0.798022 -0.321000 -0.510020
vn -1.000000 0.000000 0.000000
vn -1.000000 0.000000 -0.000000
vn -0.808058 0.288169 0.513811
vn -0.800894 0.299563 0.518489
vn -0.308159 0.461720 0.831777
vn -0.301913 0.466339 0.831491
vn 0.307128 0.603906 0.735506
vn 0.300007 0.601618 0.740305
vn 0.806606 0.381727 0.451299
vn 0.799377 0.381273 0.464358
vn 1.000000 0.000000 0.000000
vn 1.000000 -0.000000 0.000000
vn 0.804767 -0.402230 -0.436533
vn 0.796399 -0.400393 -0.453248
vn 0.304370 -0.651791 -0.694642
vn 0.295069 -0.647451 -0.702667
vn -0.304820 -0.645374 -0.700412
vn -0.294260 -0.653961 -0.696955
vn -0.805742 -0.392114 -0.443876
vn -0.794467 -0.411525 -0.446620
vn -1.000000 0.000000 0.000000
vn -1.000000 0.000000 -0.000000
vn -0.807118 0.374648 0.456289
vn -0.798224 0.389006 0.459905
vn -0.307289 0.600155 0.738504
vn -0.299646 0.605418 0.737348
vn 0.306640 0.711584 0.632156
vn 0.298979 0.710151 0.637414
vn 0.806046 0.448208 0.386521
vn 0.798259 0.450289 0.400027
vn 1.000000 0.000000 0.000000
vn 1.000000 -0.000000 0.000000
vn 0.804050 -0.466171 -0.369036
vn 0.795106 -0.467651 -0.386147
vn 0.303651 -0.752227 -0.584766
vn 0.293822 -0.749451 -0.593290
vn -0.304123 -0.746920 -0.591286
vn -0.293000 -0.754855 -0.586809
vn -0.805095 -0.457376 -0.377662
vn -0.793105 -0.477559 -0.378051
vn -1.000000 0.000000 0.000000
vn -1.000000 0.000000 -0.000000
vn -0.806623 0.441881 0.392557
vn -0.797028 0.457365 0.394417
vn -0.306822 0.708296 0.635749
vn -0.298593 0.713494 0.633852
vn 0.306759 0.792532 0.527059
vn 0.299199 0.792011 0.532165
vn 0.806226 0.497036 0.320867
vn 0.798526 0.501239 0.333340
vn 1.000000 0.000000 0.000000
vn 1.000000 -0.000000 0.000000
vn 0.804479 -0.510994 -0.302819
vn 0.795680 -0.515233 -0.318477
vn 0.304134 -0.823360 -0.479146
vn 0.294562 -0.822117 -0.487193
vn -0.304539 -0.819422 -0.485596
vn -0.293842 -0.826147 -0.480768
vn -0.805385 -0.504205 -0.311660
vn -0.793914 -0.523079 -0.309981
vn -1.000000 0.000000 0.000000
vn -1.000000 0.000000 -0.000000
vn -0.806743 0.492031 0.327216
vn -0.797405 0.506981 0.327287
vn -0.306925 0.789971 0.530794
vn -0.298844 0.794626 0.528452
vn 0.307348 0.851870 0.424092
vn 0.300431 0.852086 0.428591
vn 0.806958 0.531770 0.256983
vn 0.799902 0.537237 0.267456
vn 1.000000 0.000000 0.000000
vn 1.000000 -0.000000 0.000000
vn 0.805685 -0.541456 -0.240201
vn 0.797651 -0.547361 -0.253275
vn 0.305425 -0.872977 -0.380299
vn 0.296748 -0.872916 -0.387244
vn -0.305718 -0.870326 -0.386095
vn -0.296189 -0.875648 -0.381462
vn -0.806342 -0.536771 -0.248375
vn -0.796284 -0.552955 -0.245302
vn -1.000000 0.000000 -0.000000
vn -1.000000 0.000000 0.000000
vn -0.807340 0.528246 0.262980
vn -0.799008 0.541414 0.261644
vn -0.307472 0.850080 0.427582
vn -0.300143 0.853927 0.425116
vn 0.308121 0.894214 0.324720
vn 0.302284 0.894888 0.328329
vn 0.807894 0.555807 0.195924
vn 0.801933 0.561536 0.203913
vn 1.000000 0.000000 0.000000
vn 1.000000 -0.000000 0.000000
vn 0.807144 -0.561679 -0.181753
vn 0.800370 -0.568023 -0.191720
vn 0.306980 -0.907024 -0.288219
vn 0.299705 -0.907693 -0.293719
vn -0.307155 -0.905436 -0.292989
vn -0.299320 -0.909347 -0.288957
vn -0.807531 -0.558851 -0.188624
vn -0.799439 -0.571568 -0.184953
vn -1.000000 0.000000 -0.000000
vn -1.000000 0.000000 0.000000
vn -0.808119 0.553646 0.201048
vn -0.801307 0.564224 0.198891
vn -0.308194 0.893110 0.327676
vn -0.302080 0.896033 0.325381
vn 0.308765 0.923163 0.228985
vn 0.304347 0.923987 0.231562
vn 0.808677 0.571908 0.137705
vn 0.804153 0.576939 0.143106
vn 1.000000 0.000000 0.000000
vn 1.000000 -0.000000 0.000000
vn 0.808368 -0.574803 -0.127050
vn 0.803230 -0.580443 -0.133820
vn 0.308295 -0.929644 -0.201781
vn 0.302806 -0.930591 -0.205690
vn -0.308370 -0.928848 -0.205305
vn -0.302581 -0.931435 -0.202170
vn -0.808530 -0.573414 -0.132199
vn -0.802689 -0.582342 -0.128716
vn -1.000000 0.000000 -0.000000
vn -1.000000 0.000000 0.000000
vn -0.808765 0.570834 0.141592
vn -0.803781 0.578396 0.139267
vn -0.308793 0.922598 0.231214
vn -0.304222 0.924583 0.229337
vn 0.309017 0.941258 0.136171
vn 0.306260 0.941939 0.137680
vn 0.809015 0.582076 0.081743
vn 0.806179 0.585576 0.084715
vn 1.000000 0.000000 0.000000
vn 1.000000 -0.000000 0.000000
vn 0.808987 -0.583002 -0.075157
vn 0.805760 -0.586959 -0.078925
vn 0.308977 -0.943539 -0.119446
vn 0.305556 -0.944359 -0.121741
vn -0.308987 -0.943261 -0.121600
vn -0.305455 -0.944667 -0.119588
vn -0.809005 -0.582558 -0.078333
vn -0.805520 -0.587706 -0.075764
vn -1.000000 0.000000 -0.000000
vn -1.000000 0.000000 0.000000
vn -0.809017 0.581729 0.084158
vn -0.806009 0.586152 0.082315
vn -0.309016 0.941057 0.137551
vn -0.306203 0.942158 0.136301
vn 0.308701 0.950085 0.045190
vn 0.307762 0.950367 0.045671
vn 0.808719 0.587569 0.027129
vn 0.807744 0.588868 0.028009
vn 1.000000 0.000000 0.000000
vn 1.000000 -0.000000 0.000000
vn 0.808766 -0.587603 -0.024905
vn 0.807652 -0.589084 -0.026043
vn 0.308775 -0.950312 -0.039553
vn 0.307607 -0.950660 -0.040293
vn -0.308766 -0.950285 -0.040277
vn -0.307586 -0.950697 -0.039569
vn -0.808744 -0.587587 -0.025977
vn -0.807601 -0.589200 -0.024973
vn -1.000000 0.000000 -0.000000
vn -1.000000 0.000000 0.000000
vn -0.808701 0.587556 0.027947
vn -0.807706 0.588958 0.027193
vn -0.308695 0.950065 0.045657
vn -0.307749 0.950393 0.045205
vn 0.307749 0.950393 -0.045205
vn 0.308695 0.950065 -0.045657
vn 0.807706 0.588958 -0.027193
vn 0.808701 0.587556 -0.027947
vn 1.000000 0.000000 0.000000
vn 1.000000 -0.000000 0.000000
vn 0.807601 -0.589200 0.024973
vn 0.808744 -0.587587 0.025977
vn 0.307586 -0.950697 0.039569
vn 0.308766 -0.950285 0.040277
vn -0.307607 -0.950660 0.040293
vn -0.308775 -0.950312 0.039553
vn -0.807652 -0.589084 0.026043
vn -0.808766 -0.587603 0.024905
vn -1.000000 0.000000 0.000000
vn -1.000000 0.000000 0.000000
vn -0.807744 0.588868 -0.028009
vn -0.808719 0.587569 -0.027129
vn -0.307762 0.950367 -0.045671
vn -0.308701 0.950085 -0.045190
vn 0.306203 0.942158 -0.136301
vn 0.309016 0.941057 -0.137551
vn 0.806009 0.586152 -0.082315
vn 0.809017 0.581729 -0.084158
vn 1.000000 0.000000 0.000000
vn 1.000000 0.000000 0.000000
vn 0.805520 -0.587706 0.075764
vn 0.809005 -0.582558 0.078333
vn 0.305455 -0.944667 0.119588
vn 0.308987 -0.943261 0.121600
vn -0.305556 -0.944359 0.121741
vn -0.308977 -0.943539 0.119446
vn -0.805760 -0.586959 0.078925
vn -0.808987 -0.583002 0.075157
vn -1.000000 0.000000 0.000000
vn -1.000000 -0.000000 0.000000
vn -0.806179 0.585576 -0.084715
vn -0.809015 0.582076 -0.081743
vn -0.306260 0.941939 -0.137680
vn -0.309017 0.941258 -0.136171
vn 0.304222 0.924583 -0.229337
vn 0.308793 0.922598 -0.231214
vn 0.803781 0.578396 -0.139267
vn 0.808765 0.570834 -0.141592
vn 1.000000 0.000000 0.000000
vn 1.000000 0.000000 0.000000
vn 0.802689 -0.582342 0.128716
vn 0.808530 -0.573414 0.132199
vn 0.302581 -0.931435 0.202170
vn 0.308370 -0.928848 0.205305
vn -0.302806 -0.930591 0.205690
vn -0.308295 -0.929644 0.201781
vn -0.803230 -0.580443 0.133820
vn -0.808368 -0.574803 0.127050
vn -1.000000 0.000000 0.000000
vn -1.000000 -0.000000 0.000000
vn -0.804153 0.576939 -0.143106
vn -0.808677 0.571908 -0.137705
vn -0.304347 0.923987 -0.231562
vn -0.308765 0.923163 -0.228985
vn 0.302080 0.896033 -0.325381
vn 0.308194 0.893110 -0.327676
vn 0.801307 0.564224 -0.198891
vn 0.808119 0.553646 -0.201048
vn 1.000000 0.000000 0.000000
vn 1.000000 0.000000 0.000000
vn 0.799439 -0.571568 0.184953
vn 0.807531 -0.558851 0.188624
vn 0.299320 -0.909347 0.288957
vn 0.307155 -0.905436 0.292989
vn -0.299705 -0.907693 0.293719
vn -0.306980 -0.907024 0.288219
vn -0.800370 -0.568023 0.191720
vn -0.807144 -0.561679 0.181753
vn -1.000000 0.000000 0.000000
vn -1.000000 -0.000000 0.000000
vn -0.801933 0.561536 -0.203913
vn -0.807894 0.555807 -0.195924
vn -0.302284 0.894888 -0.328329
vn -0.308121 0.894214 -0.324720
vn 0.300143 0.853927 -0.425116
vn 0.307472 0.850080 -0.427582
vn 0.799008 0.541414 -0.261644
vn 0.807340 0.528246 -0.262980
vn 1.000000 0.000000 0.000000
vn 1.000000 0.000000 0.000000
vn 0.796284 -0.552955 0.245302
vn 0.806342 -0.536771 0.248375
vn 0.296189 -0.875648 0.381462
vn 0.305718 -0.870326 0.386095
vn -0.296748 -0.872916 0.387244
vn -0.305425 -0.872977 0.380299
vn -0.797651 -0.547361 0.253275
vn -0.805685 -0.541456 0.240201
vn -1.000000 0.000000 0.000000
vn -1.000000 -0.000000 0.000000
vn -0.799902 0.537237 -0.267456
vn -0.806958 0.531770 -0.256983
vn -0.300431 0.852086 -0.428591
vn -0.307348 0.851870 -0.424092
vn 0.298844 0.794626 -0.528452
vn 0.306925 0.789971 -0.530794
vn 0.797405 0.506981 -0.327287
vn 0.806743 0.492031 -0.327216
vn 1.000000 0.000000 0.000000
vn 1.000000 0.000000 0.000000
vn 0.793914 -0.523079 0.309981
vn 0.805385 -0.504205 0.311660
vn 0.293842 -0.826147 0.480768
vn 0.304539 -0.819422 0.485596
vn -0.294562 -0.822117 0.487193
vn -0.304134 -0.823360 0.479146
vn -0.795680 -0.515233 0.318477
vn -0.804479 -0.510994 0.302819
vn -1.000000 0.000000 0.000000
vn -1.000000 -0.000000 0.000000
vn -0.798526 0.501239 -0.333340
vn -0.806226 0.497036 -0.320867
vn -0.299199 0.792011 -0.532165
vn -0.306759 0.792532 -0.527059
vn 0.298593 0.713494 -0.633852
vn 0.306822 0.708296 -0.635749
vn 0.797028 0.457365 -0.394417
vn 0.806623 0.441881 -0.392557
vn 1.000000 0.000000 0.000000
vn 1.000000 0.000000 0.000000
vn 0.793105 -0.477559 0.378051
vn 0.805095 -0.457376 0.377662
vn 0.293000 -0.754855 0.586809
vn 0.304123 -0.746920 0.591286
vn -0.293822 -0.749451 0.593290
vn -0.303651 -0.752227 0.584766
vn -0.795106 -0.467651 0.386147
vn -0.804050 -0.466171 0.369036
vn -1.000000 0.000000 0.000000
vn -1.000000 -0.000000 0.000000
vn -0.798259 0.450289 -0.400027
vn -0.806046 0.448208 -0.386521
vn -0.298979 0.710151 -0.637414
vn -0.306640 0.711584 -0.632156
vn 0.299646 0.605418 -0.737348
vn 0.307289 0.600155 -0.738504
vn 0.798224 0.389006 -0.459905
vn 0.807118 0.374648 -0.456289
vn 1.000000 0.000000 0.000000
vn 1.000000 0.000000 0.000000
vn 0.794467 -0.411525 0.446620
vn 0.805742 -0.392114 0.443876
vn 0.294260 -0.653961 0.696955
vn 0.304820 -0.645374 0.700412
vn -0.295069 -0.647451 0.702667
vn -0.304370 -0.651791 0.694642
vn -0.796399 -0.400393 0.453248
vn -0.804767 -0.402230 0.436533
vn -1.000000 0.000000 0.000000
vn -1.000000 -0.000000 0.000000
vn -0.799377 0.381273 -0.464358
vn -0.806606 0.381727 -0.451299
vn -0.300007 0.601618 -0.740305
vn -0.307128 0.603906 -0.735506
vn 0.301913 0.466339 -0.831491
vn 0.308159 0.461720 -0.831777
vn 0.800894 0.299563 -0.518489
vn 0.808058 0.288169 -0.513811
vn 1.000000 0.000000 0.000000
vn 1.000000 0.000000 0.000000
vn 0.798022 -0.321000 0.510020
vn 0.807174 -0.304980 0.505428
vn 0.297727 -0.515136 0.803737
vn 0.306532 -0.507024 0.805583
vn -0.298370 -0.508404 0.807775
vn -0.306217 -0.513685 0.801473
vn -0.799509 -0.310322 0.514282
vn -0.806514 -0.314921 0.500360
vn -1.000000 -0.000000 0.000000
vn -1.000000 0.000000 0.000000
vn -0.801759 0.292348 -0.521263
vn -0.807737 0.294929 -0.510468
vn -0.302186 0.462649 -0.833451
vn -0.308060 0.465376 -0.829774
vn 0.304820 0.296101 -0.905212
vn 0.308911 0.292950 -0.904850
vn 0.804313 0.189748 -0.563095
vn 0.808887 0.182796 -0.558827
vn 1.000000 0.000000 0.000000
vn 1.000000 0.000000 0.000000
vn 0.802802 -0.205466 0.559726
vn 0.808627 -0.195307 0.554957
vn 0.302565 -0.333737 0.892790
vn 0.308404 -0.327802 0.892991
vn -0.302915 -0.328409 0.894645
vn -0.308290 -0.333094 0.891070
vn -0.803586 -0.197586 0.561435
vn -0.808403 -0.202841 0.552576
vn -1.000000 -0.000000 0.000000
vn -1.000000 0.000000 0.000000
vn -0.804766 0.184546 -0.564176
vn -0.808800 0.187793 -0.557294
vn -0.304965 0.293342 -0.906061
vn -0.308887 0.295694 -0.903966
vn 0.307413 0.101751 -0.946120
vn 0.308828 0.100672 -0.945775
vn 0.807307 0.064983 -0.586543
vn 0.808839 0.062878 -0.584659
vn 1.000000 0.000000 0.000000
vn 1.000000 0.000000 0.000000
vn 0.806989 -0.070761 0.586312
vn 0.808910 -0.067577 0.584035
vn 0.306927 -0.116096 0.944625
vn 0.308945 -0.113958 0.944228
vn -0.307001 -0.114033 0.944853
vn -0.308958 -0.116016 0.943973
vn -0.807152 -0.067854 0.586431
vn -0.808945 -0.070440 0.583649
vn -1.000000 -0.000000 0.000000
vn -1.000000 0.000000 0.000000
vn -0.807405 0.063088 -0.586614
vn -0.808870 0.064747 -0.584412
vn -0.307446 0.100719 -0.946220
vn -0.308839 0.101702 -0.945661
vn 0.308839 -0.101702 -0.945661
vn 0.307446 -0.100719 -0.946220
vn 0.808870 -0.064747 -0.584412
vn 0.807405 -0.063088 -0.586614
vn 1.000000 0.000000 0.000000
vn 1.000000 0.000000 0.000000
vn 0.808945 0.070440 0.583649
vn 0.807152 0.067854 0.586431
vn 0.308958 0.116016 0.943973
vn 0.307001 0.114033 0.944853
vn -0.308945 0.113958 0.944228
vn -0.306927 0.116096 0.944625
vn -0.808910 0.067577 0.584035
vn -0.806989 0.070761 0.586312
vn -1.000000 0.000000 0.000000
vn -1.000000 0.000000 0.000000
vn -0.808839 -0.062878 -0.584659
vn -0.807307 -0.064983 -0.586543
vn -0.308828 -0.100672 -0.945775
vn -0.307413 -0.101751 -0.946120
vn 0.308887 -0.295694 -0.903966
vn 0.304965 -0.293342 -0.906061
vn 0.808800 -0.187793 -0.557294
vn 0.804766 -0.184546 -0.564176
vn 1.000000 0.000000 0.000000
vn 1.000000 0.000000 0.000000
vn 0.808403 0.202841 0.552576
vn 0.803586 0.197586 0.561435
vn 0.308290 0.333094 0.891070
vn 0.302915 0.328409 0.894645
vn -0.308404 0.327802 0.892991
vn -0.302565 0.333737 0.892790
vn -0.808627 0.195307 0.554957
vn -0.802802 0.205466 0.559726
vn -1.000000 0.000000 0.000000
vn -1.000000 0.000000 0.000000
vn -0.808887 -0.182796 -0.558827
vn -0.804313 -0.189748 -0.563095
vn -0.308911 -0.292950 -0.904850
vn -0.304820 -0.296101 -0.905212
vn 0.308060 -0.465376 -0.829774
vn 0.302186 -0.462649 -0.833451
vn 0.807737 -0.294929 -0.510468
vn 0.801759 -0.292348 -0.521263
vn 1.000000 0.000000 0.000000
vn 1.000000 0.000000 0.000000
vn 0.806514 0.314921 0.500360
vn 0.799509 0.310322 0.514282
vn 0.306217 0.513685 0.801473
vn 0.298370 0.508404 0.807775
vn -0.306532 0.507024 0.805583
vn -0.297727 0.515136 0.803737
vn -0.807174 0.304980 0.505428
vn -0.798022 0.321000 0.510020
vn -1.000000 0.000000 0.000000
vn -1.000000 0.000000 0.000000
vn -0.808058 -0.288169 -0.513811
vn -0.800894 -0.299563 -0.518489
vn -0.308159 -0.461720 -0.831777
vn -0.301913 -0.466339 -0.831491
vn 0.307128 -0.603906 -0.735506
vn 0.300007 -0.601618 -0.740305
vn 0.806606 -0.381727 -0.451299
vn 0.799377 -0.381273 -0.464358
vn 1.000000 0.000000 0.000000
vn 1.000000 0.000000 0.000000
vn 0.804767 0.402230 0.436533
vn 0.796399 0.400393 0.453248
vn 0.304370 0.651791 0.694642
vn 0.295069 0.647451 0.702667
vn -0.304820 0.645374 0.700412
vn -0.294260 0.653961 0.696955
vn -0.805742 0.392114 0.443876
vn -0.794467 0.411525 0.446620
vn -1.000000 0.000000 0.000000
vn -1.000000 0.000000 0.000000
vn -0.807118 -0.374648 -0.456289
vn -0.798224 -0.389006 -0.459905
vn -0.307289 -0.600155 -0.738504
vn -0.299646 -0.605418 -0.737348
vn 0.306640 -0.711584 -0.632156
vn 0.298979 -0.710151 -0.637414
vn 0.806046 -0.448208 -0.386521
vn 0.798259 -0.450289 -0.400027
vn 1.000000 0.000000 0.000000
vn 1.000000 0.000000 0.000000
vn 0.804050 0.466171 0.369036
vn 0.795106 0.467651 0.386147
vn 0.303651 0.752227 0.584766
vn 0.293822 0.749451 0.593290
vn -0.304123 0.746920 0.591286
vn -0.293000 0.754855 0.586809
vn -0.805095 0.457376 0.377662
vn -0.793105 0.477559 0.378051
vn -1.000000 0.000000 0.000000
vn -1.000000 0.000000 0.000000
vn -0.806623 -0.441881 -0.392557
vn -0.797028 -0.457365 -0.394417
vn -0.306822 -0.708296 -0.635749
vn -0.298593 -0.713494 -0.633852
vn 0.306759 -0.792532 -0.527059
vn 0.299199 -0.792011 -0.532165
vn 0.806226 -0.497036 -0.320867
vn 0.798526 -0.501239 -0.333340
vn 1.000000 0.000000 0.000000
vn 1.000000 0.000000 0.000000
vn 0.804479 0.510994 0.302819
vn 0.795680 0.515233 0.318477
vn 0.304134 0.823360 0.479146
vn 0.294562 0.822117 0.487193
vn -0.304539 0.819422 0.485596
vn -0.293842 0.826147 0.480768
vn -0.805385 0.504205 0.311660
vn -0.793914 0.523079 0.309981
vn -1.000000 0.000000 0.000000
vn -1.000000 0.000000 0.000000
vn -0.806743 -0.492031 -0.327216
vn -0.797405 -0.506981 -0.327287
vn -0.306925 -0.789971 -0.530794
vn -0.298844 -0.794626 -0.528452
vn 0.307348 -0.851870 -0.424092
vn 0.300431 -0.852086 -0.428591
vn 0.806958 -0.531770 -0.256983
vn 0.799902 -0.537237 -0.267456
vn 1.000000 0.000000 0.000000
vn 1.000000 0.000000 0.000000
vn 0.805685 0.541456 0.240201
vn 0.797651 0.547361 0.253275
vn 0.305425 0.872977 0.380299
vn 0.296748 0.872916 0.387244
vn -0.305718 0.870326 0.386095
vn -0.296189 0.875648 0.381462
vn -0.806342 0.536771 0.248375
vn -0.796284 0.552955 0.245302
vn -1.000000 0.000000 0.000000
vn -1.000000 0.000000 0.000000
vn -0.807340 -0.528246 -0.262980
vn -0.799008 -0.541414 -0.261644
vn -0.307472 -0.850080 -0.427582
vn -0.300143 -0.853927 -0.425116
vn 0.308121 -0.894214 -0.324720
vn 0.302284 -0.894888 -0.328329
vn 0.807894 -0.555807 -0.195924
vn 0.801933 -0.561536 -0.203913
vn 1.000000 0.000000 0.000000
vn 1.000000 0.000000 0.000000
vn 0.807144 0.561679 0.181753
vn 0.800370 0.568023 0.191720
vn 0.306980 0.907024 0.288219
vn 0.299705 0.907693 0.293719
vn -0.307155 0.905436 0.292989
vn -0.299320 0.909347 0.288957
vn -0.807531 0.558851 0.188624
vn -0.799439 0.571568 0.184953
vn -1.000000 0.000000 0.000000
vn -1.000000 0.000000 0.000000
vn -0.808119 -0.553646 -0.201048
vn -0.801307 -0.564224 -0.198891
vn -0.308194 -0.893110 -0.327676
vn -0.302080 -0.896033 -0.325381
vn 0.308765 -0.923163 -0.228985
vn 0.304347 -0.923987 -0.231562
vn 0.808677 -0.571908 -0.137705
vn 0.804153 -0.576939 -0.143106
vn 1.000000 0.000000 0.000000
vn 1.000000 0.000000 0.000000
vn 0.808368 0.574803 0.127050
vn 0.803230 0.580443 0.133820
vn 0.308295 0.929644 0.201781
vn 0.302806 0.930591 0.205690
vn -0.308370 0.928848 0.205305
vn -0.302581 0.931435 0.202170
vn -0.808530 0.573414 0.132199
vn -0.802689 0.582342 0.128716
vn -1.000000 0.000000 0.000000
vn -1.000000 0.000000 0.000000
vn -0.808765 -0.570834 -0.141592
vn -0.803781 -0.578396 -0.139267
vn -0.308793 -0.922598 -0.231214
vn -0.304222 -0.924583 -0.229337
vn 0.309017 -0.941258 -0.136171
vn 0.306260 -0.941939 -0.137680
vn 0.809015 -0.582076 -0.081743
vn 0.806179 -0.585576 -0.084715
vn 1.000000 0.000000 0.000000
vn 1.000000 0.000000 0.000000
vn 0.808987 0.583002 0.075157
vn 0.805760 0.586959 0.078925
vn 0.308977 0.943539 0.119446
vn 0.305556 0.944359 0.121741
vn -0.308987 0.943261 0.121600
vn -0.305455 0.944667 0.119588
vn -0.809005 0.582558 0.078333
vn -0.805520 0.587706 0.075764
vn -1.000000 0.000000 0.000000
vn -1.000000 0.000000 0.000000
vn -0.809017 -0.581729 -0.084158
vn -0.806009 -0.586152 -0.082315
vn -0.309016 -0.941057 -0.137551
vn -0.306203 -0.942158 -0.136301
vn 0.308701 -0.950085 -0.045190
vn 0.307762 -0.950367 -0.045671
vn 0.808719 -0.587569 -0.027129
vn 0.807744 -0.588868 -0.028009
vn 1.000000 0.000000 0.000000
vn 1.000000 0.000000 0.000000
vn 0.808766 0.587603 0.024905
vn 0.807652 0.589084 0.026043
vn 0.308775 0.950312 0.039553
vn 0.307607 0.950660 0.040293
vn -0.308766 0.950285 0.040277
vn -0.307586 0.950697 0.039569
vn -0.808744 0.587587 0.025977
vn -0.807601 0.589200 0.024973
vn -1.000000 0.000000 0.000000
vn -1.000000 0.000000 0.000000
vn -0.808701 -0.587556 -0.027947
vn -0.807706 -0.588958 -0.027193
vn -0.308695 -0.950065 -0.045657
vn -0.307749 -0.950393 -0.045205
vn 0.307749 -0.950393 0.045205
vn 0.308695 -0.950065 0.045657
vn 0.807706 -0.588958 0.027193
vn 0.808701 -0.587556 0.027947
vn 1.000000 0.000000 -0.000000
vn 1.000000 0.000000 0.000000
vn 0.807601 0.589200 -0.024973
vn 0.808744 0.587587 -0.025977
vn 0.307586 0.950697 -0.039569
vn 0.308766 0.950285 -0.040277
vn -0.307607 0.950660 -0.040293
vn -0.308775 0.950312 -0.039553
vn -0.807652 0.589084 -0.026043
vn -0.808766 0.587603 -0.024905
vn -1.000000 0.000000 0.000000
vn -1.000000 0.000000 0.000000
vn -0.807744 -0.588868 0.028009
vn -0.808719 -0.587569 0.027129
vn -0.307762 -0.950367 0.045671
vn -0.308701 -0.950085 0.045190
vn 0.306203 -0.942158 0.136301
vn 0.309016 -0.941057 0.137551
vn 0.806009 -0.586152 0.082315
vn 0.809017 -0.581729 0.084158
vn 1.000000 0.000000 -0.000000
vn 1.000000 0.000000 0.000000
vn 0.805520 0.587706 -0.075764
vn 0.809005 0.582558 -0.078333
vn 0.305455 0.944667 -0.119588
vn 0.308987 0.943261 -0.121600
vn -0.305556 0.944359 -0.121741
vn -0.308977 0.943539 -0.119446
vn -0.805760 0.586959 -0.078925
vn -0.808987 0.583002 -0.075157
vn -1.000000 0.000000 0.000000
vn -1.000000 0.000000 0.000000
vn -0.806179 -0.585576 0.084715
vn -0.809015 -0.582076 0.081743
vn -0.306260 -0.941939 0.137680
vn -0.309017 -0.941258 0.136171
vn 0.304222 -0.924583 0.229337
vn 0.308793 -0.922598 0.231214
vn 0.803781 -0.578396 0.139267
vn 0.808765 -0.570834 0.141592
vn 1.000000 0.000000 -0.000000
vn 1.000000 0.000000 0.000000
vn 0.802689 0.582342 -0.128716
vn 0.808530 0.573414 -0.132199
vn 0.302581 0.931435 -0.202170
vn 0.308370 0.928848 -0.205305
vn -0.302806 0.930591 -0.205690
vn -0.308295 0.929644 -0.201781
vn -0.803230 0.580443 -0.133820
vn -0.808368 0.574803 -0.127050
vn -1.000000 0.000000 0.000000
vn -1.000000 0.000000 0.000000
vn -0.804153 -0.576939 0.143106
vn -0.808677 -0.571908 0.137705
vn -0.304347 -0.923987 0.231562
vn -0.308765 -0.923163 0.228985
vn 0.302080 -0.896033 0.325381
vn 0.308194 -0.893110 0.327676
vn 0.801307 -0.564224 0.198891
vn 0.808119 -0.553646 0.201048
vn 1.000000 0.000000 -0.000000
vn 1.000000 0.000000 0.000000
vn 0.799439 0.571568 -0.184953
vn 0.807531 0.558851 -0.188624
vn 0.299320 0.909347 -0.288957
vn 0.307155 0.905436 -0.292989
vn -0.299705 0.907693 -0.293719
vn -0.306980 0.907024 -0.288219
vn -0.800370 0.568023 -0.191720
vn -0.807144 0.561679 -0.181753
vn -1.000000 0.000000 0.000000
vn -1.000000 0.000000 0.000000
vn -0.801933 -0.561536 0.203913
vn -0.807894 -0.555807 0.195924
vn -0.302284 -0.894888 0.328329
vn -0.308121 -0.894214 0.324720
vn 0.300143 -0.853927 0.425116
vn 0.307472 -0.850080 0.427582
vn 0.799008 -0.541414 0.261644
vn 0.807340 -0.528246 0.262980
vn 1.000000 0.000000 -0.000000
vn 1.000000 0.000000 0.000000
vn 0.796284 0.552955 -0.245302
vn 0.806342 0.536771 -0.248375
vn 0.296189 0.875648 -0.381462
vn 0.305718 0.870326 -0.386095
vn -0.296748 0.872916 -0.387244
vn -0.305425 0.872977 -0.380299
vn -0.797651 0.547361 -0.253275
vn -0.805685 0.541456 -0.240201
vn -1.000000 0.000000 0.000000
vn -1.000000 0.000000 0.000000
vn -0.799902 -0.537237 0.267456
vn -0.806958 -0.531770 0.256983
vn -0.300431 -0.852086 0.428591
vn -0.307348 -0.851870 0.424092
vn 0.298844 -0.794626 0.528452
vn 0.306925 -0.789971 0.530794
vn 0.797405 -0.506981 0.327287
vn 0.806743 -0.492031 0.327216
vn 1.000000 0.000000 0.000000
vn 1.000000 0.000000 -0.000000
vn 0.793914 0.523079 -0.309981
vn 0.805385 0.504205 -0.311660
vn 0.293842 0.826147 -0.480768
vn 0.304539 0.819422 -0.485596
vn -0.294562 0.822117 -0.487193
vn -0.304134 0.823360 -0.479146
vn -0.795680 0.515233 -0.318477
vn -0.804479 0.510994 -0.302819
vn -1.000000 0.000000 0.000000
vn -1.000000 0.000000 0.000000
vn -0.798526 -0.501239 0.333340
vn -0.806226 -0.497036 0.320867
vn -0.299199 -0.792011 0.532165
vn -0.306759 -0.792532 0.527059
vn 0.298593 -0.713494 0.633852
vn 0.306822 -0.708296 0.635749
vn 0.797028 -0.457365 0.394417
vn 0.806623 -0.441881 0.392557
vn 1.000000 0.000000 0.000000
vn 1.000000 0.000000 -0.000000
vn 0.793105 0.477559 -0.378051
vn 0.805095 0.457376 -0.377662
vn 0.293000 0.754855 -0.586809
vn 0.304123 0.746920 -0.591286
vn -0.293822 0.749451 -0.593290
vn -0.303651 0.752227 -0.584766
vn -0.795106 0.467651 -0.386147
vn -0.804050 0.466171 -0.369036
vn -1.000000 0.000000 0.000000
vn -1.000000 0.000000 0.000000
vn -0.798259 -0.450289 0.400027
vn -0.806046 -0.448208 0.386521
vn -0.298979 -0.710151 0.637414
vn -0.306640 -0.711584 0.632156
vn 0.299646 -0.605418 0.737348
vn 0.307289 -0.600155 0.738504
vn 0.798224 -0.389006 0.459905
vn 0.807118 -0.374648 0.456289
vn 1.000000 0.000000 0.000000
vn 1.000000 0.000000 -0.000000
vn 0.794467 0.411525 -0.446620
vn 0.805742 0.392114 -0.443876
vn 0.294260 0.653961 -0.696955
vn 0.304820 0.645374 -0.700412
vn -0.295069 0.647451 -0.702667
vn -0.304370 0.651791 -0.694642
vn -0.796399 0.400393 -0.453248
vn -0.804767 0.402230 -0.436533
vn -1.000000 0.000000 0.000000
vn -1.000000 0.000000 0.000000
vn -0.799377 -0.381273 0.464358
vn -0.806606 -0.381727 0.451299
vn -0.300007 -0.601618 0.740305
vn -0.307128 -0.603906 0.735506
vn 0.301913 -0.466339 0.831491
vn 0.308159 -0.461720 0.831777
vn 0.800894 -0.299563 0.518489
vn 0.808058 -0.288169 0.513811
vn 1.000000 0.000000 0.000000
vn 1.000000 0.000000 -0.000000
vn 0.798022 0.321000 -0.510020
vn 0.807174 0.304980 -0.505428
vn 0.297727 0.515136 -0.803737
vn 0.306532 0.507024 -0.805583
vn -0.298370 0.508404 -0.807775
vn -0.306217 0.513685 -0.801473
vn -0.799509 0.310322 -0.514282
vn -0.806514 0.314921 -0.500360
vn -1.000000 0.000000 0.000000
vn -1.000000 0.000000 0.000000
vn -0.801759 -0.292348 0.521263
vn -0.807737 -0.294929 0.510468
vn -0.302186 -0.462649 0.833451
vn -0.308060 -0.465376 0.829774
vn 0.304820 -0.296101 0.905212
vn 0.308911 -0.292950 0.904850
vn 0.804313 -0.189748 0.563095
vn 0.808887 -0.182796 0.558827
vn 1.000000 0.000000 0.000000
vn 1.000000 0.000000 -0.000000
vn 0.802802 0.205466 -0.559726
vn 0.808627 0.195307 -0.554957
vn 0.302565 0.333737 -0.892790
vn 0.308404 0.327802 -0.892991
vn -0.302915 0.328409 -0.894645
vn -0.308290 0.333094 -0.891070
vn -0.803586 0.197586 -0.561435
vn -0.808403 0.202841 -0.552576
vn -1.000000 0.000000 0.000000
vn -1.000000 0.000000 0.000000
vn -0.804766 -0.184546 0.564176
vn -0.808800 -0.187793 0.557294
vn -0.304965 -0.293342 0.906061
vn -0.308887 -0.295694 0.903966
vn 0.307413 -0.101751 0.946120
vn 0.308828 -0.100672 0.945775
vn 0.807307 -0.064983 0.586543
vn 0.808839 -0.062878 0.584659
vn 1.000000 0.000000 0.000000
vn 1.000000 0.000000 -0.000000
vn 0.806989 0.070761 -0.586312
vn 0.808910 0.067577 -0.584035
vn 0.306927 0.116096 -0.944625
vn 0.308945 0.113958 -0.944228
vn -0.307001 0.114033 -0.944853
vn -0.308958 0.116016 -0.943973
vn -0.807152 0.067854 -0.586431
vn -0.808945 0.070440 -0.583649
vn -1.000000 0.000000 0.000000
vn -1.000000 0.000000 0.000000
vn -0.807405 -0.063088 0.586614
vn -0.808870 -0.064747 0.584412
vn -0.307446 -0.100719 0.946220
vn -0.308839 -0.101702 0.945661
vn 0.000000 0.000000 -1.000000
vn 0.000000 0.000000 -1.000000
vn 0.000000 0.000000 1.000000
vn 0.000000 0.000000 1.000000
vn -1.000000 0.000000 -0.000000
vn -1.000000 -0.000000 0.000000
vn 1.000000 0.000000 -0.000000
vn 1.000000 0.000000 0.000000
vn -0.000000 1.000000 0.000000
vn 0.000000 1.000000 0.000000
vn 0.000000 -1.000000 0.000000
vn 0.000000 -1.000000 0.000000
vn 0.000000 0.000000 -1.000000
vn 0.000000 0.000000 -1.000000
vn 0.000000 0.000000 1.000000
vn 0.000000 0.000000 1.000000
vn -1.000000 0.000000 -0.000000
vn -1.000000 -0.000000 0.000000
vn 1.000000 0.000000 -0.000000
vn 1.000000 0.000000 0.000000
vn -0.000000 1.000000 0.000000
vn 0.000000 1.000000 0.000000
vn 0.000000 -1.000000 0.000000
vn 0.000000 -1.000000 0.000000
vn 0.000000 0.000000 -1.000000
vn 0.000000 0.000000 -1.000000
vn 0.000000 0.000000 1.000000
vn 0.000000 0.000000 1.000000
vn -1.000000 0.000000 -0.000000
vn -1.000000 -0.000000 0.000000
vn 1.000000 0.000000 -0.000000
vn 1.000000 0.000000 0.000000
vn -0.000000 1.000000 0.000000
vn 0.000000 1.000000 0.000000
vn 0.000000 -1.000000 0.000000
vn 0.000000 -1.000000 0.000000
vn -0.148168 -0.048143 0.987790
vn -0.091573 -0.126040 0.987790
vn 0.000000 -0.155794 0.987790
vn 0.091573 -0.126040 0.987790
vn 0.148168 -0.048143 0.987790
vn 0.148168 0.048143 0.987790
vn 0.091573 0.126040 0.987790
vn 0.000000 0.155794 0.987790
vn -0.091573 0.126040 0.987790
vn -0.148168 0.048143 0.987790
vn 0.000000 0.000000 -1.000000
vn 0.000000 0.000000 -1.000000
vn 0.000000 0.000000 1.000000
vn 0.000000 0.000000 1.000000
vn -1.000000 0.000000 -0.000000
vn -1.000000 -0.000000 0.000000
vn 1.000000 0.000000 -0.000000
vn 1.000000 0.000000 0.000000
vn -0.000000 1.000000 0.000000
vn 0.000000 1.000000 0.000000
vn 0.000000 -1.000000 0.000000
vn 0.000000 -1.000000 0.000000
vn -0.148168 -0.048143 0.987790
vn -0.091573 -0.126040 0.987790
vn 0.000000 -0.155794 0.987790
vn 0.091573 -0.126040 0.987790
vn 0.148168 -0.048143 0.987790
vn 0.148168 0.048143 0.987790
vn 0.091573 0.126040 0.987790
vn 0.000000 0.155794 0.987790
vn -0.091573 0.126040 0.987790
vn -0.148168 0.048143 0.987790
vn 0.000000 0.000000 -1.000000
vn 0.000000 0.000000 -1.000000
vn 0.000000 0.000000 1.000000
vn 0.000000 0.000000 1.000000
vn -1.000000 0.000000 -0.000000
vn -1.000000 -0.000000 0.000000
vn 1.000000 0.000000 -0.000000
vn 1.000000 0.000000 0.000000
vn -0.000000 1.000000 0.000000
vn 0.000000 1.000000 0.000000
vn 0.000000 -1.000000 0.000000
vn 0.000000 -1.000000 0.000000
vn -0.148168 -0.048143 0.987790
vn -0.091573 -0.126040 0.987790
vn 0.000000 -0.155794 0.987790
vn 0.091573 -0.126040 0.987790
vn 0.148168 -0.048143 0.987790
vn 0.148168 0.048143 0.987790
vn 0.091573 0.126040 0.987790
vn 0.000000 0.155794 0.987790
vn -0.091573 0.126040 0.987790
vn -0.148168 0.048143 0.987790
f 1/1/1 2/2/1 3/3/1
f 1/1/2 3/3/2 4/4/2
f 5/5/3 6/6/3 7/7/3
f 5/5/4 7/7/4 8/8/4
f 9/9/5 10/10/5 11/11/5
f 9/9/6 11/11/6 12/12/6
f 13/13/7 14/14/7 15/15/7
f 13/13/8 15/15/8 16/16/8
f 17/17/9 18/18/9 19/19/9
f 17/17/10 19/19/10 20/20/10
f 21/21/11 22/22/11 23/23/11
f 21/21/12 23/23/12 24/24/12
f 25/25/13 26/26/13 27/27/13
f 25/25/14 27/27/14 28/28/14
f 29/29/15 30/30/15 31/31/15
f 29/29/16 31/31/16 32/32/16
f 33/33/17 34/34/17 35/35/17
f 33/33/18 35/35/18 36/36/18
f 37/37/19 38/38/19 39/39/19
f 37/37/20 39/39/20 40/40/20
f 41/41/21 42/42/21 43/43/21
f 41/41/22 43/43/22 44/44/22
f 45/45/23 46/46/23 47/47/23
f 45/45/24 47/47/24 48/48/24
f 49/49/25 50/50/25 51/51/25
f 49/49/26 51/51/26 52/52/26
f 53/53/27 54/54/27 55/55/27
f 53/53/28 55/55/28 56/56/28
f 57/57/29 58/58/29 59/59/29
f 57/57/30 59/59/30 60/60/30
f 61/61/31 62/62/31 63/63/31
f 61/61/32 63/63/32 64/64/32
f 65/65/33 66/66/33 67/67/33
f 65/65/34 67/67/34 68/68/34
f 69/69/35 70/70/35 71/71/35
f 69/69/36 71/71/36 72/72/36
f 73/73/37 74/74/37 75/75/37
f 73/73/38 75/75/38 76/76/38
f 77/77/39 78/78/39 79/79/39
f 77/77/40 79/79/40 80/80/40
f 81/81/41 82/82/41 83/83/41
f 81/81/42 83/83/42 84/84/42
f 85/85/43 86/86/43 87/87/43
f 85/85/44 87/87/44 88/88/44
f 89/89/45 90/90/45 91/91/45
f 89/89/46 91/91/46 92/92/46
f 93/93/47 94/94/47 95/95/47
f 93/93/48 95/95/48 96/96/48
f 97/97/49 98/98/49 99/99/49
f 97/97/50 99/99/50 100/100/50
f 101/101/51 102/102/51 103/103/51
f 101/101/52 103/103/52 104/104/52
f 105/105/53 106/106/53 107/107/53
f 105/105/54 107/107/54 108/108/54
f 109/109/55 110/110/55 111/111/55
f 109/109/56 111/111/56 112/112/56
f 113/113/57 114/114/57 115/115/57
f 113/113/58 115/115/58 116/116/58
f 117/117/59 118/118/59 119/119/59
f 117/117/60 119/119/60 120/120/60
f 121/121/61 122/122/61 123/123/61
f 121/121/62 123/123/62 124/124/62
f 125/125/63 126/126/63 127/127/63
f 125/125/64 127/127/64 128/128/64
f 129/129/65 130/130/65 131/131/65
f 129/129/66 131/131/66 132/132/66
f 133/133/67 134/134/67 135/135/67
f 133/133/68 135/135/68 136/136/68
f 137/137/69 138/138/69 139/139/69
f 137/137/70 139/139/70 140/140/70
f 141/141/71 142/142/71 143/143/71
f 141/141/72 143/143/72 144/144/72
f 145/145/73 146/146/73 147/147/73
f 145/145/74 147/147/74 148/148/74
f 149/149/75 150/150/75 151/151/75
f 149/149/76 151/151/76 152/152/76
f 153/153/77 154/154/77 155/155/77
f 153/153/78 155/155/78 156/156/78
f 157/157/79 158/158/79 159/159/79
f 157/157/80 159/159/80 160/160/80
f 161/161/81 162/162/81 163/163/81
f 161/161/82 163/163/82 164/164/82
f 165/165/83 166/166/83 167/167/83
f 165/165/84 167/167/84 168/168/84
f 169/169/85 170/170/85 171/171/85
f 169/169/86 171/171/86 172/172/86
f 173/173/87 174/174/87 175/175/87
f 173/173/88 175/175/88 176/176/88
f 177/177/89 178/178/89 179/179/89
f 177/177/90 179/179/90 180/180/90
f 181/181/91 182/182/91 183/183/91
f 181/181/92 183/183/92 184/184/92
f 185/185/93 186/186/93 187/187/93
f 185/185/94 187/187/94 188/188/94
f 189/189/95 190/190/95 191/191/95
f 189/189/96 191/191/96 192/192/96
f 193/193/97 194/194/97 195/195/97
f 193/193/98 195/195/98 196/196/98
f 197/197/99 198/198/99 199/199/99
f 197/197/100 199/199/100 200/200/100
f 201/201/101 202/202/101 203/203/101
f 201/201/102 203/203/102 204/204/102
f 205/205/103 206/206/103 207/207/103
f 205/205/104 207/207/104 208/208/104
f 209/209/105 210/210/105 211/211/105
f 209/209/106 211/211/106 212/212/106
f 213/213/107 214/214/107 215/215/107
f 213/213/108 215/215/108 216/216/108
f 217/217/109 218/218/109 219/219/109
f 217/217/110 219/219/110 220/220/110
f 221/221/111 222/222/111 223/223/111
f 221/221/112 223/223/112 224/224/112
f 225/225/113 226/226/113 227/227/113
f 225/225/114 227/227/114 228/228/114
f 229/229/115 230/230/115 231/231/115
f 229/229/116 231/231/116 232/232/116
f 233/233/117 234/234/117 235/235/117
f 233/233/118 235/235/118 236/236/118
f 237/237/119 238/238/119 239/239/119
f 237/237/120 239/239/120 240/240/120
f 241/241/121 242/242/121 243/243/121
f 241/241/122 243/243/122 244/244/122
f 245/245/123 246/246/123 247/247/123
f 245/245/124 247/247/124 248/248/124
f 249/249/125 250/250/125 251/251/125
f 249/249/126 251/251/126 252/252/126
f 253/253/127 254/254/127 255/255/127
f 253/253/128 255/255/128 256/256/128
f 257/257/129 258/258/129 259/259/129
f 257/257/130 259/259/130 260/260/130
f 261/261/131 262/262/131 263/263/131
f 261/261/132 263/263/132 264/264/132
f 265/265/133 266/266/133 267/267/133
f 265/265/134 267/267/134 268/268/134
f 269/269/135 270/270/135 271/271/135
f 269/269/136 271/271/136 272/272/136
f 273/273/137 274/274/137 275/275/137
f 273/273/138 275/275/138 276/276/138
f 277/277/139 278/278/139 279/279/139
f 277/277/140 279/279/140 280/280/140
f 281/281/141 282/282/141 283/283/141
f 281/281/142 283/283/142 284/284/142
f 285/285/143 286/286/143 287/287/143
f 285/285/144 287/287/144 288/288/144
f 289/289/145 290/290/145 291/291/145
f 289/289/146 291/291/146 292/292/146
f 293/293/147 294/294/147 295/295/147
f 293/293/148 295/295/148 296/296/148
f 297/297/149 298/298/149 299/299/149
f 297/297/150 299/299/150 300/300/150
f 301/301/151 302/302/151 303/303/151
f 301/301/152 303/303/152 304/304/152
f 305/305/153 306/306/153 307/307/153
f 305/305/154 307/307/154 308/308/154
f 309/309/155 310/310/155 311/311/155
f 309/309/156 311/311/156 312/312/156
f 313/313/157 314/314/157 315/315/157
f 313/313/158 315/315/158 316/316/158
f 317/317/159 318/318/159 319/319/159
f 317/317/160 319/319/160 320/320/160
f 321/321/161 322/322/161 323/323/161
f 321/321/162 323/323/162 324/324/162
f 325/325/163 326/326/163 327/327/163
f 325/325/164 327/327/164 328/328/164
f 329/329/165 330/330/165 331/331/165
f 329/329/166 331/331/166 332/332/166
f 333/333/167 334/334/167 335/335/167
f 333/333/168 335/335/168 336/336/168
f 337/337/169 338/338/169 339/339/169
f 337/337/170 339/339/170 340/340/170
f 341/341/171 342/342/171 343/343/171
f 341/341/172 343/343/172 344/344/172
f 345/345/173 346/346/173 347/347/173
f 345/345/174 347/347/174 348/348/174
f 349/349/175 350/350/175 351/351/175
f 349/349/176 351/351/176 352/352/176
f 353/353/177 354/354/177 355/355/177
f 353/353/178 355/355/178 356/356/178
f 357/357/179 358/358/179 359/359/179
f 357/357/180 359/359/180 360/360/180
f 361/361/181 362/362/181 363/363/181
f 361/361/182 363/363/182 364/364/182
f 365/365/183 366/366/183 367/367/183
f 365/365/184 367/367/184 368/368/184
f 369/369/185 370/370/185 371/371/185
f 369/369/186 371/371/186 372/372/186
f 373/373/187 374/374/187 375/375/187
f 373/373/188 375/375/188 376/376/188
f 377/377/189 378/378/189 379/379/189
f 377/377/190 379/379/190 380/380/190
f 381/381/191 382/382/191 383/383/191
f 381/381/192 383/383/192 384/384/192
f 385/385/193 386/386/193 387/387/193
f 385/385/194 387/387/194 388/388/194
f 389/389/195 390/390/195 391/391/195
f 389/389/196 391/391/196 392/392/196
f 393/393/197 394/394/197 395/395/197
f 393/393/198 395/395/198 396/396/198
f 397/397/199 398/398/199 399/399/199
f 397/397/200 399/399/200 400/400/200
f 401/401/201 402/402/201 403/403/201
f 401/401/202 403/403/202 404/404/202
f 405/405/203 406/406/203 407/407/203
f 405/405/204 407/407/204 408/408/204
f 409/409/205 410/410/205 411/411/205
f 409/409/206 411/411/206 412/412/206
f 413/413/207 414/414/207 415/415/207
f 413/413/208 415/415/208 416/416/208
f 417/417/209 418/418/209 419/419/209
f 417/417/210 419/419/210 420/420/210
f 421/421/211 422/422/211 423/423/211
f 421/421/212 423/423/212 424/424/212
f 425/425/213 426/426/213 427/427/213
f 425/425/214 427/427/214 428/428/214
f 429/429/215 430/430/215 431/431/215
f 429/429/216 431/431/216 432/432/216
f 433/433/217 434/434/217 435/435/217
f 433/433/218 435/435/218 436/436/218
f 437/437/219 438/438/219 439/439/219
f 437/437/220 439/439/220 440/440/220
f 441/441/221 442/442/221 443/443/221
f 441/441/222 443/443/222 444/444/222
f 445/445/223 446/446/223 447/447/223
f 445/445/224 447/447/224 448/448/224
f 449/449/225 450/450/225 451/451/225
f 449/449/226 451/451/226 452/452/226
f 453/453/227 454/454/227 455/455/227
f 453/453/228 455/455/228 456/456/228
f 457/457/229 458/458/229 459/459/229
f 457/457/230 459/459/230 460/460/230
f 461/461/231 462/462/231 463/463/231
f 461/461/232 463/463/232 464/464/232
f 465/465/233 466/466/233 467/467/233
f 465/465/234 467/467/234 468/468/234
f 469/469/235 470/470/235 471/471/235
f 469/469/236 471/471/236 472/472/236
f 473/473/237 474/474/237 475/475/237
f 473/473/238 475/475/238 476/476/238
f 477/477/239 478/478/239 479/479/239
f 477/477/240 479/479/240 480/480/240
f 481/481/241 482/482/241 483/483/241
f 481/481/242 483/483/242 484/484/242
f 485/485/243 486/486/243 487/487/243
f 485/485/244 487/487/244 488/488/244
f 489/489/245 490/490/245 491/491/245
f 489/489/246 491/491/246 492/492/246
f 493/493/247 494/494/247 495/495/247
f 493/493/248 495/495/248 496/496/248
f 497/497/249 498/498/249 499/499/249
f 497/497/250 499/499/250 500/500/250
f 501/501/251 502/502/251 503/503/251
f 501/501/252 503/503/252 504/504/252
f 505/505/253 506/506/253 507/507/253
f 505/505/254 507/507/254 508/508/254
f 509/509/255 510/510/255 511/511/255
f 509/509/256 511/511/256 512/512/256
f 513/513/257 514/514/257 515/515/257
f 513/513/258 515/515/258 516/516/258
f 517/517/259 518/518/259 519/519/259
f 517/517/260 519/519/260 520/520/260
f 521/521/261 522/522/261 523/523/261
f 521/521/262 523/523/262 524/524/262
f 525/525/263 526/526/263 527/527/263
f 525/525/264 527/527/264 528/528/264
f 529/529/265 530/530/265 531/531/265
f 529/529/266 531/531/266 532/532/266
f 533/533/267 534/534/267 535/535/267
f 533/533/268 535/535/268 536/536/268
f 537/537/269 538/538/269 539/539/269
f 537/537/270 539/539/270 540/540/270
f 541/541/271 542/542/271 543/543/271
f 541/541/272 543/543/272 544/544/272
f 545/545/273 546/546/273 547/547/273
f 545/545/274 547/547/274 548/548/274
f 549/549/275 550/550/275 551/551/275
f 549/549/276 551/551/276 552/552/276
f 553/553/277 554/554/277 555/555/277
f 553/553/278 555/555/278 556/556/278
f 557/557/279 558/558/279 559/559/279
f 557/557/280 559/559/280 560/560/280
f 561/561/281 562/562/281 563/563/281
f 561/561/282 563/563/282 564/564/282
f 565/565/283 566/566/283 567/567/283
f 565/565/284 567/567/284 568/568/284
f 569/569/285 570/570/285 571/571/285
f 569/569/286 571/571/286 572/572/286
f 573/573/287 574/574/287 575/575/287
f 573/573/288 575/575/288 576/576/288
f 577/577/289 578/578/289 579/579/289
f 577/577/290 579/579/290 580/580/290
f 581/581/291 582/582/291 583/583/291
f 581/581/292 583/583/292 584/584/292
f 585/585/293 586/586/293 587/587/293
f 585/585/294 587/587/294 588/588/294
f 589/589/295 590/590/295 591/591/295
f 589/589/296 591/591/296 592/592/296
f 593/593/297 594/594/297 595/595/297
f 593/593/298 595/595/298 596/596/298
f 597/597/299 598/598/299 599/599/299
f 597/597/300 599/599/300 600/600/300
f 601/601/301 602/602/301 603/603/301
f 601/601/302 603/603/302 604/604/302
f 605/605/303 606/606/303 607/607/303
f 605/605/304 607/607/304 608/608/304
f 609/609/305 610/610/305 611/611/305
f 609/609/306 611/611/306 612/612/306
f 613/613/307 614/614/307 615/615/307
f 613/613/308 615/615/308 616/616/308
f 617/617/309 618/618/309 619/619/309
f 617/617/310 619/619/310 620/620/310
f 621/621/311 622/622/311 623/623/311
f 621/621/312 623/623/312 624/624/312
f 625/625/313 626/626/313 627/627/313
f 625/625/314 627/627/314 628/628/314
f 629/629/315 630/630/315 631/631/315
f 629/629/316 631/631/316 632/632/316
f 633/633/317 634/634/317 635/635/317
f 633/633/318 635/635/318 636/636/318
f 637/637/319 638/638/319 639/639/319
f 637/637/320 639/639/320 640/640/320
f 641/641/321 642/642/321 643/643/321
f 641/641/322 643/643/322 644/644/322
f 645/645/323 646/646/323 647/647/323
f 645/645/324 647/647/324 648/648/324
f 649/649/325 650/650/325 651/651/325
f 649/649/326 651/651/326 652/652/326
f 653/653/327 654/654/327 655/655/327
f 653/653/328 655/655/328 656/656/328
f 657/657/329 658/658/329 659/659/329
f 657/657/330 659/659/330 660/660/330
f 661/661/331 662/662/331 663/663/331
f 661/661/332 663/663/332 664/664/332
f 665/665/333 666/666/333 667/667/333
f 665/665/334 667/667/334 668/668/334
f 669/669/335 670/670/335 671/671/335
f 669/669/336 671/671/336 672/672/336
f 673/673/337 674/674/337 675/675/337
f 673/673/338 675/675/338 676/676/338
f 677/677/339 678/678/339 679/679/339
f 677/677/340 679/679/340 680/680/340
f 681/681/341 682/682/341 683/683/341
f 681/681/342 683/683/342 684/684/342
f 685/685/343 686/686/343 687/687/343
f 685/685/344 687/687/344 688/688/344
f 689/689/345 690/690/345 691/691/345
f 689/689/346 691/691/346 692/692/346
f 693/693/347 694/694/347 695/695/347
f 693/693/348 695/695/348 696/696/348
f 697/697/349 698/698/349 699/699/349
f 697/697/350 699/699/350 700/700/350
f 701/701/351 702/702/351 703/703/351
f 701/701/352 703/703/352 704/704/352
f 705/705/353 706/706/353 707/707/353
f 705/705/354 707/707/354 708/708/354
f 709/709/355 710/710/355 711/711/355
f 709/709/356 711/711/356 712/712/356
f 713/713/357 714/714/357 715/715/357
f 713/713/358 715/715/358 716/716/358
f 717/717/359 718/718/359 719/719/359
f 717/717/360 719/719/360 720/720/360
f 721/721/361 722/722/361 723/723/361
f 721/721/362 723/723/362 724/724/362
f 725/725/363 726/726/363 727/727/363
f 725/725/364 727/727/364 728/728/364
f 729/729/365 730/730/365 731/731/365
f 729/729/366 731/731/366 732/732/366
f 733/733/367 734/734/367 735/735/367
f 733/733/368 735/735/368 736/736/368
f 737/737/369 738/738/369 739/739/369
f 737/737/370 739/739/370 740/740/370
f 741/741/371 742/742/371 743/743/371
f 741/741/372 743/743/372 744/744/372
f 745/745/373 746/746/373 747/747/373
f 745/745/374 747/747/374 748/748/374
f 749/749/375 750/750/375 751/751/375
f 749/749/376 751/751/376 752/752/376
f 753/753/377 754/754/377 755/755/377
f 753/753/378 755/755/378 756/756/378
f 757/757/379 758/758/379 759/759/379
f 757/757/380 759/759/380 760/760/380
f 761/761/381 762/762/381 763/763/381
f 761/761/382 763/763/382 764/764/382
f 765/765/383 766/766/383 767/767/383
f 765/765/384 767/767/384 768/768/384
f 769/769/385 770/770/385 771/771/385
f 769/769/386 771/771/386 772/772/386
f 773/773/387 774/774/387 775/775/387
f 773/773/388 775/775/388 776/776/388
f 777/777/389 778/778/389 779/779/389
f 777/777/390 779/779/390 780/780/390
f 781/781/391 782/782/391 783/783/391
f 781/781/392 783/783/392 784/784/392
f 785/785/393 786/786/393 787/787/393
f 785/785/394 787/787/394 788/788/394
f 789/789/395 790/790/395 791/791/395
f 789/789/396 791/791/396 792/792/396
f 793/793/397 794/794/397 795/795/397
f 793/793/398 795/795/398 796/796/398
f 797/797/399 798/798/399 799/799/399
f 797/797/400 799/799/400 800/800/400
f 801/801/401 802/802/401 803/803/401
f 801/801/402 803/803/402 804/804/402
f 805/805/403 806/806/403 807/807/403
f 805/805/404 807/807/404 808/808/404
f 809/809/405 810/810/405 811/811/405
f 809/809/406 811/811/406 812/812/406
f 813/813/407 814/814/407 815/815/407
f 813/813/408 815/815/408 816/816/408
f 817/817/409 818/818/409 819/819/409
f 817/817/410 819/819/410 820/820/410
f 821/821/411 822/822/411 823/823/411
f 821/821/412 823/823/412 824/824/412
f 825/825/413 826/826/413 827/827/413
f 825/825/414 827/827/414 828/828/414
f 829/829/415 830/830/415 831/831/415
f 829/829/416 831/831/416 832/832/416
f 833/833/417 834/834/417 835/835/417
f 833/833/418 835/835/418 836/836/418
f 837/837/419 838/838/419 839/839/419
f 837/837/420 839/839/420 840/840/420
f 841/841/421 842/842/421 843/843/421
f 841/841/422 843/843/422 844/844/422
f 845/845/423 846/846/423 847/847/423
f 845/845/424 847/847/424 848/848/424
f 849/849/425 850/850/425 851/851/425
f 849/849/426 851/851/426 852/852/426
f 853/853/427 854/854/427 855/855/427
f 853/853/428 855/855/428 856/856/428
f 857/857/429 858/858/429 859/859/429
f 857/857/430 859/859/430 860/860/430
f 861/861/431 862/862/431 863/863/431
f 861/861/432 863/863/432 864/864/432
f 865/865/433 866/866/433 867/867/433
f 865/865/434 867/867/434 868/868/434
f 869/869/435 870/870/435 871/871/435
f 869/869/436 871/871/436 872/872/436
f 873/873/437 874/874/437 875/875/437
f 873/873/438 875/875/438 876/876/438
f 877/877/439 878/878/439 879/879/439
f 877/877/440 879/879/440 880/880/440
f 881/881/441 882/882/441 883/883/441
f 881/881/442 883/883/442 884/884/442
f 885/885/443 886/886/443 887/887/443
f 885/885/444 887/887/444 888/888/444
f 889/889/445 890/890/445 891/891/445
f 889/889/446 891/891/446 892/892/446
f 893/893/447 894/894/447 895/895/447
f 893/893/448 895/895/448 896/896/448
f 897/897/449 898/898/449 899/899/449
f 897/897/450 899/899/450 900/900/450
f 901/901/451 902/902/451 903/903/451
f 901/901/452 903/903/452 904/904/452
f 905/905/453 906/906/453 907/907/453
f 905/905/454 907/907/454 908/908/454
f 909/909/455 910/910/455 911/911/455
f 909/909/456 911/911/456 912/912/456
f 913/913/457 914/914/457 915/915/457
f 913/913/458 915/915/458 916/916/458
f 917/917/459 918/918/459 919/919/459
f 917/917/460 919/919/460 920/920/460
f 921/921/461 922/922/461 923/923/461
f 921/921/462 923/923/462 924/924/462
f 925/925/463 926/926/463 927/927/463
f 925/925/464 927/927/464 928/928/464
f 929/929/465 930/930/465 931/931/465
f 929/929/466 931/931/466 932/932/466
f 933/933/467 934/934/467 935/935/467
f 933/933/468 935/935/468 936/936/468
f 937/937/469 938/938/469 939/939/469
f 937/937/470 939/939/470 940/940/470
f 941/941/471 942/942/471 943/943/471
f 941/941/472 943/943/472 944/944/472
f 945/945/473 946/946/473 947/947/473
f 945/945/474 947/947/474 948/948/474
f 949/949/475 950/950/475 951/951/475
f 949/949/476 951/951/476 952/952/476
f 953/953/477 954/954/477 955/955/477
f 953/953/478 955/955/478 956/956/478
f 957/957/479 958/958/479 959/959/479
f 957/957/480 959/959/480 960/960/480
f 961/961/481 962/962/481 963/963/481
f 961/961/482 963/963/482 964/964/482
f 965/965/483 966/966/483 967/967/483
f 965/965/484 967/967/484 968/968/484
f 969/969/485 970/970/485 971/971/485
f 969/969/486 971/971/486 972/972/486
f 973/973/487 974/974/487 975/975/487
f 973/973/488 975/975/488 976/976/488
f 977/977/489 978/978/489 979/979/489
f 977/977/490 979/979/490 980/980/490
f 981/981/491 982/982/491 983/983/491
f 981/981/492 983/983/492 984/984/492
f 985/985/493 986/986/493 987/987/493
f 985/985/494 987/987/494 988/988/494
f 989/989/495 990/990/495 991/991/495
f 989/989/496 991/991/496 992/992/496
f 993/993/497 994/994/497 995/995/497
f 993/993/498 995/995/498 996/996/498
f 997/997/499 998/998/499 999/999/499
f 997/997/500 999/999/500 1000/1000/500
f 1001/1001/501 1002/1002/501 1003/1003/501
f 1001/1001/502 1003/1003/502 1004/1004/502
f 1005/1005/503 1006/1006/503 1007/1007/503
f 1005/1005/504 1007/1007/504 1008/1008/504
f 1009/1009/505 1010/1010/505 1011/1011/505
f 1009/1009/506 1011/1011/506 1012/1012/506
f 1013/1013/507 1014/1014/507 1015/1015/507
f 1013/1013/508 1015/1015/508 1016/1016/508
f 1017/1017/509 1018/1018/509 1019/1019/509
f 1017/1017/510 1019/1019/510 1020/1020/510
f 1021/1021/511 1022/1022/511 1023/1023/511
f 1021/1021/512 1023/1023/512 1024/1024/512
f 1025/1025/513 1026/1026/513 1027/1027/513
f 1025/1025/514 1027/1027/514 1028/1028/514
f 1029/1029/515 1030/1030/515 1031/1031/515
f 1029/1029/516 1031/1031/516 1032/1032/516
f 1033/1033/517 1034/1034/517 1035/1035/517
f 1033/1033/518 1035/1035/518 1036/1036/518
f 1037/1037/519 1038/1038/519 1039/1039/519
f 1037/1037/520 1039/1039/520 1040/1040/520
f 1041/1041/521 1042/1042/521 1043/1043/521
f 1041/1041/522 1043/1043/522 1044/1044/522
f 1045/1045/523 1046/1046/523 1047/1047/523
f 1045/1045/524 1047/1047/524 1048/1048/524
f 1049/1049/525 1050/1050/525 1051/1051/525
f 1049/1049/526 1051/1051/526 1052/1052/526
f 1053/1053/527 1054/1054/527 1055/1055/527
f 1053/1053/528 1055/1055/528 1056/1056/528
f 1057/1057/529 1058/1058/529 1059/1059/529
f 1057/1057/530 1059/1059/530 1060/1060/530
f 1061/1061/531 1062/1062/531 1063/1063/531
f 1061/1061/532 1063/1063/532 1064/1064/532
f 1065/1065/533 1066/1066/533 1067/1067/533
f 1065/1065/534 1067/1067/534 1068/1068/534
f 1069/1069/535 1070/1070/535 1071/1071/535
f 1072/1072/536 1073/1073/536 1074/1074/536
f 1075/1075/537 1076/1076/537 1077/1077/537
f 1078/1078/538 1079/1079/538 1080/1080/538
f 1081/1081/539 1082/1082/539 1083/1083/539
f 1084/1084/540 1085/1085/540 1086/1086/540
f 1087/1087/541 1088/1088/541 1089/1089/541
f 1090/1090/542 1091/1091/542 1092/1092/542
f 1093/1093/543 1094/1094/543 1095/1095/543
f 1096/1096/544 1097/1097/544 1098/1098/544
f 1099/1099/545 1100/1100/545 1101/1101/545
f 1102/1102/546 1103/1103/546 1104/1104/546
f 1105/1105/547 1106/1106/547 1107/1107/547
f 1108/1108/548 1109/1109/548 1110/1110/548
f 1111/1111/549 1112/1112/549 1113/1113/549
f 1114/1114/550 1115/1115/550 1116/1116/550
f 1117/1117/551 1118/1118/551 1119/1119/551
f 1120/1120/552 1121/1121/552 1122/1122/552
f 1123/1123/553 1124/1124/553 1125/1125/553
f 1126/1126/554 1127/1127/554 1128/1128/554
f 1129/1129/555 1130/1130/555 1131/1131/555
f 1132/1132/556 1133/1133/556 1134/1134/556
f 1135/1135/557 1136/1136/557 1137/1137/557
f 1138/1138/558 1139/1139/558 1140/1140/558
f 1141/1141/559 1142/1142/559 1143/1143/559
f 1144/1144/560 1145/1145/560 1146/1146/560
f 1147/1147/561 1148/1148/561 1149/1149/561
f 1150/1150/562 1151/1151/562 1152/1152/562
f 1153/1153/563 1154/1154/563 1155/1155/563
f 1156/1156/564 1157/1157/564 1158/1158/564
f 1159/1159/565 1160/1160/565 1161/1161/565
f 1162/1162/566 1163/1163/566 1164/1164/566
f 1165/1165/567 1166/1166/567 1167/1167/567
f 1168/1168/568 1169/1169/568 1170/1170/568
f 1171/1171/569 1172/1172/569 1173/1173/569
f 1174/1174/570 1175/1175/570 1176/1176/570
f 1177/1177/571 1178/1178/571 1179/1179/571
f 1180/1180/572 1181/1181/572 1182/1182/572
f 1183/1183/573 1184/1184/573 1185/1185/573
f 1186/1186/574 1187/1187/574 1188/1188/574
f 1189/1189/575 1190/1190/575 1191/1191/575
f 1192/1192/576 1193/1193/576 1194/1194/576
f 1195/1195/577 1196/1196/577 1197/1197/577
f 1198/1198/578 1199/1199/578 1200/1200/578
f 1201/1201/579 1202/1202/579 1203/1203/579
f 1204/1204/580 1205/1205/580 1206/1206/580
f 1207/1207/581 1208/1208/581 1209/1209/581
f 1210/1210/582 1211/1211/582 1212/1212/582
f 1213/1213/583 1214/1214/583 1215/1215/583
f 1216/1216/584 1217/1217/584 1218/1218/584
f 1219/1219/585 1220/1220/585 1221/1221/585
f 1222/1222/586 1223/1223/586 1224/1224/586
f 1225/1225/587 1226/1226/587 1227/1227/587
f 1228/1228/588 1229/1229/588 1230/1230/588
f 1231/1231/589 1232/1232/589 1233/1233/589
f 1234/1234/590 1235/1235/590 1236/1236/590
f 1237/1237/591 1238/1238/591 1239/1239/591
f 1240/1240/592 1241/1241/592 1242/1242/592
f 1243/1243/593 1244/1244/593 1245/1245/593
f 1246/1246/594 1247/1247/594 1248/1248/594
f 1249/1249/595 1250/1250/595 1251/1251/595
f 1252/1252/596 1253/1253/596 1254/1254/596
f 1255/1255/597 1256/1256/597 1257/1257/597
f 1258/1258/598 1259/1259/598 1260/1260/598
f 1261/1261/599 1262/1262/599 1263/1263/599
f 1264/1264/600 1265/1265/600 1266/1266/600
f 1267/1267/601 1268/1268/601 1269/1269/601
f 1270/1270/602 1271/1271/602 1272/1272/602
f 1273/1273/603 1274/1274/603 1275/1275/603
f 1276/1276/604 1277/1277/604 1278/1278/604
f 1279/1279/605 1280/1280/605 1281/1281/605
f 1279/1279/606 1281/1281/606 1282/1282/606
f 1283/1283/607 1284/1284/607 1285/1285/607
f 1283/1283/608 1285/1285/608 1286/1286/608
f 1287/1287/609 1288/1288/609 1289/1289/609
f 1287/1287/610 1289/1289/610 1290/1290/610
f 1291/1291/611 1292/1292/611 1293/1293/611
f 1291/1291/612 1293/1293/612 1294/1294/612
f 1295/1295/613 1296/1296/613 1297/1297/613
f 1295/1295/614 1297/1297/614 1298/1298/614
f 1299/1299/615 1300/1300/615 1301/1301/615
f 1299/1299/616 1301/1301/616 1302/1302/616
f 1303/1303/617 1304/1304/617 1305/1305/617
f 1303/1303/618 1305/1305/618 1306/1306/618
f 1307/1307/619 1308/1308/619 1309/1309/619
f 1307/1307/620 1309/1309/620 1310/1310/620
f 1311/1311/621 1312/1312/621 1313/1313/621
f 1311/1311/622 1313/1313/622 1314/1314/622
f 1315/1315/623 1316/1316/623 1317/1317/623
f 1315/1315/624 1317/1317/624 1318/1318/624
f 1319/1319/625 1320/1320/625 1321/1321/625
f 1319/1319/626 1321/1321/626 1322/1322/626
f 1323/1323/627 1324/1324/627 1325/1325/627
f 1323/1323/628 1325/1325/628 1326/1326/628
f 1327/1327/629 1328/1328/629 1329/1329/629
f 1327/1327/630 1329/1329/630 1330/1330/630
f 1331/1331/631 1332/1332/631 1333/1333/631
f 1331/1331/632 1333/1333/632 1334/1334/632
f 1335/1335/633 1336/1336/633 1337/1337/633
f 1335/1335/634 1337/1337/634 1338/1338/634
f 1339/1339/635 1340/1340/635 1341/1341/635
f 1339/1339/636 1341/1341/636 1342/1342/636
f 1343/1343/637 1344/1344/637 1345/1345/637
f 1343/1343/638 1345/1345/638 1346/1346/638
f 1347/1347/639 1348/1348/639 1349/1349/639
f 1347/1347/640 1349/1349/640 1350/1350/640
f 1351/1351/641 1352/1352/641 1353/1353/641
f 1351/1351/642 1353/1353/642 1354/1354/642
f 1355/1355/643 1356/1356/643 1357/1357/643
f 1355/1355/644 1357/1357/644 1358/1358/644
f 1359/1359/645 1360/1360/645 1361/1361/645
f 1359/1359/646 1361/1361/646 1362/1362/646
f 1363/1363/647 1364/1364/647 1365/1365/647
f 1363/1363/648 1365/1365/648 1366/1366/648
f 1367/1367/649 1368/1368/649 1369/1369/649
f 1367/1367/650 1369/1369/650 1370/1370/650
f 1371/1371/651 1372/1372/651 1373/1373/651
f 1371/1371/652 1373/1373/652 1374/1374/652
f 1375/1375/653 1376/1376/653 1377/1377/653
f 1375/1375/654 1377/1377/654 1378/1378/654
f 1379/1379/655 1380/1380/655 1381/1381/655
f 1379/1379/656 1381/1381/656 1382/1382/656
f 1383/1383/657 1384/1384/657 1385/1385/657
f 1383/1383/658 1385/1385/658 1386/1386/658
f 1387/1387/659 1388/1388/659 1389/1389/659
f 1387/1387/660 1389/1389/660 1390/1390/660
f 1391/1391/661 1392/1392/661 1393/1393/661
f 1391/1391/662 1393/1393/662 1394/1394/662
f 1395/1395/663 1396/1396/663 1397/1397/663
f 1395/1395/664 1397/1397/664 1398/1398/664
f 1399/1399/665 1400/1400/665 1401/1401/665
f 1399/1399/666 1401/1401/666 1402/1402/666
f 1403/1403/667 1404/1404/667 1405/1405/667
f 1403/1403/668 1405/1405/668 1406/1406/668
f 1407/1407/669 1408/1408/669 1409/1409/669
f 1407/1407/670 1409/1409/670 1410/1410/670
f 1411/1411/671 1412/1412/671 1413/1413/671
f 1411/1411/672 1413/1413/672 1414/1414/672
f 1415/1415/673 1416/1416/673 1417/1417/673
f 1415/1415/674 1417/1417/674 1418/1418/674
f 1419/1419/675 1420/1420/675 1421/1421/675
f 1419/1419/676 1421/1421/676 1422/1422/676
f 1423/1423/677 1424/1424/677 1425/1425/677
f 1423/1423/678 1425/1425/678 1426/1426/678
f 1427/1427/679 1428/1428/679 1429/1429/679
f 1427/1427/680 1429/1429/680 1430/1430/680
f 1431/1431/681 1432/1432/681 1433/1433/681
f 1431/1431/682 1433/1433/682 1434/1434/682
f 1435/1435/683 1436/1436/683 1437/1437/683
f 1435/1435/684 1437/1437/684 1438/1438/684
f 1439/1439/685 1440/1440/685 1441/1441/685
f 1439/1439/686 1441/1441/686 1442/1442/686
f 1443/1443/687 1444/1444/687 1445/1445/687
f 1443/1443/688 1445/1445/688 1446/1446/688
f 1447/1447/689 1448/1448/689 1449/1449/689
f 1447/1447/690 1449/1449/690 1450/1450/690
f 1451/1451/691 1452/1452/691 1453/1453/691
f 1451/1451/692 1453/1453/692 1454/1454/692
f 1455/1455/693 1456/1456/693 1457/1457/693
f 1455/1455/694 1457/1457/694 1458/1458/694
f 1459/1459/695 1460/1460/695 1461/1461/695
f 1459/1459/696 1461/1461/696 1462/1462/696
f 1463/1463/697 1464/1464/697 1465/1465/697
f 1463/1463/698 1465/1465/698 1466/1466/698
f 1467/1467/699 1468/1468/699 1469/1469/699
f 1467/1467/700 1469/1469/700 1470/1470/700
f 1471/1471/701 1472/1472/701 1473/1473/701
f 1471/1471/702 1473/1473/702 1474/1474/702
f 1475/1475/703 1476/1476/703 1477/1477/703
f 1475/1475/704 1477/1477/704 1478/1478/704
f 1479/1479/705 1480/1480/705 1481/1481/705
f 1479/1479/706 1481/1481/706 1482/1482/706
f 1483/1483/707 1484/1484/707 1485/1485/707
f 1483/1483/708 1485/1485/708 1486/1486/708
f 1487/1487/709 1488/1488/709 1489/1489/709
f 1487/1487/710 1489/1489/710 1490/1490/710
f 1491/1491/711 1492/1492/711 1493/1493/711
f 1491/1491/712 1493/1493/712 1494/1494/712
f 1495/1495/713 1496/1496/713 1497/1497/713
f 1495/1495/714 1497/1497/714 1498/1498/714
f 1499/1499/715 1500/1500/715 1501/1501/715
f 1499/1499/716 1501/1501/716 1502/1502/716
f 1503/1503/717 1504/1504/717 1505/1505/717
f 1503/1503/718 1505/1505/718 1506/1506/718
f 1507/1507/719 1508/1508/719 1509/1509/719
f 1507/1507/720 1509/1509/720 1510/1510/720
f 1511/1511/721 1512/1512/721 1513/1513/721
f 1511/1511/722 1513/1513/722 1514/1514/722
f 1515/1515/723 1516/1516/723 1517/1517/723
f 1515/1515/724 1517/1517/724 1518/1518/724
f 1519/1519/725 1520/1520/725 1521/1521/725
f 1519/1519/726 1521/1521/726 1522/1522/726
f 1523/1523/727 1524/1524/727 1525/1525/727
f 1523/1523/728 1525/1525/728 1526/1526/728
f 1527/1527/729 1528/1528/729 1529/1529/729
f 1527/1527/730 1529/1529/730 1530/1530/730
f 1531/1531/731 1532/1532/731 1533/1533/731
f 1531/1531/732 1533/1533/732 1534/1534/732
f 1535/1535/733 1536/1536/733 1537/1537/733
f 1535/1535/734 1537/1537/734 1538/1538/734
f 1539/1539/735 1540/1540/735 1541/1541/735
f 1539/1539/736 1541/1541/736 1542/1542/736
f 1543/1543/737 1544/1544/737 1545/1545/737
f 1543/1543/738 1545/1545/738 1546/1546/738
f 1547/1547/739 1548/1548/739 1549/1549/739
f 1547/1547/740 1549/1549/740 1550/1550/740
f 1551/1551/741 1552/1552/741 1553/1553/741
f 1551/1551/742 1553/1553/742 1554/1554/742
f 1555/1555/743 1556/1556/743 1557/1557/743
f 1555/1555/744 1557/1557/744 1558/1558/744
f 1559/1559/745 1560/1560/745 1561/1561/745
f 1559/1559/746 1561/1561/746 1562/1562/746
f 1563/1563/747 1564/1564/747 1565/1565/747
f 1563/1563/748 1565/1565/748 1566/1566/748
f 1567/1567/749 1568/1568/749 1569/1569/749
f 1567/1567/750 1569/1569/750 1570/1570/750
f 1571/1571/751 1572/1572/751 1573/1573/751
f 1571/1571/752 1573/1573/752 1574/1574/752
f 1575/1575/753 1576/1576/753 1577/1577/753
f 1575/1575/754 1577/1577/754 1578/1578/754
f 1579/1579/755 1580/1580/755 1581/1581/755
f 1579/1579/756 1581/1581/756 1582/1582/756
f 1583/1583/757 1584/1584/757 1585/1585/757
f 1583/1583/758 1585/1585/758 1586/1586/758
f 1587/1587/759 1588/1588/759 1589/1589/759
f 1587/1587/760 1589/1589/760 1590/1590/760
f 1591/1591/761 1592/1592/761 1593/1593/761
f 1591/1591/762 1593/1593/762 1594/1594/762
f 1595/1595/763 1596/1596/763 1597/1597/763
f 1595/1595/764 1597/1597/764 1598/1598/764
f 1599/1599/765 1600/1600/765 1601/1601/765
f 1599/1599/766 1601/1601/766 1602/1602/766
f 1603/1603/767 1604/1604/767 1605/1605/767
f 1603/1603/768 1605/1605/768 1606/1606/768
f 1607/1607/769 1608/1608/769 1609/1609/769
f 1607/1607/770 1609/1609/770 1610/1610/770
f 1611/1611/771 1612/1612/771 1613/1613/771
f 1611/1611/772 1613/1613/772 1614/1614/772
f 1615/1615/773 1616/1616/773 1617/1617/773
f 1615/1615/774 1617/1617/774 1618/1618/774
f 1619/1619/775 1620/1620/775 1621/1621/775
f 1619/1619/776 1621/1621/776 1622/1622/776
f 1623/1623/777 1624/1624/777 1625/1625/777
f 1623/1623/778 1625/1625/778 1626/1626/778
f 1627/1627/779 1628/1628/779 1629/1629/779
f 1627/1627/780 1629/1629/780 1630/1630/780
f 1631/1631/781 1632/1632/781 1633/1633/781
f 1631/1631/782 1633/1633/782 1634/1634/782
f 1635/1635/783 1636/1636/783 1637/1637/783
f 1635/1635/784 1637/1637/784 1638/1638/784
f 1639/1639/785 1640/1640/785 1641/1641/785
f 1639/1639/786 1641/1641/786 1642/1642/786
f 1643/1643/787 1644/1644/787 1645/1645/787
f 1643/1643/788 1645/1645/788 1646/1646/788
f 1647/1647/789 1648/1648/789 1649/1649/789
f 1647/1647/790 1649/1649/790 1650/1650/790
f 1651/1651/791 1652/1652/791 1653/1653/791
f 1651/1651/792 1653/1653/792 1654/1654/792
f 1655/1655/793 1656/1656/793 1657/1657/793
f 1655/1655/794 1657/1657/794 1658/1658/794
f 1659/1659/795 1660/1660/795 1661/1661/795
f 1659/1659/796 1661/1661/796 1662/1662/796
f 1663/1663/797 1664/1664/797 1665/1665/797
f 1663/1663/798 1665/1665/798 1666/1666/798
f 1667/1667/799 1668/1668/799 1669/1669/799
f 1667/1667/800 1669/1669/800 1670/1670/800
f 1671/1671/801 1672/1672/801 1673/1673/801
f 1671/1671/802 1673/1673/802 1674/1674/802
f 1675/1675/803 1676/1676/803 1677/1677/803
f 1675/1675/804 1677/1677/804 1678/1678/804
f 1679/1679/805 1680/1680/805 1681/1681/805
f 1679/1679/806 1681/1681/806 1682/1682/806
f 1683/1683/807 1684/1684/807 1685/1685/807
f 1683/1683/808 1685/1685/808 1686/1686/808
f 1687/1687/809 1688/1688/809 1689/1689/809
f 1687/1687/810 1689/1689/810 1690/1690/810
f 1691/1691/811 1692/1692/811 1693/1693/811
f 1691/1691/812 1693/1693/812 1694/1694/812
f 1695/1695/813 1696/1696/813 1697/1697/813
f 1698/1698/814 1699/1699/814 1700/1700/814
f 1701/1701/815 1702/1702/815 1703/1703/815
f 1704/1704/816 1705/1705/816 1706/1706/816
f 1707/1707/817 1708/1708/817 1709/1709/817
f 1710/1710/818 1711/1711/818 1712/1712/818
f 1713/1713/819 1714/1714/819 1715/1715/819
f 1716/1716/820 1717/1717/820 1718/1718/820
f 1719/1719/821 1720/1720/821 1721/1721/821
f 1722/1722/822 1723/1723/822 1724/1724/822
f 1725/1725/823 1726/1726/823 1727/1727/823
f 1728/1728/824 1729/1729/824 1730/1730/824
f 1731/1731/825 1732/1732/825 1733/1733/825
f 1734/1734/826 1735/1735/826 1736/1736/826
f 1737/1737/827 1738/1738/827 1739/1739/827
f 1740/1740/828 1741/1741/828 1742/1742/828
f 1743/1743/829 1744/1744/829 1745/1745/829
f 1746/1746/830 1747/1747/830 1748/1748/830
f 1749/1749/831 1750/1750/831 1751/1751/831
f 1752/1752/832 1753/1753/832 1754/1754/832
f 1755/1755/833 1756/1756/833 1757/1757/833
f 1758/1758/834 1759/1759/834 1760/1760/834
f 1761/1761/835 1762/1762/835 1763/1763/835
f 1764/1764/836 1765/1765/836 1766/1766/836
f 1767/1767/837 1768/1768/837 1769/1769/837
f 1770/1770/838 1771/1771/838 1772/1772/838
f 1773/1773/839 1774/1774/839 1775/1775/839
f 1776/1776/840 1777/1777/840 1778/1778/840
f 1779/1779/841 1780/1780/841 1781/1781/841
f 1782/1782/842 1783/1783/842 1784/1784/842
f 1785/1785/843 1786/1786/843 1787/1787/843
f 1785/1785/844 1787/1787/844 1788/1788/844
f 1789/1789/845 1790/1790/845 1791/1791/845
f 1789/1789/846 1791/1791/846 1792/1792/846
f 1793/1793/847 1794/1794/847 1795/1795/847
f 1793/1793/848 1795/1795/848 1796/1796/848
f 1797/1797/849 1798/1798/849 1799/1799/849
f 1797/1797/850 1799/1799/850 1800/1800/850
f 1801/1801/851 1802/1802/851 1803/1803/851
f 1801/1801/852 1803/1803/852 1804/1804/852
f 1805/1805/853 1806/1806/853 1807/1807/853
f 1805/1805/854 1807/1807/854 1808/1808/854
f 1809/1809/855 1810/1810/855 1811/1811/855
f 1812/1812/856 1813/1813/856 1814/1814/856
f 1815/1815/857 1816/1816/857 1817/1817/857
f 1818/1818/858 1819/1819/858 1820/1820/858
f 1821/1821/859 1822/1822/859 1823/1823/859
f 1824/1824/860 1825/1825/860 1826/1826/860
f 1827/1827/861 1828/1828/861 1829/1829/861
f 1830/1830/862 1831/1831/862 1832/1832/862
f 1833/1833/863 1834/1834/863 1835/1835/863
f 1836/1836/864 1837/1837/864 1838/1838/864
f 1839/1839/865 1840/1840/865 1841/1841/865
f 1842/1842/866 1843/1843/866 1844/1844/866
f 1845/1845/867 1846/1846/867 1847/1847/867
f 1848/1848/868 1849/1849/868 1850/1850/868
f 1851/1851/869 1852/1852/869 1853/1853/869
f 1854/1854/870 1855/1855/870 1856/1856/870
f 1857/1857/871 1858/1858/871 1859/1859/871
f 1860/1860/872 1861/1861/872 1862/1862/872
f 1863/1863/873 1864/1864/873 1865/1865/873
f 1866/1866/874 1867/1867/874 1868/1868/874
f 1869/1869/875 1870/1870/875 1871/1871/875
f 1872/1872/876 1873/1873/876 1874/1874/876
f 1875/1875/877 1876/1876/877 1877/1877/877
f 1878/1878/878 1879/1879/878 1880/1880/878
f 1881/1881/879 1882/1882/879 1883/1883/879
f 1884/1884/880 1885/1885/880 1886/1886/880
f 1887/1887/881 1888/1888/881 1889/1889/881
f 1890/1890/882 1891/1891/882 1892/1892/882
f 1893/1893/883 1894/1894/883 1895/1895/883
f 1896/1896/884 1897/1897/884 1898/1898/884
f 1899/1899/885 1900/1900/885 1901/1901/885
f 1899/1899/886 1901/1901/886 1902/1902/886
f 1903/1903/887 1904/1904/887 1905/1905/887
f 1903/1903/888 1905/1905/888 1906/1906/888
f 1907/1907/889 1908/1908/889 1909/1909/889
f 1907/1907/890 1909/1909/890 1910/1910/890
f 1911/1911/891 1912/1912/891 1913/1913/891
f 1911/1911/892 1913/1913/892 1914/1914/892
f 1915/1915/893 1916/1916/893 1917/1917/893
f 1915/1915/894 1917/1917/894 1918/1918/894
f 1919/1919/895 1920/1920/895 1921/1921/895
f 1919/1919/896 1921/1921/896 1922/1922/896
f 1923/1923/897 1924/1924/897 1925/1925/897
f 1923/1923/898 1925/1925/898 1926/1926/898
f 1927/1927/899 1928/1928/899 1929/1929/899
f 1927/1927/900 1929/1929/900 1930/1930/900
f 1931/1931/901 1932/1932/901 1933/1933/901
f 1931/1931/902 1933/1933/902 1934/1934/902
f 1935/1935/903 1936/1936/903 1937/1937/903
f 1935/1935/904 1937/1937/904 1938/1938/904
f 1939/1939/905 1940/1940/905 1941/1941/905
f 1939/1939/906 1941/1941/906 1942/1942/906
f 1943/1943/907 1944/1944/907 1945/1945/907
f 1943/1943/908 1945/1945/908 1946/1946/908
f 1947/1947/909 1948/1948/909 1949/1949/909
f 1947/1947/910 1949/1949/910 1950/1950/910
f 1951/1951/911 1952/1952/911 1953/1953/911
f 1951/1951/912 1953/1953/912 1954/1954/912
f 1955/1955/913 1956/1956/913 1957/1957/913
f 1955/1955/914 1957/1957/914 1958/1958/914
f 1959/1959/915 1960/1960/915 1961/1961/915
f 1959/1959/916 1961/1961/916 1962/1962/916
f 1963/1963/917 1964/1964/917 1965/1965/917
f 1963/1963/918 1965/1965/918 1966/1966/918
f 1967/1967/919 1968/1968/919 1969/1969/919
f 1967/1967/920 1969/1969/920 1970/1970/920
f 1971/1971/921 1972/1972/921 1973/1973/921
f 1971/1971/922 1973/1973/922 1974/1974/922
f 1975/1975/923 1976/1976/923 1977/1977/923
f 1975/1975/924 1977/1977/924 1978/1978/924
f 1979/1979/925 1980/1980/925 1981/1981/925
f 1979/1979/926 1981/1981/926 1982/1982/926
f 1983/1983/927 1984/1984/927 1985/1985/927
f 1983/1983/928 1985/1985/928 1986/1986/928
f 1987/1987/929 1988/1988/929 1989/1989/929
f 1987/1987/930 1989/1989/930 1990/1990/930
f 1991/1991/931 1992/1992/931 1993/1993/931
f 1991/1991/932 1993/1993/932 1994/1994/932
f 1995/1995/933 1996/1996/933 1997/1997/933
f 1995/1995/934 1997/1997/934 1998/1998/934
f 1999/1999/935 2000/2000/935 2001/2001/935
f 1999/1999/936 2001/2001/936 2002/2002/936
f 2003/2003/937 2004/2004/937 2005/2005/937
f 2003/2003/938 2005/2005/938 2006/2006/938
f 2007/2007/939 2008/2008/939 2009/2009/939
f 2007/2007/940 2009/2009/940 2010/2010/940
f 2011/2011/941 2012/2012/941 2013/2013/941
f 2011/2011/942 2013/2013/942 2014/2014/942
f 2015/2015/943 2016/2016/943 2017/2017/943
f 2015/2015/944 2017/2017/944 2018/2018/944
f 2019/2019/945 2020/2020/945 2021/2021/945
f 2019/2019/946 2021/2021/946 2022/2022/946
f 2023/2023/947 2024/2024/947 2025/2025/947
f 2023/2023/948 2025/2025/948 2026/2026/948
f 2027/2027/949 2028/2028/949 2029/2029/949
f 2027/2027/950 2029/2029/950 2030/2030/950
f 2031/2031/951 2032/2032/951 2033/2033/951
f 2031/2031/952 2033/2033/952 2034/2034/952
f 2035/2035/953 2036/2036/953 2037/2037/953
f 2035/2035/954 2037/2037/954 2038/2038/954
f 2039/2039/955 2040/2040/955 2041/2041/955
f 2039/2039/956 2041/2041/956 2042/2042/956
f 2043/2043/957 2044/2044/957 2045/2045/957
f 2043/2043/958 2045/2045/958 2046/2046/958
f 2047/2047/959 2048/2048/959 2049/2049/959
f 2047/2047/960 2049/2049/960 2050/2050/960
f 2051/2051/961 2052/2052/961 2053/2053/961
f 2051/2051/962 2053/2053/962 2054/2054/962
f 2055/2055/963 2056/2056/963 2057/2057/963
f 2055/2055/964 2057/2057/964 2058/2058/964
f 2059/2059/965 2060/2060/965 2061/2061/965
f 2059/2059/966 2061/2061/966 2062/2062/966
f 2063/2063/967 2064/2064/967 2065/2065/967
f 2063/2063/968 2065/2065/968 2066/2066/968
f 2067/2067/969 2068/2068/969 2069/2069/969
f 2067/2067/970 2069/2069/970 2070/2070/970
f 2071/2071/971 2072/2072/971 2073/2073/971
f 2071/2071/972 2073/2073/972 2074/2074/972
f 2075/2075/973 2076/2076/973 2077/2077/973
f 2075/2075/974 2077/2077/974 2078/2078/974
f 2079/2079/975 2080/2080/975 2081/2081/975
f 2079/2079/976 2081/2081/976 2082/2082/976
f 2083/2083/977 2084/2084/977 2085/2085/977
f 2083/2083/978 2085/2085/978 2086/2086/978
f 2087/2087/979 2088/2088/979 2089/2089/979
f 2087/2087/980 2089/2089/980 2090/2090/980
f 2091/2091/981 2092/2092/981 2093/2093/981
f 2091/2091/982 2093/2093/982 2094/2094/982
f 2095/2095/983 2096/2096/983 2097/2097/983
f 2095/2095/984 2097/2097/984 2098/2098/984
f 2099/2099/985 2100/2100/985 2101/2101/985
f 2099/2099/986 2101/2101/986 2102/2102/986
f 2103/2103/987 2104/2104/987 2105/2105/987
f 2103/2103/988 2105/2105/988 2106/2106/988
f 2107/2107/989 2108/2108/989 2109/2109/989
f 2107/2107/990 2109/2109/990 2110/2110/990
f 2111/2111/991 2112/2112/991 2113/2113/991
f 2111/2111/992 2113/2113/992 2114/2114/992
f 2115/2115/993 2116/2116/993 2117/2117/993
f 2115/2115/994 2117/2117/994 2118/2118/994
f 2119/2119/995 2120/2120/995 2121/2121/995
f 2119/2119/996 2121/2121/996 2122/2122/996
f 2123/2123/997 2124/2124/997 2125/2125/997
f 2123/2123/998 2125/2125/998 2126/2126/998
f 2127/2127/999 2128/2128/999 2129/2129/999
f 2127/2127/1000 2129/2129/1000 2130/2130/1000
f 2131/2131/1001 2132/2132/1001 2133/2133/1001
f 2131/2131/1002 2133/2133/1002 2134/2134/1002
f 2135/2135/1003 2136/2136/1003 2137/2137/1003
f 2135/2135/1004 2137/2137/1004 2138/2138/1004
f 2139/2139/1005 2140/2140/1005 2141/2141/1005
f 2139/2139/1006 2141/2141/1006 2142/2142/1006
f 2143/2143/1007 2144/2144/1007 2145/2145/1007
f 2143/2143/1008 2145/2145/1008 2146/2146/1008
f 2147/2147/1009 2148/2148/1009 2149/2149/1009
f 2147/2147/1010 2149/2149/1010 2150/2150/1010
f 2151/2151/1011 2152/2152/1011 2153/2153/1011
f 2151/2151/1012 2153/2153/1012 2154/2154/1012
f 2155/2155/1013 2156/2156/1013 2157/2157/1013
f 2155/2155/1014 2157/2157/1014 2158/2158/1014
f 2159/2159/1015 2160/2160/1015 2161/2161/1015
f 2159/2159/1016 2161/2161/1016 2162/2162/1016
f 2163/2163/1017 2164/2164/1017 2165/2165/1017
f 2163/2163/1018 2165/2165/1018 2166/2166/1018
f 2167/2167/1019 2168/2168/1019 2169/2169/1019
f 2167/2167/1020 2169/2169/1020 2170/2170/1020
f 2171/2171/1021 2172/2172/1021 2173/2173/1021
f 2171/2171/1022 2173/2173/1022 2174/2174/1022
f 2175/2175/1023 2176/2176/1023 2177/2177/1023
f 2175/2175/1024 2177/2177/1024 2178/2178/1024
f 2179/2179/1025 2180/2180/1025 2181/2181/1025
f 2179/2179/1026 2181/2181/1026 2182/2182/1026
f 2183/2183/1027 2184/2184/1027 2185/2185/1027
f 2183/2183/1028 2185/2185/1028 2186/2186/1028
f 2187/2187/1029 2188/2188/1029 2189/2189/1029
f 2187/2187/1030 2189/2189/1030 2190/2190/1030
f 2191/2191/1031 2192/2192/1031 2193/2193/1031
f 2191/2191/1032 2193/2193/1032 2194/2194/1032
f 2195/2195/1033 2196/2196/1033 2197/2197/1033
f 2195/2195/1034 2197/2197/1034 2198/2198/1034
f 2199/2199/1035 2200/2200/1035 2201/2201/1035
f 2199/2199/1036 2201/2201/1036 2202/2202/1036
f 2203/2203/1037 2204/2204/1037 2205/2205/1037
f 2203/2203/1038 2205/2205/1038 2206/2206/1038
f 2207/2207/1039 2208/2208/1039 2209/2209/1039
f 2207/2207/1040 2209/2209/1040 2210/2210/1040
f 2211/2211/1041 2212/2212/1041 2213/2213/1041
f 2211/2211/1042 2213/2213/1042 2214/2214/1042
f 2215/2215/1043 2216/2216/1043 2217/2217/1043
f 2215/2215/1044 2217/2217/1044 2218/2218/1044
f 2219/2219/1045 2220/2220/1045 2221/2221/1045
f 2219/2219/1046 2221/2221/1046 2222/2222/1046
f 2223/2223/1047 2224/2224/1047 2225/2225/1047
f 2223/2223/1048 2225/2225/1048 2226/2226/1048
f 2227/2227/1049 2228/2228/1049 2229/2229/1049
f 2227/2227/1050 2229/2229/1050 2230/2230/1050
f 2231/2231/1051 2232/2232/1051 2233/2233/1051
f 2231/2231/1052 2233/2233/1052 2234/2234/1052
f 2235/2235/1053 2236/2236/1053 2237/2237/1053
f 2235/2235/1054 2237/2237/1054 2238/2238/1054
f 2239/2239/1055 2240/2240/1055 2241/2241/1055
f 2239/2239/1056 2241/2241/1056 2242/2242/1056
f 2243/2243/1057 2244/2244/1057 2245/2245/1057
f 2243/2243/1058 2245/2245/1058 2246/2246/1058
f 2247/2247/1059 2248/2248/1059 2249/2249/1059
f 2247/2247/1060 2249/2249/1060 2250/2250/1060
f 2251/2251/1061 2252/2252/1061 2253/2253/1061
f 2251/2251/1062 2253/2253/1062 2254/2254/1062
f 2255/2255/1063 2256/2256/1063 2257/2257/1063
f 2255/2255/1064 2257/2257/1064 2258/2258/1064
f 2259/2259/1065 2260/2260/1065 2261/2261/1065
f 2259/2259/1066 2261/2261/1066 2262/2262/1066
f 2263/2263/1067 2264/2264/1067 2265/2265/1067
f 2263/2263/1068 2265/2265/1068 2266/2266/1068
f 2267/2267/1069 2268/2268/1069 2269/2269/1069
f 2267/2267/1070 2269/2269/1070 2270/2270/1070
f 2271/2271/1071 2272/2272/1071 2273/2273/1071
f 2271/2271/1072 2273/2273/1072 2274/2274/1072
f 2275/2275/1073 2276/2276/1073 2277/2277/1073
f 2275/2275/1074 2277/2277/1074 2278/2278/1074
f 2279/2279/1075 2280/2280/1075 2281/2281/1075
f 2279/2279/1076 2281/2281/1076 2282/2282/1076
f 2283/2283/1077 2284/2284/1077 2285/2285/1077
f 2283/2283/1078 2285/2285/1078 2286/2286/1078
f 2287/2287/1079 2288/2288/1079 2289/2289/1079
f 2287/2287/1080 2289/2289/1080 2290/2290/1080
f 2291/2291/1081 2292/2292/1081 2293/2293/1081
f 2291/2291/1082 2293/2293/1082 2294/2294/1082
f 2295/2295/1083 2296/2296/1083 2297/2297/1083
f 2295/2295/1084 2297/2297/1084 2298/2298/1084
f 2299/2299/1085 2300/2300/1085 2301/2301/1085
f 2299/2299/1086 2301/2301/1086 2302/2302/1086
f 2303/2303/1087 2304/2304/1087 2305/2305/1087
f 2303/2303/1088 2305/2305/1088 2306/2306/1088
f 2307/2307/1089 2308/2308/1089 2309/2309/1089
f 2310/2310/1090 2311/2311/1090 2312/2312/1090
f 2313/2313/1091 2314/2314/1091 2315/2315/1091
f 2316/2316/1092 2317/2317/1092 2318/2318/1092
f 2319/2319/1093 2320/2320/1093 2321/2321/1093
f 2322/2322/1094 2323/2323/1094 2324/2324/1094
f 2325/2325/1095 2326/2326/1095 2327/2327/1095
f 2328/2328/1096 2329/2329/1096 2330/2330/1096
f 2331/2331/1097 2332/2332/1097 2333/2333/1097
f 2334/2334/1098 2335/2335/1098 2336/2336/1098
f 2337/2337/1099 2338/2338/1099 2339/2339/1099
f 2340/2340/1100 2341/2341/1100 2342/2342/1100
f 2343/2343/1101 2344/2344/1101 2345/2345/1101
f 2346/2346/1102 2347/2347/1102 2348/2348/1102
f 2349/2349/1103 2350/2350/1103 2351/2351/1103
f 2352/2352/1104 2353/2353/1104 2354/2354/1104
f 2355/2355/1105 2356/2356/1105 2357/2357/1105
f 2358/2358/1106 2359/2359/1106 2360/2360/1106
f 2361/2361/1107 2362/2362/1107 2363/2363/1107
f 2364/2364/1108 2365/2365/1108 2366/2366/1108
f 2367/2367/1109 2368/2368/1109 2369/2369/1109
f 2370/2370/1110 2371/2371/1110 2372/2372/1110
f 2373/2373/1111 2374/2374/1111 2375/2375/1111
f 2376/2376/1112 2377/2377/1112 2378/2378/1112
f 2379/2379/1113 2380/2380/1113 2381/2381/1113
f 2382/2382/1114 2383/2383/1114 2384/2384/1114
f 2385/2385/1115 2386/2386/1115 2387/2387/1115
f 2388/2388/1116 2389/2389/1116 2390/2390/1116
f 2391/2391/1117 2392/2392/1117 2393/2393/1117
f 2394/2394/1118 2395/2395/1118 2396/2396/1118
f 2397/2397/1119 2398/2398/1119 2399/2399/1119
f 2397/2397/1120 2399/2399/1120 2400/2400/1120
f 2401/2401/1121 2402/2402/1121 2403/2403/1121
f 2401/2401/1122 2403/2403/1122 2404/2404/1122
f 2405/2405/1123 2406/2406/1123 2407/2407/1123
f 2405/2405/1124 2407/2407/1124 2408/2408/1124
f 2409/2409/1125 2410/2410/1125 2411/2411/1125
f 2409/2409/1126 2411/2411/1126 2412/2412/1126
f 2413/2413/1127 2414/2414/1127 2415/2415/1127
f 2413/2413/1128 2415/2415/1128 2416/2416/1128
f 2417/2417/1129 2418/2418/1129 2419/2419/1129
f 2417/2417/1130 2419/2419/1130 2420/2420/1130
f 2421/2421/1131 2422/2422/1131 2423/2423/1131
f 2424/2424/1132 2425/2425/1132 2426/2426/1132
f 2427/2427/1133 2428/2428/1133 2429/2429/1133
f 2430/2430/1134 2431/2431/1134 2432/2432/1134
f 2433/2433/1135 2434/2434/1135 2435/2435/1135
f 2436/2436/1136 2437/2437/1136 2438/2438/1136
f 2439/2439/1137 2440/2440/1137 2441/2441/1137
f 2442/2442/1138 2443/2443/1138 2444/2444/1138
f 2445/2445/1139 2446/2446/1139 2447/2447/1139
f 2448/2448/1140 2449/2449/1140 2450/2450/1140
f 2451/2451/1141 2452/2452/1141 2453/2453/1141
f 2454/2454/1142 2455/2455/1142 2456/2456/1142
f 2457/2457/1143 2458/2458/1143 2459/2459/1143
f 2460/2460/1144 2461/2461/1144 2462/2462/1144
f 2463/2463/1145 2464/2464/1145 2465/2465/1145
f 2466/2466/1146 2467/2467/1146 2468/2468/1146
f 2469/2469/1147 2470/2470/1147 2471/2471/1147
f 2472/2472/1148 2473/2473/1148 2474/2474/1148
f 2475/2475/1149 2476/2476/1149 2477/2477/1149
f 2478/2478/1150 2479/2479/1150 2480/2480/1150
f 2481/2481/1151 2482/2482/1151 2483/2483/1151
f 2484/2484/1152 2485/2485/1152 2486/2486/1152
f 2487/2487/1153 2488/2488/1153 2489/2489/1153
f 2490/2490/1154 2491/2491/1154 2492/2492/1154
f 2493/2493/1155 2494/2494/1155 2495/2495/1155
f 2496/2496/1156 2497/2497/1156 2498/2498/1156
f 2499/2499/1157 2500/2500/1157 2501/2501/1157
f 2502/2502/1158 2503/2503/1158 2504/2504/1158
f 2505/2505/1159 2506/2506/1159 2507/2507/1159
f 2508/2508/1160 2509/2509/1160 2510/2510/1160
f 2511/2511/1161 2512/2512/1161 2513/2513/1161
f 2511/2511/1162 2513/2513/1162 2514/2514/1162
f 2515/2515/1163 2516/2516/1163 2517/2517/1163
f 2515/2515/1164 2517/2517/1164 2518/2518/1164
f 2519/2519/1165 2520/2520/1165 2521/2521/1165
f 2519/2519/1166 2521/2521/1166 2522/2522/1166
f 2523/2523/1167 2524/2524/1167 2525/2525/1167
f 2523/2523/1168 2525/2525/1168 2526/2526/1168
f 2527/2527/1169 2528/2528/1169 2529/2529/1169
f 2527/2527/1170 2529/2529/1170 2530/2530/1170
f 2531/2531/1171 2532/2532/1171 2533/2533/1171
f 2531/2531/1172 2533/2533/1172 2534/2534/1172
f 2535/2535/1173 2536/2536/1173 2537/2537/1173
f 2535/2535/1174 2537/2537/1174 2538/2538/1174
f 2539/2539/1175 2540/2540/1175 2541/2541/1175
f 2539/2539/1176 2541/2541/1176 2542/2542/1176
f 2543/2543/1177 2544/2544/1177 2545/2545/1177
f 2543/2543/1178 2545/2545/1178 2546/2546/1178
f 2547/2547/1179 2548/2548/1179 2549/2549/1179
f 2547/2547/1180 2549/2549/1180 2550/2550/1180
f 2551/2551/1181 2552/2552/1181 2553/2553/1181
f 2551/2551/1182 2553/2553/1182 2554/2554/1182
f 2555/2555/1183 2556/2556/1183 2557/2557/1183
f 2555/2555/1184 2557/2557/1184 2558/2558/1184
f 2559/2559/1185 2560/2560/1185 2561/2561/1185
f 2559/2559/1186 2561/2561/1186 2562/2562/1186
f 2563/2563/1187 2564/2564/1187 2565/2565/1187
f 2563/2563/1188 2565/2565/1188 2566/2566/1188
f 2567/2567/1189 2568/2568/1189 2569/2569/1189
f 2567/2567/1190 2569/2569/1190 2570/2570/1190
f 2571/2571/1191 2572/2572/1191 2573/2573/1191
f 2571/2571/1192 2573/2573/1192 2574/2574/1192
f 2575/2575/1193 2576/2576/1193 2577/2577/1193
f 2575/2575/1194 2577/2577/1194 2578/2578/1194
f 2579/2579/1195 2580/2580/1195 2581/2581/1195
f 2579/2579/1196 2581/2581/1196 2582/2582/1196
f 2583/2583/1197 2584/2584/1197 2585/2585/1197
f 2583/2583/1198 2585/2585/1198 2586/2586/1198
f 2587/2587/1199 2588/2588/1199 2589/2589/1199
f 2587/2587/1200 2589/2589/1200 2590/2590/1200
f 2591/2591/1201 2592/2592/1201 2593/2593/1201
f 2591/2591/1202 2593/2593/1202 2594/2594/1202
f 2595/2595/1203 2596/2596/1203 2597/2597/1203
f 2595/2595/1204 2597/2597/1204 2598/2598/1204
f 2599/2599/1205 2600/2600/1205 2601/2601/1205
f 2599/2599/1206 2601/2601/1206 2602/2602/1206
f 2603/2603/1207 2604/2604/1207 2605/2605/1207
f 2603/2603/1208 2605/2605/1208 2606/2606/1208
f 2607/2607/1209 2608/2608/1209 2609/2609/1209
f 2607/2607/1210 2609/2609/1210 2610/2610/1210
f 2611/2611/1211 2612/2612/1211 2613/2613/1211
f 2611/2611/1212 2613/2613/1212 2614/2614/1212
f 2615/2615/1213 2616/2616/1213 2617/2617/1213
f 2615/2615/1214 2617/2617/1214 2618/2618/1214
f 2619/2619/1215 2620/2620/1215 2621/2621/1215
f 2619/2619/1216 2621/2621/1216 2622/2622/1216
f 2623/2623/1217 2624/2624/1217 2625/2625/1217
f 2623/2623/1218 2625/2625/1218 2626/2626/1218
f 2627/2627/1219 2628/2628/1219 2629/2629/1219
f 2627/2627/1220 2629/2629/1220 2630/2630/1220
f 2631/2631/1221 2632/2632/1221 2633/2633/1221
f 2631/2631/1222 2633/2633/1222 2634/2634/1222
f 2635/2635/1223 2636/2636/1223 2637/2637/1223
f 2635/2635/1224 2637/2637/1224 2638/2638/1224
f 2639/2639/1225 2640/2640/1225 2641/2641/1225
f 2639/2639/1226 2641/2641/1226 2642/2642/1226
f 2643/2643/1227 2644/2644/1227 2645/2645/1227
f 2643/2643/1228 2645/2645/1228 2646/2646/1228
f 2647/2647/1229 2648/2648/1229 2649/2649/1229
f 2647/2647/1230 2649/2649/1230 2650/2650/1230
f 2651/2651/1231 2652/2652/1231 2653/2653/1231
f 2651/2651/1232 2653/2653/1232 2654/2654/1232
f 2655/2655/1233 2656/2656/1233 2657/2657/1233
f 2655/2655/1234 2657/2657/1234 2658/2658/1234
f 2659/2659/1235 2660/2660/1235 2661/2661/1235
f 2659/2659/1236 2661/2661/1236 2662/2662/1236
f 2663/2663/1237 2664/2664/1237 2665/2665/1237
f 2663/2663/1238 2665/2665/1238 2666/2666/1238
f 2667/2667/1239 2668/2668/1239 2669/2669/1239
f 2667/2667/1240 2669/2669/1240 2670/2670/1240
f 2671/2671/1241 2672/2672/1241 2673/2673/1241
f 2671/2671/1242 2673/2673/1242 2674/2674/1242
f 2675/2675/1243 2676/2676/1243 2677/2677/1243
f 2675/2675/1244 2677/2677/1244 2678/2678/1244
f 2679/2679/1245 2680/2680/1245 2681/2681/1245
f 2679/2679/1246 2681/2681/1246 2682/2682/1246
f 2683/2683/1247 2684/2684/1247 2685/2685/1247
f 2683/2683/1248 2685/2685/1248 2686/2686/1248
f 2687/2687/1249 2688/2688/1249 2689/2689/1249
f 2687/2687/1250 2689/2689/1250 2690/2690/1250
f 2691/2691/1251 2692/2692/1251 2693/2693/1251
f 2691/2691/1252 2693/2693/1252 2694/2694/1252
f 2695/2695/1253 2696/2696/1253 2697/2697/1253
f 2695/2695/1254 2697/2697/1254 2698/2698/1254
f 2699/2699/1255 2700/2700/1255 2701/2701/1255
f 2699/2699/1256 2701/2701/1256 2702/2702/1256
f 2703/2703/1257 2704/2704/1257 2705/2705/1257
f 2703/2703/1258 2705/2705/1258 2706/2706/1258
f 2707/2707/1259 2708/2708/1259 2709/2709/1259
f 2707/2707/1260 2709/2709/1260 2710/2710/1260
f 2711/2711/1261 2712/2712/1261 2713/2713/1261
f 2711/2711/1262 2713/2713/1262 2714/2714/1262
f 2715/2715/1263 2716/2716/1263 2717/2717/1263
f 2715/2715/1264 2717/2717/1264 2718/2718/1264
f 2719/2719/1265 2720/2720/1265 2721/2721/1265
f 2719/2719/1266 2721/2721/1266 2722/2722/1266
f 2723/2723/1267 2724/2724/1267 2725/2725/1267
f 2723/2723/1268 2725/2725/1268 2726/2726/1268
f 2727/2727/1269 2728/2728/1269 2729/2729/1269
f 2727/2727/1270 2729/2729/1270 2730/2730/1270
f 2731/2731/1271 2732/2732/1271 2733/2733/1271
f 2731/2731/1272 2733/2733/1272 2734/2734/1272
f 2735/2735/1273 2736/2736/1273 2737/2737/1273
f 2735/2735/1274 2737/2737/1274 2738/2738/1274
f 2739/2739/1275 2740/2740/1275 2741/2741/1275
f 2739/2739/1276 2741/2741/1276 2742/2742/1276
f 2743/2743/1277 2744/2744/1277 2745/2745/1277
f 2743/2743/1278 2745/2745/1278 2746/2746/1278
f 2747/2747/1279 2748/2748/1279 2749/2749/1279
f 2747/2747/1280 2749/2749/1280 2750/2750/1280
f 2751/2751/1281 2752/2752/1281 2753/2753/1281
f 2751/2751/1282 2753/2753/1282 2754/2754/1282
f 2755/2755/1283 2756/2756/1283 2757/2757/1283
f 2755/2755/1284 2757/2757/1284 2758/2758/1284
f 2759/2759/1285 2760/2760/1285 2761/2761/1285
f 2759/2759/1286 2761/2761/1286 2762/2762/1286
f 2763/2763/1287 2764/2764/1287 2765/2765/1287
f 2763/2763/1288 2765/2765/1288 2766/2766/1288
f 2767/2767/1289 2768/2768/1289 2769/2769/1289
f 2767/2767/1290 2769/2769/1290 2770/2770/1290
f 2771/2771/1291 2772/2772/1291 2773/2773/1291
f 2771/2771/1292 2773/2773/1292 2774/2774/1292
f 2775/2775/1293 2776/2776/1293 2777/2777/1293
f 2775/2775/1294 2777/2777/1294 2778/2778/1294
f 2779/2779/1295 2780/2780/1295 2781/2781/1295
f 2779/2779/1296 2781/2781/1296 2782/2782/1296
f 2783/2783/1297 2784/2784/1297 2785/2785/1297
f 2783/2783/1298 2785/2785/1298 2786/2786/1298
f 2787/2787/1299 2788/2788/1299 2789/2789/1299
f 2787/2787/1300 2789/2789/1300 2790/2790/1300
f 2791/2791/1301 2792/2792/1301 2793/2793/1301
f 2791/2791/1302 2793/2793/1302 2794/2794/1302
f 2795/2795/1303 2796/2796/1303 2797/2797/1303
f 2795/2795/1304 2797/2797/1304 2798/2798/1304
f 2799/2799/1305 2800/2800/1305 2801/2801/1305
f 2799/2799/1306 2801/2801/1306 2802/2802/1306
f 2803/2803/1307 2804/2804/1307 2805/2805/1307
f 2803/2803/1308 2805/2805/1308 2806/2806/1308
f 2807/2807/1309 2808/2808/1309 2809/2809/1309
f 2807/2807/1310 2809/2809/1310 2810/2810/1310
f 2811/2811/1311 2812/2812/1311 2813/2813/1311
f 2811/2811/1312 2813/2813/1312 2814/2814/1312
f 2815/2815/1313 2816/2816/1313 2817/2817/1313
f 2815/2815/1314 2817/2817/1314 2818/2818/1314
f 2819/2819/1315 2820/2820/1315 2821/2821/1315
f 2819/2819/1316 2821/2821/1316 2822/2822/1316
f 2823/2823/1317 2824/2824/1317 2825/2825/1317
f 2823/2823/1318 2825/2825/1318 2826/2826/1318
f 2827/2827/1319 2828/2828/1319 2829/2829/1319
f 2827/2827/1320 2829/2829/1320 2830/2830/1320
f 2831/2831/1321 2832/2832/1321 2833/2833/1321
f 2831/2831/1322 2833/2833/1322 2834/2834/1322
f 2835/2835/1323 2836/2836/1323 2837/2837/1323
f 2835/2835/1324 2837/2837/1324 2838/2838/1324
f 2839/2839/1325 2840/2840/1325 2841/2841/1325
f 2839/2839/1326 2841/2841/1326 2842/2842/1326
f 2843/2843/1327 2844/2844/1327 2845/2845/1327
f 2843/2843/1328 2845/2845/1328 2846/2846/1328
f 2847/2847/1329 2848/2848/1329 2849/2849/1329
f 2847/2847/1330 2849/2849/1330 2850/2850/1330
f 2851/2851/1331 2852/2852/1331 2853/2853/1331
f 2851/2851/1332 2853/2853/1332 2854/2854/1332
f 2855/2855/1333 2856/2856/1333 2857/2857/1333
f 2855/2855/1334 2857/2857/1334 2858/2858/1334
f 2859/2859/1335 2860/2860/1335 2861/2861/1335
f 2859/2859/1336 2861/2861/1336 2862/2862/1336
f 2863/2863/1337 2864/2864/1337 2865/2865/1337
f 2863/2863/1338 2865/2865/1338 2866/2866/1338
f 2867/2867/1339 2868/2868/1339 2869/2869/1339
f 2867/2867/1340 2869/2869/1340 2870/2870/1340
f 2871/2871/1341 2872/2872/1341 2873/2873/1341
f 2871/2871/1342 2873/2873/1342 2874/2874/1342
f 2875/2875/1343 2876/2876/1343 2877/2877/1343
f 2875/2875/1344 2877/2877/1344 2878/2878/1344
f 2879/2879/1345 2880/2880/1345 2881/2881/1345
f 2879/2879/1346 2881/2881/1346 2882/2882/1346
f 2883/2883/1347 2884/2884/1347 2885/2885/1347
f 2883/2883/1348 2885/2885/1348 2886/2886/1348
f 2887/2887/1349 2888/2888/1349 2889/2889/1349
f 2887/2887/1350 2889/2889/1350 2890/2890/1350
f 2891/2891/1351 2892/2892/1351 2893/2893/1351
f 2891/2891/1352 2893/2893/1352 2894/2894/1352
f 2895/2895/1353 2896/2896/1353 2897/2897/1353
f 2895/2895/1354 2897/2897/1354 2898/2898/1354
f 2895/2895/1355 2898/2898/1355 2899/2899/1355
f 2895/2895/1356 2899/2899/1356 2900/2900/1356
f 2901/2901/1357 2902/2902/1357 2903/2903/1357
f 2901/2901/1358 2903/2903/1358 2904/2904/1358
f 2901/2901/1359 2904/2904/1359 2905/2905/1359
f 2901/2901/1360 2905/2905/1360 2906/2906/1360
f 2907/2907/1361 2908/2908/1361 2909/2909/1361
f 2907/2907/1362 2909/2909/1362 2910/2910/1362
f 2911/2911/1363 2912/2912/1363 2913/2913/1363
f 2911/2911/1364 2913/2913/1364 2914/2914/1364
f 2915/2915/1365 2916/2916/1365 2917/2917/1365
f 2915/2915/1366 2917/2917/1366 2918/2918/1366
f 2919/2919/1367 2920/2920/1367 2921/2921/1367
f 2919/2919/1368 2921/2921/1368 2922/2922/1368
f 2923/2923/1369 2924/2924/1369 2925/2925/1369
f 2923/2923/1370 2925/2925/1370 2926/2926/1370
f 2927/2927/1371 2928/2928/1371 2929/2929/1371
f 2927/2927/1372 2929/2929/1372 2930/2930/1372
f 2931/2931/1373 2932/2932/1373 2933/2933/1373
f 2931/2931/1374 2933/2933/1374 2934/2934/1374
f 2935/2935/1375 2936/2936/1375 2937/2937/1375
f 2935/2935/1376 2937/2937/1376 2938/2938/1376
f 2939/2939/1377 2940/2940/1377 2941/2941/1377
f 2939/2939/1378 2941/2941/1378 2942/2942/1378
f 2943/2943/1379 2944/2944/1379 2945/2945/1379
f 2943/2943/1380 2945/2945/1380 2946/2946/1380
f 2947/2947/1381 2948/2948/1381 2949/2949/1381
f 2947/2947/1382 2949/2949/1382 2950/2950/1382
f 2951/2951/1383 2952/2952/1383 2953/2953/1383
f 2951/2951/1384 2953/2953/1384 2954/2954/1384
f 2955/2955/1385 2956/2956/1385 2957/2957/1385
f 2955/2955/1386 2957/2957/1386 2958/2958/1386
f 2955/2955/1387 2958/2958/1387 2959/2959/1387
f 2955/2955/1388 2959/2959/1388 2960/2960/1388
f 2955/2955/1389 2960/2960/1389 2961/2961/1389
f 2955/2955/1390 2961/2961/1390 2962/2962/1390
f 2963/2963/1391 2964/2964/1391 2965/2965/1391
f 2963/2963/1392 2965/2965/1392 2966/2966/1392
f 2963/2963/1393 2966/2966/1393 2967/2967/1393
f 2963/2963/1394 2967/2967/1394 2968/2968/1394
f 2963/2963/1395 2968/2968/1395 2969/2969/1395
f 2963/2963/1396 2969/2969/1396 2970/2970/1396
f 2971/2971/1397 2972/2972/1397 2973/2973/1397
f 2971/2971/1398 2973/2973/1398 2974/2974/1398
f 2975/2975/1399 2976/2976/1399 2977/2977/1399
f 2975/2975/1400 2977/2977/1400 2978/2978/1400
f 2979/2979/1401 2980/2980/1401 2981/2981/1401
f 2979/2979/1402 2981/2981/1402 2982/2982/1402
f 2983/2983/1403 2984/2984/1403 2985/2985/1403
f 2983/2983/1404 2985/2985/1404 2986/2986/1404
f 2987/2987/1405 2988/2988/1405 2989/2989/1405
f 2987/2987/1406 2989/2989/1406 2990/2990/1406
f 2991/2991/1407 2992/2992/1407 2993/2993/1407
f 2991/2991/1408 2993/2993/1408 2994/2994/1408
f 2995/2995/1409 2996/2996/1409 2997/2997/1409
f 2995/2995/1410 2997/2997/1410 2998/2998/1410
f 2999/2999/1411 3000/3000/1411 3001/3001/1411
f 2999/2999/1412 3001/3001/1412 3002/3002/1412
f 3003/3003/1413 3004/3004/1413 3005/3005/1413
f 3006/3006/1414 3007/3007/1414 3008/3008/1414
f 3009/3009/1415 3010/3010/1415 3011/3011/1415
f 3012/3012/1416 3013/3013/1416 3014/3014/1416
f 3015/3015/1417 3016/3016/1417 3017/3017/1417
f 3018/3018/1418 3019/3019/1418 3020/3020/1418
f 3021/3021/1419 3022/3022/1419 3023/3023/1419
f 3024/3024/1420 3025/3025/1420 3026/3026/1420
f 3027/3027/1421 3028/3028/1421 3029/3029/1421
f 3030/3030/1422 3031/3031/1422 3032/3032/1422
f 3033/3033/1423 3034/3034/1423 3035/3035/1423
f 3036/3036/1424 3037/3037/1424 3038/3038/1424
f 3039/3039/1425 3040/3040/1425 3041/3041/1425
f 3042/3042/1426 3043/3043/1426 3044/3044/1426
f 3045/3045/1427 3046/3046/1427 3047/3047/1427
f 3048/3048/1428 3049/3049/1428 3050/3050/1428
f 3051/3051/1429 3052/3052/1429 3053/3053/1429
f 3054/3054/1430 3055/3055/1430 3056/3056/1430
f 3057/3057/1431 3058/3058/1431 3059/3059/1431
f 3060/3060/1432 3061/3061/1432 3062/3062/1432
f 3063/3063/1433 3064/3064/1433 3065/3065/1433
f 3066/3066/1434 3067/3067/1434 3068/3068/1434
f 3069/3069/1435 3070/3070/1435 3071/3071/1435
f 3072/3072/1436 3073/3073/1436 3074/3074/1436
f 3075/3075/1437 3076/3076/1437 3077/3077/1437
f 3078/3078/1438 3079/3079/1438 3080/3080/1438
f 3081/3081/1439 3082/3082/1439 3083/3083/1439
f 3084/3084/1440 3085/3085/1440 3086/3086/1440
f 3087/3087/1441 3088/3088/1441 3089/3089/1441
f 3090/3090/1442 3091/3091/1442 3092/3092/1442
f 3093/3093/1443 3094/3094/1443 3095/3095/1443
f 3096/3096/1444 3097/3097/1444 3098/3098/1444
f 3099/3099/1445 3100/3100/1445 3101/3101/1445
f 3102/3102/1446 3103/3103/1446 3104/3104/1446
f 3105/3105/1447 3106/3106/1447 3107/3107/1447
f 3108/3108/1448 3109/3109/1448 3110/3110/1448
f 3111/3111/1449 3112/3112/1449 3113/3113/1449
f 3114/3114/1450 3115/3115/1450 3116/3116/1450
f 3117/3117/1451 3118/3118/1451 3119/3119/1451
f 3120/3120/1452 3121/3121/1452 3122/3122/1452
f 3123/3123/1453 3124/3124/1453 3125/3125/1453
f 3123/3123/1454 3125/3125/1454 3126/3126/1454
f 3127/3127/1455 3128/3128/1455 3129/3129/1455
f 3127/3127/1456 3129/3129/1456 3130/3130/1456
f 3131/3131/1457 3132/3132/1457 3133/3133/1457
f 3131/3131/1458 3133/3133/1458 3134/3134/1458
f 3135/3135/1459 3136/3136/1459 3137/3137/1459
f 3135/3135/1460 3137/3137/1460 3138/3138/1460
f 3139/3139/1461 3140/3140/1461 3141/3141/1461
f 3139/3139/1462 3141/3141/1462 3142/3142/1462
f 3143/3143/1463 3144/3144/1463 3145/3145/1463
f 3143/3143/1464 3145/3145/1464 3146/3146/1464
f 3147/3147/1465 3148/3148/1465 3149/3149/1465
f 3147/3147/1466 3149/3149/1466 3150/3150/1466
f 3151/3151/1467 3152/3152/1467 3153/3153/1467
f 3151/3151/1468 3153/3153/1468 3154/3154/1468
f 3155/3155/1469 3156/3156/1469 3157/3157/1469
f 3155/3155/1470 3157/3157/1470 3158/3158/1470
f 3159/3159/1471 3160/3160/1471 3161/3161/1471
f 3159/3159/1472 3161/3161/1472 3162/3162/1472
f 3163/3163/1473 3164/3164/1473 3165/3165/1473
f 3163/3163/1474 3165/3165/1474 3166/3166/1474
f 3167/3167/1475 3168/3168/1475 3169/3169/1475
f 3167/3167/1476 3169/3169/1476 3170/3170/1476
f 3171/3171/1477 3172/3172/1477 3173/3173/1477
f 3171/3171/1478 3173/3173/1478 3174/3174/1478
f 3175/3175/1479 3176/3176/1479 3177/3177/1479
f 3175/3175/1480 3177/3177/1480 3178/3178/1480
f 3179/3179/1481 3180/3180/1481 3181/3181/1481
f 3179/3179/1482 3181/3181/1482 3182/3182/1482
f 3183/3183/1483 3184/3184/1483 3185/3185/1483
f 3183/3183/1484 3185/3185/1484 3186/3186/1484
f 3187/3187/1485 3188/3188/1485 3189/3189/1485
f 3187/3187/1486 3189/3189/1486 3190/3190/1486
f 3191/3191/1487 3192/3192/1487 3193/3193/1487
f 3191/3191/1488 3193/3193/1488 3194/3194/1488
f 3195/3195/1489 3196/3196/1489 3197/3197/1489
f 3195/3195/1490 3197/3197/1490 3198/3198/1490
f 3199/3199/1491 3200/3200/1491 3201/3201/1491
f 3199/3199/1492 3201/3201/1492 3202/3202/1492
f 3203/3203/1493 3204/3204/1493 3205/3205/1493
f 3203/3203/1494 3205/3205/1494 3206/3206/1494
f 3207/3207/1495 3208/3208/1495 3209/3209/1495
f 3207/3207/1496 3209/3209/1496 3210/3210/1496
f 3211/3211/1497 3212/3212/1497 3213/3213/1497
f 3211/3211/1498 3213/3213/1498 3214/3214/1498
f 3215/3215/1499 3216/3216/1499 3217/3217/1499
f 3215/3215/1500 3217/3217/1500 3218/3218/1500
f 3219/3219/1501 3220/3220/1501 3221/3221/1501
f 3219/3219/1502 3221/3221/1502 3222/3222/1502
f 3223/3223/1503 3224/3224/1503 3225/3225/1503
f 3223/3223/1504 3225/3225/1504 3226/3226/1504
f 3227/3227/1505 3228/3228/1505 3229/3229/1505
f 3227/3227/1506 3229/3229/1506 3230/3230/1506
f 3231/3231/1507 3232/3232/1507 3233/3233/1507
f 3231/3231/1508 3233/3233/1508 3234/3234/1508
f 3235/3235/1509 3236/3236/1509 3237/3237/1509
f 3235/3235/1510 3237/3237/1510 3238/3238/1510
f 3239/3239/1511 3240/3240/1511 3241/3241/1511
f 3239/3239/1512 3241/3241/1512 3242/3242/1512
f 3243/3243/1513 3244/3244/1513 3245/3245/1513
f 3243/3243/1514 3245/3245/1514 3246/3246/1514
f 3247/3247/1515 3248/3248/1515 3249/3249/1515
f 3247/3247/1516 3249/3249/1516 3250/3250/1516
f 3251/3251/1517 3252/3252/1517 3253/3253/1517
f 3251/3251/1518 3253/3253/1518 3254/3254/1518
f 3255/3255/1519 3256/3256/1519 3257/3257/1519
f 3255/3255/1520 3257/3257/1520 3258/3258/1520
f 3259/3259/1521 3260/3260/1521 3261/3261/1521
f 3259/3259/1522 3261/3261/1522 3262/3262/1522
f 3263/3263/1523 3264/3264/1523 3265/3265/1523
f 3263/3263/1524 3265/3265/1524 3266/3266/1524
f 3267/3267/1525 3268/3268/1525 3269/3269/1525
f 3267/3267/1526 3269/3269/1526 3270/3270/1526
f 3271/3271/1527 3272/3272/1527 3273/3273/1527
f 3271/3271/1528 3273/3273/1528 3274/3274/1528
f 3275/3275/1529 3276/3276/1529 3277/3277/1529
f 3275/3275/1530 3277/3277/1530 3278/3278/1530
f 3279/3279/1531 3280/3280/1531 3281/3281/1531
f 3279/3279/1532 3281/3281/1532 3282/3282/1532
f 3283/3283/1533 3284/3284/1533 3285/3285/1533
f 3283/3283/1534 3285/3285/1534 3286/3286/1534
f 3287/3287/1535 3288/3288/1535 3289/3289/1535
f 3287/3287/1536 3289/3289/1536 3290/3290/1536
f 3291/3291/1537 3292/3292/1537 3293/3293/1537
f 3291/3291/1538 3293/3293/1538 3294/3294/1538
f 3295/3295/1539 3296/3296/1539 3297/3297/1539
f 3295/3295/1540 3297/3297/1540 3298/3298/1540
f 3299/3299/1541 3300/3300/1541 3301/3301/1541
f 3299/3299/1542 3301/3301/1542 3302/3302/1542
f 3303/3303/1543 3304/3304/1543 3305/3305/1543
f 3303/3303/1544 3305/3305/1544 3306/3306/1544
f 3307/3307/1545 3308/3308/1545 3309/3309/1545
f 3307/3307/1546 3309/3309/1546 3310/3310/1546
f 3311/3311/1547 3312/3312/1547 3313/3313/1547
f 3311/3311/1548 3313/3313/1548 3314/3314/1548
f 3315/3315/1549 3316/3316/1549 3317/3317/1549
f 3315/3315/1550 3317/3317/1550 3318/3318/1550
f 3319/3319/1551 3320/3320/1551 3321/3321/1551
f 3319/3319/1552 3321/3321/1552 3322/3322/1552
f 3323/3323/1553 3324/3324/1553 3325/3325/1553
f 3323/3323/1554 3325/3325/1554 3326/3326/1554
f 3327/3327/1555 3328/3328/1555 3329/3329/1555
f 3327/3327/1556 3329/3329/1556 3330/3330/1556
f 3331/3331/1557 3332/3332/1557 3333/3333/1557
f 3331/3331/1558 3333/3333/1558 3334/3334/1558
f 3335/3335/1559 3336/3336/1559 3337/3337/1559
f 3335/3335/1560 3337/3337/1560 3338/3338/1560
f 3339/3339/1561 3340/3340/1561 3341/3341/1561
f 3339/3339/1562 3341/3341/1562 3342/3342/1562
f 3343/3343/1563 3344/3344/1563 3345/3345/1563
f 3343/3343/1564 3345/3345/1564 3346/3346/1564
f 3347/3347/1565 3348/3348/1565 3349/3349/1565
f 3347/3347/1566 3349/3349/1566 3350/3350/1566
f 3351/3351/1567 3352/3352/1567 3353/3353/1567
f 3351/3351/1568 3353/3353/1568 3354/3354/1568
f 3355/3355/1569 3356/3356/1569 3357/3357/1569
f 3355/3355/1570 3357/3357/1570 3358/3358/1570
f 3359/3359/1571 3360/3360/1571 3361/3361/1571
f 3359/3359/1572 3361/3361/1572 3362/3362/1572
f 3363/3363/1573 3364/3364/1573 3365/3365/1573
f 3363/3363/1574 3365/3365/1574 3366/3366/1574
f 3367/3367/1575 3368/3368/1575 3369/3369/1575
f 3367/3367/1576 3369/3369/1576 3370/3370/1576
f 3371/3371/1577 3372/3372/1577 3373/3373/1577
f 3371/3371/1578 3373/3373/1578 3374/3374/1578
f 3375/3375/1579 3376/3376/1579 3377/3377/1579
f 3375/3375/1580 3377/3377/1580 3378/3378/1580
f 3379/3379/1581 3380/3380/1581 3381/3381/1581
f 3379/3379/1582 3381/3381/1582 3382/3382/1582
f 3383/3383/1583 3384/3384/1583 3385/3385/1583
f 3383/3383/1584 3385/3385/1584 3386/3386/1584
f 3387/3387/1585 3388/3388/1585 3389/3389/1585
f 3387/3387/1586 3389/3389/1586 3390/3390/1586
f 3391/3391/1587 3392/3392/1587 3393/3393/1587
f 3391/3391/1588 3393/3393/1588 3394/3394/1588
f 3395/3395/1589 3396/3396/1589 3397/3397/1589
f 3395/3395/1590 3397/3397/1590 3398/3398/1590
f 3399/3399/1591 3400/3400/1591 3401/3401/1591
f 3399/3399/1592 3401/3401/1592 3402/3402/1592
f 3403/3403/1593 3404/3404/1593 3405/3405/1593
f 3403/3403/1594 3405/3405/1594 3406/3406/1594
f 3407/3407/1595 3408/3408/1595 3409/3409/1595
f 3407/3407/1596 3409/3409/1596 3410/3410/1596
f 3411/3411/1597 3412/3412/1597 3413/3413/1597
f 3411/3411/1598 3413/3413/1598 3414/3414/1598
f 3415/3415/1599 3416/3416/1599 3417/3417/1599
f 3415/3415/1600 3417/3417/1600 3418/3418/1600
f 3419/3419/1601 3420/3420/1601 3421/3421/1601
f 3419/3419/1602 3421/3421/1602 3422/3422/1602
f 3423/3423/1603 3424/3424/1603 3425/3425/1603
f 3423/3423/1604 3425/3425/1604 3426/3426/1604
f 3427/3427/1605 3428/3428/1605 3429/3429/1605
f 3427/3427/1606 3429/3429/1606 3430/3430/1606
f 3431/3431/1607 3432/3432/1607 3433/3433/1607
f 3431/3431/1608 3433/3433/1608 3434/3434/1608
f 3435/3435/1609 3436/3436/1609 3437/3437/1609
f 3435/3435/1610 3437/3437/1610 3438/3438/1610
f 3439/3439/1611 3440/3440/1611 3441/3441/1611
f 3439/3439/1612 3441/3441/1612 3442/3442/1612
f 3443/3443/1613 3444/3444/1613 3445/3445/1613
f 3443/3443/1614 3445/3445/1614 3446/3446/1614
f 3447/3447/1615 3448/3448/1615 3449/3449/1615
f 3447/3447/1616 3449/3449/1616 3450/3450/1616
f 3451/3451/1617 3452/3452/1617 3453/3453/1617
f 3451/3451/1618 3453/3453/1618 3454/3454/1618
f 3455/3455/1619 3456/3456/1619 3457/3457/1619
f 3455/3455/1620 3457/3457/1620 3458/3458/1620
f 3459/3459/1621 3460/3460/1621 3461/3461/1621
f 3459/3459/1622 3461/3461/1622 3462/3462/1622
f 3463/3463/1623 3464/3464/1623 3465/3465/1623
f 3463/3463/1624 3465/3465/1624 3466/3466/1624
f 3467/3467/1625 3468/3468/1625 3469/3469/1625
f 3467/3467/1626 3469/3469/1626 3470/3470/1626
f 3471/3471/1627 3472/3472/1627 3473/3473/1627
f 3471/3471/1628 3473/3473/1628 3474/3474/1628
f 3475/3475/1629 3476/3476/1629 3477/3477/1629
f 3475/3475/1630 3477/3477/1630 3478/3478/1630
f 3479/3479/1631 3480/3480/1631 3481/3481/1631
f 3479/3479/1632 3481/3481/1632 3482/3482/1632
f 3483/3483/1633 3484/3484/1633 3485/3485/1633
f 3483/3483/1634 3485/3485/1634 3486/3486/1634
f 3487/3487/1635 3488/3488/1635 3489/3489/1635
f 3487/3487/1636 3489/3489/1636 3490/3490/1636
f 3491/3491/1637 3492/3492/1637 3493/3493/1637
f 3491/3491/1638 3493/3493/1638 3494/3494/1638
f 3495/3495/1639 3496/3496/1639 3497/3497/1639
f 3495/3495/1640 3497/3497/1640 3498/3498/1640
f 3499/3499/1641 3500/3500/1641 3501/3501/1641
f 3499/3499/1642 3501/3501/1642 3502/3502/1642
f 3503/3503/1643 3504/3504/1643 3505/3505/1643
f 3503/3503/1644 3505/3505/1644 3506/3506/1644
f 3507/3507/1645 3508/3508/1645 3509/3509/1645
f 3507/3507/1646 3509/3509/1646 3510/3510/1646
f 3511/3511/1647 3512/3512/1647 3513/3513/1647
f 3511/3511/1648 3513/3513/1648 3514/3514/1648
f 3515/3515/1649 3516/3516/1649 3517/3517/1649
f 3515/3515/1650 3517/3517/1650 3518/3518/1650
f 3519/3519/1651 3520/3520/1651 3521/3521/1651
f 3519/3519/1652 3521/3521/1652 3522/3522/1652
f 3523/3523/1653 3524/3524/1653 3525/3525/1653
f 3523/3523/1654 3525/3525/1654 3526/3526/1654
f 3527/3527/1655 3528/3528/1655 3529/3529/1655
f 3527/3527/1656 3529/3529/1656 3530/3530/1656
f 3531/3531/1657 3532/3532/1657 3533/3533/1657
f 3531/3531/1658 3533/3533/1658 3534/3534/1658
f 3535/3535/1659 3536/3536/1659 3537/3537/1659
f 3535/3535/1660 3537/3537/1660 3538/3538/1660
f 3539/3539/1661 3540/3540/1661 3541/3541/1661
f 3539/3539/1662 3541/3541/1662 3542/3542/1662
f 3543/3543/1663 3544/3544/1663 3545/3545/1663
f 3543/3543/1664 3545/3545/1664 3546/3546/1664
f 3547/3547/1665 3548/3548/1665 3549/3549/1665
f 3547/3547/1666 3549/3549/1666 3550/3550/1666
f 3551/3551/1667 3552/3552/1667 3553/3553/1667
f 3551/3551/1668 3553/3553/1668 3554/3554/1668
f 3555/3555/1669 3556/3556/1669 3557/3557/1669
f 3555/3555/1670 3557/3557/1670 3558/3558/1670
f 3559/3559/1671 3560/3560/1671 3561/3561/1671
f 3559/3559/1672 3561/3561/1672 3562/3562/1672
f 3563/3563/1673 3564/3564/1673 3565/3565/1673
f 3563/3563/1674 3565/3565/1674 3566/3566/1674
f 3567/3567/1675 3568/3568/1675 3569/3569/1675
f 3567/3567/1676 3569/3569/1676 3570/3570/1676
f 3571/3571/1677 3572/3572/1677 3573/3573/1677
f 3571/3571/1678 3573/3573/1678 3574/3574/1678
f 3575/3575/1679 3576/3576/1679 3577/3577/1679
f 3575/3575/1680 3577/3577/1680 3578/3578/1680
f 3579/3579/1681 3580/3580/1681 3581/3581/1681
f 3579/3579/1682 3581/3581/1682 3582/3582/1682
f 3583/3583/1683 3584/3584/1683 3585/3585/1683
f 3583/3583/1684 3585/3585/1684 3586/3586/1684
f 3587/3587/1685 3588/3588/1685 3589/3589/1685
f 3587/3587/1686 3589/3589/1686 3590/3590/1686
f 3591/3591/1687 3592/3592/1687 3593/3593/1687
f 3591/3591/1688 3593/3593/1688 3594/3594/1688
f 3595/3595/1689 3596/3596/1689 3597/3597/1689
f 3595/3595/1690 3597/3597/1690 3598/3598/1690
f 3599/3599/1691 3600/3600/1691 3601/3601/1691
f 3599/3599/1692 3601/3601/1692 3602/3602/1692
f 3603/3603/1693 3604/3604/1693 3605/3605/1693
f 3603/3603/1694 3605/3605/1694 3606/3606/1694
f 3607/3607/1695 3608/3608/1695 3609/3609/1695
f 3607/3607/1696 3609/3609/1696 3610/3610/1696
f 3611/3611/1697 3612/3612/1697 3613/3613/1697
f 3611/3611/1698 3613/3613/1698 3614/3614/1698
f 3615/3615/1699 3616/3616/1699 3617/3617/1699
f 3615/3615/1700 3617/3617/1700 3618/3618/1700
f 3619/3619/1701 3620/3620/1701 3621/3621/1701
f 3619/3619/1702 3621/3621/1702 3622/3622/1702
f 3623/3623/1703 3624/3624/1703 3625/3625/1703
f 3623/3623/1704 3625/3625/1704 3626/3626/1704
f 3627/3627/1705 3628/3628/1705 3629/3629/1705
f 3627/3627/1706 3629/3629/1706 3630/3630/1706
f 3631/3631/1707 3632/3632/1707 3633/3633/1707
f 3631/3631/1708 3633/3633/1708 3634/3634/1708
f 3635/3635/1709 3636/3636/1709 3637/3637/1709
f 3635/3635/1710 3637/3637/1710 3638/3638/1710
f 3639/3639/1711 3640/3640/1711 3641/3641/1711
f 3639/3639/1712 3641/3641/1712 3642/3642/1712
f 3643/3643/1713 3644/3644/1713 3645/3645/1713
f 3643/3643/1714 3645/3645/1714 3646/3646/1714
f 3647/3647/1715 3648/3648/1715 3649/3649/1715
f 3647/3647/1716 3649/3649/1716 3650/3650/1716
f 3651/3651/1717 3652/3652/1717 3653/3653/1717
f 3651/3651/1718 3653/3653/1718 3654/3654/1718
f 3655/3655/1719 3656/3656/1719 3657/3657/1719
f 3655/3655/1720 3657/3657/1720 3658/3658/1720
f 3659/3659/1721 3660/3660/1721 3661/3661/1721
f 3659/3659/1722 3661/3661/1722 3662/3662/1722
f 3663/3663/1723 3664/3664/1723 3665/3665/1723
f 3663/3663/1724 3665/3665/1724 3666/3666/1724
f 3667/3667/1725 3668/3668/1725 3669/3669/1725
f 3667/3667/1726 3669/3669/1726 3670/3670/1726
f 3671/3671/1727 3672/3672/1727 3673/3673/1727
f 3671/3671/1728 3673/3673/1728 3674/3674/1728
f 3675/3675/1729 3676/3676/1729 3677/3677/1729
f 3675/3675/1730 3677/3677/1730 3678/3678/1730
f 3679/3679/1731 3680/3680/1731 3681/3681/1731
f 3679/3679/1732 3681/3681/1732 3682/3682/1732
f 3683/3683/1733 3684/3684/1733 3685/3685/1733
f 3683/3683/1734 3685/3685/1734 3686/3686/1734
f 3687/3687/1735 3688/3688/1735 3689/3689/1735
f 3687/3687/1736 3689/3689/1736 3690/3690/1736
f 3691/3691/1737 3692/3692/1737 3693/3693/1737
f 3691/3691/1738 3693/3693/1738 3694/3694/1738
f 3695/3695/1739 3696/3696/1739 3697/3697/1739
f 3695/3695/1740 3697/3697/1740 3698/3698/1740
f 3699/3699/1741 3700/3700/1741 3701/3701/1741
f 3699/3699/1742 3701/3701/1742 3702/3702/1742
f 3703/3703/1743 3704/3704/1743 3705/3705/1743
f 3703/3703/1744 3705/3705/1744 3706/3706/1744
f 3707/3707/1745 3708/3708/1745 3709/3709/1745
f 3707/3707/1746 3709/3709/1746 3710/3710/1746
f 3711/3711/1747 3712/3712/1747 3713/3713/1747
f 3711/3711/1748 3713/3713/1748 3714/3714/1748
f 3715/3715/1749 3716/3716/1749 3717/3717/1749
f 3715/3715/1750 3717/3717/1750 3718/3718/1750
f 3719/3719/1751 3720/3720/1751 3721/3721/1751
f 3719/3719/1752 3721/3721/1752 3722/3722/1752
f 3723/3723/1753 3724/3724/1753 3725/3725/1753
f 3723/3723/1754 3725/3725/1754 3726/3726/1754
f 3727/3727/1755 3728/3728/1755 3729/3729/1755
f 3727/3727/1756 3729/3729/1756 3730/3730/1756
f 3731/3731/1757 3732/3732/1757 3733/3733/1757
f 3731/3731/1758 3733/3733/1758 3734/3734/1758
f 3735/3735/1759 3736/3736/1759 3737/3737/1759
f 3735/3735/1760 3737/3737/1760 3738/3738/1760
f 3739/3739/1761 3740/3740/1761 3741/3741/1761
f 3739/3739/1762 3741/3741/1762 3742/3742/1762
f 3743/3743/1763 3744/3744/1763 3745/3745/1763
f 3743/3743/1764 3745/3745/1764 3746/3746/1764
f 3747/3747/1765 3748/3748/1765 3749/3749/1765
f 3747/3747/1766 3749/3749/1766 3750/3750/1766
f 3751/3751/1767 3752/3752/1767 3753/3753/1767
f 3751/3751/1768 3753/3753/1768 3754/3754/1768
f 3755/3755/1769 3756/3756/1769 3757/3757/1769
f 3755/3755/1770 3757/3757/1770 3758/3758/1770
f 3759/3759/1771 3760/3760/1771 3761/3761/1771
f 3759/3759/1772 3761/3761/1772 3762/3762/1772
f 3763/3763/1773 3764/3764/1773 3765/3765/1773
f 3763/3763/1774 3765/3765/1774 3766/3766/1774
f 3767/3767/1775 3768/3768/1775 3769/3769/1775
f 3767/3767/1776 3769/3769/1776 3770/3770/1776
f 3771/3771/1777 3772/3772/1777 3773/3773/1777
f 3771/3771/1778 3773/3773/1778 3774/3774/1778
f 3775/3775/1779 3776/3776/1779 3777/3777/1779
f 3775/3775/1780 3777/3777/1780 3778/3778/1780
f 3779/3779/1781 3780/3780/1781 3781/3781/1781
f 3779/3779/1782 3781/3781/1782 3782/3782/1782
f 3783/3783/1783 3784/3784/1783 3785/3785/1783
f 3783/3783/1784 3785/3785/1784 3786/3786/1784
f 3787/3787/1785 3788/3788/1785 3789/3789/1785
f 3787/3787/1786 3789/3789/1786 3790/3790/1786
f 3791/3791/1787 3792/3792/1787 3793/3793/1787
f 3791/3791/1788 3793/3793/1788 3794/3794/1788
f 3795/3795/1789 3796/3796/1789 3797/3797/1789
f 3795/3795/1790 3797/3797/1790 3798/3798/1790
f 3799/3799/1791 3800/3800/1791 3801/3801/1791
f 3799/3799/1792 3801/3801/1792 3802/3802/1792
f 3803/3803/1793 3804/3804/1793 3805/3805/1793
f 3803/3803/1794 3805/3805/1794 3806/3806/1794
f 3807/3807/1795 3808/3808/1795 3809/3809/1795
f 3807/3807/1796 3809/3809/1796 3810/3810/1796
f 3811/3811/1797 3812/3812/1797 3813/3813/1797
f 3811/3811/1798 3813/3813/1798 3814/3814/1798
f 3815/3815/1799 3816/3816/1799 3817/3817/1799
f 3815/3815/1800 3817/3817/1800 3818/3818/1800
f 3819/3819/1801 3820/3820/1801 3821/3821/1801
f 3819/3819/1802 3821/3821/1802 3822/3822/1802
f 3823/3823/1803 3824/3824/1803 3825/3825/1803
f 3823/3823/1804 3825/3825/1804 3826/3826/1804
f 3827/3827/1805 3828/3828/1805 3829/3829/1805
f 3827/3827/1806 3829/3829/1806 3830/3830/1806
f 3831/3831/1807 3832/3832/1807 3833/3833/1807
f 3831/3831/1808 3833/3833/1808 3834/3834/1808
f 3835/3835/1809 3836/3836/1809 3837/3837/1809
f 3835/3835/1810 3837/3837/1810 3838/3838/1810
f 3839/3839/1811 3840/3840/1811 3841/3841/1811
f 3839/3839/1812 3841/3841/1812 3842/3842/1812
f 3843/3843/1813 3844/3844/1813 3845/3845/1813
f 3843/3843/1814 3845/3845/1814 3846/3846/1814
f 3847/3847/1815 3848/3848/1815 3849/3849/1815
f 3847/3847/1816 3849/3849/1816 3850/3850/1816
f 3851/3851/1817 3852/3852/1817 3853/3853/1817
f 3851/3851/1818 3853/3853/1818 3854/3854/1818
f 3855/3855/1819 3856/3856/1819 3857/3857/1819
f 3855/3855/1820 3857/3857/1820 3858/3858/1820
f 3859/3859/1821 3860/3860/1821 3861/3861/1821
f 3859/3859/1822 3861/3861/1822 3862/3862/1822
f 3863/3863/1823 3864/3864/1823 3865/3865/1823
f 3863/3863/1824 3865/3865/1824 3866/3866/1824
f 3867/3867/1825 3868/3868/1825 3869/3869/1825
f 3867/3867/1826 3869/3869/1826 3870/3870/1826
f 3871/3871/1827 3872/3872/1827 3873/3873/1827
f 3871/3871/1828 3873/3873/1828 3874/3874/1828
f 3875/3875/1829 3876/3876/1829 3877/3877/1829
f 3875/3875/1830 3877/3877/1830 3878/3878/1830
f 3879/3879/1831 3880/3880/1831 3881/3881/1831
f 3879/3879/1832 3881/3881/1832 3882/3882/1832
f 3883/3883/1833 3884/3884/1833 3885/3885/1833
f 3883/3883/1834 3885/3885/1834 3886/3886/1834
f 3887/3887/1835 3888/3888/1835 3889/3889/1835
f 3887/3887/1836 3889/3889/1836 3890/3890/1836
f 3891/3891/1837 3892/3892/1837 3893/3893/1837
f 3891/3891/1838 3893/3893/1838 3894/3894/1838
f 3895/3895/1839 3896/3896/1839 3897/3897/1839
f 3895/3895/1840 3897/3897/1840 3898/3898/1840
f 3899/3899/1841 3900/3900/1841 3901/3901/1841
f 3899/3899/1842 3901/3901/1842 3902/3902/1842
f 3903/3903/1843 3904/3904/1843 3905/3905/1843
f 3903/3903/1844 3905/3905/1844 3906/3906/1844
f 3907/3907/1845 3908/3908/1845 3909/3909/1845
f 3907/3907/1846 3909/3909/1846 3910/3910/1846
f 3911/3911/1847 3912/3912/1847 3913/3913/1847
f 3911/3911/1848 3913/3913/1848 3914/3914/1848
f 3915/3915/1849 3916/3916/1849 3917/3917/1849
f 3915/3915/1850 3917/3917/1850 3918/3918/1850
f 3919/3919/1851 3920/3920/1851 3921/3921/1851
f 3919/3919/1852 3921/3921/1852 3922/3922/1852
f 3923/3923/1853 3924/3924/1853 3925/3925/1853
f 3923/3923/1854 3925/3925/1854 3926/3926/1854
f 3927/3927/1855 3928/3928/1855 3929/3929/1855
f 3927/3927/1856 3929/3929/1856 3930/3930/1856
f 3931/3931/1857 3932/3932/1857 3933/3933/1857
f 3931/3931/1858 3933/3933/1858 3934/3934/1858
f 3935/3935/1859 3936/3936/1859 3937/3937/1859
f 3935/3935/1860 3937/3937/1860 3938/3938/1860
f 3939/3939/1861 3940/3940/1861 3941/3941/1861
f 3939/3939/1862 3941/3941/1862 3942/3942/1862
f 3943/3943/1863 3944/3944/1863 3945/3945/1863
f 3943/3943/1864 3945/3945/1864 3946/3946/1864
f 3947/3947/1865 3948/3948/1865 3949/3949/1865
f 3947/3947/1866 3949/3949/1866 3950/3950/1866
f 3951/3951/1867 3952/3952/1867 3953/3953/1867
f 3951/3951/1868 3953/3953/1868 3954/3954/1868
f 3955/3955/1869 3956/3956/1869 3957/3957/1869
f 3955/3955/1870 3957/3957/1870 3958/3958/1870
f 3959/3959/1871 3960/3960/1871 3961/3961/1871
f 3959/3959/1872 3961/3961/1872 3962/3962/1872
f 3963/3963/1873 3964/3964/1873 3965/3965/1873
f 3963/3963/1874 3965/3965/1874 3966/3966/1874
f 3967/3967/1875 3968/3968/1875 3969/3969/1875
f 3967/3967/1876 3969/3969/1876 3970/3970/1876
f 3971/3971/1877 3972/3972/1877 3973/3973/1877
f 3971/3971/1878 3973/3973/1878 3974/3974/1878
f 3975/3975/1879 3976/3976/1879 3977/3977/1879
f 3975/3975/1880 3977/3977/1880 3978/3978/1880
f 3979/3979/1881 3980/3980/1881 3981/3981/1881
f 3979/3979/1882 3981/3981/1882 3982/3982/1882
f 3983/3983/1883 3984/3984/1883 3985/3985/1883
f 3983/3983/1884 3985/3985/1884 3986/3986/1884
f 3987/3987/1885 3988/3988/1885 3989/3989/1885
f 3987/3987/1886 3989/3989/1886 3990/3990/1886
f 3991/3991/1887 3992/3992/1887 3993/3993/1887
f 3991/3991/1888 3993/3993/1888 3994/3994/1888
f 3995/3995/1889 3996/3996/1889 3997/3997/1889
f 3995/3995/1890 3997/3997/1890 3998/3998/1890
f 3999/3999/1891 4000/4000/1891 4001/4001/1891
f 3999/3999/1892 4001/4001/1892 4002/4002/1892
f 4003/4003/1893 4004/4004/1893 4005/4005/1893
f 4003/4003/1894 4005/4005/1894 4006/4006/1894
f 4007/4007/1895 4008/4008/1895 4009/4009/1895
f 4007/4007/1896 4009/4009/1896 4010/4010/1896
f 4011/4011/1897 4012/4012/1897 4013/4013/1897
f 4011/4011/1898 4013/4013/1898 4014/4014/1898
f 4015/4015/1899 4016/4016/1899 4017/4017/1899
f 4015/4015/1900 4017/4017/1900 4018/4018/1900
f 4019/4019/1901 4020/4020/1901 4021/4021/1901
f 4019/4019/1902 4021/4021/1902 4022/4022/1902
f 4023/4023/1903 4024/4024/1903 4025/4025/1903
f 4023/4023/1904 4025/4025/1904 4026/4026/1904
f 4027/4027/1905 4028/4028/1905 4029/4029/1905
f 4027/4027/1906 4029/4029/1906 4030/4030/1906
f 4031/4031/1907 4032/4032/1907 4033/4033/1907
f 4031/4031/1908 4033/4033/1908 4034/4034/1908
f 4035/4035/1909 4036/4036/1909 4037/4037/1909
f 4035/4035/1910 4037/4037/1910 4038/4038/1910
f 4039/4039/1911 4040/4040/1911 4041/4041/1911
f 4039/4039/1912 4041/4041/1912 4042/4042/1912
f 4043/4043/1913 4044/4044/1913 4045/4045/1913
f 4043/4043/1914 4045/4045/1914 4046/4046/1914
f 4047/4047/1915 4048/4048/1915 4049/4049/1915
f 4047/4047/1916 4049/4049/1916 4050/4050/1916
f 4051/4051/1917 4052/4052/1917 4053/4053/1917
f 4051/4051/1918 4053/4053/1918 4054/4054/1918
f 4055/4055/1919 4056/4056/1919 4057/4057/1919
f 4055/4055/1920 4057/4057/1920 4058/4058/1920
f 4059/4059/1921 4060/4060/1921 4061/4061/1921
f 4059/4059/1922 4061/4061/1922 4062/4062/1922
f 4063/4063/1923 4064/4064/1923 4065/4065/1923
f 4063/4063/1924 4065/4065/1924 4066/4066/1924
f 4067/4067/1925 4068/4068/1925 4069/4069/1925
f 4067/4067/1926 4069/4069/1926 4070/4070/1926
f 4071/4071/1927 4072/4072/1927 4073/4073/1927
f 4071/4071/1928 4073/4073/1928 4074/4074/1928
f 4075/4075/1929 4076/4076/1929 4077/4077/1929
f 4075/4075/1930 4077/4077/1930 4078/4078/1930
f 4079/4079/1931 4080/4080/1931 4081/4081/1931
f 4079/4079/1932 4081/4081/1932 4082/4082/1932
f 4083/4083/1933 4084/4084/1933 4085/4085/1933
f 4083/4083/1934 4085/4085/1934 4086/4086/1934
f 4087/4087/1935 4088/4088/1935 4089/4089/1935
f 4087/4087/1936 4089/4089/1936 4090/4090/1936
f 4091/4091/1937 4092/4092/1937 4093/4093/1937
f 4091/4091/1938 4093/4093/1938 4094/4094/1938
f 4095/4095/1939 4096/4096/1939 4097/4097/1939
f 4095/4095/1940 4097/4097/1940 4098/4098/1940
f 4099/4099/1941 4100/4100/1941 4101/4101/1941
f 4099/4099/1942 4101/4101/1942 4102/4102/1942
f 4103/4103/1943 4104/4104/1943 4105/4105/1943
f 4103/4103/1944 4105/4105/1944 4106/4106/1944
f 4107/4107/1945 4108/4108/1945 4109/4109/1945
f 4107/4107/1946 4109/4109/1946 4110/4110/1946
f 4111/4111/1947 4112/4112/1947 4113/4113/1947
f 4111/4111/1948 4113/4113/1948 4114/4114/1948
f 4115/4115/1949 4116/4116/1949 4117/4117/1949
f 4115/4115/1950 4117/4117/1950 4118/4118/1950
f 4119/4119/1951 4120/4120/1951 4121/4121/1951
f 4119/4119/1952 4121/4121/1952 4122/4122/1952
f 4123/4123/1953 4124/4124/1953 4125/4125/1953
f 4123/4123/1954 4125/4125/1954 4126/4126/1954
f 4127/4127/1955 4128/4128/1955 4129/4129/1955
f 4127/4127/1956 4129/4129/1956 4130/4130/1956
f 4131/4131/1957 4132/4132/1957 4133/4133/1957
f 4131/4131/1958 4133/4133/1958 4134/4134/1958
f 4135/4135/1959 4136/4136/1959 4137/4137/1959
f 4135/4135/1960 4137/4137/1960 4138/4138/1960
f 4139/4139/1961 4140/4140/1961 4141/4141/1961
f 4139/4139/1962 4141/4141/1962 4142/4142/1962
f 4143/4143/1963 4144/4144/1963 4145/4145/1963
f 4143/4143/1964 4145/4145/1964 4146/4146/1964
f 4147/4147/1965 4148/4148/1965 4149/4149/1965
f 4147/4147/1966 4149/4149/1966 4150/4150/1966
f 4151/4151/1967 4152/4152/1967 4153/4153/1967
f 4151/4151/1968 4153/4153/1968 4154/4154/1968
f 4155/4155/1969 4156/4156/1969 4157/4157/1969
f 4155/4155/1970 4157/4157/1970 4158/4158/1970
f 4159/4159/1971 4160/4160/1971 4161/4161/1971
f 4159/4159/1972 4161/4161/1972 4162/4162/1972
f 4163/4163/1973 4164/4164/1973 4165/4165/1973
f 4163/4163/1974 4165/4165/1974 4166/4166/1974
f 4167/4167/1975 4168/4168/1975 4169/4169/1975
f 4167/4167/1976 4169/4169/1976 4170/4170/1976
f 4171/4171/1977 4172/4172/1977 4173/4173/1977
f 4171/4171/1978 4173/4173/1978 4174/4174/1978
f 4175/4175/1979 4176/4176/1979 4177/4177/1979
f 4175/4175/1980 4177/4177/1980 4178/4178/1980
f 4179/4179/1981 4180/4180/1981 4181/4181/1981
f 4179/4179/1982 4181/4181/1982 4182/4182/1982
f 4183/4183/1983 4184/4184/1983 4185/4185/1983
f 4183/4183/1984 4185/4185/1984 4186/4186/1984
f 4187/4187/1985 4188/4188/1985 4189/4189/1985
f 4187/4187/1986 4189/4189/1986 4190/4190/1986
f 4191/4191/1987 4192/4192/1987 4193/4193/1987
f 4191/4191/1988 4193/4193/1988 4194/4194/1988
f 4195/4195/1989 4196/4196/1989 4197/4197/1989
f 4195/4195/1990 4197/4197/1990 4198/4198/1990
f 4199/4199/1991 4200/4200/1991 4201/4201/1991
f 4199/4199/1992 4201/4201/1992 4202/4202/1992
f 4203/4203/1993 4204/4204/1993 4205/4205/1993
f 4203/4203/1994 4205/4205/1994 4206/4206/1994
f 4207/4207/1995 4208/4208/1995 4209/4209/1995
f 4207/4207/1996 4209/4209/1996 4210/4210/1996
f 4211/4211/1997 4212/4212/1997 4213/4213/1997
f 4211/4211/1998 4213/4213/1998 4214/4214/1998
f 4215/4215/1999 4216/4216/1999 4217/4217/1999
f 4215/4215/2000 4217/4217/2000 4218/4218/2000
f 4219/4219/2001 4220/4220/2001 4221/4221/2001
f 4219/4219/2002 4221/4221/2002 4222/4222/2002
f 4223/4223/2003 4224/4224/2003 4225/4225/2003
f 4223/4223/2004 4225/4225/2004 4226/4226/2004
f 4227/4227/2005 4228/4228/2005 4229/4229/2005
f 4227/4227/2006 4229/4229/2006 4230/4230/2006
f 4231/4231/2007 4232/4232/2007 4233/4233/2007
f 4231/4231/2008 4233/4233/2008 4234/4234/2008
f 4235/4235/2009 4236/4236/2009 4237/4237/2009
f 4235/4235/2010 4237/4237/2010 4238/4238/2010
f 4239/4239/2011 4240/4240/2011 4241/4241/2011
f 4239/4239/2012 4241/4241/2012 4242/4242/2012
f 4243/4243/2013 4244/4244/2013 4245/4245/2013
f 4243/4243/2014 4245/4245/2014 4246/4246/2014
f 4247/4247/2015 4248/4248/2015 4249/4249/2015
f 4247/4247/2016 4249/4249/2016 4250/4250/2016
f 4251/4251/2017 4252/4252/2017 4253/4253/2017
f 4251/4251/2018 4253/4253/2018 4254/4254/2018
f 4255/4255/2019 4256/4256/2019 4257/4257/2019
f 4255/4255/2020 4257/4257/2020 4258/4258/2020
f 4259/4259/2021 4260/4260/2021 4261/4261/2021
f 4259/4259/2022 4261/4261/2022 4262/4262/2022
f 4263/4263/2023 4264/4264/2023 4265/4265/2023
f 4263/4263/2024 4265/4265/2024 4266/4266/2024
f 4267/4267/2025 4268/4268/2025 4269/4269/2025
f 4267/4267/2026 4269/4269/2026 4270/4270/2026
f 4271/4271/2027 4272/4272/2027 4273/4273/2027
f 4271/4271/2028 4273/4273/2028 4274/4274/2028
f 4275/4275/2029 4276/4276/2029 4277/4277/2029
f 4275/4275/2030 4277/4277/2030 4278/4278/2030
f 4279/4279/2031 4280/4280/2031 4281/4281/2031
f 4279/4279/2032 4281/4281/2032 4282/4282/2032
f 4283/4283/2033 4284/4284/2033 4285/4285/2033
f 4283/4283/2034 4285/4285/2034 4286/4286/2034
f 4287/4287/2035 4288/4288/2035 4289/4289/2035
f 4287/4287/2036 4289/4289/2036 4290/4290/2036
f 4291/4291/2037 4292/4292/2037 4293/4293/2037
f 4291/4291/2038 4293/4293/2038 4294/4294/2038
f 4295/4295/2039 4296/4296/2039 4297/4297/2039
f 4295/4295/2040 4297/4297/2040 4298/4298/2040
f 4299/4299/2041 4300/4300/2041 4301/4301/2041
f 4299/4299/2042 4301/4301/2042 4302/4302/2042
f 4303/4303/2043 4304/4304/2043 4305/4305/2043
f 4303/4303/2044 4305/4305/2044 4306/4306/2044
f 4307/4307/2045 4308/4308/2045 4309/4309/2045
f 4307/4307/2046 4309/4309/2046 4310/4310/2046
f 4311/4311/2047 4312/4312/2047 4313/4313/2047
f 4311/4311/2048 4313/4313/2048 4314/4314/2048
f 4315/4315/2049 4316/4316/2049 4317/4317/2049
f 4315/4315/2050 4317/4317/2050 4318/4318/2050
f 4319/4319/2051 4320/4320/2051 4321/4321/2051
f 4319/4319/2052 4321/4321/2052 4322/4322/2052
f 4323/4323/2053 4324/4324/2053 4325/4325/2053
f 4323/4323/2054 4325/4325/2054 4326/4326/2054
f 4327/4327/2055 4328/4328/2055 4329/4329/2055
f 4327/4327/2056 4329/4329/2056 4330/4330/2056
f 4331/4331/2057 4332/4332/2057 4333/4333/2057
f 4331/4331/2058 4333/4333/2058 4334/4334/2058
f 4335/4335/2059 4336/4336/2059 4337/4337/2059
f 4335/4335/2060 4337/4337/2060 4338/4338/2060
f 4339/4339/2061 4340/4340/2061 4341/4341/2061
f 4339/4339/2062 4341/4341/2062 4342/4342/2062
f 4343/4343/2063 4344/4344/2063 4345/4345/2063
f 4343/4343/2064 4345/4345/2064 4346/4346/2064
f 4347/4347/2065 4348/4348/2065 4349/4349/2065
f 4347/4347/2066 4349/4349/2066 4350/4350/2066
f 4351/4351/2067 4352/4352/2067 4353/4353/2067
f 4351/4351/2068 4353/4353/2068 4354/4354/2068
f 4355/4355/2069 4356/4356/2069 4357/4357/2069
f 4355/4355/2070 4357/4357/2070 4358/4358/2070
f 4359/4359/2071 4360/4360/2071 4361/4361/2071
f 4359/4359/2072 4361/4361/2072 4362/4362/2072
f 4363/4363/2073 4364/4364/2073 4365/4365/2073
f 4363/4363/2074 4365/4365/2074 4366/4366/2074
f 4367/4367/2075 4368/4368/2075 4369/4369/2075
f 4367/4367/2076 4369/4369/2076 4370/4370/2076
f 4371/4371/2077 4372/4372/2077 4373/4373/2077
f 4371/4371/2078 4373/4373/2078 4374/4374/2078
f 4375/4375/2079 4376/4376/2079 4377/4377/2079
f 4375/4375/2080 4377/4377/2080 4378/4378/2080
f 4379/4379/2081 4380/4380/2081 4381/4381/2081
f 4379/4379/2082 4381/4381/2082 4382/4382/2082
f 4383/4383/2083 4384/4384/2083 4385/4385/2083
f 4383/4383/2084 4385/4385/2084 4386/4386/2084
f 4387/4387/2085 4388/4388/2085 4389/4389/2085
f 4387/4387/2086 4389/4389/2086 4390/4390/2086
f 4391/4391/2087 4392/4392/2087 4393/4393/2087
f 4391/4391/2088 4393/4393/2088 4394/4394/2088
f 4395/4395/2089 4396/4396/2089 4397/4397/2089
f 4395/4395/2090 4397/4397/2090 4398/4398/2090
f 4399/4399/2091 4400/4400/2091 4401/4401/2091
f 4399/4399/2092 4401/4401/2092 4402/4402/2092
f 4403/4403/2093 4404/4404/2093 4405/4405/2093
f 4403/4403/2094 4405/4405/2094 4406/4406/2094
f 4407/4407/2095 4408/4408/2095 4409/4409/2095
f 4407/4407/2096 4409/4409/2096 4410/4410/2096
f 4411/4411/2097 4412/4412/2097 4413/4413/2097
f 4411/4411/2098 4413/4413/2098 4414/4414/2098
f 4415/4415/2099 4416/4416/2099 4417/4417/2099
f 4415/4415/2100 4417/4417/2100 4418/4418/2100
f 4419/4419/2101 4420/4420/2101 4421/4421/2101
f 4419/4419/2102 4421/4421/2102 4422/4422/2102
f 4423/4423/2103 4424/4424/2103 4425/4425/2103
f 4423/4423/2104 4425/4425/2104 4426/4426/2104
f 4427/4427/2105 4428/4428/2105 4429/4429/2105
f 4427/4427/2106 4429/4429/2106 4430/4430/2106
f 4431/4431/2107 4432/4432/2107 4433/4433/2107
f 4431/4431/2108 4433/4433/2108 4434/4434/2108
f 4435/4435/2109 4436/4436/2109 4437/4437/2109
f 4435/4435/2110 4437/4437/2110 4438/4438/2110
f 4439/4439/2111 4440/4440/2111 4441/4441/2111
f 4439/4439/2112 4441/4441/2112 4442/4442/2112
f 4443/4443/2113 4444/4444/2113 4445/4445/2113
f 4443/4443/2114 4445/4445/2114 4446/4446/2114
f 4447/4447/2115 4448/4448/2115 4449/4449/2115
f 4447/4447/2116 4449/4449/2116 4450/4450/2116
f 4451/4451/2117 4452/4452/2117 4453/4453/2117
f 4451/4451/2118 4453/4453/2118 4454/4454/2118
f 4455/4455/2119 4456/4456/2119 4457/4457/2119
f 4455/4455/2120 4457/4457/2120 4458/4458/2120
f 4459/4459/2121 4460/4460/2121 4461/4461/2121
f 4459/4459/2122 4461/4461/2122 4462/4462/2122
f 4463/4463/2123 4464/4464/2123 4465/4465/2123
f 4463/4463/2124 4465/4465/2124 4466/4466/2124
f 4467/4467/2125 4468/4468/2125 4469/4469/2125
f 4467/4467/2126 4469/4469/2126 4470/4470/2126
f 4471/4471/2127 4472/4472/2127 4473/4473/2127
f 4471/4471/2128 4473/4473/2128 4474/4474/2128
f 4475/4475/2129 4476/4476/2129 4477/4477/2129
f 4475/4475/2130 4477/4477/2130 4478/4478/2130
f 4479/4479/2131 4480/4480/2131 4481/4481/2131
f 4479/4479/2132 4481/4481/2132 4482/4482/2132
f 4483/4483/2133 4484/4484/2133 4485/4485/2133
f 4483/4483/2134 4485/4485/2134 4486/4486/2134
f 4487/4487/2135 4488/4488/2135 4489/4489/2135
f 4487/4487/2136 4489/4489/2136 4490/4490/2136
f 4491/4491/2137 4492/4492/2137 4493/4493/2137
f 4491/4491/2138 4493/4493/2138 4494/4494/2138
f 4495/4495/2139 4496/4496/2139 4497/4497/2139
f 4495/4495/2140 4497/4497/2140 4498/4498/2140
f 4499/4499/2141 4500/4500/2141 4501/4501/2141
f 4499/4499/2142 4501/4501/2142 4502/4502/2142
f 4503/4503/2143 4504/4504/2143 4505/4505/2143
f 4503/4503/2144 4505/4505/2144 4506/4506/2144
f 4507/4507/2145 4508/4508/2145 4509/4509/2145
f 4507/4507/2146 4509/4509/2146 4510/4510/2146
f 4511/4511/2147 4512/4512/2147 4513/4513/2147
f 4511/4511/2148 4513/4513/2148 4514/4514/2148
f 4515/4515/2149 4516/4516/2149 4517/4517/2149
f 4515/4515/2150 4517/4517/2150 4518/4518/2150
f 4519/4519/2151 4520/4520/2151 4521/4521/2151
f 4519/4519/2152 4521/4521/2152 4522/4522/2152
f 4523/4523/2153 4524/4524/2153 4525/4525/2153
f 4523/4523/2154 4525/4525/2154 4526/4526/2154
f 4527/4527/2155 4528/4528/2155 4529/4529/2155
f 4527/4527/2156 4529/4529/2156 4530/4530/2156
f 4531/4531/2157 4532/4532/2157 4533/4533/2157
f 4531/4531/2158 4533/4533/2158 4534/4534/2158
f 4535/4535/2159 4536/4536/2159 4537/4537/2159
f 4535/4535/2160 4537/4537/2160 4538/4538/2160
f 4539/4539/2161 4540/4540/2161 4541/4541/2161
f 4539/4539/2162 4541/4541/2162 4542/4542/2162
f 4543/4543/2163 4544/4544/2163 4545/4545/2163
f 4543/4543/2164 4545/4545/2164 4546/4546/2164
f 4547/4547/2165 4548/4548/2165 4549/4549/2165
f 4547/4547/2166 4549/4549/2166 4550/4550/2166
f 4551/4551/2167 4552/4552/2167 4553/4553/2167
f 4551/4551/2168 4553/4553/2168 4554/4554/2168
f 4555/4555/2169 4556/4556/2169 4557/4557/2169
f 4555/4555/2170 4557/4557/2170 4558/4558/2170
f 4559/4559/2171 4560/4560/2171 4561/4561/2171
f 4559/4559/2172 4561/4561/2172 4562/4562/2172
f 4563/4563/2173 4564/4564/2173 4565/4565/2173
f 4563/4563/2174 4565/4565/2174 4566/4566/2174
f 4567/4567/2175 4568/4568/2175 4569/4569/2175
f 4567/4567/2176 4569/4569/2176 4570/4570/2176
f 4571/4571/2177 4572/4572/2177 4573/4573/2177
f 4571/4571/2178 4573/4573/2178 4574/4574/2178
f 4575/4575/2179 4576/4576/2179 4577/4577/2179
f 4575/4575/2180 4577/4577/2180 4578/4578/2180
f 4579/4579/2181 4580/4580/2181 4581/4581/2181
f 4579/4579/2182 4581/4581/2182 4582/4582/2182
f 4583/4583/2183 4584/4584/2183 4585/4585/2183
f 4583/4583/2184 4585/4585/2184 4586/4586/2184
f 4587/4587/2185 4588/4588/2185 4589/4589/2185
f 4587/4587/2186 4589/4589/2186 4590/4590/2186
f 4591/4591/2187 4592/4592/2187 4593/4593/2187
f 4591/4591/2188 4593/4593/2188 4594/4594/2188
f 4595/4595/2189 4596/4596/2189 4597/4597/2189
f 4595/4595/2190 4597/4597/2190 4598/4598/2190
f 4599/4599/2191 4600/4600/2191 4601/4601/2191
f 4599/4599/2192 4601/4601/2192 4602/4602/2192
f 4603/4603/2193 4604/4604/2193 4605/4605/2193
f 4603/4603/2194 4605/4605/2194 4606/4606/2194
f 4607/4607/2195 4608/4608/2195 4609/4609/2195
f 4607/4607/2196 4609/4609/2196 4610/4610/2196
f 4611/4611/2197 4612/4612/2197 4613/4613/2197
f 4611/4611/2198 4613/4613/2198 4614/4614/2198
f 4615/4615/2199 4616/4616/2199 4617/4617/2199
f 4615/4615/2200 4617/4617/2200 4618/4618/2200
f 4619/4619/2201 4620/4620/2201 4621/4621/2201
f 4619/4619/2202 4621/4621/2202 4622/4622/2202
f 4623/4623/2203 4624/4624/2203 4625/4625/2203
f 4623/4623/2204 4625/4625/2204 4626/4626/2204
f 4627/4627/2205 4628/4628/2205 4629/4629/2205
f 4627/4627/2206 4629/4629/2206 4630/4630/2206
f 4631/4631/2207 4632/4632/2207 4633/4633/2207
f 4631/4631/2208 4633/4633/2208 4634/4634/2208
f 4635/4635/2209 4636/4636/2209 4637/4637/2209
f 4635/4635/2210 4637/4637/2210 4638/4638/2210
f 4639/4639/2211 4640/4640/2211 4641/4641/2211
f 4639/4639/2212 4641/4641/2212 4642/4642/2212
f 4643/4643/2213 4644/4644/2213 4645/4645/2213
f 4643/4643/2214 4645/4645/2214 4646/4646/2214
f 4647/4647/2215 4648/4648/2215 4649/4649/2215
f 4647/4647/2216 4649/4649/2216 4650/4650/2216
f 4651/4651/2217 4652/4652/2217 4653/4653/2217
f 4651/4651/2218 4653/4653/2218 4654/4654/2218
f 4655/4655/2219 4656/4656/2219 4657/4657/2219
f 4655/4655/2220 4657/4657/2220 4658/4658/2220
f 4659/4659/2221 4660/4660/2221 4661/4661/2221
f 4659/4659/2222 4661/4661/2222 4662/4662/2222
f 4663/4663/2223 4664/4664/2223 4665/4665/2223
f 4663/4663/2224 4665/4665/2224 4666/4666/2224
f 4667/4667/2225 4668/4668/2225 4669/4669/2225
f 4667/4667/2226 4669/4669/2226 4670/4670/2226
f 4671/4671/2227 4672/4672/2227 4673/4673/2227
f 4671/4671/2228 4673/4673/2228 4674/4674/2228
f 4675/4675/2229 4676/4676/2229 4677/4677/2229
f 4675/4675/2230 4677/4677/2230 4678/4678/2230
f 4679/4679/2231 4680/4680/2231 4681/4681/2231
f 4679/4679/2232 4681/4681/2232 4682/4682/2232
f 4683/4683/2233 4684/4684/2233 4685/4685/2233
f 4683/4683/2234 4685/4685/2234 4686/4686/2234
f 4687/4687/2235 4688/4688/2235 4689/4689/2235
f 4687/4687/2236 4689/4689/2236 4690/4690/2236
f 4691/4691/2237 4692/4692/2237 4693/4693/2237
f 4691/4691/2238 4693/4693/2238 4694/4694/2238
f 4695/4695/2239 4696/4696/2239 4697/4697/2239
f 4695/4695/2240 4697/4697/2240 4698/4698/2240
f 4699/4699/2241 4700/4700/2241 4701/4701/2241
f 4699/4699/2242 4701/4701/2242 4702/4702/2242
f 4703/4703/2243 4704/4704/2243 4705/4705/2243
f 4703/4703/2244 4705/4705/2244 4706/4706/2244
f 4707/4707/2245 4708/4708/2245 4709/4709/2245
f 4707/4707/2246 4709/4709/2246 4710/4710/2246
f 4711/4711/2247 4712/4712/2247 4713/4713/2247
f 4711/4711/2248 4713/4713/2248 4714/4714/2248
f 4715/4715/2249 4716/4716/2249 4717/4717/2249
f 4715/4715/2250 4717/4717/2250 4718/4718/2250
f 4719/4719/2251 4720/4720/2251 4721/4721/2251
f 4719/4719/2252 4721/4721/2252 4722/4722/2252
f 4723/4723/2253 4724/4724/2253 4725/4725/2253
f 4723/4723/2254 4725/4725/2254 4726/4726/2254
f 4727/4727/2255 4728/4728/2255 4729/4729/2255
f 4727/4727/2256 4729/4729/2256 4730/4730/2256
f 4731/4731/2257 4732/4732/2257 4733/4733/2257
f 4731/4731/2258 4733/4733/2258 4734/4734/2258
f 4735/4735/2259 4736/4736/2259 4737/4737/2259
f 4735/4735/2260 4737/4737/2260 4738/4738/2260
f 4739/4739/2261 4740/4740/2261 4741/4741/2261
f 4739/4739/2262 4741/4741/2262 4742/4742/2262
f 4743/4743/2263 4744/4744/2263 4745/4745/2263
f 4743/4743/2264 4745/4745/2264 4746/4746/2264
f 4747/4747/2265 4748/4748/2265 4749/4749/2265
f 4747/4747/2266 4749/4749/2266 4750/4750/2266
f 4751/4751/2267 4752/4752/2267 4753/4753/2267
f 4751/4751/2268 4753/4753/2268 4754/4754/2268
f 4755/4755/2269 4756/4756/2269 4757/4757/2269
f 4755/4755/2270 4757/4757/2270 4758/4758/2270
f 4759/4759/2271 4760/4760/2271 4761/4761/2271
f 4759/4759/2272 4761/4761/2272 4762/4762/2272
f 4763/4763/2273 4764/4764/2273 4765/4765/2273
f 4763/4763/2274 4765/4765/2274 4766/4766/2274
f 4767/4767/2275 4768/4768/2275 4769/4769/2275
f 4767/4767/2276 4769/4769/2276 4770/4770/2276
f 4771/4771/2277 4772/4772/2277 4773/4773/2277
f 4771/4771/2278 4773/4773/2278 4774/4774/2278
f 4775/4775/2279 4776/4776/2279 4777/4777/2279
f 4775/4775/2280 4777/4777/2280 4778/4778/2280
f 4779/4779/2281 4780/4780/2281 4781/4781/2281
f 4779/4779/2282 4781/4781/2282 4782/4782/2282
f 4783/4783/2283 4784/4784/2283 4785/4785/2283
f 4783/4783/2284 4785/4785/2284 4786/4786/2284
f 4787/4787/2285 4788/4788/2285 4789/4789/2285
f 4787/4787/2286 4789/4789/2286 4790/4790/2286
f 4791/4791/2287 4792/4792/2287 4793/4793/2287
f 4791/4791/2288 4793/4793/2288 4794/4794/2288
f 4795/4795/2289 4796/4796/2289 4797/4797/2289
f 4795/4795/2290 4797/4797/2290 4798/4798/2290
f 4799/4799/2291 4800/4800/2291 4801/4801/2291
f 4799/4799/2292 4801/4801/2292 4802/4802/2292
f 4803/4803/2293 4804/4804/2293 4805/4805/2293
f 4803/4803/2294 4805/4805/2294 4806/4806/2294
f 4807/4807/2295 4808/4808/2295 4809/4809/2295
f 4807/4807/2296 4809/4809/2296 4810/4810/2296
f 4811/4811/2297 4812/4812/2297 4813/4813/2297
f 4811/4811/2298 4813/4813/2298 4814/4814/2298
f 4815/4815/2299 4816/4816/2299 4817/4817/2299
f 4815/4815/2300 4817/4817/2300 4818/4818/2300
f 4819/4819/2301 4820/4820/2301 4821/4821/2301
f 4819/4819/2302 4821/4821/2302 4822/4822/2302
f 4823/4823/2303 4824/4824/2303 4825/4825/2303
f 4823/4823/2304 4825/4825/2304 4826/4826/2304
f 4827/4827/2305 4828/4828/2305 4829/4829/2305
f 4827/4827/2306 4829/4829/2306 4830/4830/2306
f 4831/4831/2307 4832/4832/2307 4833/4833/2307
f 4831/4831/2308 4833/4833/2308 4834/4834/2308
f 4835/4835/2309 4836/4836/2309 4837/4837/2309
f 4835/4835/2310 4837/4837/2310 4838/4838/2310
f 4839/4839/2311 4840/4840/2311 4841/4841/2311
f 4839/4839/2312 4841/4841/2312 4842/4842/2312
f 4843/4843/2313 4844/4844/2313 4845/4845/2313
f 4843/4843/2314 4845/4845/2314 4846/4846/2314
f 4847/4847/2315 4848/4848/2315 4849/4849/2315
f 4847/4847/2316 4849/4849/2316 4850/4850/2316
f 4851/4851/2317 4852/4852/2317 4853/4853/2317
f 4851/4851/2318 4853/4853/2318 4854/4854/2318
f 4855/4855/2319 4856/4856/2319 4857/4857/2319
f 4855/4855/2320 4857/4857/2320 4858/4858/2320
f 4859/4859/2321 4860/4860/2321 4861/4861/2321
f 4859/4859/2322 4861/4861/2322 4862/4862/2322
f 4863/4863/2323 4864/4864/2323 4865/4865/2323
f 4863/4863/2324 4865/4865/2324 4866/4866/2324
f 4867/4867/2325 4868/4868/2325 4869/4869/2325
f 4867/4867/2326 4869/4869/2326 4870/4870/2326
f 4871/4871/2327 4872/4872/2327 4873/4873/2327
f 4871/4871/2328 4873/4873/2328 4874/4874/2328
f 4875/4875/2329 4876/4876/2329 4877/4877/2329
f 4875/4875/2330 4877/4877/2330 4878/4878/2330
f 4879/4879/2331 4880/4880/2331 4881/4881/2331
f 4879/4879/2332 4881/4881/2332 4882/4882/2332
f 4883/4883/2333 4884/4884/2333 4885/4885/2333
f 4883/4883/2334 4885/4885/2334 4886/4886/2334
f 4887/4887/2335 4888/4888/2335 4889/4889/2335
f 4887/4887/2336 4889/4889/2336 4890/4890/2336
f 4891/4891/2337 4892/4892/2337 4893/4893/2337
f 4891/4891/2338 4893/4893/2338 4894/4894/2338
f 4895/4895/2339 4896/4896/2339 4897/4897/2339
f 4895/4895/2340 4897/4897/2340 4898/4898/2340
f 4899/4899/2341 4900/4900/2341 4901/4901/2341
f 4899/4899/2342 4901/4901/2342 4902/4902/2342
f 4903/4903/2343 4904/4904/2343 4905/4905/2343
f 4903/4903/2344 4905/4905/2344 4906/4906/2344
f 4907/4907/2345 4908/4908/2345 4909/4909/2345
f 4907/4907/2346 4909/4909/2346 4910/4910/2346
f 4911/4911/2347 4912/4912/2347 4913/4913/2347
f 4911/4911/2348 4913/4913/2348 4914/4914/2348
f 4915/4915/2349 4916/4916/2349 4917/4917/2349
f 4915/4915/2350 4917/4917/2350 4918/4918/2350
f 4919/4919/2351 4920/4920/2351 4921/4921/2351
f 4919/4919/2352 4921/4921/2352 4922/4922/2352
f 4923/4923/2353 4924/4924/2353 4925/4925/2353
f 4923/4923/2354 4925/4925/2354 4926/4926/2354
f 4927/4927/2355 4928/4928/2355 4929/4929/2355
f 4927/4927/2356 4929/4929/2356 4930/4930/2356
f 4931/4931/2357 4932/4932/2357 4933/4933/2357
f 4931/4931/2358 4933/4933/2358 4934/4934/2358
f 4935/4935/2359 4936/4936/2359 4937/4937/2359
f 4935/4935/2360 4937/4937/2360 4938/4938/2360
f 4939/4939/2361 4940/4940/2361 4941/4941/2361
f 4939/4939/2362 4941/4941/2362 4942/4942/2362
f 4943/4943/2363 4944/4944/2363 4945/4945/2363
f 4943/4943/2364 4945/4945/2364 4946/4946/2364
f 4947/4947/2365 4948/4948/2365 4949/4949/2365
f 4947/4947/2366 4949/4949/2366 4950/4950/2366
f 4951/4951/2367 4952/4952/2367 4953/4953/2367
f 4951/4951/2368 4953/4953/2368 4954/4954/2368
f 4955/4955/2369 4956/4956/2369 4957/4957/2369
f 4955/4955/2370 4957/4957/2370 4958/4958/2370
f 4959/4959/2371 4960/4960/2371 4961/4961/2371
f 4959/4959/2372 4961/4961/2372 4962/4962/2372
f 4963/4963/2373 4964/4964/2373 4965/4965/2373
f 4963/4963/2374 4965/4965/2374 4966/4966/2374
f 4967/4967/2375 4968/4968/2375 4969/4969/2375
f 4967/4967/2376 4969/4969/2376 4970/4970/2376
f 4971/4971/2377 4972/4972/2377 4973/4973/2377
f 4971/4971/2378 4973/4973/2378 4974/4974/2378
f 4975/4975/2379 4976/4976/2379 4977/4977/2379
f 4975/4975/2380 4977/4977/2380 4978/4978/2380
f 4979/4979/2381 4980/4980/2381 4981/4981/2381
f 4979/4979/2382 4981/4981/2382 4982/4982/2382
f 4983/4983/2383 4984/4984/2383 4985/4985/2383
f 4983/4983/2384 4985/4985/2384 4986/4986/2384
f 4987/4987/2385 4988/4988/2385 4989/4989/2385
f 4987/4987/2386 4989/4989/2386 4990/4990/2386
f 4991/4991/2387 4992/4992/2387 4993/4993/2387
f 4991/4991/2388 4993/4993/2388 4994/4994/2388
f 4995/4995/2389 4996/4996/2389 4997/4997/2389
f 4995/4995/2390 4997/4997/2390 4998/4998/2390
f 4999/4999/2391 5000/5000/2391 5001/5001/2391
f 4999/4999/2392 5001/5001/2392 5002/5002/2392
f 5003/5003/2393 5004/5004/2393 5005/5005/2393
f 5003/5003/2394 5005/5005/2394 5006/5006/2394
f 5007/5007/2395 5008/5008/2395 5009/5009/2395
f 5007/5007/2396 5009/5009/2396 5010/5010/2396
f 5011/5011/2397 5012/5012/2397 5013/5013/2397
f 5011/5011/2398 5013/5013/2398 5014/5014/2398
f 5015/5015/2399 5016/5016/2399 5017/5017/2399
f 5015/5015/2400 5017/5017/2400 5018/5018/2400
f 5019/5019/2401 5020/5020/2401 5021/5021/2401
f 5019/5019/2402 5021/5021/2402 5022/5022/2402
f 5023/5023/2403 5024/5024/2403 5025/5025/2403
f 5023/5023/2404 5025/5025/2404 5026/5026/2404
f 5027/5027/2405 5028/5028/2405 5029/5029/2405
f 5027/5027/2406 5029/5029/2406 5030/5030/2406
f 5031/5031/2407 5032/5032/2407 5033/5033/2407
f 5031/5031/2408 5033/5033/2408 5034/5034/2408
f 5035/5035/2409 5036/5036/2409 5037/5037/2409
f 5035/5035/2410 5037/5037/2410 5038/5038/2410
f 5039/5039/2411 5040/5040/2411 5041/5041/2411
f 5039/5039/2412 5041/5041/2412 5042/5042/2412
f 5043/5043/2413 5044/5044/2413 5045/5045/2413
f 5043/5043/2414 5045/5045/2414 5046/5046/2414
f 5047/5047/2415 5048/5048/2415 5049/5049/2415
f 5047/5047/2416 5049/5049/2416 5050/5050/2416
f 5051/5051/2417 5052/5052/2417 5053/5053/2417
f 5051/5051/2418 5053/5053/2418 5054/5054/2418
f 5055/5055/2419 5056/5056/2419 5057/5057/2419
f 5055/5055/2420 5057/5057/2420 5058/5058/2420
f 5059/5059/2421 5060/5060/2421 5061/5061/2421
f 5059/5059/2422 5061/5061/2422 5062/5062/2422
f 5063/5063/2423 5064/5064/2423 5065/5065/2423
f 5063/5063/2424 5065/5065/2424 5066/5066/2424
f 5067/5067/2425 5068/5068/2425 5069/5069/2425
f 5067/5067/2426 5069/5069/2426 5070/5070/2426
f 5071/5071/2427 5072/5072/2427 5073/5073/2427
f 5071/5071/2428 5073/5073/2428 5074/5074/2428
f 5075/5075/2429 5076/5076/2429 5077/5077/2429
f 5075/5075/2430 5077/5077/2430 5078/5078/2430
f 5079/5079/2431 5080/5080/2431 5081/5081/2431
f 5079/5079/2432 5081/5081/2432 5082/5082/2432
f 5083/5083/2433 5084/5084/2433 5085/5085/2433
f 5083/5083/2434 5085/5085/2434 5086/5086/2434
f 5087/5087/2435 5088/5088/2435 5089/5089/2435
f 5087/5087/2436 5089/5089/2436 5090/5090/2436
f 5091/5091/2437 5092/5092/2437 5093/5093/2437
f 5091/5091/2438 5093/5093/2438 5094/5094/2438
f 5095/5095/2439 5096/5096/2439 5097/5097/2439
f 5095/5095/2440 5097/5097/2440 5098/5098/2440
f 5099/5099/2441 5100/5100/2441 5101/5101/2441
f 5099/5099/2442 5101/5101/2442 5102/5102/2442
f 5103/5103/2443 5104/5104/2443 5105/5105/2443
f 5103/5103/2444 5105/5105/2444 5106/5106/2444
f 5107/5107/2445 5108/5108/2445 5109/5109/2445
f 5107/5107/2446 5109/5109/2446 5110/5110/2446
f 5111/5111/2447 5112/5112/2447 5113/5113/2447
f 5111/5111/2448 5113/5113/2448 5114/5114/2448
f 5115/5115/2449 5116/5116/2449 5117/5117/2449
f 5115/5115/2450 5117/5117/2450 5118/5118/2450
f 5119/5119/2451 5120/5120/2451 5121/5121/2451
f 5119/5119/2452 5121/5121/2452 5122/5122/2452
f 5123/5123/2453 5124/5124/2453 5125/5125/2453
f 5123/5123/2454 5125/5125/2454 5126/5126/2454
f 5127/5127/2455 5128/5128/2455 5129/5129/2455
f 5127/5127/2456 5129/5129/2456 5130/5130/2456
f 5131/5131/2457 5132/5132/2457 5133/5133/2457
f 5131/5131/2458 5133/5133/2458 5134/5134/2458
f 5135/5135/2459 5136/5136/2459 5137/5137/2459
f 5135/5135/2460 5137/5137/2460 5138/5138/2460
f 5139/5139/2461 5140/5140/2461 5141/5141/2461
f 5139/5139/2462 5141/5141/2462 5142/5142/2462
f 5143/5143/2463 5144/5144/2463 5145/5145/2463
f 5143/5143/2464 5145/5145/2464 5146/5146/2464
f 5147/5147/2465 5148/5148/2465 5149/5149/2465
f 5147/5147/2466 5149/5149/2466 5150/5150/2466
f 5151/5151/2467 5152/5152/2467 5153/5153/2467
f 5151/5151/2468 5153/5153/2468 5154/5154/2468
f 5155/5155/2469 5156/5156/2469 5157/5157/2469
f 5155/5155/2470 5157/5157/2470 5158/5158/2470
f 5159/5159/2471 5160/5160/2471 5161/5161/2471
f 5159/5159/2472 5161/5161/2472 5162/5162/2472
f 5163/5163/2473 5164/5164/2473 5165/5165/2473
f 5163/5163/2474 5165/5165/2474 5166/5166/2474
f 5167/5167/2475 5168/5168/2475 5169/5169/2475
f 5167/5167/2476 5169/5169/2476 5170/5170/2476
f 5171/5171/2477 5172/5172/2477 5173/5173/2477
f 5171/5171/2478 5173/5173/2478 5174/5174/2478
f 5175/5175/2479 5176/5176/2479 5177/5177/2479
f 5175/5175/2480 5177/5177/2480 5178/5178/2480
f 5179/5179/2481 5180/5180/2481 5181/5181/2481
f 5179/5179/2482 5181/5181/2482 5182/5182/2482
f 5183/5183/2483 5184/5184/2483 5185/5185/2483
f 5183/5183/2484 5185/5185/2484 5186/5186/2484
f 5187/5187/2485 5188/5188/2485 5189/5189/2485
f 5187/5187/2486 5189/5189/2486 5190/5190/2486
f 5191/5191/2487 5192/5192/2487 5193/5193/2487
f 5191/5191/2488 5193/5193/2488 5194/5194/2488
f 5195/5195/2489 5196/5196/2489 5197/5197/2489
f 5195/5195/2490 5197/5197/2490 5198/5198/2490
f 5199/5199/2491 5200/5200/2491 5201/5201/2491
f 5199/5199/2492 5201/5201/2492 5202/5202/2492
f 5203/5203/2493 5204/5204/2493 5205/5205/2493
f 5203/5203/2494 5205/5205/2494 5206/5206/2494
f 5207/5207/2495 5208/5208/2495 5209/5209/2495
f 5207/5207/2496 5209/5209/2496 5210/5210/2496
f 5211/5211/2497 5212/5212/2497 5213/5213/2497
f 5211/5211/2498 5213/5213/2498 5214/5214/2498
f 5215/5215/2499 5216/5216/2499 5217/5217/2499
f 5215/5215/2500 5217/5217/2500 5218/5218/2500
f 5219/5219/2501 5220/5220/2501 5221/5221/2501
f 5219/5219/2502 5221/5221/2502 5222/5222/2502
f 5223/5223/2503 5224/5224/2503 5225/5225/2503
f 5223/5223/2504 5225/5225/2504 5226/5226/2504
f 5227/5227/2505 5228/5228/2505 5229/5229/2505
f 5227/5227/2506 5229/5229/2506 5230/5230/2506
f 5231/5231/2507 5232/5232/2507 5233/5233/2507
f 5231/5231/2508 5233/5233/2508 5234/5234/2508
f 5235/5235/2509 5236/5236/2509 5237/5237/2509
f 5235/5235/2510 5237/5237/2510 5238/5238/2510
f 5239/5239/2511 5240/5240/2511 5241/5241/2511
f 5239/5239/2512 5241/5241/2512 5242/5242/2512
f 5243/5243/2513 5244/5244/2513 5245/5245/2513
f 5243/5243/2514 5245/5245/2514 5246/5246/2514
f 5247/5247/2515 5248/5248/2515 5249/5249/2515
f 5247/5247/2516 5249/5249/2516 5250/5250/2516
f 5251/5251/2517 5252/5252/2517 5253/5253/2517
f 5251/5251/2518 5253/5253/2518 5254/5254/2518
f 5255/5255/2519 5256/5256/2519 5257/5257/2519
f 5255/5255/2520 5257/5257/2520 5258/5258/2520
f 5259/5259/2521 5260/5260/2521 5261/5261/2521
f 5259/5259/2522 5261/5261/2522 5262/5262/2522
f 5263/5263/2523 5264/5264/2523 5265/5265/2523
f 5263/5263/2524 5265/5265/2524 5266/5266/2524
f 5267/5267/2525 5268/5268/2525 5269/5269/2525
f 5267/5267/2526 5269/5269/2526 5270/5270/2526
f 5271/5271/2527 5272/5272/2527 5273/5273/2527
f 5271/5271/2528 5273/5273/2528 5274/5274/2528
f 5275/5275/2529 5276/5276/2529 5277/5277/2529
f 5275/5275/2530 5277/5277/2530 5278/5278/2530
f 5279/5279/2531 5280/5280/2531 5281/5281/2531
f 5279/5279/2532 5281/5281/2532 5282/5282/2532
f 5283/5283/2533 5284/5284/2533 5285/5285/2533
f 5283/5283/2534 5285/5285/2534 5286/5286/2534
f 5287/5287/2535 5288/5288/2535 5289/5289/2535
f 5287/5287/2536 5289/5289/2536 5290/5290/2536
f 5291/5291/2537 5292/5292/2537 5293/5293/2537
f 5291/5291/2538 5293/5293/2538 5294/5294/2538
f 5295/5295/2539 5296/5296/2539 5297/5297/2539
f 5295/5295/2540 5297/5297/2540 5298/5298/2540
f 5299/5299/2541 5300/5300/2541 5301/5301/2541
f 5299/5299/2542 5301/5301/2542 5302/5302/2542
f 5303/5303/2543 5304/5304/2543 5305/5305/2543
f 5303/5303/2544 5305/5305/2544 5306/5306/2544
f 5307/5307/2545 5308/5308/2545 5309/5309/2545
f 5307/5307/2546 5309/5309/2546 5310/5310/2546
f 5311/5311/2547 5312/5312/2547 5313/5313/2547
f 5311/5311/2548 5313/5313/2548 5314/5314/2548
f 5315/5315/2549 5316/5316/2549 5317/5317/2549
f 5315/5315/2550 5317/5317/2550 5318/5318/2550
f 5319/5319/2551 5320/5320/2551 5321/5321/2551
f 5319/5319/2552 5321/5321/2552 5322/5322/2552
f 5323/5323/2553 5324/5324/2553 5325/5325/2553
f 5323/5323/2554 5325/5325/2554 5326/5326/2554
f 5327/5327/2555 5328/5328/2555 5329/5329/2555
f 5327/5327/2556 5329/5329/2556 5330/5330/2556
f 5331/5331/2557 5332/5332/2557 5333/5333/2557
f 5331/5331/2558 5333/5333/2558 5334/5334/2558
f 5335/5335/2559 5336/5336/2559 5337/5337/2559
f 5335/5335/2560 5337/5337/2560 5338/5338/2560
f 5339/5339/2561 5340/5340/2561 5341/5341/2561
f 5339/5339/2562 5341/5341/2562 5342/5342/2562
f 5343/5343/2563 5344/5344/2563 5345/5345/2563
f 5343/5343/2564 5345/5345/2564 5346/5346/2564
f 5347/5347/2565 5348/5348/2565 5349/5349/2565
f 5347/5347/2566 5349/5349/2566 5350/5350/2566
f 5351/5351/2567 5352/5352/2567 5353/5353/2567
f 5351/5351/2568 5353/5353/2568 5354/5354/2568
f 5355/5355/2569 5356/5356/2569 5357/5357/2569
f 5355/5355/2570 5357/5357/2570 5358/5358/2570
f 5359/5359/2571 5360/5360/2571 5361/5361/2571
f 5359/5359/2572 5361/5361/2572 5362/5362/2572
f 5363/5363/2573 5364/5364/2573 5365/5365/2573
f 5363/5363/2574 5365/5365/2574 5366/5366/2574
f 5367/5367/2575 5368/5368/2575 5369/5369/2575
f 5367/5367/2576 5369/5369/2576 5370/5370/2576
f 5371/5371/2577 5372/5372/2577 5373/5373/2577
f 5371/5371/2578 5373/5373/2578 5374/5374/2578
f 5375/5375/2579 5376/5376/2579 5377/5377/2579
f 5375/5375/2580 5377/5377/2580 5378/5378/2580
f 5379/5379/2581 5380/5380/2581 5381/5381/2581
f 5379/5379/2582 5381/5381/2582 5382/5382/2582
f 5383/5383/2583 5384/5384/2583 5385/5385/2583
f 5383/5383/2584 5385/5385/2584 5386/5386/2584
f 5387/5387/2585 5388/5388/2585 5389/5389/2585
f 5387/5387/2586 5389/5389/2586 5390/5390/2586
f 5391/5391/2587 5392/5392/2587 5393/5393/2587
f 5391/5391/2588 5393/5393/2588 5394/5394/2588
f 5395/5395/2589 5396/5396/2589 5397/5397/2589
f 5395/5395/2590 5397/5397/2590 5398/5398/2590
f 5399/5399/2591 5400/5400/2591 5401/5401/2591
f 5399/5399/2592 5401/5401/2592 5402/5402/2592
f 5403/5403/2593 5404/5404/2593 5405/5405/2593
f 5403/5403/2594 5405/5405/2594 5406/5406/2594
f 5407/5407/2595 5408/5408/2595 5409/5409/2595
f 5407/5407/2596 5409/5409/2596 5410/5410/2596
f 5411/5411/2597 5412/5412/2597 5413/5413/2597
f 5411/5411/2598 5413/5413/2598 5414/5414/2598
f 5415/5415/2599 5416/5416/2599 5417/5417/2599
f 5415/5415/2600 5417/5417/2600 5418/5418/2600
f 5419/5419/2601 5420/5420/2601 5421/5421/2601
f 5419/5419/2602 5421/5421/2602 5422/5422/2602
f 5423/5423/2603 5424/5424/2603 5425/5425/2603
f 5423/5423/2604 5425/5425/2604 5426/5426/2604
f 5427/5427/2605 5428/5428/2605 5429/5429/2605
f 5427/5427/2606 5429/5429/2606 5430/5430/2606
f 5431/5431/2607 5432/5432/2607 5433/5433/2607
f 5431/5431/2608 5433/5433/2608 5434/5434/2608
f 5435/5435/2609 5436/5436/2609 5437/5437/2609
f 5435/5435/2610 5437/5437/2610 5438/5438/2610
f 5439/5439/2611 5440/5440/2611 5441/5441/2611
f 5439/5439/2612 5441/5441/2612 5442/5442/2612
f 5443/5443/2613 5444/5444/2613 5445/5445/2613
f 5443/5443/2614 5445/5445/2614 5446/5446/2614
f 5447/5447/2615 5448/5448/2615 5449/5449/2615
f 5447/5447/2616 5449/5449/2616 5450/5450/2616
f 5451/5451/2617 5452/5452/2617 5453/5453/2617
f 5451/5451/2618 5453/5453/2618 5454/5454/2618
f 5455/5455/2619 5456/5456/2619 5457/5457/2619
f 5455/5455/2620 5457/5457/2620 5458/5458/2620
f 5459/5459/2621 5460/5460/2621 5461/5461/2621
f 5459/5459/2622 5461/5461/2622 5462/5462/2622
f 5463/5463/2623 5464/5464/2623 5465/5465/2623
f 5463/5463/2624 5465/5465/2624 5466/5466/2624
f 5467/5467/2625 5468/5468/2625 5469/5469/2625
f 5467/5467/2626 5469/5469/2626 5470/5470/2626
f 5471/5471/2627 5472/5472/2627 5473/5473/2627
f 5471/5471/2628 5473/5473/2628 5474/5474/2628
f 5475/5475/2629 5476/5476/2629 5477/5477/2629
f 5475/5475/2630 5477/5477/2630 5478/5478/2630
f 5479/5479/2631 5480/5480/2631 5481/5481/2631
f 5479/5479/2632 5481/5481/2632 5482/5482/2632
f 5483/5483/2633 5484/5484/2633 5485/5485/2633
f 5483/5483/2634 5485/5485/2634 5486/5486/2634
f 5487/5487/2635 5488/5488/2635 5489/5489/2635
f 5487/5487/2636 5489/5489/2636 5490/5490/2636
f 5491/5491/2637 5492/5492/2637 5493/5493/2637
f 5491/5491/2638 5493/5493/2638 5494/5494/2638
f 5495/5495/2639 5496/5496/2639 5497/5497/2639
f 5495/5495/2640 5497/5497/2640 5498/5498/2640
f 5499/5499/2641 5500/5500/2641 5501/5501/2641
f 5499/5499/2642 5501/5501/2642 5502/5502/2642
f 5503/5503/2643 5504/5504/2643 5505/5505/2643
f 5503/5503/2644 5505/5505/2644 5506/5506/2644
f 5507/5507/2645 5508/5508/2645 5509/5509/2645
f 5507/5507/2646 5509/5509/2646 5510/5510/2646
f 5511/5511/2647 5512/5512/2647 5513/5513/2647
f 5511/5511/2648 5513/5513/2648 5514/5514/2648
f 5515/5515/2649 5516/5516/2649 5517/5517/2649
f 5515/5515/2650 5517/5517/2650 5518/5518/2650
f 5519/5519/2651 5520/5520/2651 5521/5521/2651
f 5519/5519/2652 5521/5521/2652 5522/5522/2652
f 5523/5523/2653 5524/5524/2653 5525/5525/2653
f 5523/5523/2654 5525/5525/2654 5526/5526/2654
f 5527/5527/2655 5528/5528/2655 5529/5529/2655
f 5527/5527/2656 5529/5529/2656 5530/5530/2656
f 5531/5531/2657 5532/5532/2657 5533/5533/2657
f 5531/5531/2658 5533/5533/2658 5534/5534/2658
f 5535/5535/2659 5536/5536/2659 5537/5537/2659
f 5535/5535/2660 5537/5537/2660 5538/5538/2660
f 5539/5539/2661 5540/5540/2661 5541/5541/2661
f 5539/5539/2662 5541/5541/2662 5542/5542/2662
f 5543/5543/2663 5544/5544/2663 5545/5545/2663
f 5543/5543/2664 5545/5545/2664 5546/5546/2664
f 5547/5547/2665 5548/5548/2665 5549/5549/2665
f 5547/5547/2666 5549/5549/2666 5550/5550/2666
f 5551/5551/2667 5552/5552/2667 5553/5553/2667
f 5551/5551/2668 5553/5553/2668 5554/5554/2668
f 5555/5555/2669 5556/5556/2669 5557/5557/2669
f 5555/5555/2670 5557/5557/2670 5558/5558/2670
f 5559/5559/2671 5560/5560/2671 5561/5561/2671
f 5559/5559/2672 5561/5561/2672 5562/5562/2672
f 5563/5563/2673 5564/5564/2673 5565/5565/2673
f 5563/5563/2674 5565/5565/2674 5566/5566/2674
f 5567/5567/2675 5568/5568/2675 5569/5569/2675
f 5567/5567/2676 5569/5569/2676 5570/5570/2676
f 5571/5571/2677 5572/5572/2677 5573/5573/2677
f 5571/5571/2678 5573/5573/2678 5574/5574/2678
f 5575/5575/2679 5576/5576/2679 5577/5577/2679
f 5575/5575/2680 5577/5577/2680 5578/5578/2680
f 5579/5579/2681 5580/5580/2681 5581/5581/2681
f 5579/5579/2682 5581/5581/2682 5582/5582/2682
f 5583/5583/2683 5584/5584/2683 5585/5585/2683
f 5583/5583/2684 5585/5585/2684 5586/5586/2684
f 5587/5587/2685 5588/5588/2685 5589/5589/2685
f 5587/5587/2686 5589/5589/2686 5590/5590/2686
f 5591/5591/2687 5592/5592/2687 5593/5593/2687
f 5591/5591/2688 5593/5593/2688 5594/5594/2688
f 5595/5595/2689 5596/5596/2689 5597/5597/2689
f 5595/5595/2690 5597/5597/2690 5598/5598/2690
f 5599/5599/2691 5600/5600/2691 5601/5601/2691
f 5599/5599/2692 5601/5601/2692 5602/5602/2692
f 5603/5603/2693 5604/5604/2693 5605/5605/2693
f 5603/5603/2694 5605/5605/2694 5606/5606/2694
f 5607/5607/2695 5608/5608/2695 5609/5609/2695
f 5607/5607/2696 5609/5609/2696 5610/5610/2696
f 5611/5611/2697 5612/5612/2697 5613/5613/2697
f 5611/5611/2698 5613/5613/2698 5614/5614/2698
f 5615/5615/2699 5616/5616/2699 5617/5617/2699
f 5615/5615/2700 5617/5617/2700 5618/5618/2700
f 5619/5619/2701 5620/5620/2701 5621/5621/2701
f 5619/5619/2702 5621/5621/2702 5622/5622/2702
f 5623/5623/2703 5624/5624/2703 5625/5625/2703
f 5623/5623/2704 5625/5625/2704 5626/5626/2704
f 5627/5627/2705 5628/5628/2705 5629/5629/2705
f 5627/5627/2706 5629/5629/2706 5630/5630/2706
f 5631/5631/2707 5632/5632/2707 5633/5633/2707
f 5631/5631/2708 5633/5633/2708 5634/5634/2708
f 5635/5635/2709 5636/5636/2709 5637/5637/2709
f 5635/5635/2710 5637/5637/2710 5638/5638/2710
f 5639/5639/2711 5640/5640/2711 5641/5641/2711
f 5639/5639/2712 5641/5641/2712 5642/5642/2712
f 5643/5643/2713 5644/5644/2713 5645/5645/2713
f 5643/5643/2714 5645/5645/2714 5646/5646/2714
f 5647/5647/2715 5648/5648/2715 5649/5649/2715
f 5647/5647/2716 5649/5649/2716 5650/5650/2716
f 5651/5651/2717 5652/5652/2717 5653/5653/2717
f 5651/5651/2718 5653/5653/2718 5654/5654/2718
f 5655/5655/2719 5656/5656/2719 5657/5657/2719
f 5655/5655/2720 5657/5657/2720 5658/5658/2720
f 5659/5659/2721 5660/5660/2721 5661/5661/2721
f 5659/5659/2722 5661/5661/2722 5662/5662/2722
f 5663/5663/2723 5664/5664/2723 5665/5665/2723
f 5663/5663/2724 5665/5665/2724 5666/5666/2724
f 5667/5667/2725 5668/5668/2725 5669/5669/2725
f 5667/5667/2726 5669/5669/2726 5670/5670/2726
f 5671/5671/2727 5672/5672/2727 5673/5673/2727
f 5671/5671/2728 5673/5673/2728 5674/5674/2728
f 5675/5675/2729 5676/5676/2729 5677/5677/2729
f 5675/5675/2730 5677/5677/2730 5678/5678/2730
f 5679/5679/2731 5680/5680/2731 5681/5681/2731
f 5679/5679/2732 5681/5681/2732 5682/5682/2732
f 5683/5683/2733 5684/5684/2733 5685/5685/2733
f 5683/5683/2734 5685/5685/2734 5686/5686/2734
f 5687/5687/2735 5688/5688/2735 5689/5689/2735
f 5687/5687/2736 5689/5689/2736 5690/5690/2736
f 5691/5691/2737 5692/5692/2737 5693/5693/2737
f 5691/5691/2738 5693/5693/2738 5694/5694/2738
f 5695/5695/2739 5696/5696/2739 5697/5697/2739
f 5695/5695/2740 5697/5697/2740 5698/5698/2740
f 5699/5699/2741 5700/5700/2741 5701/5701/2741
f 5699/5699/2742 5701/5701/2742 5702/5702/2742
f 5703/5703/2743 5704/5704/2743 5705/5705/2743
f 5703/5703/2744 5705/5705/2744 5706/5706/2744
f 5707/5707/2745 5708/5708/2745 5709/5709/2745
f 5707/5707/2746 5709/5709/2746 5710/5710/2746
f 5711/5711/2747 5712/5712/2747 5713/5713/2747
f 5711/5711/2748 5713/5713/2748 5714/5714/2748
f 5715/5715/2749 5716/5716/2749 5717/5717/2749
f 5715/5715/2750 5717/5717/2750 5718/5718/2750
f 5719/5719/2751 5720/5720/2751 5721/5721/2751
f 5719/5719/2752 5721/5721/2752 5722/5722/2752
f 5723/5723/2753 5724/5724/2753 5725/5725/2753
f 5723/5723/2754 5725/5725/2754 5726/5726/2754
f 5727/5727/2755 5728/5728/2755 5729/5729/2755
f 5727/5727/2756 5729/5729/2756 5730/5730/2756
f 5731/5731/2757 5732/5732/2757 5733/5733/2757
f 5731/5731/2758 5733/5733/2758 5734/5734/2758
f 5735/5735/2759 5736/5736/2759 5737/5737/2759
f 5735/5735/2760 5737/5737/2760 5738/5738/2760
f 5739/5739/2761 5740/5740/2761 5741/5741/2761
f 5739/5739/2762 5741/5741/2762 5742/5742/2762
f 5743/5743/2763 5744/5744/2763 5745/5745/2763
f 5743/5743/2764 5745/5745/2764 5746/5746/2764
f 5747/5747/2765 5748/5748/2765 5749/5749/2765
f 5747/5747/2766 5749/5749/2766 5750/5750/2766
f 5751/5751/2767 5752/5752/2767 5753/5753/2767
f 5751/5751/2768 5753/5753/2768 5754/5754/2768
f 5755/5755/2769 5756/5756/2769 5757/5757/2769
f 5755/5755/2770 5757/5757/2770 5758/5758/2770
f 5759/5759/2771 5760/5760/2771 5761/5761/2771
f 5759/5759/2772 5761/5761/2772 5762/5762/2772
f 5763/5763/2773 5764/5764/2773 5765/5765/2773
f 5763/5763/2774 5765/5765/2774 5766/5766/2774
f 5767/5767/2775 5768/5768/2775 5769/5769/2775
f 5767/5767/2776 5769/5769/2776 5770/5770/2776
f 5771/5771/2777 5772/5772/2777 5773/5773/2777
f 5771/5771/2778 5773/5773/2778 5774/5774/2778
f 5775/5775/2779 5776/5776/2779 5777/5777/2779
f 5775/5775/2780 5777/5777/2780 5778/5778/2780
f 5779/5779/2781 5780/5780/2781 5781/5781/2781
f 5779/5779/2782 5781/5781/2782 5782/5782/2782
f 5783/5783/2783 5784/5784/2783 5785/5785/2783
f 5783/5783/2784 5785/5785/2784 5786/5786/2784
f 5787/5787/2785 5788/5788/2785 5789/5789/2785
f 5787/5787/2786 5789/5789/2786 5790/5790/2786
f 5791/5791/2787 5792/5792/2787 5793/5793/2787
f 5791/5791/2788 5793/5793/2788 5794/5794/2788
f 5795/5795/2789 5796/5796/2789 5797/5797/2789
f 5795/5795/2790 5797/5797/2790 5798/5798/2790
f 5799/5799/2791 5800/5800/2791 5801/5801/2791
f 5799/5799/2792 5801/5801/2792 5802/5802/2792
f 5803/5803/2793 5804/5804/2793 5805/5805/2793
f 5803/5803/2794 5805/5805/2794 5806/5806/2794
f 5807/5807/2795 5808/5808/2795 5809/5809/2795
f 5807/5807/2796 5809/5809/2796 5810/5810/2796
f 5811/5811/2797 5812/5812/2797 5813/5813/2797
f 5811/5811/2798 5813/5813/2798 5814/5814/2798
f 5815/5815/2799 5816/5816/2799 5817/5817/2799
f 5815/5815/2800 5817/5817/2800 5818/5818/2800
f 5819/5819/2801 5820/5820/2801 5821/5821/2801
f 5819/5819/2802 5821/5821/2802 5822/5822/2802
f 5823/5823/2803 5824/5824/2803 5825/5825/2803
f 5823/5823/2804 5825/5825/2804 5826/5826/2804
f 5827/5827/2805 5828/5828/2805 5829/5829/2805
f 5827/5827/2806 5829/5829/2806 5830/5830/2806
f 5831/5831/2807 5832/5832/2807 5833/5833/2807
f 5831/5831/2808 5833/5833/2808 5834/5834/2808
f 5835/5835/2809 5836/5836/2809 5837/5837/2809
f 5835/5835/2810 5837/5837/2810 5838/5838/2810
f 5839/5839/2811 5840/5840/2811 5841/5841/2811
f 5839/5839/2812 5841/5841/2812 5842/5842/2812
f 5843/5843/2813 5844/5844/2813 5845/5845/2813
f 5843/5843/2814 5845/5845/2814 5846/5846/2814
f 5847/5847/2815 5848/5848/2815 5849/5849/2815
f 5847/5847/2816 5849/5849/2816 5850/5850/2816
f 5851/5851/2817 5852/5852/2817 5853/5853/2817
f 5851/5851/2818 5853/5853/2818 5854/5854/2818
f 5855/5855/2819 5856/5856/2819 5857/5857/2819
f 5855/5855/2820 5857/5857/2820 5858/5858/2820
f 5859/5859/2821 5860/5860/2821 5861/5861/2821
f 5859/5859/2822 5861/5861/2822 5862/5862/2822
f 5863/5863/2823 5864/5864/2823 5865/5865/2823
f 5863/5863/2824 5865/5865/2824 5866/5866/2824
f 5867/5867/2825 5868/5868/2825 5869/5869/2825
f 5867/5867/2826 5869/5869/2826 5870/5870/2826
f 5871/5871/2827 5872/5872/2827 5873/5873/2827
f 5871/5871/2828 5873/5873/2828 5874/5874/2828
f 5875/5875/2829 5876/5876/2829 5877/5877/2829
f 5875/5875/2830 5877/5877/2830 5878/5878/2830
f 5879/5879/2831 5880/5880/2831 5881/5881/2831
f 5879/5879/2832 5881/5881/2832 5882/5882/2832
f 5883/5883/2833 5884/5884/2833 5885/5885/2833
f 5883/5883/2834 5885/5885/2834 5886/5886/2834
f 5887/5887/2835 5888/5888/2835 5889/5889/2835
f 5887/5887/2836 5889/5889/2836 5890/5890/2836
f 5891/5891/2837 5892/5892/2837 5893/5893/2837
f 5891/5891/2838 5893/5893/2838 5894/5894/2838
f 5895/5895/2839 5896/5896/2839 5897/5897/2839
f 5895/5895/2840 5897/5897/2840 5898/5898/2840
f 5899/5899/2841 5900/5900/2841 5901/5901/2841
f 5899/5899/2842 5901/5901/2842 5902/5902/2842
f 5903/5903/2843 5904/5904/2843 5905/5905/2843
f 5903/5903/2844 5905/5905/2844 5906/5906/2844
f 5907/5907/2845 5908/5908/2845 5909/5909/2845
f 5907/5907/2846 5909/5909/2846 5910/5910/2846
f 5911/5911/2847 5912/5912/2847 5913/5913/2847
f 5911/5911/2848 5913/5913/2848 5914/5914/2848
f 5915/5915/2849 5916/5916/2849 5917/5917/2849
f 5915/5915/2850 5917/5917/2850 5918/5918/2850
f 5919/5919/2851 5920/5920/2851 5921/5921/2851
f 5919/5919/2852 5921/5921/2852 5922/5922/2852
f 5923/5923/2853 5924/5924/2853 5925/5925/2853
f 5923/5923/2854 5925/5925/2854 5926/5926/2854
f 5927/5927/2855 5928/5928/2855 5929/5929/2855
f 5927/5927/2856 5929/5929/2856 5930/5930/2856
f 5931/5931/2857 5932/5932/2857 5933/5933/2857
f 5931/5931/2858 5933/5933/2858 5934/5934/2858
f 5935/5935/2859 5936/5936/2859 5937/5937/2859
f 5935/5935/2860 5937/5937/2860 5938/5938/2860
f 5939/5939/2861 5940/5940/2861 5941/5941/2861
f 5939/5939/2862 5941/5941/2862 5942/5942/2862
f 5943/5943/2863 5944/5944/2863 5945/5945/2863
f 5943/5943/2864 5945/5945/2864 5946/5946/2864
f 5947/5947/2865 5948/5948/2865 5949/5949/2865
f 5947/5947/2866 5949/5949/2866 5950/5950/2866
f 5951/5951/2867 5952/5952/2867 5953/5953/2867
f 5951/5951/2868 5953/5953/2868 5954/5954/2868
f 5955/5955/2869 5956/5956/2869 5957/5957/2869
f 5955/5955/2870 5957/5957/2870 5958/5958/2870
f 5959/5959/2871 5960/5960/2871 5961/5961/2871
f 5959/5959/2872 5961/5961/2872 5962/5962/2872
f 5963/5963/2873 5964/5964/2873 5965/5965/2873
f 5963/5963/2874 5965/5965/2874 5966/5966/2874
f 5967/5967/2875 5968/5968/2875 5969/5969/2875
f 5967/5967/2876 5969/5969/2876 5970/5970/2876
f 5971/5971/2877 5972/5972/2877 5973/5973/2877
f 5971/5971/2878 5973/5973/2878 5974/5974/2878
f 5975/5975/2879 5976/5976/2879 5977/5977/2879
f 5975/5975/2880 5977/5977/2880 5978/5978/2880
f 5979/5979/2881 5980/5980/2881 5981/5981/2881
f 5979/5979/2882 5981/5981/2882 5982/5982/2882
f 5983/5983/2883 5984/5984/2883 5985/5985/2883
f 5983/5983/2884 5985/5985/2884 5986/5986/2884
f 5987/5987/2885 5988/5988/2885 5989/5989/2885
f 5987/5987/2886 5989/5989/2886 5990/5990/2886
f 5991/5991/2887 5992/5992/2887 5993/5993/2887
f 5991/5991/2888 5993/5993/2888 5994/5994/2888
f 5995/5995/2889 5996/5996/2889 5997/5997/2889
f 5995/5995/2890 5997/5997/2890 5998/5998/2890
f 5999/5999/2891 6000/6000/2891 6001/6001/2891
f 5999/5999/2892 6001/6001/2892 6002/6002/2892
f 6003/6003/2893 6004/6004/2893 6005/6005/2893
f 6003/6003/2894 6005/6005/2894 6006/6006/2894
f 6007/6007/2895 6008/6008/2895 6009/6009/2895
f 6007/6007/2896 6009/6009/2896 6010/6010/2896
f 6011/6011/2897 6012/6012/2897 6013/6013/2897
f 6011/6011/2898 6013/6013/2898 6014/6014/2898
f 6015/6015/2899 6016/6016/2899 6017/6017/2899
f 6015/6015/2900 6017/6017/2900 6018/6018/2900
f 6019/6019/2901 6020/6020/2901 6021/6021/2901
f 6019/6019/2902 6021/6021/2902 6022/6022/2902
f 6023/6023/2903 6024/6024/2903 6025/6025/2903
f 6023/6023/2904 6025/6025/2904 6026/6026/2904
f 6027/6027/2905 6028/6028/2905 6029/6029/2905
f 6027/6027/2906 6029/6029/2906 6030/6030/2906
f 6031/6031/2907 6032/6032/2907 6033/6033/2907
f 6031/6031/2908 6033/6033/2908 6034/6034/2908
f 6035/6035/2909 6036/6036/2909 6037/6037/2909
f 6035/6035/2910 6037/6037/2910 6038/6038/2910
f 6039/6039/2911 6040/6040/2911 6041/6041/2911
f 6039/6039/2912 6041/6041/2912 6042/6042/2912
f 6043/6043/2913 6044/6044/2913 6045/6045/2913
f 6043/6043/2914 6045/6045/2914 6046/6046/2914
f 6047/6047/2915 6048/6048/2915 6049/6049/2915
f 6047/6047/2916 6049/6049/2916 6050/6050/2916
f 6051/6051/2917 6052/6052/2917 6053/6053/2917
f 6051/6051/2918 6053/6053/2918 6054/6054/2918
f 6055/6055/2919 6056/6056/2919 6057/6057/2919
f 6055/6055/2920 6057/6057/2920 6058/6058/2920
f 6059/6059/2921 6060/6060/2921 6061/6061/2921
f 6059/6059/2922 6061/6061/2922 6062/6062/2922
f 6063/6063/2923 6064/6064/2923 6065/6065/2923
f 6063/6063/2924 6065/6065/2924 6066/6066/2924
f 6067/6067/2925 6068/6068/2925 6069/6069/2925
f 6067/6067/2926 6069/6069/2926 6070/6070/2926
f 6071/6071/2927 6072/6072/2927 6073/6073/2927
f 6071/6071/2928 6073/6073/2928 6074/6074/2928
f 6075/6075/2929 6076/6076/2929 6077/6077/2929
f 6075/6075/2930 6077/6077/2930 6078/6078/2930
f 6079/6079/2931 6080/6080/2931 6081/6081/2931
f 6079/6079/2932 6081/6081/2932 6082/6082/2932
f 6083/6083/2933 6084/6084/2933 6085/6085/2933
f 6083/6083/2934 6085/6085/2934 6086/6086/2934
f 6087/6087/2935 6088/6088/2935 6089/6089/2935
f 6087/6087/2936 6089/6089/2936 6090/6090/2936
f 6091/6091/2937 6092/6092/2937 6093/6093/2937
f 6091/6091/2938 6093/6093/2938 6094/6094/2938
f 6095/6095/2939 6096/6096/2939 6097/6097/2939
f 6095/6095/2940 6097/6097/2940 6098/6098/2940
f 6099/6099/2941 6100/6100/2941 6101/6101/2941
f 6099/6099/2942 6101/6101/2942 6102/6102/2942
f 6103/6103/2943 6104/6104/2943 6105/6105/2943
f 6103/6103/2944 6105/6105/2944 6106/6106/2944
f 6107/6107/2945 6108/6108/2945 6109/6109/2945
f 6107/6107/2946 6109/6109/2946 6110/6110/2946
f 6111/6111/2947 6112/6112/2947 6113/6113/2947
f 6111/6111/2948 6113/6113/2948 6114/6114/2948
f 6115/6115/2949 6116/6116/2949 6117/6117/2949
f 6115/6115/2950 6117/6117/2950 6118/6118/2950
f 6119/6119/2951 6120/6120/2951 6121/6121/2951
f 6119/6119/2952 6121/6121/2952 6122/6122/2952
f 6123/6123/2953 6124/6124/2953 6125/6125/2953
f 6123/6123/2954 6125/6125/2954 6126/6126/2954
f 6127/6127/2955 6128/6128/2955 6129/6129/2955
f 6127/6127/2956 6129/6129/2956 6130/6130/2956
f 6131/6131/2957 6132/6132/2957 6133/6133/2957
f 6131/6131/2958 6133/6133/2958 6134/6134/2958
f 6135/6135/2959 6136/6136/2959 6137/6137/2959
f 6135/6135/2960 6137/6137/2960 6138/6138/2960
f 6139/6139/2961 6140/6140/2961 6141/6141/2961
f 6139/6139/2962 6141/6141/2962 6142/6142/2962
f 6143/6143/2963 6144/6144/2963 6145/6145/2963
f 6143/6143/2964 6145/6145/2964 6146/6146/2964
f 6147/6147/2965 6148/6148/2965 6149/6149/2965
f 6147/6147/2966 6149/6149/2966 6150/6150/2966
f 6151/6151/2967 6152/6152/2967 6153/6153/2967
f 6151/6151/2968 6153/6153/2968 6154/6154/2968
f 6155/6155/2969 6156/6156/2969 6157/6157/2969
f 6155/6155/2970 6157/6157/2970 6158/6158/2970
f 6159/6159/2971 6160/6160/2971 6161/6161/2971
f 6159/6159/2972 6161/6161/2972 6162/6162/2972
f 6163/6163/2973 6164/6164/2973 6165/6165/2973
f 6163/6163/2974 6165/6165/2974 6166/6166/2974
f 6167/6167/2975 6168/6168/2975 6169/6169/2975
f 6167/6167/2976 6169/6169/2976 6170/6170/2976
f 6171/6171/2977 6172/6172/2977 6173/6173/2977
f 6171/6171/2978 6173/6173/2978 6174/6174/2978
f 6175/6175/2979 6176/6176/2979 6177/6177/2979
f 6175/6175/2980 6177/6177/2980 6178/6178/2980
f 6179/6179/2981 6180/6180/2981 6181/6181/2981
f 6179/6179/2982 6181/6181/2982 6182/6182/2982
f 6183/6183/2983 6184/6184/2983 6185/6185/2983
f 6183/6183/2984 6185/6185/2984 6186/6186/2984
f 6187/6187/2985 6188/6188/2985 6189/6189/2985
f 6187/6187/2986 6189/6189/2986 6190/6190/2986
f 6191/6191/2987 6192/6192/2987 6193/6193/2987
f 6191/6191/2988 6193/6193/2988 6194/6194/2988
f 6195/6195/2989 6196/6196/2989 6197/6197/2989
f 6195/6195/2990 6197/6197/2990 6198/6198/2990
f 6199/6199/2991 6200/6200/2991 6201/6201/2991
f 6199/6199/2992 6201/6201/2992 6202/6202/2992
f 6203/6203/2993 6204/6204/2993 6205/6205/2993
f 6203/6203/2994 6205/6205/2994 6206/6206/2994
f 6207/6207/2995 6208/6208/2995 6209/6209/2995
f 6207/6207/2996 6209/6209/2996 6210/6210/2996
f 6211/6211/2997 6212/6212/2997 6213/6213/2997
f 6211/6211/2998 6213/6213/2998 6214/6214/2998
f 6215/6215/2999 6216/6216/2999 6217/6217/2999
f 6215/6215/3000 6217/6217/3000 6218/6218/3000
f 6219/6219/3001 6220/6220/3001 6221/6221/3001
f 6219/6219/3002 6221/6221/3002 6222/6222/3002
f 6223/6223/3003 6224/6224/3003 6225/6225/3003
f 6223/6223/3004 6225/6225/3004 6226/6226/3004
f 6227/6227/3005 6228/6228/3005 6229/6229/3005
f 6227/6227/3006 6229/6229/3006 6230/6230/3006
f 6231/6231/3007 6232/6232/3007 6233/6233/3007
f 6231/6231/3008 6233/6233/3008 6234/6234/3008
f 6235/6235/3009 6236/6236/3009 6237/6237/3009
f 6235/6235/3010 6237/6237/3010 6238/6238/3010
f 6239/6239/3011 6240/6240/3011 6241/6241/3011
f 6239/6239/3012 6241/6241/3012 6242/6242/3012
f 6243/6243/3013 6244/6244/3013 6245/6245/3013
f 6243/6243/3014 6245/6245/3014 6246/6246/3014
f 6247/6247/3015 6248/6248/3015 6249/6249/3015
f 6247/6247/3016 6249/6249/3016 6250/6250/3016
f 6251/6251/3017 6252/6252/3017 6253/6253/3017
f 6251/6251/3018 6253/6253/3018 6254/6254/3018
f 6255/6255/3019 6256/6256/3019 6257/6257/3019
f 6255/6255/3020 6257/6257/3020 6258/6258/3020
f 6259/6259/3021 6260/6260/3021 6261/6261/3021
f 6259/6259/3022 6261/6261/3022 6262/6262/3022
f 6263/6263/3023 6264/6264/3023 6265/6265/3023
f 6263/6263/3024 6265/6265/3024 6266/6266/3024
f 6267/6267/3025 6268/6268/3025 6269/6269/3025
f 6267/6267/3026 6269/6269/3026 6270/6270/3026
f 6271/6271/3027 6272/6272/3027 6273/6273/3027
f 6271/6271/3028 6273/6273/3028 6274/6274/3028
f 6275/6275/3029 6276/6276/3029 6277/6277/3029
f 6275/6275/3030 6277/6277/3030 6278/6278/3030
f 6279/6279/3031 6280/6280/3031 6281/6281/3031
f 6279/6279/3032 6281/6281/3032 6282/6282/3032
f 6283/6283/3033 6284/6284/3033 6285/6285/3033
f 6283/6283/3034 6285/6285/3034 6286/6286/3034
f 6287/6287/3035 6288/6288/3035 6289/6289/3035
f 6287/6287/3036 6289/6289/3036 6290/6290/3036
f 6291/6291/3037 6292/6292/3037 6293/6293/3037
f 6291/6291/3038 6293/6293/3038 6294/6294/3038
f 6295/6295/3039 6296/6296/3039 6297/6297/3039
f 6295/6295/3040 6297/6297/3040 6298/6298/3040
f 6299/6299/3041 6300/6300/3041 6301/6301/3041
f 6299/6299/3042 6301/6301/3042 6302/6302/3042
f 6303/6303/3043 6304/6304/3043 6305/6305/3043
f 6303/6303/3044 6305/6305/3044 6306/6306/3044
f 6307/6307/3045 6308/6308/3045 6309/6309/3045
f 6307/6307/3046 6309/6309/3046 6310/6310/3046
f 6311/6311/3047 6312/6312/3047 6313/6313/3047
f 6311/6311/3048 6313/6313/3048 6314/6314/3048
f 6315/6315/3049 6316/6316/3049 6317/6317/3049
f 6315/6315/3050 6317/6317/3050 6318/6318/3050
f 6319/6319/3051 6320/6320/3051 6321/6321/3051
f 6319/6319/3052 6321/6321/3052 6322/6322/3052
f 6323/6323/3053 6324/6324/3053 6325/6325/3053
f 6323/6323/3054 6325/6325/3054 6326/6326/3054
f 6327/6327/3055 6328/6328/3055 6329/6329/3055
f 6327/6327/3056 6329/6329/3056 6330/6330/3056
f 6331/6331/3057 6332/6332/3057 6333/6333/3057
f 6331/6331/3058 6333/6333/3058 6334/6334/3058
f 6335/6335/3059 6336/6336/3059 6337/6337/3059
f 6335/6335/3060 6337/6337/3060 6338/6338/3060
f 6339/6339/3061 6340/6340/3061 6341/6341/3061
f 6339/6339/3062 6341/6341/3062 6342/6342/3062
f 6343/6343/3063 6344/6344/3063 6345/6345/3063
f 6343/6343/3064 6345/6345/3064 6346/6346/3064
f 6347/6347/3065 6348/6348/3065 6349/6349/3065
f 6347/6347/3066 6349/6349/3066 6350/6350/3066
f 6351/6351/3067 6352/6352/3067 6353/6353/3067
f 6351/6351/3068 6353/6353/3068 6354/6354/3068
f 6355/6355/3069 6356/6356/3069 6357/6357/3069
f 6355/6355/3070 6357/6357/3070 6358/6358/3070
f 6359/6359/3071 6360/6360/3071 6361/6361/3071
f 6359/6359/3072 6361/6361/3072 6362/6362/3072
f 6363/6363/3073 6364/6364/3073 6365/6365/3073
f 6363/6363/3074 6365/6365/3074 6366/6366/3074
f 6367/6367/3075 6368/6368/3075 6369/6369/3075
f 6367/6367/3076 6369/6369/3076 6370/6370/3076
f 6371/6371/3077 6372/6372/3077 6373/6373/3077
f 6371/6371/3078 6373/6373/3078 6374/6374/3078
f 6375/6375/3079 6376/6376/3079 6377/6377/3079
f 6375/6375/3080 6377/6377/3080 6378/6378/3080
f 6379/6379/3081 6380/6380/3081 6381/6381/3081
f 6379/6379/3082 6381/6381/3082 6382/6382/3082
f 6383/6383/3083 6384/6384/3083 6385/6385/3083
f 6383/6383/3084 6385/6385/3084 6386/6386/3084
f 6387/6387/3085 6388/6388/3085 6389/6389/3085
f 6387/6387/3086 6389/6389/3086 6390/6390/3086
f 6391/6391/3087 6392/6392/3087 6393/6393/3087
f 6391/6391/3088 6393/6393/3088 6394/6394/3088
f 6395/6395/3089 6396/6396/3089 6397/6397/3089
f 6395/6395/3090 6397/6397/3090 6398/6398/3090
f 6399/6399/3091 6400/6400/3091 6401/6401/3091
f 6399/6399/3092 6401/6401/3092 6402/6402/3092
f 6403/6403/3093 6404/6404/3093 6405/6405/3093
f 6403/6403/3094 6405/6405/3094 6406/6406/3094
f 6407/6407/3095 6408/6408/3095 6409/6409/3095
f 6407/6407/3096 6409/6409/3096 6410/6410/3096
f 6411/6411/3097 6412/6412/3097 6413/6413/3097
f 6411/6411/3098 6413/6413/3098 6414/6414/3098
f 6415/6415/3099 6416/6416/3099 6417/6417/3099
f 6415/6415/3100 6417/6417/3100 6418/6418/3100
f 6419/6419/3101 6420/6420/3101 6421/6421/3101
f 6419/6419/3102 6421/6421/3102 6422/6422/3102
f 6423/6423/3103 6424/6424/3103 6425/6425/3103
f 6423/6423/3104 6425/6425/3104 6426/6426/3104
f 6427/6427/3105 6428/6428/3105 6429/6429/3105
f 6427/6427/3106 6429/6429/3106 6430/6430/3106
f 6431/6431/3107 6432/6432/3107 6433/6433/3107
f 6431/6431/3108 6433/6433/3108 6434/6434/3108
f 6435/6435/3109 6436/6436/3109 6437/6437/3109
f 6435/6435/3110 6437/6437/3110 6438/6438/3110
f 6439/6439/3111 6440/6440/3111 6441/6441/3111
f 6439/6439/3112 6441/6441/3112 6442/6442/3112
f 6443/6443/3113 6444/6444/3113 6445/6445/3113
f 6443/6443/3114 6445/6445/3114 6446/6446/3114
f 6447/6447/3115 6448/6448/3115 6449/6449/3115
f 6447/6447/3116 6449/6449/3116 6450/6450/3116
f 6451/6451/3117 6452/6452/3117 6453/6453/3117
f 6451/6451/3118 6453/6453/3118 6454/6454/3118
f 6455/6455/3119 6456/6456/3119 6457/6457/3119
f 6455/6455/3120 6457/6457/3120 6458/6458/3120
f 6459/6459/3121 6460/6460/3121 6461/6461/3121
f 6459/6459/3122 6461/6461/3122 6462/6462/3122
f 6463/6463/3123 6464/6464/3123 6465/6465/3123
f 6463/6463/3124 6465/6465/3124 6466/6466/3124
f 6467/6467/3125 6468/6468/3125 6469/6469/3125
f 6467/6467/3126 6469/6469/3126 6470/6470/3126
f 6471/6471/3127 6472/6472/3127 6473/6473/3127
f 6471/6471/3128 6473/6473/3128 6474/6474/3128
f 6475/6475/3129 6476/6476/3129 6477/6477/3129
f 6475/6475/3130 6477/6477/3130 6478/6478/3130
f 6479/6479/3131 6480/6480/3131 6481/6481/3131
f 6479/6479/3132 6481/6481/3132 6482/6482/3132
f 6483/6483/3133 6484/6484/3133 6485/6485/3133
f 6483/6483/3134 6485/6485/3134 6486/6486/3134
f 6487/6487/3135 6488/6488/3135 6489/6489/3135
f 6487/6487/3136 6489/6489/3136 6490/6490/3136
f 6491/6491/3137 6492/6492/3137 6493/6493/3137
f 6491/6491/3138 6493/6493/3138 6494/6494/3138
f 6495/6495/3139 6496/6496/3139 6497/6497/3139
f 6495/6495/3140 6497/6497/3140 6498/6498/3140
f 6499/6499/3141 6500/6500/3141 6501/6501/3141
f 6499/6499/3142 6501/6501/3142 6502/6502/3142
f 6503/6503/3143 6504/6504/3143 6505/6505/3143
f 6503/6503/3144 6505/6505/3144 6506/6506/3144
f 6507/6507/3145 6508/6508/3145 6509/6509/3145
f 6507/6507/3146 6509/6509/3146 6510/6510/3146
f 6511/6511/3147 6512/6512/3147 6513/6513/3147
f 6511/6511/3148 6513/6513/3148 6514/6514/3148
f 6515/6515/3149 6516/6516/3149 6517/6517/3149
f 6515/6515/3150 6517/6517/3150 6518/6518/3150
f 6519/6519/3151 6520/6520/3151 6521/6521/3151
f 6519/6519/3152 6521/6521/3152 6522/6522/3152
f 6523/6523/3153 6524/6524/3153 6525/6525/3153
f 6523/6523/3154 6525/6525/3154 6526/6526/3154
f 6527/6527/3155 6528/6528/3155 6529/6529/3155
f 6527/6527/3156 6529/6529/3156 6530/6530/3156
f 6531/6531/3157 6532/6532/3157 6533/6533/3157
f 6531/6531/3158 6533/6533/3158 6534/6534/3158
f 6535/6535/3159 6536/6536/3159 6537/6537/3159
f 6535/6535/3160 6537/6537/3160 6538/6538/3160
f 6539/6539/3161 6540/6540/3161 6541/6541/3161
f 6539/6539/3162 6541/6541/3162 6542/6542/3162
f 6543/6543/3163 6544/6544/3163 6545/6545/3163
f 6543/6543/3164 6545/6545/3164 6546/6546/3164
f 6547/6547/3165 6548/6548/3165 6549/6549/3165
f 6547/6547/3166 6549/6549/3166 6550/6550/3166
f 6551/6551/3167 6552/6552/3167 6553/6553/3167
f 6551/6551/3168 6553/6553/3168 6554/6554/3168
f 6555/6555/3169 6556/6556/3169 6557/6557/3169
f 6555/6555/3170 6557/6557/3170 6558/6558/3170
f 6559/6559/3171 6560/6560/3171 6561/6561/3171
f 6559/6559/3172 6561/6561/3172 6562/6562/3172
f 6563/6563/3173 6564/6564/3173 6565/6565/3173
f 6563/6563/3174 6565/6565/3174 6566/6566/3174
f 6567/6567/3175 6568/6568/3175 6569/6569/3175
f 6567/6567/3176 6569/6569/3176 6570/6570/3176
f 6571/6571/3177 6572/6572/3177 6573/6573/3177
f 6571/6571/3178 6573/6573/3178 6574/6574/3178
f 6575/6575/3179 6576/6576/3179 6577/6577/3179
f 6575/6575/3180 6577/6577/3180 6578/6578/3180
f 6579/6579/3181 6580/6580/3181 6581/6581/3181
f 6579/6579/3182 6581/6581/3182 6582/6582/3182
f 6583/6583/3183 6584/6584/3183 6585/6585/3183
f 6583/6583/3184 6585/6585/3184 6586/6586/3184
f 6587/6587/3185 6588/6588/3185 6589/6589/3185
f 6587/6587/3186 6589/6589/3186 6590/6590/3186
f 6591/6591/3187 6592/6592/3187 6593/6593/3187
f 6591/6591/3188 6593/6593/3188 6594/6594/3188
f 6595/6595/3189 6596/6596/3189 6597/6597/3189
f 6595/6595/3190 6597/6597/3190 6598/6598/3190
f 6599/6599/3191 6600/6600/3191 6601/6601/3191
f 6599/6599/3192 6601/6601/3192 6602/6602/3192
f 6603/6603/3193 6604/6604/3193 6605/6605/3193
f 6603/6603/3194 6605/6605/3194 6606/6606/3194
f 6607/6607/3195 6608/6608/3195 6609/6609/3195
f 6607/6607/3196 6609/6609/3196 6610/6610/3196
f 6611/6611/3197 6612/6612/3197 6613/6613/3197
f 6611/6611/3198 6613/6613/3198 6614/6614/3198
f 6615/6615/3199 6616/6616/3199 6617/6617/3199
f 6615/6615/3200 6617/6617/3200 6618/6618/3200
f 6619/6619/3201 6620/6620/3201 6621/6621/3201
f 6619/6619/3202 6621/6621/3202 6622/6622/3202
f 6623/6623/3203 6624/6624/3203 6625/6625/3203
f 6623/6623/3204 6625/6625/3204 6626/6626/3204
f 6627/6627/3205 6628/6628/3205 6629/6629/3205
f 6627/6627/3206 6629/6629/3206 6630/6630/3206
f 6631/6631/3207 6632/6632/3207 6633/6633/3207
f 6631/6631/3208 6633/6633/3208 6634/6634/3208
f 6635/6635/3209 6636/6636/3209 6637/6637/3209
f 6635/6635/3210 6637/6637/3210 6638/6638/3210
f 6639/6639/3211 6640/6640/3211 6641/6641/3211
f 6639/6639/3212 6641/6641/3212 6642/6642/3212
f 6643/6643/3213 6644/6644/3213 6645/6645/3213
f 6643/6643/3214 6645/6645/3214 6646/6646/3214
f 6647/6647/3215 6648/6648/3215 6649/6649/3215
f 6647/6647/3216 6649/6649/3216 6650/6650/3216
f 6651/6651/3217 6652/6652/3217 6653/6653/3217
f 6651/6651/3218 6653/6653/3218 6654/6654/3218
f 6655/6655/3219 6656/6656/3219 6657/6657/3219
f 6655/6655/3220 6657/6657/3220 6658/6658/3220
f 6659/6659/3221 6660/6660/3221 6661/6661/3221
f 6659/6659/3222 6661/6661/3222 6662/6662/3222
f 6663/6663/3223 6664/6664/3223 6665/6665/3223
f 6663/6663/3224 6665/6665/3224 6666/6666/3224
f 6667/6667/3225 6668/6668/3225 6669/6669/3225
f 6667/6667/3226 6669/6669/3226 6670/6670/3226
f 6671/6671/3227 6672/6672/3227 6673/6673/3227
f 6671/6671/3228 6673/6673/3228 6674/6674/3228
f 6675/6675/3229 6676/6676/3229 6677/6677/3229
f 6675/6675/3230 6677/6677/3230 6678/6678/3230
f 6679/6679/3231 6680/6680/3231 6681/6681/3231
f 6679/6679/3232 6681/6681/3232 6682/6682/3232
f 6683/6683/3233 6684/6684/3233 6685/6685/3233
f 6683/6683/3234 6685/6685/3234 6686/6686/3234
f 6687/6687/3235 6688/6688/3235 6689/6689/3235
f 6687/6687/3236 6689/6689/3236 6690/6690/3236
f 6691/6691/3237 6692/6692/3237 6693/6693/3237
f 6691/6691/3238 6693/6693/3238 6694/6694/3238
f 6695/6695/3239 6696/6696/3239 6697/6697/3239
f 6695/6695/3240 6697/6697/3240 6698/6698/3240
f 6699/6699/3241 6700/6700/3241 6701/6701/3241
f 6699/6699/3242 6701/6701/3242 6702/6702/3242
f 6703/6703/3243 6704/6704/3243 6705/6705/3243
f 6703/6703/3244 6705/6705/3244 6706/6706/3244
f 6707/6707/3245 6708/6708/3245 6709/6709/3245
f 6707/6707/3246 6709/6709/3246 6710/6710/3246
f 6711/6711/3247 6712/6712/3247 6713/6713/3247
f 6711/6711/3248 6713/6713/3248 6714/6714/3248
f 6715/6715/3249 6716/6716/3249 6717/6717/3249
f 6715/6715/3250 6717/6717/3250 6718/6718/3250
f 6719/6719/3251 6720/6720/3251 6721/6721/3251
f 6719/6719/3252 6721/6721/3252 6722/6722/3252
f 6723/6723/3253 6724/6724/3253 6725/6725/3253
f 6723/6723/3254 6725/6725/3254 6726/6726/3254
f 6727/6727/3255 6728/6728/3255 6729/6729/3255
f 6727/6727/3256 6729/6729/3256 6730/6730/3256
f 6731/6731/3257 6732/6732/3257 6733/6733/3257
f 6731/6731/3258 6733/6733/3258 6734/6734/3258
f 6735/6735/3259 6736/6736/3259 6737/6737/3259
f 6735/6735/3260 6737/6737/3260 6738/6738/3260
f 6739/6739/3261 6740/6740/3261 6741/6741/3261
f 6739/6739/3262 6741/6741/3262 6742/6742/3262
f 6743/6743/3263 6744/6744/3263 6745/6745/3263
f 6743/6743/3264 6745/6745/3264 6746/6746/3264
f 6747/6747/3265 6748/6748/3265 6749/6749/3265
f 6747/6747/3266 6749/6749/3266 6750/6750/3266
f 6751/6751/3267 6752/6752/3267 6753/6753/3267
f 6751/6751/3268 6753/6753/3268 6754/6754/3268
f 6755/6755/3269 6756/6756/3269 6757/6757/3269
f 6755/6755/3270 6757/6757/3270 6758/6758/3270
f 6759/6759/3271 6760/6760/3271 6761/6761/3271
f 6759/6759/3272 6761/6761/3272 6762/6762/3272
f 6763/6763/3273 6764/6764/3273 6765/6765/3273
f 6766/6766/3274 6767/6767/3274 6768/6768/3274
f 6769/6769/3275 6770/6770/3275 6771/6771/3275
f 6772/6772/3276 6773/6773/3276 6774/6774/3276
f 6775/6775/3277 6776/6776/3277 6777/6777/3277
f 6778/6778/3278 6779/6779/3278 6780/6780/3278
f 6781/6781/3279 6782/6782/3279 6783/6783/3279
f 6784/6784/3280 6785/6785/3280 6786/6786/3280
f 6787/6787/3281 6788/6788/3281 6789/6789/3281
f 6790/6790/3282 6791/6791/3282 6792/6792/3282
f 6793/6793/3283 6794/6794/3283 6795/6795/3283
f 6793/6793/3284 6795/6795/3284 6796/6796/3284
f 6797/6797/3285 6798/6798/3285 6799/6799/3285
f 6797/6797/3286 6799/6799/3286 6800/6800/3286
f 6801/6801/3287 6802/6802/3287 6803/6803/3287
f 6801/6801/3288 6803/6803/3288 6804/6804/3288
f 6805/6805/3289 6806/6806/3289 6807/6807/3289
f 6805/6805/3290 6807/6807/3290 6808/6808/3290
f 6809/6809/3291 6810/6810/3291 6811/6811/3291
f 6809/6809/3292 6811/6811/3292 6812/6812/3292
f 6813/6813/3293 6814/6814/3293 6815/6815/3293
f 6813/6813/3294 6815/6815/3294 6816/6816/3294
f 6817/6817/3295 6818/6818/3295 6819/6819/3295
f 6820/6820/3296 6821/6821/3296 6822/6822/3296
f 6823/6823/3297 6824/6824/3297 6825/6825/3297
f 6826/6826/3298 6827/6827/3298 6828/6828/3298
f 6829/6829/3299 6830/6830/3299 6831/6831/3299
f 6832/6832/3300 6833/6833/3300 6834/6834/3300
f 6835/6835/3301 6836/6836/3301 6837/6837/3301
f 6838/6838/3302 6839/6839/3302 6840/6840/3302
f 6841/6841/3303 6842/6842/3303 6843/6843/3303
f 6844/6844/3304 6845/6845/3304 6846/6846/3304
f 6847/6847/3305 6848/6848/3305 6849/6849/3305
f 6847/6847/3306 6849/6849/3306 6850/6850/3306
f 6851/6851/3307 6852/6852/3307 6853/6853/3307
f 6851/6851/3308 6853/6853/3308 6854/6854/3308
f 6855/6855/3309 6856/6856/3309 6857/6857/3309
f 6855/6855/3310 6857/6857/3310 6858/6858/3310
f 6859/6859/3311 6860/6860/3311 6861/6861/3311
f 6859/6859/3312 6861/6861/3312 6862/6862/3312
f 6863/6863/3313 6864/6864/3313 6865/6865/3313
f 6863/6863/3314 6865/6865/3314 6866/6866/3314
f 6867/6867/3315 6868/6868/3315 6869/6869/3315
f 6867/6867/3316 6869/6869/3316 6870/6870/3316
f 6871/6871/3317 6872/6872/3317 6873/6873/3317
f 6874/6874/3318 6875/6875/3318 6876/6876/3318
f 6877/6877/3319 6878/6878/3319 6879/6879/3319
f 6880/6880/3320 6881/6881/3320 6882/6882/3320
f 6883/6883/3321 6884/6884/3321 6885/6885/3321
f 6886/6886/3322 6887/6887/3322 6888/6888/3322
f 6889/6889/3323 6890/6890/3323 6891/6891/3323
f 6892/6892/3324 6893/6893/3324 6894/6894/3324
f 6895/6895/3325 6896/6896/3325 6897/6897/3325
f 6898/6898/3326 6899/6899/3326 6900/6900/3326
