# AuthorityGamer Casino / Old World Skeleton Key / TTS Custom Model
# Neutral white diffuse: Color Tint controls metal body color.
o AGC_Old_World_Skeleton_Key
v -0.898500 0.000000 0.000000
v -0.905655 0.035972 0.000000
v -0.926032 0.066468 0.000000
v -0.956528 0.086845 0.000000
v -0.992500 0.094000 0.000000
v -1.028472 0.086845 0.000000
v -1.058968 0.066468 0.000000
v -1.079345 0.035972 0.000000
v -1.086500 0.000000 0.000000
v -1.079345 -0.035972 0.000000
v -1.058968 -0.066468 0.000000
v -1.028472 -0.086845 0.000000
v -0.992500 -0.094000 0.000000
v -0.956528 -0.086845 0.000000
v -0.926032 -0.066468 0.000000
v -0.905655 -0.035972 0.000000
v -0.910494 0.000000 0.062084
v -0.917179 0.035972 0.059533
v -0.936216 0.066468 0.052267
v -0.964707 0.086845 0.041394
v -0.998315 0.094000 0.028567
v -1.031923 0.086845 0.015740
v -1.060414 0.066468 0.004866
v -1.079451 0.035972 -0.002399
v -1.086136 0.000000 -0.004951
v -1.079451 -0.035972 -0.002399
v -1.060414 -0.066468 0.004866
v -1.031923 -0.086845 0.015740
v -0.998315 -0.094000 0.028567
v -0.964707 -0.086845 0.041394
v -0.936216 -0.066468 0.052267
v -0.917179 -0.035972 0.059533
v -0.936021 0.000000 0.108676
v -0.941947 0.035972 0.104665
v -0.958822 0.066468 0.093245
v -0.984078 0.086845 0.076153
v -1.013869 0.094000 0.055991
v -1.043660 0.086845 0.035829
v -1.068916 0.066468 0.018737
v -1.085791 0.035972 0.007317
v -1.091717 0.000000 0.003306
v -1.085791 -0.035972 0.007317
v -1.068916 -0.066468 0.018737
v -1.043660 -0.086845 0.035829
v -1.013869 -0.094000 0.055991
v -0.984078 -0.086845 0.076153
v -0.958822 -0.066468 0.093245
v -0.941947 -0.035972 0.104665
v -0.960836 0.000000 0.140388
v -0.966430 0.035972 0.135927
v -0.982361 0.066468 0.123222
v -1.006203 0.086845 0.104207
v -1.034326 0.094000 0.081777
v -1.062449 0.086845 0.059348
v -1.086291 0.066468 0.040333
v -1.102222 0.035972 0.027628
v -1.107816 0.000000 0.023166
v -1.102222 -0.035972 0.027628
v -1.086291 -0.066468 0.040333
v -1.062449 -0.086845 0.059348
v -1.034326 -0.094000 0.081777
v -1.006203 -0.086845 0.104207
v -0.982361 -0.066468 0.123222
v -0.966430 -0.035972 0.135927
v -0.977225 0.000000 0.160542
v -0.983070 0.035972 0.156416
v -0.999717 0.066468 0.144665
v -1.024631 0.086845 0.127078
v -1.054019 0.094000 0.106333
v -1.083407 0.086845 0.085588
v -1.108320 0.066468 0.068001
v -1.124967 0.035972 0.056250
v -1.130813 0.000000 0.052123
v -1.124967 -0.035972 0.056250
v -1.108320 -0.066468 0.068001
v -1.083407 -0.086845 0.085588
v -1.054019 -0.094000 0.106333
v -1.024631 -0.086845 0.127078
v -0.999717 -0.066468 0.144665
v -0.983070 -0.035972 0.156416
v -0.984134 0.000000 0.171425
v -0.990582 0.035972 0.168322
v -1.008943 0.066468 0.159487
v -1.036424 0.086845 0.146265
v -1.068839 0.094000 0.130669
v -1.101254 0.086845 0.115072
v -1.128734 0.066468 0.101850
v -1.147096 0.035972 0.093015
v -1.153544 0.000000 0.089913
v -1.147096 -0.035972 0.093015
v -1.128734 -0.066468 0.101850
v -1.101254 -0.086845 0.115072
v -1.068839 -0.094000 0.130669
v -1.036424 -0.086845 0.146265
v -1.008943 -0.066468 0.159487
v -0.990582 -0.035972 0.168322
v -0.987195 0.000000 0.180816
v -0.994091 0.035972 0.178906
v -1.013728 0.066468 0.173468
v -1.043117 0.086845 0.165328
v -1.077785 0.094000 0.155726
v -1.112452 0.086845 0.146125
v -1.141841 0.066468 0.137985
v -1.161478 0.035972 0.132546
v -1.168374 0.000000 0.130636
v -1.161478 -0.035972 0.132546
v -1.141841 -0.066468 0.137985
v -1.112452 -0.086845 0.146125
v -1.077785 -0.094000 0.155726
v -1.043117 -0.086845 0.165328
v -1.013728 -0.066468 0.173468
v -0.994091 -0.035972 0.178906
v -0.990811 0.000000 0.200183
v -0.997827 0.035972 0.198779
v -1.017807 0.066468 0.194780
v -1.047710 0.086845 0.188796
v -1.082983 0.094000 0.181737
v -1.118256 0.086845 0.174678
v -1.148158 0.066468 0.168693
v -1.168139 0.035972 0.164695
v -1.175155 0.000000 0.163290
v -1.168139 -0.035972 0.164695
v -1.148158 -0.066468 0.168693
v -1.118256 -0.086845 0.174678
v -1.082983 -0.094000 0.181737
v -1.047710 -0.086845 0.188796
v -1.017807 -0.066468 0.194780
v -0.997827 -0.035972 0.198779
v -0.997514 0.000000 0.232579
v -1.004421 0.035972 0.230710
v -1.024091 0.066468 0.225388
v -1.053528 0.086845 0.217422
v -1.088251 0.094000 0.208027
v -1.122975 0.086845 0.198631
v -1.152412 0.066468 0.190666
v -1.172081 0.035972 0.185344
v -1.178988 0.000000 0.183475
v -1.172081 -0.035972 0.185344
v -1.152412 -0.066468 0.190666
v -1.122975 -0.086845 0.198631
v -1.088251 -0.094000 0.208027
v -1.053528 -0.086845 0.217422
v -1.024091 -0.066468 0.225388
v -1.004421 -0.035972 0.230710
v -1.011255 0.000000 0.272012
v -1.017779 0.035972 0.269075
v -1.036360 0.066468 0.260709
v -1.064167 0.086845 0.248190
v -1.096968 0.094000 0.233422
v -1.129769 0.086845 0.218654
v -1.157576 0.066468 0.206134
v -1.176157 0.035972 0.197768
v -1.182681 0.000000 0.194831
v -1.176157 -0.035972 0.197768
v -1.157576 -0.066468 0.206134
v -1.129769 -0.086845 0.218654
v -1.096968 -0.094000 0.233422
v -1.064167 -0.086845 0.248190
v -1.036360 -0.066468 0.260709
v -1.017779 -0.035972 0.269075
v -1.031641 0.000000 0.308480
v -1.037630 0.035972 0.304565
v -1.054686 0.066468 0.293416
v -1.080212 0.086845 0.276731
v -1.110323 0.094000 0.257049
v -1.140433 0.086845 0.237367
v -1.165959 0.066468 0.220682
v -1.183016 0.035972 0.209533
v -1.189005 0.000000 0.205618
v -1.183016 -0.035972 0.209533
v -1.165959 -0.066468 0.220682
v -1.140433 -0.086845 0.237367
v -1.110323 -0.094000 0.257049
v -1.080212 -0.086845 0.276731
v -1.054686 -0.066468 0.293416
v -1.037630 -0.035972 0.304565
v -1.051565 0.000000 0.335415
v -1.057292 0.035972 0.331125
v -1.073602 0.066468 0.318911
v -1.098011 0.086845 0.300630
v -1.126803 0.094000 0.279066
v -1.155596 0.086845 0.257502
v -1.180005 0.066468 0.239221
v -1.196315 0.035972 0.227007
v -1.202042 0.000000 0.222717
v -1.196315 -0.035972 0.227007
v -1.180005 -0.066468 0.239221
v -1.155596 -0.086845 0.257502
v -1.126803 -0.094000 0.279066
v -1.098011 -0.086845 0.300630
v -1.073602 -0.066468 0.318911
v -1.057292 -0.035972 0.331125
v -1.064144 0.000000 0.351820
v -1.070156 0.035972 0.347939
v -1.087275 0.066468 0.336888
v -1.112897 0.086845 0.320349
v -1.143119 0.094000 0.300840
v -1.173342 0.086845 0.281331
v -1.198963 0.066468 0.264792
v -1.216083 0.035972 0.253741
v -1.222095 0.000000 0.249860
v -1.216083 -0.035972 0.253741
v -1.198963 -0.066468 0.264792
v -1.173342 -0.086845 0.281331
v -1.143119 -0.094000 0.300840
v -1.112897 -0.086845 0.320349
v -1.087275 -0.066468 0.336888
v -1.070156 -0.035972 0.347939
v -1.069384 0.000000 0.360772
v -1.075981 0.035972 0.358002
v -1.094769 0.066468 0.350112
v -1.122886 0.086845 0.338305
v -1.156053 0.094000 0.324378
v -1.189220 0.086845 0.310450
v -1.217337 0.066468 0.298643
v -1.236124 0.035972 0.290754
v -1.242722 0.000000 0.287984
v -1.236124 -0.035972 0.290754
v -1.217337 -0.066468 0.298643
v -1.189220 -0.086845 0.310450
v -1.156053 -0.094000 0.324378
v -1.122886 -0.086845 0.338305
v -1.094769 -0.066468 0.350112
v -1.075981 -0.035972 0.358002
v -1.072690 0.000000 0.372385
v -1.079662 0.035972 0.370775
v -1.099516 0.066468 0.366188
v -1.129229 0.086845 0.359324
v -1.164278 0.094000 0.351227
v -1.199327 0.086845 0.343130
v -1.229040 0.066468 0.336266
v -1.248894 0.035972 0.331679
v -1.255866 0.000000 0.330069
v -1.248894 -0.035972 0.331679
v -1.229040 -0.066468 0.336266
v -1.199327 -0.086845 0.343130
v -1.164278 -0.094000 0.351227
v -1.129229 -0.086845 0.359324
v -1.099516 -0.066468 0.366188
v -1.079662 -0.035972 0.370775
v -1.076509 0.000000 0.396879
v -1.083567 0.035972 0.395701
v -1.103666 0.066468 0.392345
v -1.133745 0.086845 0.387324
v -1.169226 0.094000 0.381401
v -1.204708 0.086845 0.375478
v -1.234787 0.066468 0.370457
v -1.254886 0.035972 0.367102
v -1.261943 0.000000 0.365924
v -1.254886 -0.035972 0.367102
v -1.234787 -0.066468 0.370457
v -1.204708 -0.086845 0.375478
v -1.169226 -0.094000 0.381401
v -1.133745 -0.086845 0.387324
v -1.103666 -0.066468 0.392345
v -1.083567 -0.035972 0.395701
v -1.083447 0.000000 0.435981
v -1.090384 0.035972 0.434227
v -1.110140 0.066468 0.429233
v -1.139705 0.086845 0.421759
v -1.174580 0.094000 0.412943
v -1.209456 0.086845 0.404126
v -1.239021 0.066468 0.396652
v -1.258776 0.035972 0.391658
v -1.265714 0.000000 0.389905
v -1.258776 -0.035972 0.391658
v -1.239021 -0.066468 0.396652
v -1.209456 -0.086845 0.404126
v -1.174580 -0.094000 0.412943
v -1.139705 -0.086845 0.421759
v -1.110140 -0.066468 0.429233
v -1.090384 -0.035972 0.434227
v -1.101330 0.000000 0.485952
v -1.107673 0.035972 0.482641
v -1.125737 0.066468 0.473212
v -1.152771 0.086845 0.459099
v -1.184660 0.094000 0.442453
v -1.216549 0.086845 0.425807
v -1.243583 0.066468 0.411695
v -1.261647 0.035972 0.402265
v -1.267990 0.000000 0.398954
v -1.261647 -0.035972 0.402265
v -1.243583 -0.066468 0.411695
v -1.216549 -0.086845 0.425807
v -1.184660 -0.094000 0.442453
v -1.152771 -0.086845 0.459099
v -1.125737 -0.066468 0.473212
v -1.107673 -0.035972 0.482641
v -1.138861 0.000000 0.535613
v -1.143706 0.035972 0.530348
v -1.157502 0.066468 0.515352
v -1.178149 0.086845 0.492909
v -1.202504 0.094000 0.466436
v -1.226860 0.086845 0.439963
v -1.247507 0.066468 0.417520
v -1.261303 0.035972 0.402524
v -1.266148 0.000000 0.397258
v -1.261303 -0.035972 0.402524
v -1.247507 -0.066468 0.417520
v -1.226860 -0.086845 0.439963
v -1.202504 -0.094000 0.466436
v -1.178149 -0.086845 0.492909
v -1.157502 -0.066468 0.515352
v -1.143706 -0.035972 0.530348
v -1.190584 0.000000 0.568834
v -1.193475 0.035972 0.562289
v -1.201710 0.066468 0.543651
v -1.214035 0.086845 0.515756
v -1.228573 0.094000 0.482853
v -1.243111 0.086845 0.449949
v -1.255435 0.066468 0.422055
v -1.263670 0.035972 0.403416
v -1.266562 0.000000 0.396871
v -1.263670 -0.035972 0.403416
v -1.255435 -0.066468 0.422055
v -1.243111 -0.086845 0.449949
v -1.228573 -0.094000 0.482853
v -1.214035 -0.086845 0.515756
v -1.201710 -0.066468 0.543651
v -1.193475 -0.035972 0.562289
v -1.240982 0.000000 0.584045
v -1.242479 0.035972 0.577049
v -1.246742 0.066468 0.557123
v -1.253123 0.086845 0.527302
v -1.260649 0.094000 0.492126
v -1.268176 0.086845 0.456950
v -1.274556 0.066468 0.427129
v -1.278820 0.035972 0.407204
v -1.280317 0.000000 0.400207
v -1.278820 -0.035972 0.407204
v -1.274556 -0.066468 0.427129
v -1.268176 -0.086845 0.456950
v -1.260649 -0.094000 0.492126
v -1.253123 -0.086845 0.527302
v -1.246742 -0.066468 0.557123
v -1.242479 -0.035972 0.577049
v -1.281783 0.000000 0.590127
v -1.282784 0.035972 0.583042
v -1.285634 0.066468 0.562866
v -1.289901 0.086845 0.532670
v -1.294933 0.094000 0.497052
v -1.299966 0.086845 0.461433
v -1.304233 0.066468 0.431237
v -1.307083 0.035972 0.411061
v -1.308084 0.000000 0.403976
v -1.307083 -0.035972 0.411061
v -1.304233 -0.066468 0.431237
v -1.299966 -0.086845 0.461433
v -1.294933 -0.094000 0.497052
v -1.289901 -0.086845 0.532670
v -1.285634 -0.066468 0.562866
v -1.282784 -0.035972 0.583042
v -1.309693 0.000000 0.593857
v -1.311066 0.035972 0.586835
v -1.314976 0.066468 0.566837
v -1.320828 0.086845 0.536908
v -1.327731 0.094000 0.501604
v -1.334635 0.086845 0.466301
v -1.340487 0.066468 0.436372
v -1.344397 0.035972 0.416374
v -1.345770 0.000000 0.409351
v -1.344397 -0.035972 0.416374
v -1.340487 -0.066468 0.436372
v -1.334635 -0.086845 0.466301
v -1.327731 -0.094000 0.501604
v -1.320828 -0.086845 0.536908
v -1.314976 -0.066468 0.566837
v -1.311066 -0.035972 0.586835
v -1.325435 0.000000 0.597743
v -1.327831 0.035972 0.591001
v -1.334655 0.066468 0.571801
v -1.344868 0.086845 0.543066
v -1.356915 0.094000 0.509171
v -1.368962 0.086845 0.475276
v -1.379175 0.066468 0.446541
v -1.385999 0.035972 0.427342
v -1.388396 0.000000 0.420599
v -1.385999 -0.035972 0.427342
v -1.379175 -0.066468 0.446541
v -1.368962 -0.086845 0.475276
v -1.356915 -0.094000 0.509171
v -1.344868 -0.086845 0.543066
v -1.334655 -0.066468 0.571801
v -1.327831 -0.035972 0.591001
v -1.337430 0.000000 0.603561
v -1.340861 0.035972 0.597282
v -1.350631 0.066468 0.579400
v -1.365253 0.086845 0.552638
v -1.382500 0.094000 0.521070
v -1.399747 0.086845 0.489502
v -1.414369 0.066468 0.462740
v -1.424139 0.035972 0.444859
v -1.427570 0.000000 0.438580
v -1.424139 -0.035972 0.444859
v -1.414369 -0.066468 0.462740
v -1.399747 -0.086845 0.489502
v -1.382500 -0.094000 0.521070
v -1.365253 -0.086845 0.552638
v -1.350631 -0.066468 0.579400
v -1.340861 -0.035972 0.597282
v -1.355841 0.000000 0.615474
v -1.359671 0.035972 0.609430
v -1.370581 0.066468 0.592220
v -1.386908 0.086845 0.566463
v -1.406167 0.094000 0.536081
v -1.425427 0.086845 0.505699
v -1.441754 0.066468 0.479942
v -1.452663 0.035972 0.462731
v -1.456494 0.000000 0.456688
v -1.452663 -0.035972 0.462731
v -1.441754 -0.066468 0.479942
v -1.425427 -0.086845 0.505699
v -1.406167 -0.094000 0.536081
v -1.386908 -0.086845 0.566463
v -1.370581 -0.066468 0.592220
v -1.359671 -0.035972 0.609430
v -1.384593 0.000000 0.633494
v -1.388057 0.035972 0.627233
v -1.397922 0.066468 0.609403
v -1.412685 0.086845 0.582719
v -1.430099 0.094000 0.551243
v -1.447513 0.086845 0.519767
v -1.462276 0.066468 0.493083
v -1.472141 0.035972 0.475253
v -1.475605 0.000000 0.468992
v -1.472141 -0.035972 0.475253
v -1.462276 -0.066468 0.493083
v -1.447513 -0.086845 0.519767
v -1.430099 -0.094000 0.551243
v -1.412685 -0.086845 0.582719
v -1.397922 -0.066468 0.609403
v -1.388057 -0.035972 0.627233
v -1.422308 0.000000 0.651368
v -1.424856 0.035972 0.644681
v -1.432112 0.066468 0.625641
v -1.442971 0.086845 0.597144
v -1.455781 0.094000 0.563530
v -1.468590 0.086845 0.529915
v -1.479450 0.066468 0.501419
v -1.486706 0.035972 0.482378
v -1.489254 0.000000 0.475691
v -1.486706 -0.035972 0.482378
v -1.479450 -0.066468 0.501419
v -1.468590 -0.086845 0.529915
v -1.455781 -0.094000 0.563530
v -1.442971 -0.086845 0.597144
v -1.432112 -0.066468 0.625641
v -1.424856 -0.035972 0.644681
v -1.462399 0.000000 0.663176
v -1.463997 0.035972 0.656202
v -1.468545 0.066468 0.636339
v -1.475353 0.086845 0.606613
v -1.483384 0.094000 0.571549
v -1.491415 0.086845 0.536484
v -1.498222 0.066468 0.506758
v -1.502771 0.035972 0.486896
v -1.504369 0.000000 0.479921
v -1.502771 -0.035972 0.486896
v -1.498222 -0.066468 0.506758
v -1.491415 -0.086845 0.536484
v -1.483384 -0.094000 0.571549
v -1.475353 -0.086845 0.606613
v -1.468545 -0.066468 0.636339
v -1.463997 -0.035972 0.656202
v -1.496261 0.000000 0.669076
v -1.497456 0.035972 0.662021
v -1.500859 0.066468 0.641930
v -1.505952 0.086845 0.611863
v -1.511960 0.094000 0.576396
v -1.517968 0.086845 0.540929
v -1.523061 0.066468 0.510861
v -1.526464 0.035972 0.490771
v -1.527659 0.000000 0.483716
v -1.526464 -0.035972 0.490771
v -1.523061 -0.066468 0.510861
v -1.517968 -0.086845 0.540929
v -1.511960 -0.094000 0.576396
v -1.505952 -0.086845 0.611863
v -1.500859 -0.066468 0.641930
v -1.497456 -0.035972 0.662021
v -1.518778 0.000000 0.672697
v -1.520411 0.035972 0.665731
v -1.525062 0.066468 0.645892
v -1.532022 0.086845 0.616201
v -1.540232 0.094000 0.581178
v -1.548442 0.086845 0.546155
v -1.555403 0.066468 0.516465
v -1.560053 0.035972 0.496626
v -1.561686 0.000000 0.489659
v -1.560053 -0.035972 0.496626
v -1.555403 -0.066468 0.516465
v -1.548442 -0.086845 0.546155
v -1.540232 -0.094000 0.581178
v -1.532022 -0.086845 0.616201
v -1.525062 -0.066468 0.645892
v -1.520411 -0.035972 0.665731
v -1.532015 0.000000 0.676466
v -1.534714 0.035972 0.669839
v -1.542399 0.066468 0.650967
v -1.553901 0.086845 0.622724
v -1.567469 0.094000 0.589408
v -1.581036 0.086845 0.556093
v -1.592539 0.066468 0.527849
v -1.600224 0.035972 0.508978
v -1.602923 0.000000 0.502351
v -1.600224 -0.035972 0.508978
v -1.592539 -0.066468 0.527849
v -1.581036 -0.086845 0.556093
v -1.567469 -0.094000 0.589408
v -1.553901 -0.086845 0.622724
v -1.542399 -0.066468 0.650967
v -1.534714 -0.035972 0.669839
v -1.545708 0.000000 0.683737
v -1.549378 0.035972 0.677594
v -1.559829 0.066468 0.660102
v -1.575471 0.086845 0.633923
v -1.593921 0.094000 0.603043
v -1.612371 0.086845 0.572163
v -1.628013 0.066468 0.545984
v -1.638464 0.035972 0.528491
v -1.642134 0.000000 0.522349
v -1.638464 -0.035972 0.528491
v -1.628013 -0.066468 0.545984
v -1.612371 -0.086845 0.572163
v -1.593921 -0.094000 0.603043
v -1.575471 -0.086845 0.633923
v -1.559829 -0.066468 0.660102
v -1.549378 -0.035972 0.677594
v -1.568019 0.000000 0.699070
v -1.572023 0.035972 0.693140
v -1.583423 0.066468 0.676251
v -1.600485 0.086845 0.650975
v -1.620612 0.094000 0.621160
v -1.640738 0.086845 0.591345
v -1.657800 0.066468 0.566069
v -1.669201 0.035972 0.549180
v -1.673204 0.000000 0.543250
v -1.669201 -0.035972 0.549180
v -1.657800 -0.066468 0.566069
v -1.640738 -0.086845 0.591345
v -1.620612 -0.094000 0.621160
v -1.600485 -0.086845 0.650975
v -1.583423 -0.066468 0.676251
v -1.572023 -0.035972 0.693140
v -1.601918 0.000000 0.721546
v -1.605475 0.035972 0.715338
v -1.615603 0.066468 0.697656
v -1.630760 0.086845 0.671194
v -1.648640 0.094000 0.639980
v -1.666520 0.086845 0.608766
v -1.681678 0.066468 0.582304
v -1.691806 0.035972 0.564623
v -1.695362 0.000000 0.558414
v -1.691806 -0.035972 0.564623
v -1.681678 -0.066468 0.582304
v -1.666520 -0.086845 0.608766
v -1.648640 -0.094000 0.639980
v -1.630760 -0.086845 0.671194
v -1.615603 -0.066468 0.697656
v -1.605475 -0.035972 0.715338
v -1.649554 0.000000 0.743739
v -1.651754 0.035972 0.736930
v -1.658017 0.066468 0.717540
v -1.667391 0.086845 0.688521
v -1.678449 0.094000 0.654290
v -1.689507 0.086845 0.620059
v -1.698881 0.066468 0.591040
v -1.705144 0.035972 0.571650
v -1.707344 0.000000 0.564841
v -1.705144 -0.035972 0.571650
v -1.698881 -0.066468 0.591040
v -1.689507 -0.086845 0.620059
v -1.678449 -0.094000 0.654290
v -1.667391 -0.086845 0.688521
v -1.658017 -0.066468 0.717540
v -1.651754 -0.035972 0.736930
v -1.709500 0.000000 0.753640
v -1.709500 0.035972 0.746485
v -1.709500 0.066468 0.726108
v -1.709500 0.086845 0.695612
v -1.709500 0.094000 0.659640
v -1.709500 0.086845 0.623668
v -1.709500 0.066468 0.593172
v -1.709500 0.035972 0.572795
v -1.709500 0.000000 0.565640
v -1.709500 -0.035972 0.572795
v -1.709500 -0.066468 0.593172
v -1.709500 -0.086845 0.623668
v -1.709500 -0.094000 0.659640
v -1.709500 -0.086845 0.695612
v -1.709500 -0.066468 0.726108
v -1.709500 -0.035972 0.746485
v -1.769446 0.000000 0.743739
v -1.767246 0.035972 0.736930
v -1.760983 0.066468 0.717540
v -1.751609 0.086845 0.688521
v -1.740551 0.094000 0.654290
v -1.729493 0.086845 0.620059
v -1.720119 0.066468 0.591040
v -1.713856 0.035972 0.571650
v -1.711656 0.000000 0.564841
v -1.713856 -0.035972 0.571650
v -1.720119 -0.066468 0.591040
v -1.729493 -0.086845 0.620059
v -1.740551 -0.094000 0.654290
v -1.751609 -0.086845 0.688521
v -1.760983 -0.066468 0.717540
v -1.767246 -0.035972 0.736930
v -1.817082 0.000000 0.721546
v -1.813525 0.035972 0.715338
v -1.803397 0.066468 0.697656
v -1.788240 0.086845 0.671194
v -1.770360 0.094000 0.639980
v -1.752480 0.086845 0.608766
v -1.737322 0.066468 0.582304
v -1.727194 0.035972 0.564623
v -1.723638 0.000000 0.558414
v -1.727194 -0.035972 0.564623
v -1.737322 -0.066468 0.582304
v -1.752480 -0.086845 0.608766
v -1.770360 -0.094000 0.639980
v -1.788240 -0.086845 0.671194
v -1.803397 -0.066468 0.697656
v -1.813525 -0.035972 0.715338
v -1.850981 0.000000 0.699070
v -1.846977 0.035972 0.693140
v -1.835577 0.066468 0.676251
v -1.818515 0.086845 0.650975
v -1.798388 0.094000 0.621160
v -1.778262 0.086845 0.591345
v -1.761200 0.066468 0.566069
v -1.749799 0.035972 0.549180
v -1.745796 0.000000 0.543250
v -1.749799 -0.035972 0.549180
v -1.761200 -0.066468 0.566069
v -1.778262 -0.086845 0.591345
v -1.798388 -0.094000 0.621160
v -1.818515 -0.086845 0.650975
v -1.835577 -0.066468 0.676251
v -1.846977 -0.035972 0.693140
v -1.873292 0.000000 0.683737
v -1.869622 0.035972 0.677594
v -1.859171 0.066468 0.660102
v -1.843529 0.086845 0.633923
v -1.825079 0.094000 0.603043
v -1.806629 0.086845 0.572163
v -1.790987 0.066468 0.545984
v -1.780536 0.035972 0.528491
v -1.776866 0.000000 0.522349
v -1.780536 -0.035972 0.528491
v -1.790987 -0.066468 0.545984
v -1.806629 -0.086845 0.572163
v -1.825079 -0.094000 0.603043
v -1.843529 -0.086845 0.633923
v -1.859171 -0.066468 0.660102
v -1.869622 -0.035972 0.677594
v -1.886985 0.000000 0.676466
v -1.884286 0.035972 0.669839
v -1.876601 0.066468 0.650967
v -1.865099 0.086845 0.622724
v -1.851531 0.094000 0.589408
v -1.837964 0.086845 0.556093
v -1.826461 0.066468 0.527849
v -1.818776 0.035972 0.508978
v -1.816077 0.000000 0.502351
v -1.818776 -0.035972 0.508978
v -1.826461 -0.066468 0.527849
v -1.837964 -0.086845 0.556093
v -1.851531 -0.094000 0.589408
v -1.865099 -0.086845 0.622724
v -1.876601 -0.066468 0.650967
v -1.884286 -0.035972 0.669839
v -1.900222 0.000000 0.672697
v -1.898589 0.035972 0.665731
v -1.893938 0.066468 0.645892
v -1.886978 0.086845 0.616201
v -1.878768 0.094000 0.581178
v -1.870558 0.086845 0.546155
v -1.863597 0.066468 0.516465
v -1.858947 0.035972 0.496626
v -1.857314 0.000000 0.489659
v -1.858947 -0.035972 0.496626
v -1.863597 -0.066468 0.516465
v -1.870558 -0.086845 0.546155
v -1.878768 -0.094000 0.581178
v -1.886978 -0.086845 0.616201
v -1.893938 -0.066468 0.645892
v -1.898589 -0.035972 0.665731
v -1.922739 0.000000 0.669076
v -1.921544 0.035972 0.662021
v -1.918141 0.066468 0.641930
v -1.913048 0.086845 0.611863
v -1.907040 0.094000 0.576396
v -1.901032 0.086845 0.540929
v -1.895939 0.066468 0.510861
v -1.892536 0.035972 0.490771
v -1.891341 0.000000 0.483716
v -1.892536 -0.035972 0.490771
v -1.895939 -0.066468 0.510861
v -1.901032 -0.086845 0.540929
v -1.907040 -0.094000 0.576396
v -1.913048 -0.086845 0.611863
v -1.918141 -0.066468 0.641930
v -1.921544 -0.035972 0.662021
v -1.956601 0.000000 0.663176
v -1.955003 0.035972 0.656202
v -1.950455 0.066468 0.636339
v -1.943647 0.086845 0.606613
v -1.935616 0.094000 0.571549
v -1.927585 0.086845 0.536484
v -1.920778 0.066468 0.506758
v -1.916229 0.035972 0.486896
v -1.914631 0.000000 0.479921
v -1.916229 -0.035972 0.486896
v -1.920778 -0.066468 0.506758
v -1.927585 -0.086845 0.536484
v -1.935616 -0.094000 0.571549
v -1.943647 -0.086845 0.606613
v -1.950455 -0.066468 0.636339
v -1.955003 -0.035972 0.656202
v -1.996692 0.000000 0.651368
v -1.994144 0.035972 0.644681
v -1.986888 0.066468 0.625641
v -1.976029 0.086845 0.597144
v -1.963219 0.094000 0.563530
v -1.950410 0.086845 0.529915
v -1.939550 0.066468 0.501419
v -1.932294 0.035972 0.482378
v -1.929746 0.000000 0.475691
v -1.932294 -0.035972 0.482378
v -1.939550 -0.066468 0.501419
v -1.950410 -0.086845 0.529915
v -1.963219 -0.094000 0.563530
v -1.976029 -0.086845 0.597144
v -1.986888 -0.066468 0.625641
v -1.994144 -0.035972 0.644681
v -2.034407 0.000000 0.633494
v -2.030943 0.035972 0.627233
v -2.021078 0.066468 0.609403
v -2.006315 0.086845 0.582719
v -1.988901 0.094000 0.551243
v -1.971487 0.086845 0.519767
v -1.956724 0.066468 0.493083
v -1.946859 0.035972 0.475253
v -1.943395 0.000000 0.468992
v -1.946859 -0.035972 0.475253
v -1.956724 -0.066468 0.493083
v -1.971487 -0.086845 0.519767
v -1.988901 -0.094000 0.551243
v -2.006315 -0.086845 0.582719
v -2.021078 -0.066468 0.609403
v -2.030943 -0.035972 0.627233
v -2.063159 0.000000 0.615474
v -2.059329 0.035972 0.609430
v -2.048419 0.066468 0.592220
v -2.032092 0.086845 0.566463
v -2.012833 0.094000 0.536081
v -1.993573 0.086845 0.505699
v -1.977246 0.066468 0.479942
v -1.966337 0.035972 0.462731
v -1.962506 0.000000 0.456688
v -1.966337 -0.035972 0.462731
v -1.977246 -0.066468 0.479942
v -1.993573 -0.086845 0.505699
v -2.012833 -0.094000 0.536081
v -2.032092 -0.086845 0.566463
v -2.048419 -0.066468 0.592220
v -2.059329 -0.035972 0.609430
v -2.081570 0.000000 0.603561
v -2.078139 0.035972 0.597282
v -2.068369 0.066468 0.579400
v -2.053747 0.086845 0.552638
v -2.036500 0.094000 0.521070
v -2.019253 0.086845 0.489502
v -2.004631 0.066468 0.462740
v -1.994861 0.035972 0.444859
v -1.991430 0.000000 0.438580
v -1.994861 -0.035972 0.444859
v -2.004631 -0.066468 0.462740
v -2.019253 -0.086845 0.489502
v -2.036500 -0.094000 0.521070
v -2.053747 -0.086845 0.552638
v -2.068369 -0.066468 0.579400
v -2.078139 -0.035972 0.597282
v -2.093565 0.000000 0.597743
v -2.091169 0.035972 0.591001
v -2.084345 0.066468 0.571801
v -2.074132 0.086845 0.543066
v -2.062085 0.094000 0.509171
v -2.050038 0.086845 0.475276
v -2.039825 0.066468 0.446541
v -2.033001 0.035972 0.427342
v -2.030604 0.000000 0.420599
v -2.033001 -0.035972 0.427342
v -2.039825 -0.066468 0.446541
v -2.050038 -0.086845 0.475276
v -2.062085 -0.094000 0.509171
v -2.074132 -0.086845 0.543066
v -2.084345 -0.066468 0.571801
v -2.091169 -0.035972 0.591001
v -2.109307 0.000000 0.593857
v -2.107934 0.035972 0.586835
v -2.104024 0.066468 0.566837
v -2.098172 0.086845 0.536908
v -2.091269 0.094000 0.501604
v -2.084365 0.086845 0.466301
v -2.078513 0.066468 0.436372
v -2.074603 0.035972 0.416374
v -2.073230 0.000000 0.409351
v -2.074603 -0.035972 0.416374
v -2.078513 -0.066468 0.436372
v -2.084365 -0.086845 0.466301
v -2.091269 -0.094000 0.501604
v -2.098172 -0.086845 0.536908
v -2.104024 -0.066468 0.566837
v -2.107934 -0.035972 0.586835
v -2.137217 0.000000 0.590127
v -2.136216 0.035972 0.583042
v -2.133366 0.066468 0.562866
v -2.129099 0.086845 0.532670
v -2.124067 0.094000 0.497052
v -2.119034 0.086845 0.461433
v -2.114767 0.066468 0.431237
v -2.111917 0.035972 0.411061
v -2.110916 0.000000 0.403976
v -2.111917 -0.035972 0.411061
v -2.114767 -0.066468 0.431237
v -2.119034 -0.086845 0.461433
v -2.124067 -0.094000 0.497052
v -2.129099 -0.086845 0.532670
v -2.133366 -0.066468 0.562866
v -2.136216 -0.035972 0.583042
v -2.178018 0.000000 0.584045
v -2.176521 0.035972 0.577049
v -2.172258 0.066468 0.557123
v -2.165877 0.086845 0.527302
v -2.158351 0.094000 0.492126
v -2.150824 0.086845 0.456950
v -2.144444 0.066468 0.427129
v -2.140180 0.035972 0.407204
v -2.138683 0.000000 0.400207
v -2.140180 -0.035972 0.407204
v -2.144444 -0.066468 0.427129
v -2.150824 -0.086845 0.456950
v -2.158351 -0.094000 0.492126
v -2.165877 -0.086845 0.527302
v -2.172258 -0.066468 0.557123
v -2.176521 -0.035972 0.577049
v -2.228416 0.000000 0.568834
v -2.225525 0.035972 0.562289
v -2.217290 0.066468 0.543651
v -2.204965 0.086845 0.515756
v -2.190427 0.094000 0.482853
v -2.175889 0.086845 0.449949
v -2.163565 0.066468 0.422055
v -2.155330 0.035972 0.403416
v -2.152438 0.000000 0.396871
v -2.155330 -0.035972 0.403416
v -2.163565 -0.066468 0.422055
v -2.175889 -0.086845 0.449949
v -2.190427 -0.094000 0.482853
v -2.204965 -0.086845 0.515756
v -2.217290 -0.066468 0.543651
v -2.225525 -0.035972 0.562289
v -2.280139 0.000000 0.535613
v -2.275294 0.035972 0.530348
v -2.261498 0.066468 0.515352
v -2.240851 0.086845 0.492909
v -2.216496 0.094000 0.466436
v -2.192140 0.086845 0.439963
v -2.171493 0.066468 0.417520
v -2.157697 0.035972 0.402524
v -2.152852 0.000000 0.397258
v -2.157697 -0.035972 0.402524
v -2.171493 -0.066468 0.417520
v -2.192140 -0.086845 0.439963
v -2.216496 -0.094000 0.466436
v -2.240851 -0.086845 0.492909
v -2.261498 -0.066468 0.515352
v -2.275294 -0.035972 0.530348
v -2.317670 0.000000 0.485952
v -2.311327 0.035972 0.482641
v -2.293263 0.066468 0.473212
v -2.266229 0.086845 0.459099
v -2.234340 0.094000 0.442453
v -2.202451 0.086845 0.425807
v -2.175417 0.066468 0.411695
v -2.157353 0.035972 0.402265
v -2.151010 0.000000 0.398954
v -2.157353 -0.035972 0.402265
v -2.175417 -0.066468 0.411695
v -2.202451 -0.086845 0.425807
v -2.234340 -0.094000 0.442453
v -2.266229 -0.086845 0.459099
v -2.293263 -0.066468 0.473212
v -2.311327 -0.035972 0.482641
v -2.335553 0.000000 0.435981
v -2.328616 0.035972 0.434227
v -2.308860 0.066468 0.429233
v -2.279295 0.086845 0.421759
v -2.244420 0.094000 0.412943
v -2.209544 0.086845 0.404126
v -2.179979 0.066468 0.396652
v -2.160224 0.035972 0.391658
v -2.153286 0.000000 0.389905
v -2.160224 -0.035972 0.391658
v -2.179979 -0.066468 0.396652
v -2.209544 -0.086845 0.404126
v -2.244420 -0.094000 0.412943
v -2.279295 -0.086845 0.421759
v -2.308860 -0.066468 0.429233
v -2.328616 -0.035972 0.434227
v -2.342491 0.000000 0.396879
v -2.335433 0.035972 0.395701
v -2.315334 0.066468 0.392345
v -2.285255 0.086845 0.387324
v -2.249774 0.094000 0.381401
v -2.214292 0.086845 0.375478
v -2.184213 0.066468 0.370457
v -2.164114 0.035972 0.367102
v -2.157057 0.000000 0.365924
v -2.164114 -0.035972 0.367102
v -2.184213 -0.066468 0.370457
v -2.214292 -0.086845 0.375478
v -2.249774 -0.094000 0.381401
v -2.285255 -0.086845 0.387324
v -2.315334 -0.066468 0.392345
v -2.335433 -0.035972 0.395701
v -2.346310 0.000000 0.372385
v -2.339338 0.035972 0.370775
v -2.319484 0.066468 0.366188
v -2.289771 0.086845 0.359324
v -2.254722 0.094000 0.351227
v -2.219673 0.086845 0.343130
v -2.189960 0.066468 0.336266
v -2.170106 0.035972 0.331679
v -2.163134 0.000000 0.330069
v -2.170106 -0.035972 0.331679
v -2.189960 -0.066468 0.336266
v -2.219673 -0.086845 0.343130
v -2.254722 -0.094000 0.351227
v -2.289771 -0.086845 0.359324
v -2.319484 -0.066468 0.366188
v -2.339338 -0.035972 0.370775
v -2.349616 0.000000 0.360772
v -2.343019 0.035972 0.358002
v -2.324231 0.066468 0.350112
v -2.296114 0.086845 0.338305
v -2.262947 0.094000 0.324378
v -2.229780 0.086845 0.310450
v -2.201663 0.066468 0.298643
v -2.182876 0.035972 0.290754
v -2.176278 0.000000 0.287984
v -2.182876 -0.035972 0.290754
v -2.201663 -0.066468 0.298643
v -2.229780 -0.086845 0.310450
v -2.262947 -0.094000 0.324378
v -2.296114 -0.086845 0.338305
v -2.324231 -0.066468 0.350112
v -2.343019 -0.035972 0.358002
v -2.354856 0.000000 0.351820
v -2.348844 0.035972 0.347939
v -2.331725 0.066468 0.336888
v -2.306103 0.086845 0.320349
v -2.275881 0.094000 0.300840
v -2.245658 0.086845 0.281331
v -2.220037 0.066468 0.264792
v -2.202917 0.035972 0.253741
v -2.196905 0.000000 0.249860
v -2.202917 -0.035972 0.253741
v -2.220037 -0.066468 0.264792
v -2.245658 -0.086845 0.281331
v -2.275881 -0.094000 0.300840
v -2.306103 -0.086845 0.320349
v -2.331725 -0.066468 0.336888
v -2.348844 -0.035972 0.347939
v -2.367435 0.000000 0.335415
v -2.361708 0.035972 0.331125
v -2.345398 0.066468 0.318911
v -2.320989 0.086845 0.300630
v -2.292197 0.094000 0.279066
v -2.263404 0.086845 0.257502
v -2.238995 0.066468 0.239221
v -2.222685 0.035972 0.227007
v -2.216958 0.000000 0.222717
v -2.222685 -0.035972 0.227007
v -2.238995 -0.066468 0.239221
v -2.263404 -0.086845 0.257502
v -2.292197 -0.094000 0.279066
v -2.320989 -0.086845 0.300630
v -2.345398 -0.066468 0.318911
v -2.361708 -0.035972 0.331125
v -2.387359 0.000000 0.308480
v -2.381370 0.035972 0.304565
v -2.364314 0.066468 0.293416
v -2.338788 0.086845 0.276731
v -2.308677 0.094000 0.257049
v -2.278567 0.086845 0.237367
v -2.253041 0.066468 0.220682
v -2.235984 0.035972 0.209533
v -2.229995 0.000000 0.205618
v -2.235984 -0.035972 0.209533
v -2.253041 -0.066468 0.220682
v -2.278567 -0.086845 0.237367
v -2.308677 -0.094000 0.257049
v -2.338788 -0.086845 0.276731
v -2.364314 -0.066468 0.293416
v -2.381370 -0.035972 0.304565
v -2.407745 0.000000 0.272012
v -2.401221 0.035972 0.269075
v -2.382640 0.066468 0.260709
v -2.354833 0.086845 0.248190
v -2.322032 0.094000 0.233422
v -2.289231 0.086845 0.218654
v -2.261424 0.066468 0.206134
v -2.242843 0.035972 0.197768
v -2.236319 0.000000 0.194831
v -2.242843 -0.035972 0.197768
v -2.261424 -0.066468 0.206134
v -2.289231 -0.086845 0.218654
v -2.322032 -0.094000 0.233422
v -2.354833 -0.086845 0.248190
v -2.382640 -0.066468 0.260709
v -2.401221 -0.035972 0.269075
v -2.421486 0.000000 0.232579
v -2.414579 0.035972 0.230710
v -2.394909 0.066468 0.225388
v -2.365472 0.086845 0.217422
v -2.330749 0.094000 0.208027
v -2.296025 0.086845 0.198631
v -2.266588 0.066468 0.190666
v -2.246919 0.035972 0.185344
v -2.240012 0.000000 0.183475
v -2.246919 -0.035972 0.185344
v -2.266588 -0.066468 0.190666
v -2.296025 -0.086845 0.198631
v -2.330749 -0.094000 0.208027
v -2.365472 -0.086845 0.217422
v -2.394909 -0.066468 0.225388
v -2.414579 -0.035972 0.230710
v -2.428189 0.000000 0.200183
v -2.421173 0.035972 0.198779
v -2.401193 0.066468 0.194780
v -2.371290 0.086845 0.188796
v -2.336017 0.094000 0.181737
v -2.300744 0.086845 0.174678
v -2.270842 0.066468 0.168693
v -2.250861 0.035972 0.164695
v -2.243845 0.000000 0.163290
v -2.250861 -0.035972 0.164695
v -2.270842 -0.066468 0.168693
v -2.300744 -0.086845 0.174678
v -2.336017 -0.094000 0.181737
v -2.371290 -0.086845 0.188796
v -2.401193 -0.066468 0.194780
v -2.421173 -0.035972 0.198779
v -2.431805 0.000000 0.180816
v -2.424909 0.035972 0.178906
v -2.405272 0.066468 0.173468
v -2.375883 0.086845 0.165328
v -2.341215 0.094000 0.155726
v -2.306548 0.086845 0.146125
v -2.277159 0.066468 0.137985
v -2.257522 0.035972 0.132546
v -2.250626 0.000000 0.130636
v -2.257522 -0.035972 0.132546
v -2.277159 -0.066468 0.137985
v -2.306548 -0.086845 0.146125
v -2.341215 -0.094000 0.155726
v -2.375883 -0.086845 0.165328
v -2.405272 -0.066468 0.173468
v -2.424909 -0.035972 0.178906
v -2.434866 0.000000 0.171425
v -2.428418 0.035972 0.168322
v -2.410057 0.066468 0.159487
v -2.382576 0.086845 0.146265
v -2.350161 0.094000 0.130669
v -2.317746 0.086845 0.115072
v -2.290266 0.066468 0.101850
v -2.271904 0.035972 0.093015
v -2.265456 0.000000 0.089913
v -2.271904 -0.035972 0.093015
v -2.290266 -0.066468 0.101850
v -2.317746 -0.086845 0.115072
v -2.350161 -0.094000 0.130669
v -2.382576 -0.086845 0.146265
v -2.410057 -0.066468 0.159487
v -2.428418 -0.035972 0.168322
v -2.441775 0.000000 0.160542
v -2.435930 0.035972 0.156416
v -2.419283 0.066468 0.144665
v -2.394369 0.086845 0.127078
v -2.364981 0.094000 0.106333
v -2.335593 0.086845 0.085588
v -2.310680 0.066468 0.068001
v -2.294033 0.035972 0.056250
v -2.288187 0.000000 0.052123
v -2.294033 -0.035972 0.056250
v -2.310680 -0.066468 0.068001
v -2.335593 -0.086845 0.085588
v -2.364981 -0.094000 0.106333
v -2.394369 -0.086845 0.127078
v -2.419283 -0.066468 0.144665
v -2.435930 -0.035972 0.156416
v -2.458164 0.000000 0.140388
v -2.452570 0.035972 0.135927
v -2.436639 0.066468 0.123222
v -2.412797 0.086845 0.104207
v -2.384674 0.094000 0.081777
v -2.356551 0.086845 0.059348
v -2.332709 0.066468 0.040333
v -2.316778 0.035972 0.027628
v -2.311184 0.000000 0.023166
v -2.316778 -0.035972 0.027628
v -2.332709 -0.066468 0.040333
v -2.356551 -0.086845 0.059348
v -2.384674 -0.094000 0.081777
v -2.412797 -0.086845 0.104207
v -2.436639 -0.066468 0.123222
v -2.452570 -0.035972 0.135927
v -2.482979 0.000000 0.108676
v -2.477053 0.035972 0.104665
v -2.460178 0.066468 0.093245
v -2.434922 0.086845 0.076153
v -2.405131 0.094000 0.055991
v -2.375340 0.086845 0.035829
v -2.350084 0.066468 0.018737
v -2.333209 0.035972 0.007317
v -2.327283 0.000000 0.003306
v -2.333209 -0.035972 0.007317
v -2.350084 -0.066468 0.018737
v -2.375340 -0.086845 0.035829
v -2.405131 -0.094000 0.055991
v -2.434922 -0.086845 0.076153
v -2.460178 -0.066468 0.093245
v -2.477053 -0.035972 0.104665
v -2.508506 0.000000 0.062084
v -2.501821 0.035972 0.059533
v -2.482784 0.066468 0.052267
v -2.454293 0.086845 0.041394
v -2.420685 0.094000 0.028567
v -2.387077 0.086845 0.015740
v -2.358586 0.066468 0.004866
v -2.339549 0.035972 -0.002399
v -2.332864 0.000000 -0.004951
v -2.339549 -0.035972 -0.002399
v -2.358586 -0.066468 0.004866
v -2.387077 -0.086845 0.015740
v -2.420685 -0.094000 0.028567
v -2.454293 -0.086845 0.041394
v -2.482784 -0.066468 0.052267
v -2.501821 -0.035972 0.059533
v -2.520500 0.000000 0.000000
v -2.513345 0.035972 0.000000
v -2.492968 0.066468 0.000000
v -2.462472 0.086845 0.000000
v -2.426500 0.094000 0.000000
v -2.390528 0.086845 0.000000
v -2.360032 0.066468 0.000000
v -2.339655 0.035972 0.000000
v -2.332500 0.000000 0.000000
v -2.339655 -0.035972 0.000000
v -2.360032 -0.066468 0.000000
v -2.390528 -0.086845 0.000000
v -2.426500 -0.094000 0.000000
v -2.462472 -0.086845 0.000000
v -2.492968 -0.066468 0.000000
v -2.513345 -0.035972 0.000000
v -2.508506 0.000000 -0.062084
v -2.501821 0.035972 -0.059533
v -2.482784 0.066468 -0.052267
v -2.454293 0.086845 -0.041394
v -2.420685 0.094000 -0.028567
v -2.387077 0.086845 -0.015740
v -2.358586 0.066468 -0.004866
v -2.339549 0.035972 0.002399
v -2.332864 0.000000 0.004951
v -2.339549 -0.035972 0.002399
v -2.358586 -0.066468 -0.004866
v -2.387077 -0.086845 -0.015740
v -2.420685 -0.094000 -0.028567
v -2.454293 -0.086845 -0.041394
v -2.482784 -0.066468 -0.052267
v -2.501821 -0.035972 -0.059533
v -2.482979 0.000000 -0.108676
v -2.477053 0.035972 -0.104665
v -2.460178 0.066468 -0.093245
v -2.434922 0.086845 -0.076153
v -2.405131 0.094000 -0.055991
v -2.375340 0.086845 -0.035829
v -2.350084 0.066468 -0.018737
v -2.333209 0.035972 -0.007317
v -2.327283 0.000000 -0.003306
v -2.333209 -0.035972 -0.007317
v -2.350084 -0.066468 -0.018737
v -2.375340 -0.086845 -0.035829
v -2.405131 -0.094000 -0.055991
v -2.434922 -0.086845 -0.076153
v -2.460178 -0.066468 -0.093245
v -2.477053 -0.035972 -0.104665
v -2.458164 0.000000 -0.140388
v -2.452570 0.035972 -0.135927
v -2.436639 0.066468 -0.123222
v -2.412797 0.086845 -0.104207
v -2.384674 0.094000 -0.081777
v -2.356551 0.086845 -0.059348
v -2.332709 0.066468 -0.040333
v -2.316778 0.035972 -0.027628
v -2.311184 0.000000 -0.023166
v -2.316778 -0.035972 -0.027628
v -2.332709 -0.066468 -0.040333
v -2.356551 -0.086845 -0.059348
v -2.384674 -0.094000 -0.081777
v -2.412797 -0.086845 -0.104207
v -2.436639 -0.066468 -0.123222
v -2.452570 -0.035972 -0.135927
v -2.441775 0.000000 -0.160542
v -2.435930 0.035972 -0.156416
v -2.419283 0.066468 -0.144665
v -2.394369 0.086845 -0.127078
v -2.364981 0.094000 -0.106333
v -2.335593 0.086845 -0.085588
v -2.310680 0.066468 -0.068001
v -2.294033 0.035972 -0.056250
v -2.288187 0.000000 -0.052123
v -2.294033 -0.035972 -0.056250
v -2.310680 -0.066468 -0.068001
v -2.335593 -0.086845 -0.085588
v -2.364981 -0.094000 -0.106333
v -2.394369 -0.086845 -0.127078
v -2.419283 -0.066468 -0.144665
v -2.435930 -0.035972 -0.156416
v -2.434866 0.000000 -0.171425
v -2.428418 0.035972 -0.168322
v -2.410057 0.066468 -0.159487
v -2.382576 0.086845 -0.146265
v -2.350161 0.094000 -0.130669
v -2.317746 0.086845 -0.115072
v -2.290266 0.066468 -0.101850
v -2.271904 0.035972 -0.093015
v -2.265456 0.000000 -0.089913
v -2.271904 -0.035972 -0.093015
v -2.290266 -0.066468 -0.101850
v -2.317746 -0.086845 -0.115072
v -2.350161 -0.094000 -0.130669
v -2.382576 -0.086845 -0.146265
v -2.410057 -0.066468 -0.159487
v -2.428418 -0.035972 -0.168322
v -2.431805 0.000000 -0.180816
v -2.424909 0.035972 -0.178906
v -2.405272 0.066468 -0.173468
v -2.375883 0.086845 -0.165328
v -2.341215 0.094000 -0.155726
v -2.306548 0.086845 -0.146125
v -2.277159 0.066468 -0.137985
v -2.257522 0.035972 -0.132546
v -2.250626 0.000000 -0.130636
v -2.257522 -0.035972 -0.132546
v -2.277159 -0.066468 -0.137985
v -2.306548 -0.086845 -0.146125
v -2.341215 -0.094000 -0.155726
v -2.375883 -0.086845 -0.165328
v -2.405272 -0.066468 -0.173468
v -2.424909 -0.035972 -0.178906
v -2.428189 0.000000 -0.200183
v -2.421173 0.035972 -0.198779
v -2.401193 0.066468 -0.194780
v -2.371290 0.086845 -0.188796
v -2.336017 0.094000 -0.181737
v -2.300744 0.086845 -0.174678
v -2.270842 0.066468 -0.168693
v -2.250861 0.035972 -0.164695
v -2.243845 0.000000 -0.163290
v -2.250861 -0.035972 -0.164695
v -2.270842 -0.066468 -0.168693
v -2.300744 -0.086845 -0.174678
v -2.336017 -0.094000 -0.181737
v -2.371290 -0.086845 -0.188796
v -2.401193 -0.066468 -0.194780
v -2.421173 -0.035972 -0.198779
v -2.421486 0.000000 -0.232579
v -2.414579 0.035972 -0.230710
v -2.394909 0.066468 -0.225388
v -2.365472 0.086845 -0.217422
v -2.330749 0.094000 -0.208027
v -2.296025 0.086845 -0.198631
v -2.266588 0.066468 -0.190666
v -2.246919 0.035972 -0.185344
v -2.240012 0.000000 -0.183475
v -2.246919 -0.035972 -0.185344
v -2.266588 -0.066468 -0.190666
v -2.296025 -0.086845 -0.198631
v -2.330749 -0.094000 -0.208027
v -2.365472 -0.086845 -0.217422
v -2.394909 -0.066468 -0.225388
v -2.414579 -0.035972 -0.230710
v -2.407745 0.000000 -0.272012
v -2.401221 0.035972 -0.269075
v -2.382640 0.066468 -0.260709
v -2.354833 0.086845 -0.248190
v -2.322032 0.094000 -0.233422
v -2.289231 0.086845 -0.218654
v -2.261424 0.066468 -0.206134
v -2.242843 0.035972 -0.197768
v -2.236319 0.000000 -0.194831
v -2.242843 -0.035972 -0.197768
v -2.261424 -0.066468 -0.206134
v -2.289231 -0.086845 -0.218654
v -2.322032 -0.094000 -0.233422
v -2.354833 -0.086845 -0.248190
v -2.382640 -0.066468 -0.260709
v -2.401221 -0.035972 -0.269075
v -2.387359 0.000000 -0.308480
v -2.381370 0.035972 -0.304565
v -2.364314 0.066468 -0.293416
v -2.338788 0.086845 -0.276731
v -2.308677 0.094000 -0.257049
v -2.278567 0.086845 -0.237367
v -2.253041 0.066468 -0.220682
v -2.235984 0.035972 -0.209533
v -2.229995 0.000000 -0.205618
v -2.235984 -0.035972 -0.209533
v -2.253041 -0.066468 -0.220682
v -2.278567 -0.086845 -0.237367
v -2.308677 -0.094000 -0.257049
v -2.338788 -0.086845 -0.276731
v -2.364314 -0.066468 -0.293416
v -2.381370 -0.035972 -0.304565
v -2.367435 0.000000 -0.335415
v -2.361708 0.035972 -0.331125
v -2.345398 0.066468 -0.318911
v -2.320989 0.086845 -0.300630
v -2.292197 0.094000 -0.279066
v -2.263404 0.086845 -0.257502
v -2.238995 0.066468 -0.239221
v -2.222685 0.035972 -0.227007
v -2.216958 0.000000 -0.222717
v -2.222685 -0.035972 -0.227007
v -2.238995 -0.066468 -0.239221
v -2.263404 -0.086845 -0.257502
v -2.292197 -0.094000 -0.279066
v -2.320989 -0.086845 -0.300630
v -2.345398 -0.066468 -0.318911
v -2.361708 -0.035972 -0.331125
v -2.354856 0.000000 -0.351820
v -2.348844 0.035972 -0.347939
v -2.331725 0.066468 -0.336888
v -2.306103 0.086845 -0.320349
v -2.275881 0.094000 -0.300840
v -2.245658 0.086845 -0.281331
v -2.220037 0.066468 -0.264792
v -2.202917 0.035972 -0.253741
v -2.196905 0.000000 -0.249860
v -2.202917 -0.035972 -0.253741
v -2.220037 -0.066468 -0.264792
v -2.245658 -0.086845 -0.281331
v -2.275881 -0.094000 -0.300840
v -2.306103 -0.086845 -0.320349
v -2.331725 -0.066468 -0.336888
v -2.348844 -0.035972 -0.347939
v -2.349616 0.000000 -0.360772
v -2.343019 0.035972 -0.358002
v -2.324231 0.066468 -0.350112
v -2.296114 0.086845 -0.338305
v -2.262947 0.094000 -0.324378
v -2.229780 0.086845 -0.310450
v -2.201663 0.066468 -0.298643
v -2.182876 0.035972 -0.290754
v -2.176278 0.000000 -0.287984
v -2.182876 -0.035972 -0.290754
v -2.201663 -0.066468 -0.298643
v -2.229780 -0.086845 -0.310450
v -2.262947 -0.094000 -0.324378
v -2.296114 -0.086845 -0.338305
v -2.324231 -0.066468 -0.350112
v -2.343019 -0.035972 -0.358002
v -2.346310 0.000000 -0.372385
v -2.339338 0.035972 -0.370775
v -2.319484 0.066468 -0.366188
v -2.289771 0.086845 -0.359324
v -2.254722 0.094000 -0.351227
v -2.219673 0.086845 -0.343130
v -2.189960 0.066468 -0.336266
v -2.170106 0.035972 -0.331679
v -2.163134 0.000000 -0.330069
v -2.170106 -0.035972 -0.331679
v -2.189960 -0.066468 -0.336266
v -2.219673 -0.086845 -0.343130
v -2.254722 -0.094000 -0.351227
v -2.289771 -0.086845 -0.359324
v -2.319484 -0.066468 -0.366188
v -2.339338 -0.035972 -0.370775
v -2.342491 0.000000 -0.396879
v -2.335433 0.035972 -0.395701
v -2.315334 0.066468 -0.392345
v -2.285255 0.086845 -0.387324
v -2.249774 0.094000 -0.381401
v -2.214292 0.086845 -0.375478
v -2.184213 0.066468 -0.370457
v -2.164114 0.035972 -0.367102
v -2.157057 0.000000 -0.365924
v -2.164114 -0.035972 -0.367102
v -2.184213 -0.066468 -0.370457
v -2.214292 -0.086845 -0.375478
v -2.249774 -0.094000 -0.381401
v -2.285255 -0.086845 -0.387324
v -2.315334 -0.066468 -0.392345
v -2.335433 -0.035972 -0.395701
v -2.335553 0.000000 -0.435981
v -2.328616 0.035972 -0.434227
v -2.308860 0.066468 -0.429233
v -2.279295 0.086845 -0.421759
v -2.244420 0.094000 -0.412943
v -2.209544 0.086845 -0.404126
v -2.179979 0.066468 -0.396652
v -2.160224 0.035972 -0.391658
v -2.153286 0.000000 -0.389905
v -2.160224 -0.035972 -0.391658
v -2.179979 -0.066468 -0.396652
v -2.209544 -0.086845 -0.404126
v -2.244420 -0.094000 -0.412943
v -2.279295 -0.086845 -0.421759
v -2.308860 -0.066468 -0.429233
v -2.328616 -0.035972 -0.434227
v -2.317670 0.000000 -0.485952
v -2.311327 0.035972 -0.482641
v -2.293263 0.066468 -0.473212
v -2.266229 0.086845 -0.459099
v -2.234340 0.094000 -0.442453
v -2.202451 0.086845 -0.425807
v -2.175417 0.066468 -0.411695
v -2.157353 0.035972 -0.402265
v -2.151010 0.000000 -0.398954
v -2.157353 -0.035972 -0.402265
v -2.175417 -0.066468 -0.411695
v -2.202451 -0.086845 -0.425807
v -2.234340 -0.094000 -0.442453
v -2.266229 -0.086845 -0.459099
v -2.293263 -0.066468 -0.473212
v -2.311327 -0.035972 -0.482641
v -2.280139 0.000000 -0.535613
v -2.275294 0.035972 -0.530348
v -2.261498 0.066468 -0.515352
v -2.240851 0.086845 -0.492909
v -2.216496 0.094000 -0.466436
v -2.192140 0.086845 -0.439963
v -2.171493 0.066468 -0.417520
v -2.157697 0.035972 -0.402524
v -2.152852 0.000000 -0.397258
v -2.157697 -0.035972 -0.402524
v -2.171493 -0.066468 -0.417520
v -2.192140 -0.086845 -0.439963
v -2.216496 -0.094000 -0.466436
v -2.240851 -0.086845 -0.492909
v -2.261498 -0.066468 -0.515352
v -2.275294 -0.035972 -0.530348
v -2.228416 0.000000 -0.568834
v -2.225525 0.035972 -0.562289
v -2.217290 0.066468 -0.543651
v -2.204965 0.086845 -0.515756
v -2.190427 0.094000 -0.482853
v -2.175889 0.086845 -0.449949
v -2.163565 0.066468 -0.422055
v -2.155330 0.035972 -0.403416
v -2.152438 0.000000 -0.396871
v -2.155330 -0.035972 -0.403416
v -2.163565 -0.066468 -0.422055
v -2.175889 -0.086845 -0.449949
v -2.190427 -0.094000 -0.482853
v -2.204965 -0.086845 -0.515756
v -2.217290 -0.066468 -0.543651
v -2.225525 -0.035972 -0.562289
v -2.178018 0.000000 -0.584045
v -2.176521 0.035972 -0.577049
v -2.172258 0.066468 -0.557123
v -2.165877 0.086845 -0.527302
v -2.158351 0.094000 -0.492126
v -2.150824 0.086845 -0.456950
v -2.144444 0.066468 -0.427129
v -2.140180 0.035972 -0.407204
v -2.138683 0.000000 -0.400207
v -2.140180 -0.035972 -0.407204
v -2.144444 -0.066468 -0.427129
v -2.150824 -0.086845 -0.456950
v -2.158351 -0.094000 -0.492126
v -2.165877 -0.086845 -0.527302
v -2.172258 -0.066468 -0.557123
v -2.176521 -0.035972 -0.577049
v -2.137217 0.000000 -0.590127
v -2.136216 0.035972 -0.583042
v -2.133366 0.066468 -0.562866
v -2.129099 0.086845 -0.532670
v -2.124067 0.094000 -0.497052
v -2.119034 0.086845 -0.461433
v -2.114767 0.066468 -0.431237
v -2.111917 0.035972 -0.411061
v -2.110916 0.000000 -0.403976
v -2.111917 -0.035972 -0.411061
v -2.114767 -0.066468 -0.431237
v -2.119034 -0.086845 -0.461433
v -2.124067 -0.094000 -0.497052
v -2.129099 -0.086845 -0.532670
v -2.133366 -0.066468 -0.562866
v -2.136216 -0.035972 -0.583042
v -2.109307 0.000000 -0.593857
v -2.107934 0.035972 -0.586835
v -2.104024 0.066468 -0.566837
v -2.098172 0.086845 -0.536908
v -2.091269 0.094000 -0.501604
v -2.084365 0.086845 -0.466301
v -2.078513 0.066468 -0.436372
v -2.074603 0.035972 -0.416374
v -2.073230 0.000000 -0.409351
v -2.074603 -0.035972 -0.416374
v -2.078513 -0.066468 -0.436372
v -2.084365 -0.086845 -0.466301
v -2.091269 -0.094000 -0.501604
v -2.098172 -0.086845 -0.536908
v -2.104024 -0.066468 -0.566837
v -2.107934 -0.035972 -0.586835
v -2.093565 0.000000 -0.597743
v -2.091169 0.035972 -0.591001
v -2.084345 0.066468 -0.571801
v -2.074132 0.086845 -0.543066
v -2.062085 0.094000 -0.509171
v -2.050038 0.086845 -0.475276
v -2.039825 0.066468 -0.446541
v -2.033001 0.035972 -0.427342
v -2.030604 0.000000 -0.420599
v -2.033001 -0.035972 -0.427342
v -2.039825 -0.066468 -0.446541
v -2.050038 -0.086845 -0.475276
v -2.062085 -0.094000 -0.509171
v -2.074132 -0.086845 -0.543066
v -2.084345 -0.066468 -0.571801
v -2.091169 -0.035972 -0.591001
v -2.081570 0.000000 -0.603561
v -2.078139 0.035972 -0.597282
v -2.068369 0.066468 -0.579400
v -2.053747 0.086845 -0.552638
v -2.036500 0.094000 -0.521070
v -2.019253 0.086845 -0.489502
v -2.004631 0.066468 -0.462740
v -1.994861 0.035972 -0.444859
v -1.991430 0.000000 -0.438580
v -1.994861 -0.035972 -0.444859
v -2.004631 -0.066468 -0.462740
v -2.019253 -0.086845 -0.489502
v -2.036500 -0.094000 -0.521070
v -2.053747 -0.086845 -0.552638
v -2.068369 -0.066468 -0.579400
v -2.078139 -0.035972 -0.597282
v -2.063159 0.000000 -0.615474
v -2.059329 0.035972 -0.609430
v -2.048419 0.066468 -0.592220
v -2.032092 0.086845 -0.566463
v -2.012833 0.094000 -0.536081
v -1.993573 0.086845 -0.505699
v -1.977246 0.066468 -0.479942
v -1.966337 0.035972 -0.462731
v -1.962506 0.000000 -0.456688
v -1.966337 -0.035972 -0.462731
v -1.977246 -0.066468 -0.479942
v -1.993573 -0.086845 -0.505699
v -2.012833 -0.094000 -0.536081
v -2.032092 -0.086845 -0.566463
v -2.048419 -0.066468 -0.592220
v -2.059329 -0.035972 -0.609430
v -2.034407 0.000000 -0.633494
v -2.030943 0.035972 -0.627233
v -2.021078 0.066468 -0.609403
v -2.006315 0.086845 -0.582719
v -1.988901 0.094000 -0.551243
v -1.971487 0.086845 -0.519767
v -1.956724 0.066468 -0.493083
v -1.946859 0.035972 -0.475253
v -1.943395 0.000000 -0.468992
v -1.946859 -0.035972 -0.475253
v -1.956724 -0.066468 -0.493083
v -1.971487 -0.086845 -0.519767
v -1.988901 -0.094000 -0.551243
v -2.006315 -0.086845 -0.582719
v -2.021078 -0.066468 -0.609403
v -2.030943 -0.035972 -0.627233
v -1.996692 0.000000 -0.651368
v -1.994144 0.035972 -0.644681
v -1.986888 0.066468 -0.625641
v -1.976029 0.086845 -0.597144
v -1.963219 0.094000 -0.563530
v -1.950410 0.086845 -0.529915
v -1.939550 0.066468 -0.501419
v -1.932294 0.035972 -0.482378
v -1.929746 0.000000 -0.475691
v -1.932294 -0.035972 -0.482378
v -1.939550 -0.066468 -0.501419
v -1.950410 -0.086845 -0.529915
v -1.963219 -0.094000 -0.563530
v -1.976029 -0.086845 -0.597144
v -1.986888 -0.066468 -0.625641
v -1.994144 -0.035972 -0.644681
v -1.956601 0.000000 -0.663176
v -1.955003 0.035972 -0.656202
v -1.950455 0.066468 -0.636339
v -1.943647 0.086845 -0.606613
v -1.935616 0.094000 -0.571549
v -1.927585 0.086845 -0.536484
v -1.920778 0.066468 -0.506758
v -1.916229 0.035972 -0.486896
v -1.914631 0.000000 -0.479921
v -1.916229 -0.035972 -0.486896
v -1.920778 -0.066468 -0.506758
v -1.927585 -0.086845 -0.536484
v -1.935616 -0.094000 -0.571549
v -1.943647 -0.086845 -0.606613
v -1.950455 -0.066468 -0.636339
v -1.955003 -0.035972 -0.656202
v -1.922739 0.000000 -0.669076
v -1.921544 0.035972 -0.662021
v -1.918141 0.066468 -0.641930
v -1.913048 0.086845 -0.611863
v -1.907040 0.094000 -0.576396
v -1.901032 0.086845 -0.540929
v -1.895939 0.066468 -0.510861
v -1.892536 0.035972 -0.490771
v -1.891341 0.000000 -0.483716
v -1.892536 -0.035972 -0.490771
v -1.895939 -0.066468 -0.510861
v -1.901032 -0.086845 -0.540929
v -1.907040 -0.094000 -0.576396
v -1.913048 -0.086845 -0.611863
v -1.918141 -0.066468 -0.641930
v -1.921544 -0.035972 -0.662021
v -1.900222 0.000000 -0.672697
v -1.898589 0.035972 -0.665731
v -1.893938 0.066468 -0.645892
v -1.886978 0.086845 -0.616201
v -1.878768 0.094000 -0.581178
v -1.870558 0.086845 -0.546155
v -1.863597 0.066468 -0.516465
v -1.858947 0.035972 -0.496626
v -1.857314 0.000000 -0.489659
v -1.858947 -0.035972 -0.496626
v -1.863597 -0.066468 -0.516465
v -1.870558 -0.086845 -0.546155
v -1.878768 -0.094000 -0.581178
v -1.886978 -0.086845 -0.616201
v -1.893938 -0.066468 -0.645892
v -1.898589 -0.035972 -0.665731
v -1.886985 0.000000 -0.676466
v -1.884286 0.035972 -0.669839
v -1.876601 0.066468 -0.650967
v -1.865099 0.086845 -0.622724
v -1.851531 0.094000 -0.589408
v -1.837964 0.086845 -0.556093
v -1.826461 0.066468 -0.527849
v -1.818776 0.035972 -0.508978
v -1.816077 0.000000 -0.502351
v -1.818776 -0.035972 -0.508978
v -1.826461 -0.066468 -0.527849
v -1.837964 -0.086845 -0.556093
v -1.851531 -0.094000 -0.589408
v -1.865099 -0.086845 -0.622724
v -1.876601 -0.066468 -0.650967
v -1.884286 -0.035972 -0.669839
v -1.873292 0.000000 -0.683737
v -1.869622 0.035972 -0.677594
v -1.859171 0.066468 -0.660102
v -1.843529 0.086845 -0.633923
v -1.825079 0.094000 -0.603043
v -1.806629 0.086845 -0.572163
v -1.790987 0.066468 -0.545984
v -1.780536 0.035972 -0.528491
v -1.776866 0.000000 -0.522349
v -1.780536 -0.035972 -0.528491
v -1.790987 -0.066468 -0.545984
v -1.806629 -0.086845 -0.572163
v -1.825079 -0.094000 -0.603043
v -1.843529 -0.086845 -0.633923
v -1.859171 -0.066468 -0.660102
v -1.869622 -0.035972 -0.677594
v -1.850981 0.000000 -0.699070
v -1.846977 0.035972 -0.693140
v -1.835577 0.066468 -0.676251
v -1.818515 0.086845 -0.650975
v -1.798388 0.094000 -0.621160
v -1.778262 0.086845 -0.591345
v -1.761200 0.066468 -0.566069
v -1.749799 0.035972 -0.549180
v -1.745796 0.000000 -0.543250
v -1.749799 -0.035972 -0.549180
v -1.761200 -0.066468 -0.566069
v -1.778262 -0.086845 -0.591345
v -1.798388 -0.094000 -0.621160
v -1.818515 -0.086845 -0.650975
v -1.835577 -0.066468 -0.676251
v -1.846977 -0.035972 -0.693140
v -1.817082 0.000000 -0.721546
v -1.813525 0.035972 -0.715338
v -1.803397 0.066468 -0.697656
v -1.788240 0.086845 -0.671194
v -1.770360 0.094000 -0.639980
v -1.752480 0.086845 -0.608766
v -1.737322 0.066468 -0.582304
v -1.727194 0.035972 -0.564623
v -1.723638 0.000000 -0.558414
v -1.727194 -0.035972 -0.564623
v -1.737322 -0.066468 -0.582304
v -1.752480 -0.086845 -0.608766
v -1.770360 -0.094000 -0.639980
v -1.788240 -0.086845 -0.671194
v -1.803397 -0.066468 -0.697656
v -1.813525 -0.035972 -0.715338
v -1.769446 0.000000 -0.743739
v -1.767246 0.035972 -0.736930
v -1.760983 0.066468 -0.717540
v -1.751609 0.086845 -0.688521
v -1.740551 0.094000 -0.654290
v -1.729493 0.086845 -0.620059
v -1.720119 0.066468 -0.591040
v -1.713856 0.035972 -0.571650
v -1.711656 0.000000 -0.564841
v -1.713856 -0.035972 -0.571650
v -1.720119 -0.066468 -0.591040
v -1.729493 -0.086845 -0.620059
v -1.740551 -0.094000 -0.654290
v -1.751609 -0.086845 -0.688521
v -1.760983 -0.066468 -0.717540
v -1.767246 -0.035972 -0.736930
v -1.709500 0.000000 -0.753640
v -1.709500 0.035972 -0.746485
v -1.709500 0.066468 -0.726108
v -1.709500 0.086845 -0.695612
v -1.709500 0.094000 -0.659640
v -1.709500 0.086845 -0.623668
v -1.709500 0.066468 -0.593172
v -1.709500 0.035972 -0.572795
v -1.709500 0.000000 -0.565640
v -1.709500 -0.035972 -0.572795
v -1.709500 -0.066468 -0.593172
v -1.709500 -0.086845 -0.623668
v -1.709500 -0.094000 -0.659640
v -1.709500 -0.086845 -0.695612
v -1.709500 -0.066468 -0.726108
v -1.709500 -0.035972 -0.746485
v -1.649554 0.000000 -0.743739
v -1.651754 0.035972 -0.736930
v -1.658017 0.066468 -0.717540
v -1.667391 0.086845 -0.688521
v -1.678449 0.094000 -0.654290
v -1.689507 0.086845 -0.620059
v -1.698881 0.066468 -0.591040
v -1.705144 0.035972 -0.571650
v -1.707344 0.000000 -0.564841
v -1.705144 -0.035972 -0.571650
v -1.698881 -0.066468 -0.591040
v -1.689507 -0.086845 -0.620059
v -1.678449 -0.094000 -0.654290
v -1.667391 -0.086845 -0.688521
v -1.658017 -0.066468 -0.717540
v -1.651754 -0.035972 -0.736930
v -1.601918 0.000000 -0.721546
v -1.605475 0.035972 -0.715338
v -1.615603 0.066468 -0.697656
v -1.630760 0.086845 -0.671194
v -1.648640 0.094000 -0.639980
v -1.666520 0.086845 -0.608766
v -1.681678 0.066468 -0.582304
v -1.691806 0.035972 -0.564623
v -1.695362 0.000000 -0.558414
v -1.691806 -0.035972 -0.564623
v -1.681678 -0.066468 -0.582304
v -1.666520 -0.086845 -0.608766
v -1.648640 -0.094000 -0.639980
v -1.630760 -0.086845 -0.671194
v -1.615603 -0.066468 -0.697656
v -1.605475 -0.035972 -0.715338
v -1.568019 0.000000 -0.699070
v -1.572023 0.035972 -0.693140
v -1.583423 0.066468 -0.676251
v -1.600485 0.086845 -0.650975
v -1.620612 0.094000 -0.621160
v -1.640738 0.086845 -0.591345
v -1.657800 0.066468 -0.566069
v -1.669201 0.035972 -0.549180
v -1.673204 0.000000 -0.543250
v -1.669201 -0.035972 -0.549180
v -1.657800 -0.066468 -0.566069
v -1.640738 -0.086845 -0.591345
v -1.620612 -0.094000 -0.621160
v -1.600485 -0.086845 -0.650975
v -1.583423 -0.066468 -0.676251
v -1.572023 -0.035972 -0.693140
v -1.545708 0.000000 -0.683737
v -1.549378 0.035972 -0.677594
v -1.559829 0.066468 -0.660102
v -1.575471 0.086845 -0.633923
v -1.593921 0.094000 -0.603043
v -1.612371 0.086845 -0.572163
v -1.628013 0.066468 -0.545984
v -1.638464 0.035972 -0.528491
v -1.642134 0.000000 -0.522349
v -1.638464 -0.035972 -0.528491
v -1.628013 -0.066468 -0.545984
v -1.612371 -0.086845 -0.572163
v -1.593921 -0.094000 -0.603043
v -1.575471 -0.086845 -0.633923
v -1.559829 -0.066468 -0.660102
v -1.549378 -0.035972 -0.677594
v -1.532015 0.000000 -0.676466
v -1.534714 0.035972 -0.669839
v -1.542399 0.066468 -0.650967
v -1.553901 0.086845 -0.622724
v -1.567469 0.094000 -0.589408
v -1.581036 0.086845 -0.556093
v -1.592539 0.066468 -0.527849
v -1.600224 0.035972 -0.508978
v -1.602923 0.000000 -0.502351
v -1.600224 -0.035972 -0.508978
v -1.592539 -0.066468 -0.527849
v -1.581036 -0.086845 -0.556093
v -1.567469 -0.094000 -0.589408
v -1.553901 -0.086845 -0.622724
v -1.542399 -0.066468 -0.650967
v -1.534714 -0.035972 -0.669839
v -1.518778 0.000000 -0.672697
v -1.520411 0.035972 -0.665731
v -1.525062 0.066468 -0.645892
v -1.532022 0.086845 -0.616201
v -1.540232 0.094000 -0.581178
v -1.548442 0.086845 -0.546155
v -1.555403 0.066468 -0.516465
v -1.560053 0.035972 -0.496626
v -1.561686 0.000000 -0.489659
v -1.560053 -0.035972 -0.496626
v -1.555403 -0.066468 -0.516465
v -1.548442 -0.086845 -0.546155
v -1.540232 -0.094000 -0.581178
v -1.532022 -0.086845 -0.616201
v -1.525062 -0.066468 -0.645892
v -1.520411 -0.035972 -0.665731
v -1.496261 0.000000 -0.669076
v -1.497456 0.035972 -0.662021
v -1.500859 0.066468 -0.641930
v -1.505952 0.086845 -0.611863
v -1.511960 0.094000 -0.576396
v -1.517968 0.086845 -0.540929
v -1.523061 0.066468 -0.510861
v -1.526464 0.035972 -0.490771
v -1.527659 0.000000 -0.483716
v -1.526464 -0.035972 -0.490771
v -1.523061 -0.066468 -0.510861
v -1.517968 -0.086845 -0.540929
v -1.511960 -0.094000 -0.576396
v -1.505952 -0.086845 -0.611863
v -1.500859 -0.066468 -0.641930
v -1.497456 -0.035972 -0.662021
v -1.462399 0.000000 -0.663176
v -1.463997 0.035972 -0.656202
v -1.468545 0.066468 -0.636339
v -1.475353 0.086845 -0.606613
v -1.483384 0.094000 -0.571549
v -1.491415 0.086845 -0.536484
v -1.498222 0.066468 -0.506758
v -1.502771 0.035972 -0.486896
v -1.504369 0.000000 -0.479921
v -1.502771 -0.035972 -0.486896
v -1.498222 -0.066468 -0.506758
v -1.491415 -0.086845 -0.536484
v -1.483384 -0.094000 -0.571549
v -1.475353 -0.086845 -0.606613
v -1.468545 -0.066468 -0.636339
v -1.463997 -0.035972 -0.656202
v -1.422308 0.000000 -0.651368
v -1.424856 0.035972 -0.644681
v -1.432112 0.066468 -0.625641
v -1.442971 0.086845 -0.597144
v -1.455781 0.094000 -0.563530
v -1.468590 0.086845 -0.529915
v -1.479450 0.066468 -0.501419
v -1.486706 0.035972 -0.482378
v -1.489254 0.000000 -0.475691
v -1.486706 -0.035972 -0.482378
v -1.479450 -0.066468 -0.501419
v -1.468590 -0.086845 -0.529915
v -1.455781 -0.094000 -0.563530
v -1.442971 -0.086845 -0.597144
v -1.432112 -0.066468 -0.625641
v -1.424856 -0.035972 -0.644681
v -1.384593 0.000000 -0.633494
v -1.388057 0.035972 -0.627233
v -1.397922 0.066468 -0.609403
v -1.412685 0.086845 -0.582719
v -1.430099 0.094000 -0.551243
v -1.447513 0.086845 -0.519767
v -1.462276 0.066468 -0.493083
v -1.472141 0.035972 -0.475253
v -1.475605 0.000000 -0.468992
v -1.472141 -0.035972 -0.475253
v -1.462276 -0.066468 -0.493083
v -1.447513 -0.086845 -0.519767
v -1.430099 -0.094000 -0.551243
v -1.412685 -0.086845 -0.582719
v -1.397922 -0.066468 -0.609403
v -1.388057 -0.035972 -0.627233
v -1.355841 0.000000 -0.615474
v -1.359671 0.035972 -0.609430
v -1.370581 0.066468 -0.592220
v -1.386908 0.086845 -0.566463
v -1.406167 0.094000 -0.536081
v -1.425427 0.086845 -0.505699
v -1.441754 0.066468 -0.479942
v -1.452663 0.035972 -0.462731
v -1.456494 0.000000 -0.456688
v -1.452663 -0.035972 -0.462731
v -1.441754 -0.066468 -0.479942
v -1.425427 -0.086845 -0.505699
v -1.406167 -0.094000 -0.536081
v -1.386908 -0.086845 -0.566463
v -1.370581 -0.066468 -0.592220
v -1.359671 -0.035972 -0.609430
v -1.337430 0.000000 -0.603561
v -1.340861 0.035972 -0.597282
v -1.350631 0.066468 -0.579400
v -1.365253 0.086845 -0.552638
v -1.382500 0.094000 -0.521070
v -1.399747 0.086845 -0.489502
v -1.414369 0.066468 -0.462740
v -1.424139 0.035972 -0.444859
v -1.427570 0.000000 -0.438580
v -1.424139 -0.035972 -0.444859
v -1.414369 -0.066468 -0.462740
v -1.399747 -0.086845 -0.489502
v -1.382500 -0.094000 -0.521070
v -1.365253 -0.086845 -0.552638
v -1.350631 -0.066468 -0.579400
v -1.340861 -0.035972 -0.597282
v -1.325435 0.000000 -0.597743
v -1.327831 0.035972 -0.591001
v -1.334655 0.066468 -0.571801
v -1.344868 0.086845 -0.543066
v -1.356915 0.094000 -0.509171
v -1.368962 0.086845 -0.475276
v -1.379175 0.066468 -0.446541
v -1.385999 0.035972 -0.427342
v -1.388396 0.000000 -0.420599
v -1.385999 -0.035972 -0.427342
v -1.379175 -0.066468 -0.446541
v -1.368962 -0.086845 -0.475276
v -1.356915 -0.094000 -0.509171
v -1.344868 -0.086845 -0.543066
v -1.334655 -0.066468 -0.571801
v -1.327831 -0.035972 -0.591001
v -1.309693 0.000000 -0.593857
v -1.311066 0.035972 -0.586835
v -1.314976 0.066468 -0.566837
v -1.320828 0.086845 -0.536908
v -1.327731 0.094000 -0.501604
v -1.334635 0.086845 -0.466301
v -1.340487 0.066468 -0.436372
v -1.344397 0.035972 -0.416374
v -1.345770 0.000000 -0.409351
v -1.344397 -0.035972 -0.416374
v -1.340487 -0.066468 -0.436372
v -1.334635 -0.086845 -0.466301
v -1.327731 -0.094000 -0.501604
v -1.320828 -0.086845 -0.536908
v -1.314976 -0.066468 -0.566837
v -1.311066 -0.035972 -0.586835
v -1.281783 0.000000 -0.590127
v -1.282784 0.035972 -0.583042
v -1.285634 0.066468 -0.562866
v -1.289901 0.086845 -0.532670
v -1.294933 0.094000 -0.497052
v -1.299966 0.086845 -0.461433
v -1.304233 0.066468 -0.431237
v -1.307083 0.035972 -0.411061
v -1.308084 0.000000 -0.403976
v -1.307083 -0.035972 -0.411061
v -1.304233 -0.066468 -0.431237
v -1.299966 -0.086845 -0.461433
v -1.294933 -0.094000 -0.497052
v -1.289901 -0.086845 -0.532670
v -1.285634 -0.066468 -0.562866
v -1.282784 -0.035972 -0.583042
v -1.240982 0.000000 -0.584045
v -1.242479 0.035972 -0.577049
v -1.246742 0.066468 -0.557123
v -1.253123 0.086845 -0.527302
v -1.260649 0.094000 -0.492126
v -1.268176 0.086845 -0.456950
v -1.274556 0.066468 -0.427129
v -1.278820 0.035972 -0.407204
v -1.280317 0.000000 -0.400207
v -1.278820 -0.035972 -0.407204
v -1.274556 -0.066468 -0.427129
v -1.268176 -0.086845 -0.456950
v -1.260649 -0.094000 -0.492126
v -1.253123 -0.086845 -0.527302
v -1.246742 -0.066468 -0.557123
v -1.242479 -0.035972 -0.577049
v -1.190584 0.000000 -0.568834
v -1.193475 0.035972 -0.562289
v -1.201710 0.066468 -0.543651
v -1.214035 0.086845 -0.515756
v -1.228573 0.094000 -0.482853
v -1.243111 0.086845 -0.449949
v -1.255435 0.066468 -0.422055
v -1.263670 0.035972 -0.403416
v -1.266562 0.000000 -0.396871
v -1.263670 -0.035972 -0.403416
v -1.255435 -0.066468 -0.422055
v -1.243111 -0.086845 -0.449949
v -1.228573 -0.094000 -0.482853
v -1.214035 -0.086845 -0.515756
v -1.201710 -0.066468 -0.543651
v -1.193475 -0.035972 -0.562289
v -1.138861 0.000000 -0.535613
v -1.143706 0.035972 -0.530348
v -1.157502 0.066468 -0.515352
v -1.178149 0.086845 -0.492909
v -1.202504 0.094000 -0.466436
v -1.226860 0.086845 -0.439963
v -1.247507 0.066468 -0.417520
v -1.261303 0.035972 -0.402524
v -1.266148 0.000000 -0.397258
v -1.261303 -0.035972 -0.402524
v -1.247507 -0.066468 -0.417520
v -1.226860 -0.086845 -0.439963
v -1.202504 -0.094000 -0.466436
v -1.178149 -0.086845 -0.492909
v -1.157502 -0.066468 -0.515352
v -1.143706 -0.035972 -0.530348
v -1.101330 0.000000 -0.485952
v -1.107673 0.035972 -0.482641
v -1.125737 0.066468 -0.473212
v -1.152771 0.086845 -0.459099
v -1.184660 0.094000 -0.442453
v -1.216549 0.086845 -0.425807
v -1.243583 0.066468 -0.411695
v -1.261647 0.035972 -0.402265
v -1.267990 0.000000 -0.398954
v -1.261647 -0.035972 -0.402265
v -1.243583 -0.066468 -0.411695
v -1.216549 -0.086845 -0.425807
v -1.184660 -0.094000 -0.442453
v -1.152771 -0.086845 -0.459099
v -1.125737 -0.066468 -0.473212
v -1.107673 -0.035972 -0.482641
v -1.083447 0.000000 -0.435981
v -1.090384 0.035972 -0.434227
v -1.110140 0.066468 -0.429233
v -1.139705 0.086845 -0.421759
v -1.174580 0.094000 -0.412943
v -1.209456 0.086845 -0.404126
v -1.239021 0.066468 -0.396652
v -1.258776 0.035972 -0.391658
v -1.265714 0.000000 -0.389905
v -1.258776 -0.035972 -0.391658
v -1.239021 -0.066468 -0.396652
v -1.209456 -0.086845 -0.404126
v -1.174580 -0.094000 -0.412943
v -1.139705 -0.086845 -0.421759
v -1.110140 -0.066468 -0.429233
v -1.090384 -0.035972 -0.434227
v -1.076509 0.000000 -0.396879
v -1.083567 0.035972 -0.395701
v -1.103666 0.066468 -0.392345
v -1.133745 0.086845 -0.387324
v -1.169226 0.094000 -0.381401
v -1.204708 0.086845 -0.375478
v -1.234787 0.066468 -0.370457
v -1.254886 0.035972 -0.367102
v -1.261943 0.000000 -0.365924
v -1.254886 -0.035972 -0.367102
v -1.234787 -0.066468 -0.370457
v -1.204708 -0.086845 -0.375478
v -1.169226 -0.094000 -0.381401
v -1.133745 -0.086845 -0.387324
v -1.103666 -0.066468 -0.392345
v -1.083567 -0.035972 -0.395701
v -1.072690 0.000000 -0.372385
v -1.079662 0.035972 -0.370775
v -1.099516 0.066468 -0.366188
v -1.129229 0.086845 -0.359324
v -1.164278 0.094000 -0.351227
v -1.199327 0.086845 -0.343130
v -1.229040 0.066468 -0.336266
v -1.248894 0.035972 -0.331679
v -1.255866 0.000000 -0.330069
v -1.248894 -0.035972 -0.331679
v -1.229040 -0.066468 -0.336266
v -1.199327 -0.086845 -0.343130
v -1.164278 -0.094000 -0.351227
v -1.129229 -0.086845 -0.359324
v -1.099516 -0.066468 -0.366188
v -1.079662 -0.035972 -0.370775
v -1.069384 0.000000 -0.360772
v -1.075981 0.035972 -0.358002
v -1.094769 0.066468 -0.350112
v -1.122886 0.086845 -0.338305
v -1.156053 0.094000 -0.324378
v -1.189220 0.086845 -0.310450
v -1.217337 0.066468 -0.298643
v -1.236124 0.035972 -0.290754
v -1.242722 0.000000 -0.287984
v -1.236124 -0.035972 -0.290754
v -1.217337 -0.066468 -0.298643
v -1.189220 -0.086845 -0.310450
v -1.156053 -0.094000 -0.324378
v -1.122886 -0.086845 -0.338305
v -1.094769 -0.066468 -0.350112
v -1.075981 -0.035972 -0.358002
v -1.064144 0.000000 -0.351820
v -1.070156 0.035972 -0.347939
v -1.087275 0.066468 -0.336888
v -1.112897 0.086845 -0.320349
v -1.143119 0.094000 -0.300840
v -1.173342 0.086845 -0.281331
v -1.198963 0.066468 -0.264792
v -1.216083 0.035972 -0.253741
v -1.222095 0.000000 -0.249860
v -1.216083 -0.035972 -0.253741
v -1.198963 -0.066468 -0.264792
v -1.173342 -0.086845 -0.281331
v -1.143119 -0.094000 -0.300840
v -1.112897 -0.086845 -0.320349
v -1.087275 -0.066468 -0.336888
v -1.070156 -0.035972 -0.347939
v -1.051565 0.000000 -0.335415
v -1.057292 0.035972 -0.331125
v -1.073602 0.066468 -0.318911
v -1.098011 0.086845 -0.300630
v -1.126803 0.094000 -0.279066
v -1.155596 0.086845 -0.257502
v -1.180005 0.066468 -0.239221
v -1.196315 0.035972 -0.227007
v -1.202042 0.000000 -0.222717
v -1.196315 -0.035972 -0.227007
v -1.180005 -0.066468 -0.239221
v -1.155596 -0.086845 -0.257502
v -1.126803 -0.094000 -0.279066
v -1.098011 -0.086845 -0.300630
v -1.073602 -0.066468 -0.318911
v -1.057292 -0.035972 -0.331125
v -1.031641 0.000000 -0.308480
v -1.037630 0.035972 -0.304565
v -1.054686 0.066468 -0.293416
v -1.080212 0.086845 -0.276731
v -1.110323 0.094000 -0.257049
v -1.140433 0.086845 -0.237367
v -1.165959 0.066468 -0.220682
v -1.183016 0.035972 -0.209533
v -1.189005 0.000000 -0.205618
v -1.183016 -0.035972 -0.209533
v -1.165959 -0.066468 -0.220682
v -1.140433 -0.086845 -0.237367
v -1.110323 -0.094000 -0.257049
v -1.080212 -0.086845 -0.276731
v -1.054686 -0.066468 -0.293416
v -1.037630 -0.035972 -0.304565
v -1.011255 0.000000 -0.272012
v -1.017779 0.035972 -0.269075
v -1.036360 0.066468 -0.260709
v -1.064167 0.086845 -0.248190
v -1.096968 0.094000 -0.233422
v -1.129769 0.086845 -0.218654
v -1.157576 0.066468 -0.206134
v -1.176157 0.035972 -0.197768
v -1.182681 0.000000 -0.194831
v -1.176157 -0.035972 -0.197768
v -1.157576 -0.066468 -0.206134
v -1.129769 -0.086845 -0.218654
v -1.096968 -0.094000 -0.233422
v -1.064167 -0.086845 -0.248190
v -1.036360 -0.066468 -0.260709
v -1.017779 -0.035972 -0.269075
v -0.997514 0.000000 -0.232579
v -1.004421 0.035972 -0.230710
v -1.024091 0.066468 -0.225388
v -1.053528 0.086845 -0.217422
v -1.088251 0.094000 -0.208027
v -1.122975 0.086845 -0.198631
v -1.152412 0.066468 -0.190666
v -1.172081 0.035972 -0.185344
v -1.178988 0.000000 -0.183475
v -1.172081 -0.035972 -0.185344
v -1.152412 -0.066468 -0.190666
v -1.122975 -0.086845 -0.198631
v -1.088251 -0.094000 -0.208027
v -1.053528 -0.086845 -0.217422
v -1.024091 -0.066468 -0.225388
v -1.004421 -0.035972 -0.230710
v -0.990811 0.000000 -0.200183
v -0.997827 0.035972 -0.198779
v -1.017807 0.066468 -0.194780
v -1.047710 0.086845 -0.188796
v -1.082983 0.094000 -0.181737
v -1.118256 0.086845 -0.174678
v -1.148158 0.066468 -0.168693
v -1.168139 0.035972 -0.164695
v -1.175155 0.000000 -0.163290
v -1.168139 -0.035972 -0.164695
v -1.148158 -0.066468 -0.168693
v -1.118256 -0.086845 -0.174678
v -1.082983 -0.094000 -0.181737
v -1.047710 -0.086845 -0.188796
v -1.017807 -0.066468 -0.194780
v -0.997827 -0.035972 -0.198779
v -0.987195 0.000000 -0.180816
v -0.994091 0.035972 -0.178906
v -1.013728 0.066468 -0.173468
v -1.043117 0.086845 -0.165328
v -1.077785 0.094000 -0.155726
v -1.112452 0.086845 -0.146125
v -1.141841 0.066468 -0.137985
v -1.161478 0.035972 -0.132546
v -1.168374 0.000000 -0.130636
v -1.161478 -0.035972 -0.132546
v -1.141841 -0.066468 -0.137985
v -1.112452 -0.086845 -0.146125
v -1.077785 -0.094000 -0.155726
v -1.043117 -0.086845 -0.165328
v -1.013728 -0.066468 -0.173468
v -0.994091 -0.035972 -0.178906
v -0.984134 0.000000 -0.171425
v -0.990582 0.035972 -0.168322
v -1.008943 0.066468 -0.159487
v -1.036424 0.086845 -0.146265
v -1.068839 0.094000 -0.130669
v -1.101254 0.086845 -0.115072
v -1.128734 0.066468 -0.101850
v -1.147096 0.035972 -0.093015
v -1.153544 0.000000 -0.089913
v -1.147096 -0.035972 -0.093015
v -1.128734 -0.066468 -0.101850
v -1.101254 -0.086845 -0.115072
v -1.068839 -0.094000 -0.130669
v -1.036424 -0.086845 -0.146265
v -1.008943 -0.066468 -0.159487
v -0.990582 -0.035972 -0.168322
v -0.977225 0.000000 -0.160542
v -0.983070 0.035972 -0.156416
v -0.999717 0.066468 -0.144665
v -1.024631 0.086845 -0.127078
v -1.054019 0.094000 -0.106333
v -1.083407 0.086845 -0.085588
v -1.108320 0.066468 -0.068001
v -1.124967 0.035972 -0.056250
v -1.130813 0.000000 -0.052123
v -1.124967 -0.035972 -0.056250
v -1.108320 -0.066468 -0.068001
v -1.083407 -0.086845 -0.085588
v -1.054019 -0.094000 -0.106333
v -1.024631 -0.086845 -0.127078
v -0.999717 -0.066468 -0.144665
v -0.983070 -0.035972 -0.156416
v -0.960836 0.000000 -0.140388
v -0.966430 0.035972 -0.135927
v -0.982361 0.066468 -0.123222
v -1.006203 0.086845 -0.104207
v -1.034326 0.094000 -0.081777
v -1.062449 0.086845 -0.059348
v -1.086291 0.066468 -0.040333
v -1.102222 0.035972 -0.027628
v -1.107816 0.000000 -0.023166
v -1.102222 -0.035972 -0.027628
v -1.086291 -0.066468 -0.040333
v -1.062449 -0.086845 -0.059348
v -1.034326 -0.094000 -0.081777
v -1.006203 -0.086845 -0.104207
v -0.982361 -0.066468 -0.123222
v -0.966430 -0.035972 -0.135927
v -0.936021 0.000000 -0.108676
v -0.941947 0.035972 -0.104665
v -0.958822 0.066468 -0.093245
v -0.984078 0.086845 -0.076153
v -1.013869 0.094000 -0.055991
v -1.043660 0.086845 -0.035829
v -1.068916 0.066468 -0.018737
v -1.085791 0.035972 -0.007317
v -1.091717 0.000000 -0.003306
v -1.085791 -0.035972 -0.007317
v -1.068916 -0.066468 -0.018737
v -1.043660 -0.086845 -0.035829
v -1.013869 -0.094000 -0.055991
v -0.984078 -0.086845 -0.076153
v -0.958822 -0.066468 -0.093245
v -0.941947 -0.035972 -0.104665
v -0.910494 0.000000 -0.062084
v -0.917179 0.035972 -0.059533
v -0.936216 0.066468 -0.052267
v -0.964707 0.086845 -0.041394
v -0.998315 0.094000 -0.028567
v -1.031923 0.086845 -0.015740
v -1.060414 0.066468 -0.004866
v -1.079451 0.035972 0.002399
v -1.086136 0.000000 0.004951
v -1.079451 -0.035972 0.002399
v -1.060414 -0.066468 -0.004866
v -1.031923 -0.086845 -0.015740
v -0.998315 -0.094000 -0.028567
v -0.964707 -0.086845 -0.041394
v -0.936216 -0.066468 -0.052267
v -0.917179 -0.035972 -0.059533
v -1.117500 0.000000 0.000000
v -1.122479 0.012021 0.000000
v -1.134500 0.017000 0.000000
v -1.146521 0.012021 0.000000
v -1.151500 0.000000 0.000000
v -1.146521 -0.012021 0.000000
v -1.134500 -0.017000 0.000000
v -1.122479 -0.012021 0.000000
v -1.119440 0.000000 0.025544
v -1.124364 0.012021 0.024807
v -1.136252 0.017000 0.023026
v -1.148140 0.012021 0.021246
v -1.153065 0.000000 0.020508
v -1.148140 -0.012021 0.021246
v -1.136252 -0.017000 0.023026
v -1.124364 -0.012021 0.024807
v -1.125030 0.000000 0.050493
v -1.129810 0.012021 0.049098
v -1.141349 0.017000 0.045730
v -1.152889 0.012021 0.042362
v -1.157669 0.000000 0.040967
v -1.152889 -0.012021 0.042362
v -1.141349 -0.017000 0.045730
v -1.129810 -0.012021 0.049098
v -1.133647 0.000000 0.074399
v -1.138241 0.012021 0.072480
v -1.149334 0.017000 0.067848
v -1.160426 0.012021 0.063215
v -1.165021 0.000000 0.061296
v -1.160426 -0.012021 0.063215
v -1.149334 -0.017000 0.067848
v -1.138241 -0.012021 0.072480
v -1.144412 0.000000 0.097030
v -1.148835 0.012021 0.094743
v -1.159511 0.017000 0.089220
v -1.170188 0.012021 0.083697
v -1.174611 0.000000 0.081409
v -1.170188 -0.012021 0.083697
v -1.159511 -0.017000 0.089220
v -1.148835 -0.012021 0.094743
v -1.156347 0.000000 0.118362
v -1.160652 0.012021 0.115861
v -1.171046 0.017000 0.109823
v -1.181440 0.012021 0.103784
v -1.185746 0.000000 0.101283
v -1.181440 -0.012021 0.103784
v -1.171046 -0.017000 0.109823
v -1.160652 -0.012021 0.115861
v -1.168504 0.000000 0.138536
v -1.172770 0.012021 0.135969
v -1.183070 0.017000 0.129772
v -1.193371 0.012021 0.123575
v -1.197637 0.000000 0.121008
v -1.193371 -0.012021 0.123575
v -1.183070 -0.017000 0.129772
v -1.172770 -0.012021 0.135969
v -1.180088 0.000000 0.157822
v -1.184397 0.012021 0.155327
v -1.194799 0.017000 0.149302
v -1.205201 0.012021 0.143277
v -1.209509 0.000000 0.140781
v -1.205201 -0.012021 0.143277
v -1.194799 -0.017000 0.149302
v -1.184397 -0.012021 0.155327
v -1.190567 0.000000 0.176600
v -1.194979 0.012021 0.174293
v -1.205631 0.017000 0.168722
v -1.216283 0.012021 0.163151
v -1.220695 0.000000 0.160843
v -1.216283 -0.012021 0.163151
v -1.205631 -0.017000 0.168722
v -1.194979 -0.012021 0.174293
v -1.199723 0.000000 0.195336
v -1.204263 0.012021 0.193292
v -1.215224 0.017000 0.188357
v -1.226186 0.012021 0.183422
v -1.230726 0.000000 0.181378
v -1.226186 -0.012021 0.183422
v -1.215224 -0.017000 0.188357
v -1.204263 -0.012021 0.193292
v -1.207645 0.000000 0.214531
v -1.212298 0.012021 0.212759
v -1.223532 0.017000 0.208482
v -1.234766 0.012021 0.204204
v -1.239420 0.000000 0.202432
v -1.234766 -0.012021 0.204204
v -1.223532 -0.017000 0.208482
v -1.212298 -0.012021 0.212759
v -1.214661 0.000000 0.234606
v -1.219388 0.012021 0.233040
v -1.230799 0.017000 0.229260
v -1.242210 0.012021 0.225481
v -1.246937 0.000000 0.223915
v -1.242210 -0.012021 0.225481
v -1.230799 -0.017000 0.229260
v -1.219388 -0.012021 0.233040
v -1.221290 0.000000 0.255769
v -1.226042 0.012021 0.254284
v -1.237516 0.017000 0.250700
v -1.248990 0.012021 0.247116
v -1.253743 0.000000 0.245631
v -1.248990 -0.012021 0.247116
v -1.237516 -0.017000 0.250700
v -1.226042 -0.012021 0.254284
v -1.228202 0.000000 0.277952
v -1.232931 0.012021 0.276393
v -1.244347 0.017000 0.272628
v -1.255763 0.012021 0.268864
v -1.260492 0.000000 0.267305
v -1.255763 -0.012021 0.268864
v -1.244347 -0.017000 0.272628
v -1.232931 -0.012021 0.276393
v -1.236166 0.000000 0.300822
v -1.240811 0.012021 0.299029
v -1.252026 0.017000 0.294701
v -1.263240 0.012021 0.290372
v -1.267885 0.000000 0.288579
v -1.263240 -0.012021 0.290372
v -1.252026 -0.017000 0.294701
v -1.240811 -0.012021 0.299029
v -1.245951 0.000000 0.323835
v -1.250433 0.012021 0.321667
v -1.261255 0.017000 0.316434
v -1.272077 0.012021 0.311201
v -1.276560 0.000000 0.309034
v -1.272077 -0.012021 0.311201
v -1.261255 -0.017000 0.316434
v -1.250433 -0.012021 0.321667
v -1.258205 0.000000 0.346296
v -1.262423 0.012021 0.343652
v -1.272609 0.017000 0.337268
v -1.282794 0.012021 0.330883
v -1.287013 0.000000 0.328239
v -1.282794 -0.012021 0.330883
v -1.272609 -0.017000 0.337268
v -1.262423 -0.012021 0.343652
v -1.273333 0.000000 0.367446
v -1.277176 0.012021 0.364280
v -1.286455 0.017000 0.356638
v -1.295733 0.012021 0.348995
v -1.299577 0.000000 0.345829
v -1.295733 -0.012021 0.348995
v -1.286455 -0.017000 0.356638
v -1.277176 -0.012021 0.364280
v -1.291404 0.000000 0.386570
v -1.294775 0.012021 0.382906
v -1.302914 0.017000 0.374059
v -1.311052 0.012021 0.365213
v -1.314424 0.000000 0.361549
v -1.311052 -0.012021 0.365213
v -1.302914 -0.017000 0.374059
v -1.294775 -0.012021 0.382906
v -1.312128 0.000000 0.403147
v -1.314976 0.012021 0.399063
v -1.321850 0.017000 0.389202
v -1.328725 0.012021 0.379341
v -1.331573 0.000000 0.375256
v -1.328725 -0.012021 0.379341
v -1.321850 -0.017000 0.389202
v -1.314976 -0.012021 0.399063
v -1.334938 0.000000 0.416957
v -1.337271 0.012021 0.412559
v -1.342905 0.017000 0.401940
v -1.348538 0.012021 0.391321
v -1.350872 0.000000 0.386922
v -1.348538 -0.012021 0.391321
v -1.342905 -0.017000 0.401940
v -1.337271 -0.012021 0.412559
v -1.359111 0.000000 0.428118
v -1.360997 0.012021 0.423510
v -1.365550 0.017000 0.412385
v -1.370103 0.012021 0.401260
v -1.371989 0.000000 0.396652
v -1.370103 -0.012021 0.401260
v -1.365550 -0.017000 0.412385
v -1.360997 -0.012021 0.423510
v -1.383894 0.000000 0.437036
v -1.385440 0.012021 0.432303
v -1.389173 0.017000 0.420876
v -1.392906 0.012021 0.409450
v -1.394452 0.000000 0.404717
v -1.392906 -0.012021 0.409450
v -1.389173 -0.017000 0.420876
v -1.385440 -0.012021 0.432303
v -1.408595 0.000000 0.444315
v -1.409933 0.012021 0.439519
v -1.413165 0.017000 0.427941
v -1.416396 0.012021 0.416363
v -1.417735 0.000000 0.411567
v -1.416396 -0.012021 0.416363
v -1.413165 -0.017000 0.427941
v -1.409933 -0.012021 0.439519
v -1.432654 0.000000 0.450660
v -1.433927 0.012021 0.445847
v -1.437000 0.017000 0.434225
v -1.440073 0.012021 0.422604
v -1.441346 0.000000 0.417790
v -1.440073 -0.012021 0.422604
v -1.437000 -0.017000 0.434225
v -1.433927 -0.012021 0.445847
v -1.455715 0.000000 0.456774
v -1.457059 0.012021 0.451980
v -1.460304 0.017000 0.440405
v -1.463549 0.012021 0.428831
v -1.464893 0.000000 0.424036
v -1.463549 -0.012021 0.428831
v -1.460304 -0.017000 0.440405
v -1.457059 -0.012021 0.451980
v -1.477675 0.000000 0.463271
v -1.479202 0.012021 0.458532
v -1.482889 0.017000 0.447090
v -1.486577 0.012021 0.435649
v -1.488104 0.000000 0.430910
v -1.486577 -0.012021 0.435649
v -1.482889 -0.017000 0.447090
v -1.479202 -0.012021 0.458532
v -1.498711 0.000000 0.470619
v -1.500484 0.012021 0.465966
v -1.504764 0.017000 0.454734
v -1.509045 0.012021 0.443501
v -1.510818 0.000000 0.438848
v -1.509045 -0.012021 0.443501
v -1.504764 -0.017000 0.454734
v -1.500484 -0.012021 0.465966
v -1.519225 0.000000 0.479104
v -1.521241 0.012021 0.474551
v -1.526107 0.017000 0.463559
v -1.530972 0.012021 0.452567
v -1.532988 0.000000 0.448014
v -1.530972 -0.012021 0.452567
v -1.526107 -0.017000 0.463559
v -1.521241 -0.012021 0.474551
v -1.539732 0.000000 0.488789
v -1.541924 0.012021 0.484319
v -1.547215 0.017000 0.473525
v -1.552507 0.012021 0.462732
v -1.554699 0.000000 0.458261
v -1.552507 -0.012021 0.462732
v -1.547215 -0.017000 0.473525
v -1.541924 -0.012021 0.484319
v -1.560729 0.000000 0.499464
v -1.562989 0.012021 0.495027
v -1.568444 0.017000 0.484315
v -1.573898 0.012021 0.473603
v -1.576158 0.000000 0.469166
v -1.573898 -0.012021 0.473603
v -1.568444 -0.017000 0.484315
v -1.562989 -0.012021 0.495027
v -1.582626 0.000000 0.510633
v -1.584823 0.012021 0.506165
v -1.590128 0.017000 0.495377
v -1.595432 0.012021 0.484590
v -1.597629 0.000000 0.480122
v -1.595432 -0.012021 0.484590
v -1.590128 -0.017000 0.495377
v -1.584823 -0.012021 0.506165
v -1.605704 0.000000 0.521562
v -1.607701 0.012021 0.517001
v -1.612522 0.017000 0.505989
v -1.617343 0.012021 0.494978
v -1.619340 0.000000 0.490417
v -1.617343 -0.012021 0.494978
v -1.612522 -0.017000 0.505989
v -1.607701 -0.012021 0.517001
v -1.630087 0.000000 0.531381
v -1.631747 0.012021 0.526687
v -1.635753 0.017000 0.515353
v -1.639759 0.012021 0.504019
v -1.641418 0.000000 0.499325
v -1.639759 -0.012021 0.504019
v -1.635753 -0.017000 0.515353
v -1.631747 -0.012021 0.526687
v -1.655716 0.000000 0.539202
v -1.656910 0.012021 0.534369
v -1.659793 0.017000 0.522699
v -1.662676 0.012021 0.511029
v -1.663870 0.000000 0.506195
v -1.662676 -0.012021 0.511029
v -1.659793 -0.017000 0.522699
v -1.656910 -0.012021 0.534369
v -1.682333 0.000000 0.544253
v -1.682960 0.012021 0.539313
v -1.684471 0.017000 0.527388
v -1.685983 0.012021 0.515463
v -1.686609 0.000000 0.510523
v -1.685983 -0.012021 0.515463
v -1.684471 -0.017000 0.527388
v -1.682960 -0.012021 0.539313
v -1.709500 0.000000 0.546000
v -1.709500 0.012021 0.541021
v -1.709500 0.017000 0.529000
v -1.709500 0.012021 0.516979
v -1.709500 0.000000 0.512000
v -1.709500 -0.012021 0.516979
v -1.709500 -0.017000 0.529000
v -1.709500 -0.012021 0.541021
v -1.736667 0.000000 0.544253
v -1.736040 0.012021 0.539313
v -1.734529 0.017000 0.527388
v -1.733017 0.012021 0.515463
v -1.732391 0.000000 0.510523
v -1.733017 -0.012021 0.515463
v -1.734529 -0.017000 0.527388
v -1.736040 -0.012021 0.539313
v -1.763284 0.000000 0.539202
v -1.762090 0.012021 0.534369
v -1.759207 0.017000 0.522699
v -1.756324 0.012021 0.511029
v -1.755130 0.000000 0.506195
v -1.756324 -0.012021 0.511029
v -1.759207 -0.017000 0.522699
v -1.762090 -0.012021 0.534369
v -1.788913 0.000000 0.531381
v -1.787253 0.012021 0.526687
v -1.783247 0.017000 0.515353
v -1.779241 0.012021 0.504019
v -1.777582 0.000000 0.499325
v -1.779241 -0.012021 0.504019
v -1.783247 -0.017000 0.515353
v -1.787253 -0.012021 0.526687
v -1.813296 0.000000 0.521562
v -1.811299 0.012021 0.517001
v -1.806478 0.017000 0.505989
v -1.801657 0.012021 0.494978
v -1.799660 0.000000 0.490417
v -1.801657 -0.012021 0.494978
v -1.806478 -0.017000 0.505989
v -1.811299 -0.012021 0.517001
v -1.836374 0.000000 0.510633
v -1.834177 0.012021 0.506165
v -1.828872 0.017000 0.495377
v -1.823568 0.012021 0.484590
v -1.821371 0.000000 0.480122
v -1.823568 -0.012021 0.484590
v -1.828872 -0.017000 0.495377
v -1.834177 -0.012021 0.506165
v -1.858271 0.000000 0.499464
v -1.856011 0.012021 0.495027
v -1.850556 0.017000 0.484315
v -1.845102 0.012021 0.473603
v -1.842842 0.000000 0.469166
v -1.845102 -0.012021 0.473603
v -1.850556 -0.017000 0.484315
v -1.856011 -0.012021 0.495027
v -1.879268 0.000000 0.488789
v -1.877076 0.012021 0.484319
v -1.871785 0.017000 0.473525
v -1.866493 0.012021 0.462732
v -1.864301 0.000000 0.458261
v -1.866493 -0.012021 0.462732
v -1.871785 -0.017000 0.473525
v -1.877076 -0.012021 0.484319
v -1.899775 0.000000 0.479104
v -1.897759 0.012021 0.474551
v -1.892893 0.017000 0.463559
v -1.888028 0.012021 0.452567
v -1.886012 0.000000 0.448014
v -1.888028 -0.012021 0.452567
v -1.892893 -0.017000 0.463559
v -1.897759 -0.012021 0.474551
v -1.920289 0.000000 0.470619
v -1.918516 0.012021 0.465966
v -1.914236 0.017000 0.454734
v -1.909955 0.012021 0.443501
v -1.908182 0.000000 0.438848
v -1.909955 -0.012021 0.443501
v -1.914236 -0.017000 0.454734
v -1.918516 -0.012021 0.465966
v -1.941325 0.000000 0.463271
v -1.939798 0.012021 0.458532
v -1.936111 0.017000 0.447090
v -1.932423 0.012021 0.435649
v -1.930896 0.000000 0.430910
v -1.932423 -0.012021 0.435649
v -1.936111 -0.017000 0.447090
v -1.939798 -0.012021 0.458532
v -1.963285 0.000000 0.456774
v -1.961941 0.012021 0.451980
v -1.958696 0.017000 0.440405
v -1.955451 0.012021 0.428831
v -1.954107 0.000000 0.424036
v -1.955451 -0.012021 0.428831
v -1.958696 -0.017000 0.440405
v -1.961941 -0.012021 0.451980
v -1.986346 0.000000 0.450660
v -1.985073 0.012021 0.445847
v -1.982000 0.017000 0.434225
v -1.978927 0.012021 0.422604
v -1.977654 0.000000 0.417790
v -1.978927 -0.012021 0.422604
v -1.982000 -0.017000 0.434225
v -1.985073 -0.012021 0.445847
v -2.010405 0.000000 0.444315
v -2.009067 0.012021 0.439519
v -2.005835 0.017000 0.427941
v -2.002604 0.012021 0.416363
v -2.001265 0.000000 0.411567
v -2.002604 -0.012021 0.416363
v -2.005835 -0.017000 0.427941
v -2.009067 -0.012021 0.439519
v -2.035106 0.000000 0.437036
v -2.033560 0.012021 0.432303
v -2.029827 0.017000 0.420876
v -2.026094 0.012021 0.409450
v -2.024548 0.000000 0.404717
v -2.026094 -0.012021 0.409450
v -2.029827 -0.017000 0.420876
v -2.033560 -0.012021 0.432303
v -2.059889 0.000000 0.428118
v -2.058003 0.012021 0.423510
v -2.053450 0.017000 0.412385
v -2.048897 0.012021 0.401260
v -2.047011 0.000000 0.396652
v -2.048897 -0.012021 0.401260
v -2.053450 -0.017000 0.412385
v -2.058003 -0.012021 0.423510
v -2.084062 0.000000 0.416957
v -2.081729 0.012021 0.412559
v -2.076095 0.017000 0.401940
v -2.070462 0.012021 0.391321
v -2.068128 0.000000 0.386922
v -2.070462 -0.012021 0.391321
v -2.076095 -0.017000 0.401940
v -2.081729 -0.012021 0.412559
v -2.106872 0.000000 0.403147
v -2.104024 0.012021 0.399063
v -2.097150 0.017000 0.389202
v -2.090275 0.012021 0.379341
v -2.087427 0.000000 0.375256
v -2.090275 -0.012021 0.379341
v -2.097150 -0.017000 0.389202
v -2.104024 -0.012021 0.399063
v -2.127596 0.000000 0.386570
v -2.124225 0.012021 0.382906
v -2.116086 0.017000 0.374059
v -2.107948 0.012021 0.365213
v -2.104576 0.000000 0.361549
v -2.107948 -0.012021 0.365213
v -2.116086 -0.017000 0.374059
v -2.124225 -0.012021 0.382906
v -2.145667 0.000000 0.367446
v -2.141824 0.012021 0.364280
v -2.132545 0.017000 0.356638
v -2.123267 0.012021 0.348995
v -2.119423 0.000000 0.345829
v -2.123267 -0.012021 0.348995
v -2.132545 -0.017000 0.356638
v -2.141824 -0.012021 0.364280
v -2.160795 0.000000 0.346296
v -2.156577 0.012021 0.343652
v -2.146391 0.017000 0.337268
v -2.136206 0.012021 0.330883
v -2.131987 0.000000 0.328239
v -2.136206 -0.012021 0.330883
v -2.146391 -0.017000 0.337268
v -2.156577 -0.012021 0.343652
v -2.173049 0.000000 0.323835
v -2.168567 0.012021 0.321667
v -2.157745 0.017000 0.316434
v -2.146923 0.012021 0.311201
v -2.142440 0.000000 0.309034
v -2.146923 -0.012021 0.311201
v -2.157745 -0.017000 0.316434
v -2.168567 -0.012021 0.321667
v -2.182834 0.000000 0.300822
v -2.178189 0.012021 0.299029
v -2.166974 0.017000 0.294701
v -2.155760 0.012021 0.290372
v -2.151115 0.000000 0.288579
v -2.155760 -0.012021 0.290372
v -2.166974 -0.017000 0.294701
v -2.178189 -0.012021 0.299029
v -2.190798 0.000000 0.277952
v -2.186069 0.012021 0.276393
v -2.174653 0.017000 0.272628
v -2.163237 0.012021 0.268864
v -2.158508 0.000000 0.267305
v -2.163237 -0.012021 0.268864
v -2.174653 -0.017000 0.272628
v -2.186069 -0.012021 0.276393
v -2.197710 0.000000 0.255769
v -2.192958 0.012021 0.254284
v -2.181484 0.017000 0.250700
v -2.170010 0.012021 0.247116
v -2.165257 0.000000 0.245631
v -2.170010 -0.012021 0.247116
v -2.181484 -0.017000 0.250700
v -2.192958 -0.012021 0.254284
v -2.204339 0.000000 0.234606
v -2.199612 0.012021 0.233040
v -2.188201 0.017000 0.229260
v -2.176790 0.012021 0.225481
v -2.172063 0.000000 0.223915
v -2.176790 -0.012021 0.225481
v -2.188201 -0.017000 0.229260
v -2.199612 -0.012021 0.233040
v -2.211355 0.000000 0.214531
v -2.206702 0.012021 0.212759
v -2.195468 0.017000 0.208482
v -2.184234 0.012021 0.204204
v -2.179580 0.000000 0.202432
v -2.184234 -0.012021 0.204204
v -2.195468 -0.017000 0.208482
v -2.206702 -0.012021 0.212759
v -2.219277 0.000000 0.195336
v -2.214737 0.012021 0.193292
v -2.203776 0.017000 0.188357
v -2.192814 0.012021 0.183422
v -2.188274 0.000000 0.181378
v -2.192814 -0.012021 0.183422
v -2.203776 -0.017000 0.188357
v -2.214737 -0.012021 0.193292
v -2.228433 0.000000 0.176600
v -2.224021 0.012021 0.174293
v -2.213369 0.017000 0.168722
v -2.202717 0.012021 0.163151
v -2.198305 0.000000 0.160843
v -2.202717 -0.012021 0.163151
v -2.213369 -0.017000 0.168722
v -2.224021 -0.012021 0.174293
v -2.238912 0.000000 0.157822
v -2.234603 0.012021 0.155327
v -2.224201 0.017000 0.149302
v -2.213799 0.012021 0.143277
v -2.209491 0.000000 0.140781
v -2.213799 -0.012021 0.143277
v -2.224201 -0.017000 0.149302
v -2.234603 -0.012021 0.155327
v -2.250496 0.000000 0.138536
v -2.246230 0.012021 0.135969
v -2.235930 0.017000 0.129772
v -2.225629 0.012021 0.123575
v -2.221363 0.000000 0.121008
v -2.225629 -0.012021 0.123575
v -2.235930 -0.017000 0.129772
v -2.246230 -0.012021 0.135969
v -2.262653 0.000000 0.118362
v -2.258348 0.012021 0.115861
v -2.247954 0.017000 0.109823
v -2.237560 0.012021 0.103784
v -2.233254 0.000000 0.101283
v -2.237560 -0.012021 0.103784
v -2.247954 -0.017000 0.109823
v -2.258348 -0.012021 0.115861
v -2.274588 0.000000 0.097030
v -2.270165 0.012021 0.094743
v -2.259489 0.017000 0.089220
v -2.248812 0.012021 0.083697
v -2.244389 0.000000 0.081409
v -2.248812 -0.012021 0.083697
v -2.259489 -0.017000 0.089220
v -2.270165 -0.012021 0.094743
v -2.285353 0.000000 0.074399
v -2.280759 0.012021 0.072480
v -2.269666 0.017000 0.067848
v -2.258574 0.012021 0.063215
v -2.253979 0.000000 0.061296
v -2.258574 -0.012021 0.063215
v -2.269666 -0.017000 0.067848
v -2.280759 -0.012021 0.072480
v -2.293970 0.000000 0.050493
v -2.289190 0.012021 0.049098
v -2.277651 0.017000 0.045730
v -2.266111 0.012021 0.042362
v -2.261331 0.000000 0.040967
v -2.266111 -0.012021 0.042362
v -2.277651 -0.017000 0.045730
v -2.289190 -0.012021 0.049098
v -2.299560 0.000000 0.025544
v -2.294636 0.012021 0.024807
v -2.282748 0.017000 0.023026
v -2.270860 0.012021 0.021246
v -2.265935 0.000000 0.020508
v -2.270860 -0.012021 0.021246
v -2.282748 -0.017000 0.023026
v -2.294636 -0.012021 0.024807
v -2.301500 0.000000 0.000000
v -2.296521 0.012021 0.000000
v -2.284500 0.017000 0.000000
v -2.272479 0.012021 0.000000
v -2.267500 0.000000 0.000000
v -2.272479 -0.012021 0.000000
v -2.284500 -0.017000 0.000000
v -2.296521 -0.012021 0.000000
v -2.299560 0.000000 -0.025544
v -2.294636 0.012021 -0.024807
v -2.282748 0.017000 -0.023026
v -2.270860 0.012021 -0.021246
v -2.265935 0.000000 -0.020508
v -2.270860 -0.012021 -0.021246
v -2.282748 -0.017000 -0.023026
v -2.294636 -0.012021 -0.024807
v -2.293970 0.000000 -0.050493
v -2.289190 0.012021 -0.049098
v -2.277651 0.017000 -0.045730
v -2.266111 0.012021 -0.042362
v -2.261331 0.000000 -0.040967
v -2.266111 -0.012021 -0.042362
v -2.277651 -0.017000 -0.045730
v -2.289190 -0.012021 -0.049098
v -2.285353 0.000000 -0.074399
v -2.280759 0.012021 -0.072480
v -2.269666 0.017000 -0.067848
v -2.258574 0.012021 -0.063215
v -2.253979 0.000000 -0.061296
v -2.258574 -0.012021 -0.063215
v -2.269666 -0.017000 -0.067848
v -2.280759 -0.012021 -0.072480
v -2.274588 0.000000 -0.097030
v -2.270165 0.012021 -0.094743
v -2.259489 0.017000 -0.089220
v -2.248812 0.012021 -0.083697
v -2.244389 0.000000 -0.081409
v -2.248812 -0.012021 -0.083697
v -2.259489 -0.017000 -0.089220
v -2.270165 -0.012021 -0.094743
v -2.262653 0.000000 -0.118362
v -2.258348 0.012021 -0.115861
v -2.247954 0.017000 -0.109823
v -2.237560 0.012021 -0.103784
v -2.233254 0.000000 -0.101283
v -2.237560 -0.012021 -0.103784
v -2.247954 -0.017000 -0.109823
v -2.258348 -0.012021 -0.115861
v -2.250496 0.000000 -0.138536
v -2.246230 0.012021 -0.135969
v -2.235930 0.017000 -0.129772
v -2.225629 0.012021 -0.123575
v -2.221363 0.000000 -0.121008
v -2.225629 -0.012021 -0.123575
v -2.235930 -0.017000 -0.129772
v -2.246230 -0.012021 -0.135969
v -2.238912 0.000000 -0.157822
v -2.234603 0.012021 -0.155327
v -2.224201 0.017000 -0.149302
v -2.213799 0.012021 -0.143277
v -2.209491 0.000000 -0.140781
v -2.213799 -0.012021 -0.143277
v -2.224201 -0.017000 -0.149302
v -2.234603 -0.012021 -0.155327
v -2.228433 0.000000 -0.176600
v -2.224021 0.012021 -0.174293
v -2.213369 0.017000 -0.168722
v -2.202717 0.012021 -0.163151
v -2.198305 0.000000 -0.160843
v -2.202717 -0.012021 -0.163151
v -2.213369 -0.017000 -0.168722
v -2.224021 -0.012021 -0.174293
v -2.219277 0.000000 -0.195336
v -2.214737 0.012021 -0.193292
v -2.203776 0.017000 -0.188357
v -2.192814 0.012021 -0.183422
v -2.188274 0.000000 -0.181378
v -2.192814 -0.012021 -0.183422
v -2.203776 -0.017000 -0.188357
v -2.214737 -0.012021 -0.193292
v -2.211355 0.000000 -0.214531
v -2.206702 0.012021 -0.212759
v -2.195468 0.017000 -0.208482
v -2.184234 0.012021 -0.204204
v -2.179580 0.000000 -0.202432
v -2.184234 -0.012021 -0.204204
v -2.195468 -0.017000 -0.208482
v -2.206702 -0.012021 -0.212759
v -2.204339 0.000000 -0.234606
v -2.199612 0.012021 -0.233040
v -2.188201 0.017000 -0.229260
v -2.176790 0.012021 -0.225481
v -2.172063 0.000000 -0.223915
v -2.176790 -0.012021 -0.225481
v -2.188201 -0.017000 -0.229260
v -2.199612 -0.012021 -0.233040
v -2.197710 0.000000 -0.255769
v -2.192958 0.012021 -0.254284
v -2.181484 0.017000 -0.250700
v -2.170010 0.012021 -0.247116
v -2.165257 0.000000 -0.245631
v -2.170010 -0.012021 -0.247116
v -2.181484 -0.017000 -0.250700
v -2.192958 -0.012021 -0.254284
v -2.190798 0.000000 -0.277952
v -2.186069 0.012021 -0.276393
v -2.174653 0.017000 -0.272628
v -2.163237 0.012021 -0.268864
v -2.158508 0.000000 -0.267305
v -2.163237 -0.012021 -0.268864
v -2.174653 -0.017000 -0.272628
v -2.186069 -0.012021 -0.276393
v -2.182834 0.000000 -0.300822
v -2.178189 0.012021 -0.299029
v -2.166974 0.017000 -0.294701
v -2.155760 0.012021 -0.290372
v -2.151115 0.000000 -0.288579
v -2.155760 -0.012021 -0.290372
v -2.166974 -0.017000 -0.294701
v -2.178189 -0.012021 -0.299029
v -2.173049 0.000000 -0.323835
v -2.168567 0.012021 -0.321667
v -2.157745 0.017000 -0.316434
v -2.146923 0.012021 -0.311201
v -2.142440 0.000000 -0.309034
v -2.146923 -0.012021 -0.311201
v -2.157745 -0.017000 -0.316434
v -2.168567 -0.012021 -0.321667
v -2.160795 0.000000 -0.346296
v -2.156577 0.012021 -0.343652
v -2.146391 0.017000 -0.337268
v -2.136206 0.012021 -0.330883
v -2.131987 0.000000 -0.328239
v -2.136206 -0.012021 -0.330883
v -2.146391 -0.017000 -0.337268
v -2.156577 -0.012021 -0.343652
v -2.145667 0.000000 -0.367446
v -2.141824 0.012021 -0.364280
v -2.132545 0.017000 -0.356638
v -2.123267 0.012021 -0.348995
v -2.119423 0.000000 -0.345829
v -2.123267 -0.012021 -0.348995
v -2.132545 -0.017000 -0.356638
v -2.141824 -0.012021 -0.364280
v -2.127596 0.000000 -0.386570
v -2.124225 0.012021 -0.382906
v -2.116086 0.017000 -0.374059
v -2.107948 0.012021 -0.365213
v -2.104576 0.000000 -0.361549
v -2.107948 -0.012021 -0.365213
v -2.116086 -0.017000 -0.374059
v -2.124225 -0.012021 -0.382906
v -2.106872 0.000000 -0.403147
v -2.104024 0.012021 -0.399063
v -2.097150 0.017000 -0.389202
v -2.090275 0.012021 -0.379341
v -2.087427 0.000000 -0.375256
v -2.090275 -0.012021 -0.379341
v -2.097150 -0.017000 -0.389202
v -2.104024 -0.012021 -0.399063
v -2.084062 0.000000 -0.416957
v -2.081729 0.012021 -0.412559
v -2.076095 0.017000 -0.401940
v -2.070462 0.012021 -0.391321
v -2.068128 0.000000 -0.386922
v -2.070462 -0.012021 -0.391321
v -2.076095 -0.017000 -0.401940
v -2.081729 -0.012021 -0.412559
v -2.059889 0.000000 -0.428118
v -2.058003 0.012021 -0.423510
v -2.053450 0.017000 -0.412385
v -2.048897 0.012021 -0.401260
v -2.047011 0.000000 -0.396652
v -2.048897 -0.012021 -0.401260
v -2.053450 -0.017000 -0.412385
v -2.058003 -0.012021 -0.423510
v -2.035106 0.000000 -0.437036
v -2.033560 0.012021 -0.432303
v -2.029827 0.017000 -0.420876
v -2.026094 0.012021 -0.409450
v -2.024548 0.000000 -0.404717
v -2.026094 -0.012021 -0.409450
v -2.029827 -0.017000 -0.420876
v -2.033560 -0.012021 -0.432303
v -2.010405 0.000000 -0.444315
v -2.009067 0.012021 -0.439519
v -2.005835 0.017000 -0.427941
v -2.002604 0.012021 -0.416363
v -2.001265 0.000000 -0.411567
v -2.002604 -0.012021 -0.416363
v -2.005835 -0.017000 -0.427941
v -2.009067 -0.012021 -0.439519
v -1.986346 0.000000 -0.450660
v -1.985073 0.012021 -0.445847
v -1.982000 0.017000 -0.434225
v -1.978927 0.012021 -0.422604
v -1.977654 0.000000 -0.417790
v -1.978927 -0.012021 -0.422604
v -1.982000 -0.017000 -0.434225
v -1.985073 -0.012021 -0.445847
v -1.963285 0.000000 -0.456774
v -1.961941 0.012021 -0.451980
v -1.958696 0.017000 -0.440405
v -1.955451 0.012021 -0.428831
v -1.954107 0.000000 -0.424036
v -1.955451 -0.012021 -0.428831
v -1.958696 -0.017000 -0.440405
v -1.961941 -0.012021 -0.451980
v -1.941325 0.000000 -0.463271
v -1.939798 0.012021 -0.458532
v -1.936111 0.017000 -0.447090
v -1.932423 0.012021 -0.435649
v -1.930896 0.000000 -0.430910
v -1.932423 -0.012021 -0.435649
v -1.936111 -0.017000 -0.447090
v -1.939798 -0.012021 -0.458532
v -1.920289 0.000000 -0.470619
v -1.918516 0.012021 -0.465966
v -1.914236 0.017000 -0.454734
v -1.909955 0.012021 -0.443501
v -1.908182 0.000000 -0.438848
v -1.909955 -0.012021 -0.443501
v -1.914236 -0.017000 -0.454734
v -1.918516 -0.012021 -0.465966
v -1.899775 0.000000 -0.479104
v -1.897759 0.012021 -0.474551
v -1.892893 0.017000 -0.463559
v -1.888028 0.012021 -0.452567
v -1.886012 0.000000 -0.448014
v -1.888028 -0.012021 -0.452567
v -1.892893 -0.017000 -0.463559
v -1.897759 -0.012021 -0.474551
v -1.879268 0.000000 -0.488789
v -1.877076 0.012021 -0.484319
v -1.871785 0.017000 -0.473525
v -1.866493 0.012021 -0.462732
v -1.864301 0.000000 -0.458261
v -1.866493 -0.012021 -0.462732
v -1.871785 -0.017000 -0.473525
v -1.877076 -0.012021 -0.484319
v -1.858271 0.000000 -0.499464
v -1.856011 0.012021 -0.495027
v -1.850556 0.017000 -0.484315
v -1.845102 0.012021 -0.473603
v -1.842842 0.000000 -0.469166
v -1.845102 -0.012021 -0.473603
v -1.850556 -0.017000 -0.484315
v -1.856011 -0.012021 -0.495027
v -1.836374 0.000000 -0.510633
v -1.834177 0.012021 -0.506165
v -1.828872 0.017000 -0.495377
v -1.823568 0.012021 -0.484590
v -1.821371 0.000000 -0.480122
v -1.823568 -0.012021 -0.484590
v -1.828872 -0.017000 -0.495377
v -1.834177 -0.012021 -0.506165
v -1.813296 0.000000 -0.521562
v -1.811299 0.012021 -0.517001
v -1.806478 0.017000 -0.505989
v -1.801657 0.012021 -0.494978
v -1.799660 0.000000 -0.490417
v -1.801657 -0.012021 -0.494978
v -1.806478 -0.017000 -0.505989
v -1.811299 -0.012021 -0.517001
v -1.788913 0.000000 -0.531381
v -1.787253 0.012021 -0.526687
v -1.783247 0.017000 -0.515353
v -1.779241 0.012021 -0.504019
v -1.777582 0.000000 -0.499325
v -1.779241 -0.012021 -0.504019
v -1.783247 -0.017000 -0.515353
v -1.787253 -0.012021 -0.526687
v -1.763284 0.000000 -0.539202
v -1.762090 0.012021 -0.534369
v -1.759207 0.017000 -0.522699
v -1.756324 0.012021 -0.511029
v -1.755130 0.000000 -0.506195
v -1.756324 -0.012021 -0.511029
v -1.759207 -0.017000 -0.522699
v -1.762090 -0.012021 -0.534369
v -1.736667 0.000000 -0.544253
v -1.736040 0.012021 -0.539313
v -1.734529 0.017000 -0.527388
v -1.733017 0.012021 -0.515463
v -1.732391 0.000000 -0.510523
v -1.733017 -0.012021 -0.515463
v -1.734529 -0.017000 -0.527388
v -1.736040 -0.012021 -0.539313
v -1.709500 0.000000 -0.546000
v -1.709500 0.012021 -0.541021
v -1.709500 0.017000 -0.529000
v -1.709500 0.012021 -0.516979
v -1.709500 0.000000 -0.512000
v -1.709500 -0.012021 -0.516979
v -1.709500 -0.017000 -0.529000
v -1.709500 -0.012021 -0.541021
v -1.682333 0.000000 -0.544253
v -1.682960 0.012021 -0.539313
v -1.684471 0.017000 -0.527388
v -1.685983 0.012021 -0.515463
v -1.686609 0.000000 -0.510523
v -1.685983 -0.012021 -0.515463
v -1.684471 -0.017000 -0.527388
v -1.682960 -0.012021 -0.539313
v -1.655716 0.000000 -0.539202
v -1.656910 0.012021 -0.534369
v -1.659793 0.017000 -0.522699
v -1.662676 0.012021 -0.511029
v -1.663870 0.000000 -0.506195
v -1.662676 -0.012021 -0.511029
v -1.659793 -0.017000 -0.522699
v -1.656910 -0.012021 -0.534369
v -1.630087 0.000000 -0.531381
v -1.631747 0.012021 -0.526687
v -1.635753 0.017000 -0.515353
v -1.639759 0.012021 -0.504019
v -1.641418 0.000000 -0.499325
v -1.639759 -0.012021 -0.504019
v -1.635753 -0.017000 -0.515353
v -1.631747 -0.012021 -0.526687
v -1.605704 0.000000 -0.521562
v -1.607701 0.012021 -0.517001
v -1.612522 0.017000 -0.505989
v -1.617343 0.012021 -0.494978
v -1.619340 0.000000 -0.490417
v -1.617343 -0.012021 -0.494978
v -1.612522 -0.017000 -0.505989
v -1.607701 -0.012021 -0.517001
v -1.582626 0.000000 -0.510633
v -1.584823 0.012021 -0.506165
v -1.590128 0.017000 -0.495377
v -1.595432 0.012021 -0.484590
v -1.597629 0.000000 -0.480122
v -1.595432 -0.012021 -0.484590
v -1.590128 -0.017000 -0.495377
v -1.584823 -0.012021 -0.506165
v -1.560729 0.000000 -0.499464
v -1.562989 0.012021 -0.495027
v -1.568444 0.017000 -0.484315
v -1.573898 0.012021 -0.473603
v -1.576158 0.000000 -0.469166
v -1.573898 -0.012021 -0.473603
v -1.568444 -0.017000 -0.484315
v -1.562989 -0.012021 -0.495027
v -1.539732 0.000000 -0.488789
v -1.541924 0.012021 -0.484319
v -1.547215 0.017000 -0.473525
v -1.552507 0.012021 -0.462732
v -1.554699 0.000000 -0.458261
v -1.552507 -0.012021 -0.462732
v -1.547215 -0.017000 -0.473525
v -1.541924 -0.012021 -0.484319
v -1.519225 0.000000 -0.479104
v -1.521241 0.012021 -0.474551
v -1.526107 0.017000 -0.463559
v -1.530972 0.012021 -0.452567
v -1.532988 0.000000 -0.448014
v -1.530972 -0.012021 -0.452567
v -1.526107 -0.017000 -0.463559
v -1.521241 -0.012021 -0.474551
v -1.498711 0.000000 -0.470619
v -1.500484 0.012021 -0.465966
v -1.504764 0.017000 -0.454734
v -1.509045 0.012021 -0.443501
v -1.510818 0.000000 -0.438848
v -1.509045 -0.012021 -0.443501
v -1.504764 -0.017000 -0.454734
v -1.500484 -0.012021 -0.465966
v -1.477675 0.000000 -0.463271
v -1.479202 0.012021 -0.458532
v -1.482889 0.017000 -0.447090
v -1.486577 0.012021 -0.435649
v -1.488104 0.000000 -0.430910
v -1.486577 -0.012021 -0.435649
v -1.482889 -0.017000 -0.447090
v -1.479202 -0.012021 -0.458532
v -1.455715 0.000000 -0.456774
v -1.457059 0.012021 -0.451980
v -1.460304 0.017000 -0.440405
v -1.463549 0.012021 -0.428831
v -1.464893 0.000000 -0.424036
v -1.463549 -0.012021 -0.428831
v -1.460304 -0.017000 -0.440405
v -1.457059 -0.012021 -0.451980
v -1.432654 0.000000 -0.450660
v -1.433927 0.012021 -0.445847
v -1.437000 0.017000 -0.434225
v -1.440073 0.012021 -0.422604
v -1.441346 0.000000 -0.417790
v -1.440073 -0.012021 -0.422604
v -1.437000 -0.017000 -0.434225
v -1.433927 -0.012021 -0.445847
v -1.408595 0.000000 -0.444315
v -1.409933 0.012021 -0.439519
v -1.413165 0.017000 -0.427941
v -1.416396 0.012021 -0.416363
v -1.417735 0.000000 -0.411567
v -1.416396 -0.012021 -0.416363
v -1.413165 -0.017000 -0.427941
v -1.409933 -0.012021 -0.439519
v -1.383894 0.000000 -0.437036
v -1.385440 0.012021 -0.432303
v -1.389173 0.017000 -0.420876
v -1.392906 0.012021 -0.409450
v -1.394452 0.000000 -0.404717
v -1.392906 -0.012021 -0.409450
v -1.389173 -0.017000 -0.420876
v -1.385440 -0.012021 -0.432303
v -1.359111 0.000000 -0.428118
v -1.360997 0.012021 -0.423510
v -1.365550 0.017000 -0.412385
v -1.370103 0.012021 -0.401260
v -1.371989 0.000000 -0.396652
v -1.370103 -0.012021 -0.401260
v -1.365550 -0.017000 -0.412385
v -1.360997 -0.012021 -0.423510
v -1.334938 0.000000 -0.416957
v -1.337271 0.012021 -0.412559
v -1.342905 0.017000 -0.401940
v -1.348538 0.012021 -0.391321
v -1.350872 0.000000 -0.386922
v -1.348538 -0.012021 -0.391321
v -1.342905 -0.017000 -0.401940
v -1.337271 -0.012021 -0.412559
v -1.312128 0.000000 -0.403147
v -1.314976 0.012021 -0.399063
v -1.321850 0.017000 -0.389202
v -1.328725 0.012021 -0.379341
v -1.331573 0.000000 -0.375256
v -1.328725 -0.012021 -0.379341
v -1.321850 -0.017000 -0.389202
v -1.314976 -0.012021 -0.399063
v -1.291404 0.000000 -0.386570
v -1.294775 0.012021 -0.382906
v -1.302914 0.017000 -0.374059
v -1.311052 0.012021 -0.365213
v -1.314424 0.000000 -0.361549
v -1.311052 -0.012021 -0.365213
v -1.302914 -0.017000 -0.374059
v -1.294775 -0.012021 -0.382906
v -1.273333 0.000000 -0.367446
v -1.277176 0.012021 -0.364280
v -1.286455 0.017000 -0.356638
v -1.295733 0.012021 -0.348995
v -1.299577 0.000000 -0.345829
v -1.295733 -0.012021 -0.348995
v -1.286455 -0.017000 -0.356638
v -1.277176 -0.012021 -0.364280
v -1.258205 0.000000 -0.346296
v -1.262423 0.012021 -0.343652
v -1.272609 0.017000 -0.337268
v -1.282794 0.012021 -0.330883
v -1.287013 0.000000 -0.328239
v -1.282794 -0.012021 -0.330883
v -1.272609 -0.017000 -0.337268
v -1.262423 -0.012021 -0.343652
v -1.245951 0.000000 -0.323835
v -1.250433 0.012021 -0.321667
v -1.261255 0.017000 -0.316434
v -1.272077 0.012021 -0.311201
v -1.276560 0.000000 -0.309034
v -1.272077 -0.012021 -0.311201
v -1.261255 -0.017000 -0.316434
v -1.250433 -0.012021 -0.321667
v -1.236166 0.000000 -0.300822
v -1.240811 0.012021 -0.299029
v -1.252026 0.017000 -0.294701
v -1.263240 0.012021 -0.290372
v -1.267885 0.000000 -0.288579
v -1.263240 -0.012021 -0.290372
v -1.252026 -0.017000 -0.294701
v -1.240811 -0.012021 -0.299029
v -1.228202 0.000000 -0.277952
v -1.232931 0.012021 -0.276393
v -1.244347 0.017000 -0.272628
v -1.255763 0.012021 -0.268864
v -1.260492 0.000000 -0.267305
v -1.255763 -0.012021 -0.268864
v -1.244347 -0.017000 -0.272628
v -1.232931 -0.012021 -0.276393
v -1.221290 0.000000 -0.255769
v -1.226042 0.012021 -0.254284
v -1.237516 0.017000 -0.250700
v -1.248990 0.012021 -0.247116
v -1.253743 0.000000 -0.245631
v -1.248990 -0.012021 -0.247116
v -1.237516 -0.017000 -0.250700
v -1.226042 -0.012021 -0.254284
v -1.214661 0.000000 -0.234606
v -1.219388 0.012021 -0.233040
v -1.230799 0.017000 -0.229260
v -1.242210 0.012021 -0.225481
v -1.246937 0.000000 -0.223915
v -1.242210 -0.012021 -0.225481
v -1.230799 -0.017000 -0.229260
v -1.219388 -0.012021 -0.233040
v -1.207645 0.000000 -0.214531
v -1.212298 0.012021 -0.212759
v -1.223532 0.017000 -0.208482
v -1.234766 0.012021 -0.204204
v -1.239420 0.000000 -0.202432
v -1.234766 -0.012021 -0.204204
v -1.223532 -0.017000 -0.208482
v -1.212298 -0.012021 -0.212759
v -1.199723 0.000000 -0.195336
v -1.204263 0.012021 -0.193292
v -1.215224 0.017000 -0.188357
v -1.226186 0.012021 -0.183422
v -1.230726 0.000000 -0.181378
v -1.226186 -0.012021 -0.183422
v -1.215224 -0.017000 -0.188357
v -1.204263 -0.012021 -0.193292
v -1.190567 0.000000 -0.176600
v -1.194979 0.012021 -0.174293
v -1.205631 0.017000 -0.168722
v -1.216283 0.012021 -0.163151
v -1.220695 0.000000 -0.160843
v -1.216283 -0.012021 -0.163151
v -1.205631 -0.017000 -0.168722
v -1.194979 -0.012021 -0.174293
v -1.180088 0.000000 -0.157822
v -1.184397 0.012021 -0.155327
v -1.194799 0.017000 -0.149302
v -1.205201 0.012021 -0.143277
v -1.209509 0.000000 -0.140781
v -1.205201 -0.012021 -0.143277
v -1.194799 -0.017000 -0.149302
v -1.184397 -0.012021 -0.155327
v -1.168504 0.000000 -0.138536
v -1.172770 0.012021 -0.135969
v -1.183070 0.017000 -0.129772
v -1.193371 0.012021 -0.123575
v -1.197637 0.000000 -0.121008
v -1.193371 -0.012021 -0.123575
v -1.183070 -0.017000 -0.129772
v -1.172770 -0.012021 -0.135969
v -1.156347 0.000000 -0.118362
v -1.160652 0.012021 -0.115861
v -1.171046 0.017000 -0.109823
v -1.181440 0.012021 -0.103784
v -1.185746 0.000000 -0.101283
v -1.181440 -0.012021 -0.103784
v -1.171046 -0.017000 -0.109823
v -1.160652 -0.012021 -0.115861
v -1.144412 0.000000 -0.097030
v -1.148835 0.012021 -0.094743
v -1.159511 0.017000 -0.089220
v -1.170188 0.012021 -0.083697
v -1.174611 0.000000 -0.081409
v -1.170188 -0.012021 -0.083697
v -1.159511 -0.017000 -0.089220
v -1.148835 -0.012021 -0.094743
v -1.133647 0.000000 -0.074399
v -1.138241 0.012021 -0.072480
v -1.149334 0.017000 -0.067848
v -1.160426 0.012021 -0.063215
v -1.165021 0.000000 -0.061296
v -1.160426 -0.012021 -0.063215
v -1.149334 -0.017000 -0.067848
v -1.138241 -0.012021 -0.072480
v -1.125030 0.000000 -0.050493
v -1.129810 0.012021 -0.049098
v -1.141349 0.017000 -0.045730
v -1.152889 0.012021 -0.042362
v -1.157669 0.000000 -0.040967
v -1.152889 -0.012021 -0.042362
v -1.141349 -0.017000 -0.045730
v -1.129810 -0.012021 -0.049098
v -1.119440 0.000000 -0.025544
v -1.124364 0.012021 -0.024807
v -1.136252 0.017000 -0.023026
v -1.148140 0.012021 -0.021246
v -1.153065 0.000000 -0.020508
v -1.148140 -0.012021 -0.021246
v -1.136252 -0.017000 -0.023026
v -1.124364 -0.012021 -0.024807
v -1.034500 0.144000 0.000000
v -1.003000 0.135560 0.000000
v -1.009016 0.135560 0.018515
v -1.024766 0.135560 0.029958
v -1.044234 0.135560 0.029958
v -1.059984 0.135560 0.018515
v -1.066000 0.135560 0.000000
v -1.059984 0.135560 -0.018515
v -1.044234 0.135560 -0.029958
v -1.024766 0.135560 -0.029958
v -1.009016 0.135560 -0.018515
v -0.979940 0.112500 0.000000
v -0.990360 0.112500 0.032069
v -1.017640 0.112500 0.051889
v -1.051360 0.112500 0.051889
v -1.078640 0.112500 0.032069
v -1.089060 0.112500 0.000000
v -1.078640 0.112500 -0.032069
v -1.051360 0.112500 -0.051889
v -1.017640 0.112500 -0.051889
v -0.990360 0.112500 -0.032069
v -0.971500 0.081000 0.000000
v -0.983532 0.081000 0.037030
v -1.015032 0.081000 0.059917
v -1.053968 0.081000 0.059917
v -1.085468 0.081000 0.037030
v -1.097500 0.081000 0.000000
v -1.085468 0.081000 -0.037030
v -1.053968 0.081000 -0.059917
v -1.015032 0.081000 -0.059917
v -0.983532 0.081000 -0.037030
v -0.979940 0.049500 0.000000
v -0.990360 0.049500 0.032069
v -1.017640 0.049500 0.051889
v -1.051360 0.049500 0.051889
v -1.078640 0.049500 0.032069
v -1.089060 0.049500 0.000000
v -1.078640 0.049500 -0.032069
v -1.051360 0.049500 -0.051889
v -1.017640 0.049500 -0.051889
v -0.990360 0.049500 -0.032069
v -1.003000 0.026440 0.000000
v -1.009016 0.026440 0.018515
v -1.024766 0.026440 0.029958
v -1.044234 0.026440 0.029958
v -1.059984 0.026440 0.018515
v -1.066000 0.026440 0.000000
v -1.059984 0.026440 -0.018515
v -1.044234 0.026440 -0.029958
v -1.024766 0.026440 -0.029958
v -1.009016 0.026440 -0.018515
v -1.034500 0.018000 0.000000
v -1.034500 -0.018000 0.000000
v -1.003000 -0.026440 0.000000
v -1.009016 -0.026440 0.018515
v -1.024766 -0.026440 0.029958
v -1.044234 -0.026440 0.029958
v -1.059984 -0.026440 0.018515
v -1.066000 -0.026440 0.000000
v -1.059984 -0.026440 -0.018515
v -1.044234 -0.026440 -0.029958
v -1.024766 -0.026440 -0.029958
v -1.009016 -0.026440 -0.018515
v -0.979940 -0.049500 0.000000
v -0.990360 -0.049500 0.032069
v -1.017640 -0.049500 0.051889
v -1.051360 -0.049500 0.051889
v -1.078640 -0.049500 0.032069
v -1.089060 -0.049500 0.000000
v -1.078640 -0.049500 -0.032069
v -1.051360 -0.049500 -0.051889
v -1.017640 -0.049500 -0.051889
v -0.990360 -0.049500 -0.032069
v -0.971500 -0.081000 0.000000
v -0.983532 -0.081000 0.037030
v -1.015032 -0.081000 0.059917
v -1.053968 -0.081000 0.059917
v -1.085468 -0.081000 0.037030
v -1.097500 -0.081000 0.000000
v -1.085468 -0.081000 -0.037030
v -1.053968 -0.081000 -0.059917
v -1.015032 -0.081000 -0.059917
v -0.983532 -0.081000 -0.037030
v -0.979940 -0.112500 0.000000
v -0.990360 -0.112500 0.032069
v -1.017640 -0.112500 0.051889
v -1.051360 -0.112500 0.051889
v -1.078640 -0.112500 0.032069
v -1.089060 -0.112500 0.000000
v -1.078640 -0.112500 -0.032069
v -1.051360 -0.112500 -0.051889
v -1.017640 -0.112500 -0.051889
v -0.990360 -0.112500 -0.032069
v -1.003000 -0.135560 0.000000
v -1.009016 -0.135560 0.018515
v -1.024766 -0.135560 0.029958
v -1.044234 -0.135560 0.029958
v -1.059984 -0.135560 0.018515
v -1.066000 -0.135560 0.000000
v -1.059984 -0.135560 -0.018515
v -1.044234 -0.135560 -0.029958
v -1.024766 -0.135560 -0.029958
v -1.009016 -0.135560 -0.018515
v -1.034500 -0.144000 0.000000
v -1.232203 0.144000 0.439113
v -1.200703 0.135560 0.439113
v -1.206719 0.135560 0.457629
v -1.222469 0.135560 0.469072
v -1.241937 0.135560 0.469072
v -1.257687 0.135560 0.457629
v -1.263703 0.135560 0.439113
v -1.257687 0.135560 0.420598
v -1.241937 0.135560 0.409155
v -1.222469 0.135560 0.409155
v -1.206719 0.135560 0.420598
v -1.177643 0.112500 0.439113
v -1.188063 0.112500 0.471183
v -1.215343 0.112500 0.491003
v -1.249063 0.112500 0.491003
v -1.276343 0.112500 0.471183
v -1.286763 0.112500 0.439113
v -1.276343 0.112500 0.407044
v -1.249063 0.112500 0.387224
v -1.215343 0.112500 0.387224
v -1.188063 0.112500 0.407044
v -1.169203 0.081000 0.439113
v -1.181235 0.081000 0.476144
v -1.212735 0.081000 0.499030
v -1.251671 0.081000 0.499030
v -1.283171 0.081000 0.476144
v -1.295203 0.081000 0.439113
v -1.283171 0.081000 0.402083
v -1.251671 0.081000 0.379197
v -1.212735 0.081000 0.379197
v -1.181235 0.081000 0.402083
v -1.177643 0.049500 0.439113
v -1.188063 0.049500 0.471183
v -1.215343 0.049500 0.491003
v -1.249063 0.049500 0.491003
v -1.276343 0.049500 0.471183
v -1.286763 0.049500 0.439113
v -1.276343 0.049500 0.407044
v -1.249063 0.049500 0.387224
v -1.215343 0.049500 0.387224
v -1.188063 0.049500 0.407044
v -1.200703 0.026440 0.439113
v -1.206719 0.026440 0.457629
v -1.222469 0.026440 0.469072
v -1.241937 0.026440 0.469072
v -1.257687 0.026440 0.457629
v -1.263703 0.026440 0.439113
v -1.257687 0.026440 0.420598
v -1.241937 0.026440 0.409155
v -1.222469 0.026440 0.409155
v -1.206719 0.026440 0.420598
v -1.232203 0.018000 0.439113
v -1.232203 -0.018000 0.439113
v -1.200703 -0.026440 0.439113
v -1.206719 -0.026440 0.457629
v -1.222469 -0.026440 0.469072
v -1.241937 -0.026440 0.469072
v -1.257687 -0.026440 0.457629
v -1.263703 -0.026440 0.439113
v -1.257687 -0.026440 0.420598
v -1.241937 -0.026440 0.409155
v -1.222469 -0.026440 0.409155
v -1.206719 -0.026440 0.420598
v -1.177643 -0.049500 0.439113
v -1.188063 -0.049500 0.471183
v -1.215343 -0.049500 0.491003
v -1.249063 -0.049500 0.491003
v -1.276343 -0.049500 0.471183
v -1.286763 -0.049500 0.439113
v -1.276343 -0.049500 0.407044
v -1.249063 -0.049500 0.387224
v -1.215343 -0.049500 0.387224
v -1.188063 -0.049500 0.407044
v -1.169203 -0.081000 0.439113
v -1.181235 -0.081000 0.476144
v -1.212735 -0.081000 0.499030
v -1.251671 -0.081000 0.499030
v -1.283171 -0.081000 0.476144
v -1.295203 -0.081000 0.439113
v -1.283171 -0.081000 0.402083
v -1.251671 -0.081000 0.379197
v -1.212735 -0.081000 0.379197
v -1.181235 -0.081000 0.402083
v -1.177643 -0.112500 0.439113
v -1.188063 -0.112500 0.471183
v -1.215343 -0.112500 0.491003
v -1.249063 -0.112500 0.491003
v -1.276343 -0.112500 0.471183
v -1.286763 -0.112500 0.439113
v -1.276343 -0.112500 0.407044
v -1.249063 -0.112500 0.387224
v -1.215343 -0.112500 0.387224
v -1.188063 -0.112500 0.407044
v -1.200703 -0.135560 0.439113
v -1.206719 -0.135560 0.457629
v -1.222469 -0.135560 0.469072
v -1.241937 -0.135560 0.469072
v -1.257687 -0.135560 0.457629
v -1.263703 -0.135560 0.439113
v -1.257687 -0.135560 0.420598
v -1.241937 -0.135560 0.409155
v -1.222469 -0.135560 0.409155
v -1.206719 -0.135560 0.420598
v -1.232203 -0.144000 0.439113
v -1.709500 0.144000 0.621000
v -1.678000 0.135560 0.621000
v -1.684016 0.135560 0.639515
v -1.699766 0.135560 0.650958
v -1.719234 0.135560 0.650958
v -1.734984 0.135560 0.639515
v -1.741000 0.135560 0.621000
v -1.734984 0.135560 0.602485
v -1.719234 0.135560 0.591042
v -1.699766 0.135560 0.591042
v -1.684016 0.135560 0.602485
v -1.654940 0.112500 0.621000
v -1.665360 0.112500 0.653069
v -1.692640 0.112500 0.672889
v -1.726360 0.112500 0.672889
v -1.753640 0.112500 0.653069
v -1.764060 0.112500 0.621000
v -1.753640 0.112500 0.588931
v -1.726360 0.112500 0.569111
v -1.692640 0.112500 0.569111
v -1.665360 0.112500 0.588931
v -1.646500 0.081000 0.621000
v -1.658532 0.081000 0.658030
v -1.690032 0.081000 0.680917
v -1.728968 0.081000 0.680917
v -1.760468 0.081000 0.658030
v -1.772500 0.081000 0.621000
v -1.760468 0.081000 0.583970
v -1.728968 0.081000 0.561083
v -1.690032 0.081000 0.561083
v -1.658532 0.081000 0.583970
v -1.654940 0.049500 0.621000
v -1.665360 0.049500 0.653069
v -1.692640 0.049500 0.672889
v -1.726360 0.049500 0.672889
v -1.753640 0.049500 0.653069
v -1.764060 0.049500 0.621000
v -1.753640 0.049500 0.588931
v -1.726360 0.049500 0.569111
v -1.692640 0.049500 0.569111
v -1.665360 0.049500 0.588931
v -1.678000 0.026440 0.621000
v -1.684016 0.026440 0.639515
v -1.699766 0.026440 0.650958
v -1.719234 0.026440 0.650958
v -1.734984 0.026440 0.639515
v -1.741000 0.026440 0.621000
v -1.734984 0.026440 0.602485
v -1.719234 0.026440 0.591042
v -1.699766 0.026440 0.591042
v -1.684016 0.026440 0.602485
v -1.709500 0.018000 0.621000
v -1.709500 -0.018000 0.621000
v -1.678000 -0.026440 0.621000
v -1.684016 -0.026440 0.639515
v -1.699766 -0.026440 0.650958
v -1.719234 -0.026440 0.650958
v -1.734984 -0.026440 0.639515
v -1.741000 -0.026440 0.621000
v -1.734984 -0.026440 0.602485
v -1.719234 -0.026440 0.591042
v -1.699766 -0.026440 0.591042
v -1.684016 -0.026440 0.602485
v -1.654940 -0.049500 0.621000
v -1.665360 -0.049500 0.653069
v -1.692640 -0.049500 0.672889
v -1.726360 -0.049500 0.672889
v -1.753640 -0.049500 0.653069
v -1.764060 -0.049500 0.621000
v -1.753640 -0.049500 0.588931
v -1.726360 -0.049500 0.569111
v -1.692640 -0.049500 0.569111
v -1.665360 -0.049500 0.588931
v -1.646500 -0.081000 0.621000
v -1.658532 -0.081000 0.658030
v -1.690032 -0.081000 0.680917
v -1.728968 -0.081000 0.680917
v -1.760468 -0.081000 0.658030
v -1.772500 -0.081000 0.621000
v -1.760468 -0.081000 0.583970
v -1.728968 -0.081000 0.561083
v -1.690032 -0.081000 0.561083
v -1.658532 -0.081000 0.583970
v -1.654940 -0.112500 0.621000
v -1.665360 -0.112500 0.653069
v -1.692640 -0.112500 0.672889
v -1.726360 -0.112500 0.672889
v -1.753640 -0.112500 0.653069
v -1.764060 -0.112500 0.621000
v -1.753640 -0.112500 0.588931
v -1.726360 -0.112500 0.569111
v -1.692640 -0.112500 0.569111
v -1.665360 -0.112500 0.588931
v -1.678000 -0.135560 0.621000
v -1.684016 -0.135560 0.639515
v -1.699766 -0.135560 0.650958
v -1.719234 -0.135560 0.650958
v -1.734984 -0.135560 0.639515
v -1.741000 -0.135560 0.621000
v -1.734984 -0.135560 0.602485
v -1.719234 -0.135560 0.591042
v -1.699766 -0.135560 0.591042
v -1.684016 -0.135560 0.602485
v -1.709500 -0.144000 0.621000
v -2.186797 0.144000 0.439113
v -2.155297 0.135560 0.439113
v -2.161313 0.135560 0.457629
v -2.177063 0.135560 0.469072
v -2.196531 0.135560 0.469072
v -2.212281 0.135560 0.457629
v -2.218297 0.135560 0.439113
v -2.212281 0.135560 0.420598
v -2.196531 0.135560 0.409155
v -2.177063 0.135560 0.409155
v -2.161313 0.135560 0.420598
v -2.132237 0.112500 0.439113
v -2.142657 0.112500 0.471183
v -2.169937 0.112500 0.491003
v -2.203657 0.112500 0.491003
v -2.230937 0.112500 0.471183
v -2.241357 0.112500 0.439113
v -2.230937 0.112500 0.407044
v -2.203657 0.112500 0.387224
v -2.169937 0.112500 0.387224
v -2.142657 0.112500 0.407044
v -2.123797 0.081000 0.439113
v -2.135829 0.081000 0.476144
v -2.167329 0.081000 0.499030
v -2.206265 0.081000 0.499030
v -2.237765 0.081000 0.476144
v -2.249797 0.081000 0.439113
v -2.237765 0.081000 0.402083
v -2.206265 0.081000 0.379197
v -2.167329 0.081000 0.379197
v -2.135829 0.081000 0.402083
v -2.132237 0.049500 0.439113
v -2.142657 0.049500 0.471183
v -2.169937 0.049500 0.491003
v -2.203657 0.049500 0.491003
v -2.230937 0.049500 0.471183
v -2.241357 0.049500 0.439113
v -2.230937 0.049500 0.407044
v -2.203657 0.049500 0.387224
v -2.169937 0.049500 0.387224
v -2.142657 0.049500 0.407044
v -2.155297 0.026440 0.439113
v -2.161313 0.026440 0.457629
v -2.177063 0.026440 0.469072
v -2.196531 0.026440 0.469072
v -2.212281 0.026440 0.457629
v -2.218297 0.026440 0.439113
v -2.212281 0.026440 0.420598
v -2.196531 0.026440 0.409155
v -2.177063 0.026440 0.409155
v -2.161313 0.026440 0.420598
v -2.186797 0.018000 0.439113
v -2.186797 -0.018000 0.439113
v -2.155297 -0.026440 0.439113
v -2.161313 -0.026440 0.457629
v -2.177063 -0.026440 0.469072
v -2.196531 -0.026440 0.469072
v -2.212281 -0.026440 0.457629
v -2.218297 -0.026440 0.439113
v -2.212281 -0.026440 0.420598
v -2.196531 -0.026440 0.409155
v -2.177063 -0.026440 0.409155
v -2.161313 -0.026440 0.420598
v -2.132237 -0.049500 0.439113
v -2.142657 -0.049500 0.471183
v -2.169937 -0.049500 0.491003
v -2.203657 -0.049500 0.491003
v -2.230937 -0.049500 0.471183
v -2.241357 -0.049500 0.439113
v -2.230937 -0.049500 0.407044
v -2.203657 -0.049500 0.387224
v -2.169937 -0.049500 0.387224
v -2.142657 -0.049500 0.407044
v -2.123797 -0.081000 0.439113
v -2.135829 -0.081000 0.476144
v -2.167329 -0.081000 0.499030
v -2.206265 -0.081000 0.499030
v -2.237765 -0.081000 0.476144
v -2.249797 -0.081000 0.439113
v -2.237765 -0.081000 0.402083
v -2.206265 -0.081000 0.379197
v -2.167329 -0.081000 0.379197
v -2.135829 -0.081000 0.402083
v -2.132237 -0.112500 0.439113
v -2.142657 -0.112500 0.471183
v -2.169937 -0.112500 0.491003
v -2.203657 -0.112500 0.491003
v -2.230937 -0.112500 0.471183
v -2.241357 -0.112500 0.439113
v -2.230937 -0.112500 0.407044
v -2.203657 -0.112500 0.387224
v -2.169937 -0.112500 0.387224
v -2.142657 -0.112500 0.407044
v -2.155297 -0.135560 0.439113
v -2.161313 -0.135560 0.457629
v -2.177063 -0.135560 0.469072
v -2.196531 -0.135560 0.469072
v -2.212281 -0.135560 0.457629
v -2.218297 -0.135560 0.439113
v -2.212281 -0.135560 0.420598
v -2.196531 -0.135560 0.409155
v -2.177063 -0.135560 0.409155
v -2.161313 -0.135560 0.420598
v -2.186797 -0.144000 0.439113
v -2.384500 0.144000 0.000000
v -2.353000 0.135560 0.000000
v -2.359016 0.135560 0.018515
v -2.374766 0.135560 0.029958
v -2.394234 0.135560 0.029958
v -2.409984 0.135560 0.018515
v -2.416000 0.135560 0.000000
v -2.409984 0.135560 -0.018515
v -2.394234 0.135560 -0.029958
v -2.374766 0.135560 -0.029958
v -2.359016 0.135560 -0.018515
v -2.329940 0.112500 0.000000
v -2.340360 0.112500 0.032069
v -2.367640 0.112500 0.051889
v -2.401360 0.112500 0.051889
v -2.428640 0.112500 0.032069
v -2.439060 0.112500 0.000000
v -2.428640 0.112500 -0.032069
v -2.401360 0.112500 -0.051889
v -2.367640 0.112500 -0.051889
v -2.340360 0.112500 -0.032069
v -2.321500 0.081000 0.000000
v -2.333532 0.081000 0.037030
v -2.365032 0.081000 0.059917
v -2.403968 0.081000 0.059917
v -2.435468 0.081000 0.037030
v -2.447500 0.081000 0.000000
v -2.435468 0.081000 -0.037030
v -2.403968 0.081000 -0.059917
v -2.365032 0.081000 -0.059917
v -2.333532 0.081000 -0.037030
v -2.329940 0.049500 0.000000
v -2.340360 0.049500 0.032069
v -2.367640 0.049500 0.051889
v -2.401360 0.049500 0.051889
v -2.428640 0.049500 0.032069
v -2.439060 0.049500 0.000000
v -2.428640 0.049500 -0.032069
v -2.401360 0.049500 -0.051889
v -2.367640 0.049500 -0.051889
v -2.340360 0.049500 -0.032069
v -2.353000 0.026440 0.000000
v -2.359016 0.026440 0.018515
v -2.374766 0.026440 0.029958
v -2.394234 0.026440 0.029958
v -2.409984 0.026440 0.018515
v -2.416000 0.026440 0.000000
v -2.409984 0.026440 -0.018515
v -2.394234 0.026440 -0.029958
v -2.374766 0.026440 -0.029958
v -2.359016 0.026440 -0.018515
v -2.384500 0.018000 0.000000
v -2.384500 -0.018000 0.000000
v -2.353000 -0.026440 0.000000
v -2.359016 -0.026440 0.018515
v -2.374766 -0.026440 0.029958
v -2.394234 -0.026440 0.029958
v -2.409984 -0.026440 0.018515
v -2.416000 -0.026440 0.000000
v -2.409984 -0.026440 -0.018515
v -2.394234 -0.026440 -0.029958
v -2.374766 -0.026440 -0.029958
v -2.359016 -0.026440 -0.018515
v -2.329940 -0.049500 0.000000
v -2.340360 -0.049500 0.032069
v -2.367640 -0.049500 0.051889
v -2.401360 -0.049500 0.051889
v -2.428640 -0.049500 0.032069
v -2.439060 -0.049500 0.000000
v -2.428640 -0.049500 -0.032069
v -2.401360 -0.049500 -0.051889
v -2.367640 -0.049500 -0.051889
v -2.340360 -0.049500 -0.032069
v -2.321500 -0.081000 0.000000
v -2.333532 -0.081000 0.037030
v -2.365032 -0.081000 0.059917
v -2.403968 -0.081000 0.059917
v -2.435468 -0.081000 0.037030
v -2.447500 -0.081000 0.000000
v -2.435468 -0.081000 -0.037030
v -2.403968 -0.081000 -0.059917
v -2.365032 -0.081000 -0.059917
v -2.333532 -0.081000 -0.037030
v -2.329940 -0.112500 0.000000
v -2.340360 -0.112500 0.032069
v -2.367640 -0.112500 0.051889
v -2.401360 -0.112500 0.051889
v -2.428640 -0.112500 0.032069
v -2.439060 -0.112500 0.000000
v -2.428640 -0.112500 -0.032069
v -2.401360 -0.112500 -0.051889
v -2.367640 -0.112500 -0.051889
v -2.340360 -0.112500 -0.032069
v -2.353000 -0.135560 0.000000
v -2.359016 -0.135560 0.018515
v -2.374766 -0.135560 0.029958
v -2.394234 -0.135560 0.029958
v -2.409984 -0.135560 0.018515
v -2.416000 -0.135560 0.000000
v -2.409984 -0.135560 -0.018515
v -2.394234 -0.135560 -0.029958
v -2.374766 -0.135560 -0.029958
v -2.359016 -0.135560 -0.018515
v -2.384500 -0.144000 0.000000
v -2.186797 0.144000 -0.439113
v -2.155297 0.135560 -0.439113
v -2.161313 0.135560 -0.420598
v -2.177063 0.135560 -0.409155
v -2.196531 0.135560 -0.409155
v -2.212281 0.135560 -0.420598
v -2.218297 0.135560 -0.439113
v -2.212281 0.135560 -0.457629
v -2.196531 0.135560 -0.469072
v -2.177063 0.135560 -0.469072
v -2.161313 0.135560 -0.457629
v -2.132237 0.112500 -0.439113
v -2.142657 0.112500 -0.407044
v -2.169937 0.112500 -0.387224
v -2.203657 0.112500 -0.387224
v -2.230937 0.112500 -0.407044
v -2.241357 0.112500 -0.439113
v -2.230937 0.112500 -0.471183
v -2.203657 0.112500 -0.491003
v -2.169937 0.112500 -0.491003
v -2.142657 0.112500 -0.471183
v -2.123797 0.081000 -0.439113
v -2.135829 0.081000 -0.402083
v -2.167329 0.081000 -0.379197
v -2.206265 0.081000 -0.379197
v -2.237765 0.081000 -0.402083
v -2.249797 0.081000 -0.439113
v -2.237765 0.081000 -0.476144
v -2.206265 0.081000 -0.499030
v -2.167329 0.081000 -0.499030
v -2.135829 0.081000 -0.476144
v -2.132237 0.049500 -0.439113
v -2.142657 0.049500 -0.407044
v -2.169937 0.049500 -0.387224
v -2.203657 0.049500 -0.387224
v -2.230937 0.049500 -0.407044
v -2.241357 0.049500 -0.439113
v -2.230937 0.049500 -0.471183
v -2.203657 0.049500 -0.491003
v -2.169937 0.049500 -0.491003
v -2.142657 0.049500 -0.471183
v -2.155297 0.026440 -0.439113
v -2.161313 0.026440 -0.420598
v -2.177063 0.026440 -0.409155
v -2.196531 0.026440 -0.409155
v -2.212281 0.026440 -0.420598
v -2.218297 0.026440 -0.439113
v -2.212281 0.026440 -0.457629
v -2.196531 0.026440 -0.469072
v -2.177063 0.026440 -0.469072
v -2.161313 0.026440 -0.457629
v -2.186797 0.018000 -0.439113
v -2.186797 -0.018000 -0.439113
v -2.155297 -0.026440 -0.439113
v -2.161313 -0.026440 -0.420598
v -2.177063 -0.026440 -0.409155
v -2.196531 -0.026440 -0.409155
v -2.212281 -0.026440 -0.420598
v -2.218297 -0.026440 -0.439113
v -2.212281 -0.026440 -0.457629
v -2.196531 -0.026440 -0.469072
v -2.177063 -0.026440 -0.469072
v -2.161313 -0.026440 -0.457629
v -2.132237 -0.049500 -0.439113
v -2.142657 -0.049500 -0.407044
v -2.169937 -0.049500 -0.387224
v -2.203657 -0.049500 -0.387224
v -2.230937 -0.049500 -0.407044
v -2.241357 -0.049500 -0.439113
v -2.230937 -0.049500 -0.471183
v -2.203657 -0.049500 -0.491003
v -2.169937 -0.049500 -0.491003
v -2.142657 -0.049500 -0.471183
v -2.123797 -0.081000 -0.439113
v -2.135829 -0.081000 -0.402083
v -2.167329 -0.081000 -0.379197
v -2.206265 -0.081000 -0.379197
v -2.237765 -0.081000 -0.402083
v -2.249797 -0.081000 -0.439113
v -2.237765 -0.081000 -0.476144
v -2.206265 -0.081000 -0.499030
v -2.167329 -0.081000 -0.499030
v -2.135829 -0.081000 -0.476144
v -2.132237 -0.112500 -0.439113
v -2.142657 -0.112500 -0.407044
v -2.169937 -0.112500 -0.387224
v -2.203657 -0.112500 -0.387224
v -2.230937 -0.112500 -0.407044
v -2.241357 -0.112500 -0.439113
v -2.230937 -0.112500 -0.471183
v -2.203657 -0.112500 -0.491003
v -2.169937 -0.112500 -0.491003
v -2.142657 -0.112500 -0.471183
v -2.155297 -0.135560 -0.439113
v -2.161313 -0.135560 -0.420598
v -2.177063 -0.135560 -0.409155
v -2.196531 -0.135560 -0.409155
v -2.212281 -0.135560 -0.420598
v -2.218297 -0.135560 -0.439113
v -2.212281 -0.135560 -0.457629
v -2.196531 -0.135560 -0.469072
v -2.177063 -0.135560 -0.469072
v -2.161313 -0.135560 -0.457629
v -2.186797 -0.144000 -0.439113
v -1.709500 0.144000 -0.621000
v -1.678000 0.135560 -0.621000
v -1.684016 0.135560 -0.602485
v -1.699766 0.135560 -0.591042
v -1.719234 0.135560 -0.591042
v -1.734984 0.135560 -0.602485
v -1.741000 0.135560 -0.621000
v -1.734984 0.135560 -0.639515
v -1.719234 0.135560 -0.650958
v -1.699766 0.135560 -0.650958
v -1.684016 0.135560 -0.639515
v -1.654940 0.112500 -0.621000
v -1.665360 0.112500 -0.588931
v -1.692640 0.112500 -0.569111
v -1.726360 0.112500 -0.569111
v -1.753640 0.112500 -0.588931
v -1.764060 0.112500 -0.621000
v -1.753640 0.112500 -0.653069
v -1.726360 0.112500 -0.672889
v -1.692640 0.112500 -0.672889
v -1.665360 0.112500 -0.653069
v -1.646500 0.081000 -0.621000
v -1.658532 0.081000 -0.583970
v -1.690032 0.081000 -0.561083
v -1.728968 0.081000 -0.561083
v -1.760468 0.081000 -0.583970
v -1.772500 0.081000 -0.621000
v -1.760468 0.081000 -0.658030
v -1.728968 0.081000 -0.680917
v -1.690032 0.081000 -0.680917
v -1.658532 0.081000 -0.658030
v -1.654940 0.049500 -0.621000
v -1.665360 0.049500 -0.588931
v -1.692640 0.049500 -0.569111
v -1.726360 0.049500 -0.569111
v -1.753640 0.049500 -0.588931
v -1.764060 0.049500 -0.621000
v -1.753640 0.049500 -0.653069
v -1.726360 0.049500 -0.672889
v -1.692640 0.049500 -0.672889
v -1.665360 0.049500 -0.653069
v -1.678000 0.026440 -0.621000
v -1.684016 0.026440 -0.602485
v -1.699766 0.026440 -0.591042
v -1.719234 0.026440 -0.591042
v -1.734984 0.026440 -0.602485
v -1.741000 0.026440 -0.621000
v -1.734984 0.026440 -0.639515
v -1.719234 0.026440 -0.650958
v -1.699766 0.026440 -0.650958
v -1.684016 0.026440 -0.639515
v -1.709500 0.018000 -0.621000
v -1.709500 -0.018000 -0.621000
v -1.678000 -0.026440 -0.621000
v -1.684016 -0.026440 -0.602485
v -1.699766 -0.026440 -0.591042
v -1.719234 -0.026440 -0.591042
v -1.734984 -0.026440 -0.602485
v -1.741000 -0.026440 -0.621000
v -1.734984 -0.026440 -0.639515
v -1.719234 -0.026440 -0.650958
v -1.699766 -0.026440 -0.650958
v -1.684016 -0.026440 -0.639515
v -1.654940 -0.049500 -0.621000
v -1.665360 -0.049500 -0.588931
v -1.692640 -0.049500 -0.569111
v -1.726360 -0.049500 -0.569111
v -1.753640 -0.049500 -0.588931
v -1.764060 -0.049500 -0.621000
v -1.753640 -0.049500 -0.653069
v -1.726360 -0.049500 -0.672889
v -1.692640 -0.049500 -0.672889
v -1.665360 -0.049500 -0.653069
v -1.646500 -0.081000 -0.621000
v -1.658532 -0.081000 -0.583970
v -1.690032 -0.081000 -0.561083
v -1.728968 -0.081000 -0.561083
v -1.760468 -0.081000 -0.583970
v -1.772500 -0.081000 -0.621000
v -1.760468 -0.081000 -0.658030
v -1.728968 -0.081000 -0.680917
v -1.690032 -0.081000 -0.680917
v -1.658532 -0.081000 -0.658030
v -1.654940 -0.112500 -0.621000
v -1.665360 -0.112500 -0.588931
v -1.692640 -0.112500 -0.569111
v -1.726360 -0.112500 -0.569111
v -1.753640 -0.112500 -0.588931
v -1.764060 -0.112500 -0.621000
v -1.753640 -0.112500 -0.653069
v -1.726360 -0.112500 -0.672889
v -1.692640 -0.112500 -0.672889
v -1.665360 -0.112500 -0.653069
v -1.678000 -0.135560 -0.621000
v -1.684016 -0.135560 -0.602485
v -1.699766 -0.135560 -0.591042
v -1.719234 -0.135560 -0.591042
v -1.734984 -0.135560 -0.602485
v -1.741000 -0.135560 -0.621000
v -1.734984 -0.135560 -0.639515
v -1.719234 -0.135560 -0.650958
v -1.699766 -0.135560 -0.650958
v -1.684016 -0.135560 -0.639515
v -1.709500 -0.144000 -0.621000
v -1.232203 0.144000 -0.439113
v -1.200703 0.135560 -0.439113
v -1.206719 0.135560 -0.420598
v -1.222469 0.135560 -0.409155
v -1.241937 0.135560 -0.409155
v -1.257687 0.135560 -0.420598
v -1.263703 0.135560 -0.439113
v -1.257687 0.135560 -0.457629
v -1.241937 0.135560 -0.469072
v -1.222469 0.135560 -0.469072
v -1.206719 0.135560 -0.457629
v -1.177643 0.112500 -0.439113
v -1.188063 0.112500 -0.407044
v -1.215343 0.112500 -0.387224
v -1.249063 0.112500 -0.387224
v -1.276343 0.112500 -0.407044
v -1.286763 0.112500 -0.439113
v -1.276343 0.112500 -0.471183
v -1.249063 0.112500 -0.491003
v -1.215343 0.112500 -0.491003
v -1.188063 0.112500 -0.471183
v -1.169203 0.081000 -0.439113
v -1.181235 0.081000 -0.402083
v -1.212735 0.081000 -0.379197
v -1.251671 0.081000 -0.379197
v -1.283171 0.081000 -0.402083
v -1.295203 0.081000 -0.439113
v -1.283171 0.081000 -0.476144
v -1.251671 0.081000 -0.499030
v -1.212735 0.081000 -0.499030
v -1.181235 0.081000 -0.476144
v -1.177643 0.049500 -0.439113
v -1.188063 0.049500 -0.407044
v -1.215343 0.049500 -0.387224
v -1.249063 0.049500 -0.387224
v -1.276343 0.049500 -0.407044
v -1.286763 0.049500 -0.439113
v -1.276343 0.049500 -0.471183
v -1.249063 0.049500 -0.491003
v -1.215343 0.049500 -0.491003
v -1.188063 0.049500 -0.471183
v -1.200703 0.026440 -0.439113
v -1.206719 0.026440 -0.420598
v -1.222469 0.026440 -0.409155
v -1.241937 0.026440 -0.409155
v -1.257687 0.026440 -0.420598
v -1.263703 0.026440 -0.439113
v -1.257687 0.026440 -0.457629
v -1.241937 0.026440 -0.469072
v -1.222469 0.026440 -0.469072
v -1.206719 0.026440 -0.457629
v -1.232203 0.018000 -0.439113
v -1.232203 -0.018000 -0.439113
v -1.200703 -0.026440 -0.439113
v -1.206719 -0.026440 -0.420598
v -1.222469 -0.026440 -0.409155
v -1.241937 -0.026440 -0.409155
v -1.257687 -0.026440 -0.420598
v -1.263703 -0.026440 -0.439113
v -1.257687 -0.026440 -0.457629
v -1.241937 -0.026440 -0.469072
v -1.222469 -0.026440 -0.469072
v -1.206719 -0.026440 -0.457629
v -1.177643 -0.049500 -0.439113
v -1.188063 -0.049500 -0.407044
v -1.215343 -0.049500 -0.387224
v -1.249063 -0.049500 -0.387224
v -1.276343 -0.049500 -0.407044
v -1.286763 -0.049500 -0.439113
v -1.276343 -0.049500 -0.471183
v -1.249063 -0.049500 -0.491003
v -1.215343 -0.049500 -0.491003
v -1.188063 -0.049500 -0.471183
v -1.169203 -0.081000 -0.439113
v -1.181235 -0.081000 -0.402083
v -1.212735 -0.081000 -0.379197
v -1.251671 -0.081000 -0.379197
v -1.283171 -0.081000 -0.402083
v -1.295203 -0.081000 -0.439113
v -1.283171 -0.081000 -0.476144
v -1.251671 -0.081000 -0.499030
v -1.212735 -0.081000 -0.499030
v -1.181235 -0.081000 -0.476144
v -1.177643 -0.112500 -0.439113
v -1.188063 -0.112500 -0.407044
v -1.215343 -0.112500 -0.387224
v -1.249063 -0.112500 -0.387224
v -1.276343 -0.112500 -0.407044
v -1.286763 -0.112500 -0.439113
v -1.276343 -0.112500 -0.471183
v -1.249063 -0.112500 -0.491003
v -1.215343 -0.112500 -0.491003
v -1.188063 -0.112500 -0.471183
v -1.200703 -0.135560 -0.439113
v -1.206719 -0.135560 -0.420598
v -1.222469 -0.135560 -0.409155
v -1.241937 -0.135560 -0.409155
v -1.257687 -0.135560 -0.420598
v -1.263703 -0.135560 -0.439113
v -1.257687 -0.135560 -0.457629
v -1.241937 -0.135560 -0.469072
v -1.222469 -0.135560 -0.469072
v -1.206719 -0.135560 -0.457629
v -1.232203 -0.144000 -0.439113
v -2.277136 0.000000 -0.010611
v -2.272813 0.014695 -0.008584
v -2.261495 0.023776 -0.003279
v -2.247505 0.023776 0.003279
v -2.236187 0.014695 0.008584
v -2.231864 0.000000 0.010611
v -2.236187 -0.014695 0.008584
v -2.247505 -0.023776 0.003279
v -2.261495 -0.023776 -0.003279
v -2.272813 -0.014695 -0.008584
v -2.199451 0.000000 -0.175065
v -2.195641 0.014695 -0.172188
v -2.185665 0.023776 -0.164655
v -2.173335 0.023776 -0.155345
v -2.163359 0.014695 -0.147812
v -2.159549 0.000000 -0.144935
v -2.163359 -0.014695 -0.147812
v -2.173335 -0.023776 -0.155345
v -2.185665 -0.023776 -0.164655
v -2.195641 -0.014695 -0.172188
v -2.080357 0.000000 -0.267519
v -2.078284 0.014695 -0.263218
v -2.072855 0.023776 -0.251959
v -2.066145 0.023776 -0.238041
v -2.060716 0.014695 -0.226782
v -2.058643 0.000000 -0.222481
v -2.060716 -0.014695 -0.226782
v -2.066145 -0.023776 -0.238041
v -2.072855 -0.023776 -0.251959
v -2.078284 -0.014695 -0.263218
v -1.901763 0.000000 -0.319897
v -1.901331 0.014695 -0.315142
v -1.900199 0.023776 -0.302694
v -1.898801 0.023776 -0.287306
v -1.897669 0.014695 -0.274858
v -1.897237 0.000000 -0.270103
v -1.897669 -0.014695 -0.274858
v -1.898801 -0.023776 -0.287306
v -1.900199 -0.023776 -0.302694
v -1.901331 -0.014695 -0.315142
v -1.517237 0.000000 -0.319897
v -1.517669 0.014695 -0.315142
v -1.518801 0.023776 -0.302694
v -1.520199 0.023776 -0.287306
v -1.521331 0.014695 -0.274858
v -1.521763 0.000000 -0.270103
v -1.521331 -0.014695 -0.274858
v -1.520199 -0.023776 -0.287306
v -1.518801 -0.023776 -0.302694
v -1.517669 -0.014695 -0.315142
v -1.338643 0.000000 -0.267519
v -1.340716 0.014695 -0.263218
v -1.346145 0.023776 -0.251959
v -1.352855 0.023776 -0.238041
v -1.358284 0.014695 -0.226782
v -1.360357 0.000000 -0.222481
v -1.358284 -0.014695 -0.226782
v -1.352855 -0.023776 -0.238041
v -1.346145 -0.023776 -0.251959
v -1.340716 -0.014695 -0.263218
v -1.219549 0.000000 -0.175065
v -1.223359 0.014695 -0.172188
v -1.233335 0.023776 -0.164655
v -1.245665 0.023776 -0.155345
v -1.255641 0.014695 -0.147812
v -1.259451 0.000000 -0.144935
v -1.255641 -0.014695 -0.147812
v -1.245665 -0.023776 -0.155345
v -1.233335 -0.023776 -0.164655
v -1.223359 -0.014695 -0.172188
v -1.141864 0.000000 -0.010611
v -1.146187 0.014695 -0.008584
v -1.157505 0.023776 -0.003279
v -1.171495 0.023776 0.003279
v -1.182813 0.014695 0.008584
v -1.187136 0.000000 0.010611
v -1.182813 -0.014695 0.008584
v -1.171495 -0.023776 0.003279
v -1.157505 -0.023776 -0.003279
v -1.146187 -0.014695 -0.008584
v -2.254500 0.000000 0.000000
v -1.164500 0.000000 0.000000
v -2.231864 0.000000 -0.010611
v -2.236187 0.014695 -0.008584
v -2.247505 0.023776 -0.003279
v -2.261495 0.023776 0.003279
v -2.272813 0.014695 0.008584
v -2.277136 0.000000 0.010611
v -2.272813 -0.014695 0.008584
v -2.261495 -0.023776 0.003279
v -2.247505 -0.023776 -0.003279
v -2.236187 -0.014695 -0.008584
v -2.159549 0.000000 0.144935
v -2.163359 0.014695 0.147812
v -2.173335 0.023776 0.155345
v -2.185665 0.023776 0.164655
v -2.195641 0.014695 0.172188
v -2.199451 0.000000 0.175065
v -2.195641 -0.014695 0.172188
v -2.185665 -0.023776 0.164655
v -2.173335 -0.023776 0.155345
v -2.163359 -0.014695 0.147812
v -2.058643 0.000000 0.222481
v -2.060716 0.014695 0.226782
v -2.066145 0.023776 0.238041
v -2.072855 0.023776 0.251959
v -2.078284 0.014695 0.263218
v -2.080357 0.000000 0.267519
v -2.078284 -0.014695 0.263218
v -2.072855 -0.023776 0.251959
v -2.066145 -0.023776 0.238041
v -2.060716 -0.014695 0.226782
v -1.897237 0.000000 0.270103
v -1.897669 0.014695 0.274858
v -1.898801 0.023776 0.287306
v -1.900199 0.023776 0.302694
v -1.901331 0.014695 0.315142
v -1.901763 0.000000 0.319897
v -1.901331 -0.014695 0.315142
v -1.900199 -0.023776 0.302694
v -1.898801 -0.023776 0.287306
v -1.897669 -0.014695 0.274858
v -1.521763 0.000000 0.270103
v -1.521331 0.014695 0.274858
v -1.520199 0.023776 0.287306
v -1.518801 0.023776 0.302694
v -1.517669 0.014695 0.315142
v -1.517237 0.000000 0.319897
v -1.517669 -0.014695 0.315142
v -1.518801 -0.023776 0.302694
v -1.520199 -0.023776 0.287306
v -1.521331 -0.014695 0.274858
v -1.360357 0.000000 0.222481
v -1.358284 0.014695 0.226782
v -1.352855 0.023776 0.238041
v -1.346145 0.023776 0.251959
v -1.340716 0.014695 0.263218
v -1.338643 0.000000 0.267519
v -1.340716 -0.014695 0.263218
v -1.346145 -0.023776 0.251959
v -1.352855 -0.023776 0.238041
v -1.358284 -0.014695 0.226782
v -1.259451 0.000000 0.144935
v -1.255641 0.014695 0.147812
v -1.245665 0.023776 0.155345
v -1.233335 0.023776 0.164655
v -1.223359 0.014695 0.172188
v -1.219549 0.000000 0.175065
v -1.223359 -0.014695 0.172188
v -1.233335 -0.023776 0.164655
v -1.245665 -0.023776 0.155345
v -1.255641 -0.014695 0.147812
v -1.187136 0.000000 -0.010611
v -1.182813 0.014695 -0.008584
v -1.171495 0.023776 -0.003279
v -1.157505 0.023776 0.003279
v -1.146187 0.014695 0.008584
v -1.141864 0.000000 0.010611
v -1.146187 -0.014695 0.008584
v -1.157505 -0.023776 0.003279
v -1.171495 -0.023776 -0.003279
v -1.182813 -0.014695 -0.008584
v -2.254500 0.000000 0.000000
v -1.164500 0.000000 0.000000
v -2.064635 0.000000 -0.187598
v -2.067966 0.013000 -0.186580
v -2.077067 0.022517 -0.183799
v -2.089500 0.026000 -0.180000
v -2.101933 0.022517 -0.176201
v -2.111034 0.013000 -0.173420
v -2.114365 0.000000 -0.172402
v -2.111034 -0.013000 -0.173420
v -2.101933 -0.022517 -0.176201
v -2.089500 -0.026000 -0.180000
v -2.077067 -0.022517 -0.183799
v -2.067966 -0.013000 -0.186580
v -1.979500 0.000000 0.154000
v -1.979500 0.013000 0.157483
v -1.979500 0.022517 0.167000
v -1.979500 0.026000 0.180000
v -1.979500 0.022517 0.193000
v -1.979500 0.013000 0.202517
v -1.979500 0.000000 0.206000
v -1.979500 -0.013000 0.202517
v -1.979500 -0.022517 0.193000
v -1.979500 -0.026000 0.180000
v -1.979500 -0.022517 0.167000
v -1.979500 -0.013000 0.157483
v -1.894365 0.000000 -0.187598
v -1.891034 0.013000 -0.186580
v -1.881933 0.022517 -0.183799
v -1.869500 0.026000 -0.180000
v -1.857067 0.022517 -0.176201
v -1.847966 0.013000 -0.173420
v -1.844635 0.000000 -0.172402
v -1.847966 -0.013000 -0.173420
v -1.857067 -0.022517 -0.176201
v -1.869500 -0.026000 -0.180000
v -1.881933 -0.022517 -0.183799
v -1.891034 -0.013000 -0.186580
v -2.089500 0.000000 -0.180000
v -1.869500 0.000000 -0.180000
v -2.054500 0.000000 -0.081000
v -2.054500 0.013000 -0.077517
v -2.054500 0.022517 -0.068000
v -2.054500 0.026000 -0.055000
v -2.054500 0.022517 -0.042000
v -2.054500 0.013000 -0.032483
v -2.054500 0.000000 -0.029000
v -2.054500 -0.013000 -0.032483
v -2.054500 -0.022517 -0.042000
v -2.054500 -0.026000 -0.055000
v -2.054500 -0.022517 -0.068000
v -2.054500 -0.013000 -0.077517
v -1.904500 0.000000 -0.081000
v -1.904500 0.013000 -0.077517
v -1.904500 0.022517 -0.068000
v -1.904500 0.026000 -0.055000
v -1.904500 0.022517 -0.042000
v -1.904500 0.013000 -0.032483
v -1.904500 0.000000 -0.029000
v -1.904500 -0.013000 -0.032483
v -1.904500 -0.022517 -0.042000
v -1.904500 -0.026000 -0.055000
v -1.904500 -0.022517 -0.068000
v -1.904500 -0.013000 -0.077517
v -2.054500 0.000000 -0.055000
v -1.904500 0.000000 -0.055000
v -1.578036 0.000000 0.145123
v -1.580242 0.013000 0.142427
v -1.586268 0.022517 0.135061
v -1.594500 0.026000 0.125000
v -1.602732 0.022517 0.114939
v -1.608758 0.013000 0.107573
v -1.610964 0.000000 0.104877
v -1.608758 -0.013000 0.107573
v -1.602732 -0.022517 0.114939
v -1.594500 -0.026000 0.125000
v -1.586268 -0.022517 0.135061
v -1.580242 -0.013000 0.142427
v -1.642975 0.000000 0.195168
v -1.643849 0.013000 0.191796
v -1.646237 0.022517 0.182584
v -1.649500 0.026000 0.170000
v -1.652763 0.022517 0.157416
v -1.655151 0.013000 0.148204
v -1.656025 0.000000 0.144832
v -1.655151 -0.013000 0.148204
v -1.652763 -0.022517 0.157416
v -1.649500 -0.026000 0.170000
v -1.646237 -0.022517 0.182584
v -1.643849 -0.013000 0.191796
v -1.742060 0.000000 0.182765
v -1.740377 0.013000 0.179715
v -1.735780 0.022517 0.171383
v -1.729500 0.026000 0.160000
v -1.723220 0.022517 0.148617
v -1.718623 0.013000 0.140285
v -1.716940 0.000000 0.137235
v -1.718623 -0.013000 0.140285
v -1.723220 -0.022517 0.148617
v -1.729500 -0.026000 0.160000
v -1.735780 -0.022517 0.171383
v -1.740377 -0.013000 0.179715
v -1.818025 0.000000 0.101071
v -1.814873 0.013000 0.099588
v -1.806263 0.022517 0.095535
v -1.794500 0.026000 0.090000
v -1.782737 0.022517 0.084465
v -1.774127 0.013000 0.080412
v -1.770975 0.000000 0.078929
v -1.774127 -0.013000 0.080412
v -1.782737 -0.022517 0.084465
v -1.794500 -0.026000 0.090000
v -1.806263 -0.022517 0.095535
v -1.814873 -0.013000 0.099588
v -1.835383 0.000000 -0.012465
v -1.831915 0.013000 -0.012135
v -1.822441 0.022517 -0.011233
v -1.809500 0.026000 -0.010000
v -1.796559 0.022517 -0.008767
v -1.787085 0.013000 -0.007865
v -1.783617 0.000000 -0.007535
v -1.787085 -0.013000 -0.007865
v -1.796559 -0.022517 -0.008767
v -1.809500 -0.026000 -0.010000
v -1.822441 -0.022517 -0.011233
v -1.831915 -0.013000 -0.012135
v -1.795741 0.000000 -0.134994
v -1.792895 0.013000 -0.132985
v -1.785121 0.022517 -0.127497
v -1.774500 0.026000 -0.120000
v -1.763879 0.022517 -0.112503
v -1.756105 0.013000 -0.107015
v -1.753259 0.000000 -0.105006
v -1.756105 -0.013000 -0.107015
v -1.763879 -0.022517 -0.112503
v -1.774500 -0.026000 -0.120000
v -1.785121 -0.022517 -0.127497
v -1.792895 -0.013000 -0.132985
v -1.691720 0.000000 -0.205905
v -1.691423 0.013000 -0.202434
v -1.690610 0.022517 -0.192953
v -1.689500 0.026000 -0.180000
v -1.688390 0.022517 -0.167047
v -1.687577 0.013000 -0.157566
v -1.687280 0.000000 -0.154095
v -1.687577 -0.013000 -0.157566
v -1.688390 -0.022517 -0.167047
v -1.689500 -0.026000 -0.180000
v -1.690610 -0.022517 -0.192953
v -1.691423 -0.013000 -0.202434
v -1.577652 0.000000 -0.149095
v -1.580579 0.013000 -0.147207
v -1.588576 0.022517 -0.142048
v -1.599500 0.026000 -0.135000
v -1.610424 0.022517 -0.127952
v -1.618421 0.013000 -0.122793
v -1.621348 0.000000 -0.120905
v -1.618421 -0.013000 -0.122793
v -1.610424 -0.022517 -0.127952
v -1.599500 -0.026000 -0.135000
v -1.588576 -0.022517 -0.142048
v -1.580579 -0.013000 -0.147207
v -1.569377 0.000000 -0.008536
v -1.572073 0.013000 -0.010742
v -1.579439 0.022517 -0.016768
v -1.589500 0.026000 -0.025000
v -1.599561 0.022517 -0.033232
v -1.606927 0.013000 -0.039258
v -1.609623 0.000000 -0.041464
v -1.606927 -0.013000 -0.039258
v -1.599561 -0.022517 -0.033232
v -1.589500 -0.026000 -0.025000
v -1.579439 -0.022517 -0.016768
v -1.572073 -0.013000 -0.010742
v -1.689500 0.000000 0.001000
v -1.689500 0.013000 -0.002483
v -1.689500 0.022517 -0.012000
v -1.689500 0.026000 -0.025000
v -1.689500 0.022517 -0.038000
v -1.689500 0.013000 -0.047517
v -1.689500 0.000000 -0.051000
v -1.689500 -0.013000 -0.047517
v -1.689500 -0.022517 -0.038000
v -1.689500 -0.026000 -0.025000
v -1.689500 -0.022517 -0.012000
v -1.689500 -0.013000 -0.002483
v -1.594500 0.000000 0.125000
v -1.689500 0.000000 -0.025000
v -1.276600 0.000000 0.152574
v -1.278329 0.013000 0.149550
v -1.283050 0.022517 0.141287
v -1.289500 0.026000 0.130000
v -1.295950 0.022517 0.118713
v -1.300671 0.013000 0.110450
v -1.302400 0.000000 0.107426
v -1.300671 -0.013000 0.110450
v -1.295950 -0.022517 0.118713
v -1.289500 -0.026000 0.130000
v -1.283050 -0.022517 0.141287
v -1.278329 -0.013000 0.149550
v -1.356730 0.000000 0.195852
v -1.357101 0.013000 0.192389
v -1.358115 0.022517 0.182926
v -1.359500 0.026000 0.170000
v -1.360885 0.022517 0.157074
v -1.361899 0.013000 0.147611
v -1.362270 0.000000 0.144148
v -1.361899 -0.013000 0.147611
v -1.360885 -0.022517 0.157074
v -1.359500 -0.026000 0.170000
v -1.358115 -0.022517 0.182926
v -1.357101 -0.013000 0.192389
v -1.445462 0.000000 0.165523
v -1.443324 0.013000 0.162774
v -1.437481 0.022517 0.155262
v -1.429500 0.026000 0.145000
v -1.421519 0.022517 0.134738
v -1.415676 0.013000 0.127226
v -1.413538 0.000000 0.124477
v -1.415676 -0.013000 0.127226
v -1.421519 -0.022517 0.134738
v -1.429500 -0.026000 0.145000
v -1.437481 -0.022517 0.155262
v -1.443324 -0.013000 0.162774
v -1.518897 0.000000 0.073988
v -1.515628 0.013000 0.072784
v -1.506698 0.022517 0.069494
v -1.494500 0.026000 0.065000
v -1.482302 0.022517 0.060506
v -1.473372 0.013000 0.057216
v -1.470103 0.000000 0.056012
v -1.473372 -0.013000 0.057216
v -1.482302 -0.022517 0.060506
v -1.494500 -0.026000 0.065000
v -1.506698 -0.022517 0.069494
v -1.515628 -0.013000 0.072784
v -1.524652 0.000000 -0.051587
v -1.521282 0.013000 -0.050705
v -1.512076 0.022517 -0.048294
v -1.499500 0.026000 -0.045000
v -1.486924 0.022517 -0.041706
v -1.477718 0.013000 -0.039295
v -1.474348 0.000000 -0.038413
v -1.477718 -0.013000 -0.039295
v -1.486924 -0.022517 -0.041706
v -1.499500 -0.026000 -0.045000
v -1.512076 -0.022517 -0.048294
v -1.521282 -0.013000 -0.050705
v -1.457535 0.000000 -0.163728
v -1.455118 0.013000 -0.161219
v -1.448517 0.022517 -0.154364
v -1.439500 0.026000 -0.145000
v -1.430483 0.022517 -0.135636
v -1.423882 0.013000 -0.128781
v -1.421465 0.000000 -0.126272
v -1.423882 -0.013000 -0.128781
v -1.430483 -0.022517 -0.135636
v -1.439500 -0.026000 -0.145000
v -1.448517 -0.022517 -0.154364
v -1.455118 -0.013000 -0.161219
v -1.362771 0.000000 -0.200942
v -1.363002 0.013000 -0.197467
v -1.363635 0.022517 -0.187971
v -1.364500 0.026000 -0.175000
v -1.365365 0.022517 -0.162029
v -1.365998 0.013000 -0.152533
v -1.366229 0.000000 -0.149058
v -1.365998 -0.013000 -0.152533
v -1.365365 -0.022517 -0.162029
v -1.364500 -0.026000 -0.175000
v -1.363635 -0.022517 -0.187971
v -1.363002 -0.013000 -0.197467
v -1.277265 0.000000 -0.157941
v -1.278904 0.013000 -0.154868
v -1.283382 0.022517 -0.146471
v -1.289500 0.026000 -0.135000
v -1.295618 0.022517 -0.123529
v -1.300096 0.013000 -0.115132
v -1.301735 0.000000 -0.112059
v -1.300096 -0.013000 -0.115132
v -1.295618 -0.022517 -0.123529
v -1.289500 -0.026000 -0.135000
v -1.283382 -0.022517 -0.146471
v -1.278904 -0.013000 -0.154868
v -1.289500 0.000000 0.130000
v -1.289500 0.000000 -0.135000
v -2.102500 0.000000 -0.180000
v -2.098692 0.009192 -0.180000
v -2.089500 0.013000 -0.180000
v -2.080308 0.009192 -0.180000
v -2.076500 0.000000 -0.180000
v -2.080308 -0.009192 -0.180000
v -2.089500 -0.013000 -0.180000
v -2.098692 -0.009192 -0.180000
v -2.102500 0.000000 -0.283000
v -2.098692 0.009192 -0.283000
v -2.089500 0.013000 -0.283000
v -2.080308 0.009192 -0.283000
v -2.076500 0.000000 -0.283000
v -2.080308 -0.009192 -0.283000
v -2.089500 -0.013000 -0.283000
v -2.098692 -0.009192 -0.283000
v -2.089500 0.000000 -0.180000
v -2.089500 0.000000 -0.283000
v -1.882500 0.000000 -0.180000
v -1.878692 0.009192 -0.180000
v -1.869500 0.013000 -0.180000
v -1.860308 0.009192 -0.180000
v -1.856500 0.000000 -0.180000
v -1.860308 -0.009192 -0.180000
v -1.869500 -0.013000 -0.180000
v -1.878692 -0.009192 -0.180000
v -1.882500 0.000000 -0.283000
v -1.878692 0.009192 -0.283000
v -1.869500 0.013000 -0.283000
v -1.860308 0.009192 -0.283000
v -1.856500 0.000000 -0.283000
v -1.860308 -0.009192 -0.283000
v -1.869500 -0.013000 -0.283000
v -1.878692 -0.009192 -0.283000
v -1.869500 0.000000 -0.180000
v -1.869500 0.000000 -0.283000
v -1.702500 0.000000 -0.180000
v -1.698692 0.009192 -0.180000
v -1.689500 0.013000 -0.180000
v -1.680308 0.009192 -0.180000
v -1.676500 0.000000 -0.180000
v -1.680308 -0.009192 -0.180000
v -1.689500 -0.013000 -0.180000
v -1.698692 -0.009192 -0.180000
v -1.702500 0.000000 -0.283000
v -1.698692 0.009192 -0.283000
v -1.689500 0.013000 -0.283000
v -1.680308 0.009192 -0.283000
v -1.676500 0.000000 -0.283000
v -1.680308 -0.009192 -0.283000
v -1.689500 -0.013000 -0.283000
v -1.698692 -0.009192 -0.283000
v -1.689500 0.000000 -0.180000
v -1.689500 0.000000 -0.283000
v -1.377500 0.000000 -0.175000
v -1.373692 0.009192 -0.175000
v -1.364500 0.013000 -0.175000
v -1.355308 0.009192 -0.175000
v -1.351500 0.000000 -0.175000
v -1.355308 -0.009192 -0.175000
v -1.364500 -0.013000 -0.175000
v -1.373692 -0.009192 -0.175000
v -1.377500 0.000000 -0.283000
v -1.373692 0.009192 -0.283000
v -1.364500 0.013000 -0.283000
v -1.355308 0.009192 -0.283000
v -1.351500 0.000000 -0.283000
v -1.355308 -0.009192 -0.283000
v -1.364500 -0.013000 -0.283000
v -1.373692 -0.009192 -0.283000
v -1.364500 0.000000 -0.175000
v -1.364500 0.000000 -0.283000
v -1.119500 0.000000 0.080000
v -1.119500 0.024721 0.076085
v -1.119500 0.047023 0.064721
v -1.119500 0.064721 0.047023
v -1.119500 0.076085 0.024721
v -1.119500 0.080000 0.000000
v -1.119500 0.076085 -0.024721
v -1.119500 0.064721 -0.047023
v -1.119500 0.047023 -0.064721
v -1.119500 0.024721 -0.076085
v -1.119500 0.000000 -0.080000
v -1.119500 -0.024721 -0.076085
v -1.119500 -0.047023 -0.064721
v -1.119500 -0.064721 -0.047023
v -1.119500 -0.076085 -0.024721
v -1.119500 -0.080000 -0.000000
v -1.119500 -0.076085 0.024721
v -1.119500 -0.064721 0.047023
v -1.119500 -0.047023 0.064721
v -1.119500 -0.024721 0.076085
v -1.069500 0.000000 0.115000
v -1.069500 0.035537 0.109371
v -1.069500 0.067595 0.093037
v -1.069500 0.093037 0.067595
v -1.069500 0.109371 0.035537
v -1.069500 0.115000 0.000000
v -1.069500 0.109371 -0.035537
v -1.069500 0.093037 -0.067595
v -1.069500 0.067595 -0.093037
v -1.069500 0.035537 -0.109371
v -1.069500 0.000000 -0.115000
v -1.069500 -0.035537 -0.109371
v -1.069500 -0.067595 -0.093037
v -1.069500 -0.093037 -0.067595
v -1.069500 -0.109371 -0.035537
v -1.069500 -0.115000 -0.000000
v -1.069500 -0.109371 0.035537
v -1.069500 -0.093037 0.067595
v -1.069500 -0.067595 0.093037
v -1.069500 -0.035537 0.109371
v -1.039500 0.000000 0.140000
v -1.039500 0.043262 0.133148
v -1.039500 0.082290 0.113262
v -1.039500 0.113262 0.082290
v -1.039500 0.133148 0.043262
v -1.039500 0.140000 0.000000
v -1.039500 0.133148 -0.043262
v -1.039500 0.113262 -0.082290
v -1.039500 0.082290 -0.113262
v -1.039500 0.043262 -0.133148
v -1.039500 0.000000 -0.140000
v -1.039500 -0.043262 -0.133148
v -1.039500 -0.082290 -0.113262
v -1.039500 -0.113262 -0.082290
v -1.039500 -0.133148 -0.043262
v -1.039500 -0.140000 -0.000000
v -1.039500 -0.133148 0.043262
v -1.039500 -0.113262 0.082290
v -1.039500 -0.082290 0.113262
v -1.039500 -0.043262 0.133148
v -0.989500 0.000000 0.160000
v -0.989500 0.049443 0.152169
v -0.989500 0.094046 0.129443
v -0.989500 0.129443 0.094046
v -0.989500 0.152169 0.049443
v -0.989500 0.160000 0.000000
v -0.989500 0.152169 -0.049443
v -0.989500 0.129443 -0.094046
v -0.989500 0.094046 -0.129443
v -0.989500 0.049443 -0.152169
v -0.989500 0.000000 -0.160000
v -0.989500 -0.049443 -0.152169
v -0.989500 -0.094046 -0.129443
v -0.989500 -0.129443 -0.094046
v -0.989500 -0.152169 -0.049443
v -0.989500 -0.160000 -0.000000
v -0.989500 -0.152169 0.049443
v -0.989500 -0.129443 0.094046
v -0.989500 -0.094046 0.129443
v -0.989500 -0.049443 0.152169
v -0.959500 0.000000 0.160000
v -0.959500 0.049443 0.152169
v -0.959500 0.094046 0.129443
v -0.959500 0.129443 0.094046
v -0.959500 0.152169 0.049443
v -0.959500 0.160000 0.000000
v -0.959500 0.152169 -0.049443
v -0.959500 0.129443 -0.094046
v -0.959500 0.094046 -0.129443
v -0.959500 0.049443 -0.152169
v -0.959500 0.000000 -0.160000
v -0.959500 -0.049443 -0.152169
v -0.959500 -0.094046 -0.129443
v -0.959500 -0.129443 -0.094046
v -0.959500 -0.152169 -0.049443
v -0.959500 -0.160000 -0.000000
v -0.959500 -0.152169 0.049443
v -0.959500 -0.129443 0.094046
v -0.959500 -0.094046 0.129443
v -0.959500 -0.049443 0.152169
v -0.934500 0.000000 0.130000
v -0.934500 0.040172 0.123637
v -0.934500 0.076412 0.105172
v -0.934500 0.105172 0.076412
v -0.934500 0.123637 0.040172
v -0.934500 0.130000 0.000000
v -0.934500 0.123637 -0.040172
v -0.934500 0.105172 -0.076412
v -0.934500 0.076412 -0.105172
v -0.934500 0.040172 -0.123637
v -0.934500 0.000000 -0.130000
v -0.934500 -0.040172 -0.123637
v -0.934500 -0.076412 -0.105172
v -0.934500 -0.105172 -0.076412
v -0.934500 -0.123637 -0.040172
v -0.934500 -0.130000 -0.000000
v -0.934500 -0.123637 0.040172
v -0.934500 -0.105172 0.076412
v -0.934500 -0.076412 0.105172
v -0.934500 -0.040172 0.123637
v -0.904500 0.000000 0.130000
v -0.904500 0.040172 0.123637
v -0.904500 0.076412 0.105172
v -0.904500 0.105172 0.076412
v -0.904500 0.123637 0.040172
v -0.904500 0.130000 0.000000
v -0.904500 0.123637 -0.040172
v -0.904500 0.105172 -0.076412
v -0.904500 0.076412 -0.105172
v -0.904500 0.040172 -0.123637
v -0.904500 0.000000 -0.130000
v -0.904500 -0.040172 -0.123637
v -0.904500 -0.076412 -0.105172
v -0.904500 -0.105172 -0.076412
v -0.904500 -0.123637 -0.040172
v -0.904500 -0.130000 -0.000000
v -0.904500 -0.123637 0.040172
v -0.904500 -0.105172 0.076412
v -0.904500 -0.076412 0.105172
v -0.904500 -0.040172 0.123637
v -0.879500 0.000000 0.180000
v -0.879500 0.055623 0.171190
v -0.879500 0.105801 0.145623
v -0.879500 0.145623 0.105801
v -0.879500 0.171190 0.055623
v -0.879500 0.180000 0.000000
v -0.879500 0.171190 -0.055623
v -0.879500 0.145623 -0.105801
v -0.879500 0.105801 -0.145623
v -0.879500 0.055623 -0.171190
v -0.879500 0.000000 -0.180000
v -0.879500 -0.055623 -0.171190
v -0.879500 -0.105801 -0.145623
v -0.879500 -0.145623 -0.105801
v -0.879500 -0.171190 -0.055623
v -0.879500 -0.180000 -0.000000
v -0.879500 -0.171190 0.055623
v -0.879500 -0.145623 0.105801
v -0.879500 -0.105801 0.145623
v -0.879500 -0.055623 0.171190
v -0.839500 0.000000 0.180000
v -0.839500 0.055623 0.171190
v -0.839500 0.105801 0.145623
v -0.839500 0.145623 0.105801
v -0.839500 0.171190 0.055623
v -0.839500 0.180000 0.000000
v -0.839500 0.171190 -0.055623
v -0.839500 0.145623 -0.105801
v -0.839500 0.105801 -0.145623
v -0.839500 0.055623 -0.171190
v -0.839500 0.000000 -0.180000
v -0.839500 -0.055623 -0.171190
v -0.839500 -0.105801 -0.145623
v -0.839500 -0.145623 -0.105801
v -0.839500 -0.171190 -0.055623
v -0.839500 -0.180000 -0.000000
v -0.839500 -0.171190 0.055623
v -0.839500 -0.145623 0.105801
v -0.839500 -0.105801 0.145623
v -0.839500 -0.055623 0.171190
v -0.809500 0.000000 0.125000
v -0.809500 0.038627 0.118882
v -0.809500 0.073473 0.101127
v -0.809500 0.101127 0.073473
v -0.809500 0.118882 0.038627
v -0.809500 0.125000 0.000000
v -0.809500 0.118882 -0.038627
v -0.809500 0.101127 -0.073473
v -0.809500 0.073473 -0.101127
v -0.809500 0.038627 -0.118882
v -0.809500 0.000000 -0.125000
v -0.809500 -0.038627 -0.118882
v -0.809500 -0.073473 -0.101127
v -0.809500 -0.101127 -0.073473
v -0.809500 -0.118882 -0.038627
v -0.809500 -0.125000 -0.000000
v -0.809500 -0.118882 0.038627
v -0.809500 -0.101127 0.073473
v -0.809500 -0.073473 0.101127
v -0.809500 -0.038627 0.118882
v -0.699500 0.000000 0.114000
v -0.699500 0.035228 0.108420
v -0.699500 0.067008 0.092228
v -0.699500 0.092228 0.067008
v -0.699500 0.108420 0.035228
v -0.699500 0.114000 0.000000
v -0.699500 0.108420 -0.035228
v -0.699500 0.092228 -0.067008
v -0.699500 0.067008 -0.092228
v -0.699500 0.035228 -0.108420
v -0.699500 0.000000 -0.114000
v -0.699500 -0.035228 -0.108420
v -0.699500 -0.067008 -0.092228
v -0.699500 -0.092228 -0.067008
v -0.699500 -0.108420 -0.035228
v -0.699500 -0.114000 -0.000000
v -0.699500 -0.108420 0.035228
v -0.699500 -0.092228 0.067008
v -0.699500 -0.067008 0.092228
v -0.699500 -0.035228 0.108420
v -0.629500 0.000000 0.102000
v -0.629500 0.031520 0.097008
v -0.629500 0.059954 0.082520
v -0.629500 0.082520 0.059954
v -0.629500 0.097008 0.031520
v -0.629500 0.102000 0.000000
v -0.629500 0.097008 -0.031520
v -0.629500 0.082520 -0.059954
v -0.629500 0.059954 -0.082520
v -0.629500 0.031520 -0.097008
v -0.629500 0.000000 -0.102000
v -0.629500 -0.031520 -0.097008
v -0.629500 -0.059954 -0.082520
v -0.629500 -0.082520 -0.059954
v -0.629500 -0.097008 -0.031520
v -0.629500 -0.102000 -0.000000
v -0.629500 -0.097008 0.031520
v -0.629500 -0.082520 0.059954
v -0.629500 -0.059954 0.082520
v -0.629500 -0.031520 0.097008
v 1.300500 0.000000 0.102000
v 1.300500 0.031520 0.097008
v 1.300500 0.059954 0.082520
v 1.300500 0.082520 0.059954
v 1.300500 0.097008 0.031520
v 1.300500 0.102000 0.000000
v 1.300500 0.097008 -0.031520
v 1.300500 0.082520 -0.059954
v 1.300500 0.059954 -0.082520
v 1.300500 0.031520 -0.097008
v 1.300500 0.000000 -0.102000
v 1.300500 -0.031520 -0.097008
v 1.300500 -0.059954 -0.082520
v 1.300500 -0.082520 -0.059954
v 1.300500 -0.097008 -0.031520
v 1.300500 -0.102000 -0.000000
v 1.300500 -0.097008 0.031520
v 1.300500 -0.082520 0.059954
v 1.300500 -0.059954 0.082520
v 1.300500 -0.031520 0.097008
v 1.380500 0.000000 0.111000
v 1.380500 0.034301 0.105567
v 1.380500 0.065244 0.089801
v 1.380500 0.089801 0.065244
v 1.380500 0.105567 0.034301
v 1.380500 0.111000 0.000000
v 1.380500 0.105567 -0.034301
v 1.380500 0.089801 -0.065244
v 1.380500 0.065244 -0.089801
v 1.380500 0.034301 -0.105567
v 1.380500 0.000000 -0.111000
v 1.380500 -0.034301 -0.105567
v 1.380500 -0.065244 -0.089801
v 1.380500 -0.089801 -0.065244
v 1.380500 -0.105567 -0.034301
v 1.380500 -0.111000 -0.000000
v 1.380500 -0.105567 0.034301
v 1.380500 -0.089801 0.065244
v 1.380500 -0.065244 0.089801
v 1.380500 -0.034301 0.105567
v 1.430500 0.000000 0.138000
v 1.430500 0.042644 0.131246
v 1.430500 0.081114 0.111644
v 1.430500 0.111644 0.081114
v 1.430500 0.131246 0.042644
v 1.430500 0.138000 0.000000
v 1.430500 0.131246 -0.042644
v 1.430500 0.111644 -0.081114
v 1.430500 0.081114 -0.111644
v 1.430500 0.042644 -0.131246
v 1.430500 0.000000 -0.138000
v 1.430500 -0.042644 -0.131246
v 1.430500 -0.081114 -0.111644
v 1.430500 -0.111644 -0.081114
v 1.430500 -0.131246 -0.042644
v 1.430500 -0.138000 -0.000000
v 1.430500 -0.131246 0.042644
v 1.430500 -0.111644 0.081114
v 1.430500 -0.081114 0.111644
v 1.430500 -0.042644 0.131246
v 1.470500 0.000000 0.138000
v 1.470500 0.042644 0.131246
v 1.470500 0.081114 0.111644
v 1.470500 0.111644 0.081114
v 1.470500 0.131246 0.042644
v 1.470500 0.138000 0.000000
v 1.470500 0.131246 -0.042644
v 1.470500 0.111644 -0.081114
v 1.470500 0.081114 -0.111644
v 1.470500 0.042644 -0.131246
v 1.470500 0.000000 -0.138000
v 1.470500 -0.042644 -0.131246
v 1.470500 -0.081114 -0.111644
v 1.470500 -0.111644 -0.081114
v 1.470500 -0.131246 -0.042644
v 1.470500 -0.138000 -0.000000
v 1.470500 -0.131246 0.042644
v 1.470500 -0.111644 0.081114
v 1.470500 -0.081114 0.111644
v 1.470500 -0.042644 0.131246
v 1.500500 0.000000 0.108000
v 1.500500 0.033374 0.102714
v 1.500500 0.063481 0.087374
v 1.500500 0.087374 0.063481
v 1.500500 0.102714 0.033374
v 1.500500 0.108000 0.000000
v 1.500500 0.102714 -0.033374
v 1.500500 0.087374 -0.063481
v 1.500500 0.063481 -0.087374
v 1.500500 0.033374 -0.102714
v 1.500500 0.000000 -0.108000
v 1.500500 -0.033374 -0.102714
v 1.500500 -0.063481 -0.087374
v 1.500500 -0.087374 -0.063481
v 1.500500 -0.102714 -0.033374
v 1.500500 -0.108000 -0.000000
v 1.500500 -0.102714 0.033374
v 1.500500 -0.087374 0.063481
v 1.500500 -0.063481 0.087374
v 1.500500 -0.033374 0.102714
v 1.670500 0.000000 0.108000
v 1.670500 0.033374 0.102714
v 1.670500 0.063481 0.087374
v 1.670500 0.087374 0.063481
v 1.670500 0.102714 0.033374
v 1.670500 0.108000 0.000000
v 1.670500 0.102714 -0.033374
v 1.670500 0.087374 -0.063481
v 1.670500 0.063481 -0.087374
v 1.670500 0.033374 -0.102714
v 1.670500 0.000000 -0.108000
v 1.670500 -0.033374 -0.102714
v 1.670500 -0.063481 -0.087374
v 1.670500 -0.087374 -0.063481
v 1.670500 -0.102714 -0.033374
v 1.670500 -0.108000 -0.000000
v 1.670500 -0.102714 0.033374
v 1.670500 -0.087374 0.063481
v 1.670500 -0.063481 0.087374
v 1.670500 -0.033374 0.102714
v 1.700500 0.000000 0.150000
v 1.700500 0.046353 0.142658
v 1.700500 0.088168 0.121353
v 1.700500 0.121353 0.088168
v 1.700500 0.142658 0.046353
v 1.700500 0.150000 0.000000
v 1.700500 0.142658 -0.046353
v 1.700500 0.121353 -0.088168
v 1.700500 0.088168 -0.121353
v 1.700500 0.046353 -0.142658
v 1.700500 0.000000 -0.150000
v 1.700500 -0.046353 -0.142658
v 1.700500 -0.088168 -0.121353
v 1.700500 -0.121353 -0.088168
v 1.700500 -0.142658 -0.046353
v 1.700500 -0.150000 -0.000000
v 1.700500 -0.142658 0.046353
v 1.700500 -0.121353 0.088168
v 1.700500 -0.088168 0.121353
v 1.700500 -0.046353 0.142658
v 1.740500 0.000000 0.150000
v 1.740500 0.046353 0.142658
v 1.740500 0.088168 0.121353
v 1.740500 0.121353 0.088168
v 1.740500 0.142658 0.046353
v 1.740500 0.150000 0.000000
v 1.740500 0.142658 -0.046353
v 1.740500 0.121353 -0.088168
v 1.740500 0.088168 -0.121353
v 1.740500 0.046353 -0.142658
v 1.740500 0.000000 -0.150000
v 1.740500 -0.046353 -0.142658
v 1.740500 -0.088168 -0.121353
v 1.740500 -0.121353 -0.088168
v 1.740500 -0.142658 -0.046353
v 1.740500 -0.150000 -0.000000
v 1.740500 -0.142658 0.046353
v 1.740500 -0.121353 0.088168
v 1.740500 -0.088168 0.121353
v 1.740500 -0.046353 0.142658
v 1.770500 0.000000 0.110000
v 1.770500 0.033992 0.104616
v 1.770500 0.064656 0.088992
v 1.770500 0.088992 0.064656
v 1.770500 0.104616 0.033992
v 1.770500 0.110000 0.000000
v 1.770500 0.104616 -0.033992
v 1.770500 0.088992 -0.064656
v 1.770500 0.064656 -0.088992
v 1.770500 0.033992 -0.104616
v 1.770500 0.000000 -0.110000
v 1.770500 -0.033992 -0.104616
v 1.770500 -0.064656 -0.088992
v 1.770500 -0.088992 -0.064656
v 1.770500 -0.104616 -0.033992
v 1.770500 -0.110000 -0.000000
v 1.770500 -0.104616 0.033992
v 1.770500 -0.088992 0.064656
v 1.770500 -0.064656 0.088992
v 1.770500 -0.033992 0.104616
v 2.170500 0.000000 0.105000
v 2.170500 0.032447 0.099861
v 2.170500 0.061717 0.084947
v 2.170500 0.084947 0.061717
v 2.170500 0.099861 0.032447
v 2.170500 0.105000 0.000000
v 2.170500 0.099861 -0.032447
v 2.170500 0.084947 -0.061717
v 2.170500 0.061717 -0.084947
v 2.170500 0.032447 -0.099861
v 2.170500 0.000000 -0.105000
v 2.170500 -0.032447 -0.099861
v 2.170500 -0.061717 -0.084947
v 2.170500 -0.084947 -0.061717
v 2.170500 -0.099861 -0.032447
v 2.170500 -0.105000 -0.000000
v 2.170500 -0.099861 0.032447
v 2.170500 -0.084947 0.061717
v 2.170500 -0.061717 0.084947
v 2.170500 -0.032447 0.099861
v 2.450500 0.000000 0.100000
v 2.450500 0.030902 0.095106
v 2.450500 0.058779 0.080902
v 2.450500 0.080902 0.058779
v 2.450500 0.095106 0.030902
v 2.450500 0.100000 0.000000
v 2.450500 0.095106 -0.030902
v 2.450500 0.080902 -0.058779
v 2.450500 0.058779 -0.080902
v 2.450500 0.030902 -0.095106
v 2.450500 0.000000 -0.100000
v 2.450500 -0.030902 -0.095106
v 2.450500 -0.058779 -0.080902
v 2.450500 -0.080902 -0.058779
v 2.450500 -0.095106 -0.030902
v 2.450500 -0.100000 -0.000000
v 2.450500 -0.095106 0.030902
v 2.450500 -0.080902 0.058779
v 2.450500 -0.058779 0.080902
v 2.450500 -0.030902 0.095106
v 2.520500 0.000000 0.075000
v 2.520500 0.023176 0.071329
v 2.520500 0.044084 0.060676
v 2.520500 0.060676 0.044084
v 2.520500 0.071329 0.023176
v 2.520500 0.075000 0.000000
v 2.520500 0.071329 -0.023176
v 2.520500 0.060676 -0.044084
v 2.520500 0.044084 -0.060676
v 2.520500 0.023176 -0.071329
v 2.520500 0.000000 -0.075000
v 2.520500 -0.023176 -0.071329
v 2.520500 -0.044084 -0.060676
v 2.520500 -0.060676 -0.044084
v 2.520500 -0.071329 -0.023176
v 2.520500 -0.075000 -0.000000
v 2.520500 -0.071329 0.023176
v 2.520500 -0.060676 0.044084
v 2.520500 -0.044084 0.060676
v 2.520500 -0.023176 0.071329
v -1.119500 0.000000 0.000000
v 2.520500 0.000000 0.000000
v -0.849500 0.058000 -0.115000
v -0.833042 0.052652 -0.115000
v -0.837862 0.052652 -0.103362
v -0.849500 0.052652 -0.098542
v -0.861138 0.052652 -0.103362
v -0.865958 0.052652 -0.115000
v -0.861138 0.052652 -0.126638
v -0.849500 0.052652 -0.131458
v -0.837862 0.052652 -0.126638
v -0.822870 0.038652 -0.115000
v -0.830670 0.038652 -0.096170
v -0.849500 0.038652 -0.088370
v -0.868330 0.038652 -0.096170
v -0.876130 0.038652 -0.115000
v -0.868330 0.038652 -0.133830
v -0.849500 0.038652 -0.141630
v -0.830670 0.038652 -0.133830
v -0.822870 0.021348 -0.115000
v -0.830670 0.021348 -0.096170
v -0.849500 0.021348 -0.088370
v -0.868330 0.021348 -0.096170
v -0.876130 0.021348 -0.115000
v -0.868330 0.021348 -0.133830
v -0.849500 0.021348 -0.141630
v -0.830670 0.021348 -0.133830
v -0.833042 0.007348 -0.115000
v -0.837862 0.007348 -0.103362
v -0.849500 0.007348 -0.098542
v -0.861138 0.007348 -0.103362
v -0.865958 0.007348 -0.115000
v -0.861138 0.007348 -0.126638
v -0.849500 0.007348 -0.131458
v -0.837862 0.007348 -0.126638
v -0.849500 0.002000 -0.115000
v -0.849500 0.058000 0.115000
v -0.833042 0.052652 0.115000
v -0.837862 0.052652 0.126638
v -0.849500 0.052652 0.131458
v -0.861138 0.052652 0.126638
v -0.865958 0.052652 0.115000
v -0.861138 0.052652 0.103362
v -0.849500 0.052652 0.098542
v -0.837862 0.052652 0.103362
v -0.822870 0.038652 0.115000
v -0.830670 0.038652 0.133830
v -0.849500 0.038652 0.141630
v -0.868330 0.038652 0.133830
v -0.876130 0.038652 0.115000
v -0.868330 0.038652 0.096170
v -0.849500 0.038652 0.088370
v -0.830670 0.038652 0.096170
v -0.822870 0.021348 0.115000
v -0.830670 0.021348 0.133830
v -0.849500 0.021348 0.141630
v -0.868330 0.021348 0.133830
v -0.876130 0.021348 0.115000
v -0.868330 0.021348 0.096170
v -0.849500 0.021348 0.088370
v -0.830670 0.021348 0.096170
v -0.833042 0.007348 0.115000
v -0.837862 0.007348 0.126638
v -0.849500 0.007348 0.131458
v -0.861138 0.007348 0.126638
v -0.865958 0.007348 0.115000
v -0.861138 0.007348 0.103362
v -0.849500 0.007348 0.098542
v -0.837862 0.007348 0.103362
v -0.849500 0.002000 0.115000
v 1.725500 0.058000 -0.115000
v 1.741958 0.052652 -0.115000
v 1.737138 0.052652 -0.103362
v 1.725500 0.052652 -0.098542
v 1.713862 0.052652 -0.103362
v 1.709042 0.052652 -0.115000
v 1.713862 0.052652 -0.126638
v 1.725500 0.052652 -0.131458
v 1.737138 0.052652 -0.126638
v 1.752130 0.038652 -0.115000
v 1.744330 0.038652 -0.096170
v 1.725500 0.038652 -0.088370
v 1.706670 0.038652 -0.096170
v 1.698870 0.038652 -0.115000
v 1.706670 0.038652 -0.133830
v 1.725500 0.038652 -0.141630
v 1.744330 0.038652 -0.133830
v 1.752130 0.021348 -0.115000
v 1.744330 0.021348 -0.096170
v 1.725500 0.021348 -0.088370
v 1.706670 0.021348 -0.096170
v 1.698870 0.021348 -0.115000
v 1.706670 0.021348 -0.133830
v 1.725500 0.021348 -0.141630
v 1.744330 0.021348 -0.133830
v 1.741958 0.007348 -0.115000
v 1.737138 0.007348 -0.103362
v 1.725500 0.007348 -0.098542
v 1.713862 0.007348 -0.103362
v 1.709042 0.007348 -0.115000
v 1.713862 0.007348 -0.126638
v 1.725500 0.007348 -0.131458
v 1.737138 0.007348 -0.126638
v 1.725500 0.002000 -0.115000
v 1.725500 0.058000 0.115000
v 1.741958 0.052652 0.115000
v 1.737138 0.052652 0.126638
v 1.725500 0.052652 0.131458
v 1.713862 0.052652 0.126638
v 1.709042 0.052652 0.115000
v 1.713862 0.052652 0.103362
v 1.725500 0.052652 0.098542
v 1.737138 0.052652 0.103362
v 1.752130 0.038652 0.115000
v 1.744330 0.038652 0.133830
v 1.725500 0.038652 0.141630
v 1.706670 0.038652 0.133830
v 1.698870 0.038652 0.115000
v 1.706670 0.038652 0.096170
v 1.725500 0.038652 0.088370
v 1.744330 0.038652 0.096170
v 1.752130 0.021348 0.115000
v 1.744330 0.021348 0.133830
v 1.725500 0.021348 0.141630
v 1.706670 0.021348 0.133830
v 1.698870 0.021348 0.115000
v 1.706670 0.021348 0.096170
v 1.725500 0.021348 0.088370
v 1.744330 0.021348 0.096170
v 1.741958 0.007348 0.115000
v 1.737138 0.007348 0.126638
v 1.725500 0.007348 0.131458
v 1.713862 0.007348 0.126638
v 1.709042 0.007348 0.115000
v 1.713862 0.007348 0.103362
v 1.725500 0.007348 0.098542
v 1.737138 0.007348 0.103362
v 1.725500 0.002000 0.115000
v 1.750500 0.065360 0.040000
v 1.920500 0.065360 0.040000
v 1.920500 0.065360 -0.500000
v 1.750500 0.065360 -0.500000
v 1.750500 -0.065360 0.040000
v 1.920500 -0.065360 0.040000
v 1.920500 -0.065360 -0.500000
v 1.750500 -0.065360 -0.500000
v 1.754325 0.086000 0.027850
v 1.916675 0.086000 0.027850
v 1.916675 0.086000 -0.487850
v 1.754325 0.086000 -0.487850
v 1.754325 -0.086000 0.027850
v 1.916675 -0.086000 0.027850
v 1.916675 -0.086000 -0.487850
v 1.754325 -0.086000 -0.487850
v 2.030500 0.065360 0.040000
v 2.200500 0.065360 0.040000
v 2.200500 0.065360 -0.620000
v 2.030500 0.065360 -0.620000
v 2.030500 -0.065360 0.040000
v 2.200500 -0.065360 0.040000
v 2.200500 -0.065360 -0.620000
v 2.030500 -0.065360 -0.620000
v 2.034325 0.086000 0.025150
v 2.196675 0.086000 0.025150
v 2.196675 0.086000 -0.605150
v 2.034325 0.086000 -0.605150
v 2.034325 -0.086000 0.025150
v 2.196675 -0.086000 0.025150
v 2.196675 -0.086000 -0.605150
v 2.034325 -0.086000 -0.605150
v 2.330500 0.065360 0.040000
v 2.520500 0.065360 0.040000
v 2.520500 0.065360 -0.430000
v 2.330500 0.065360 -0.430000
v 2.330500 -0.065360 0.040000
v 2.520500 -0.065360 0.040000
v 2.520500 -0.065360 -0.430000
v 2.330500 -0.065360 -0.430000
v 2.334775 0.086000 0.029425
v 2.516225 0.086000 0.029425
v 2.516225 0.086000 -0.419425
v 2.334775 0.086000 -0.419425
v 2.334775 -0.086000 0.029425
v 2.516225 -0.086000 0.029425
v 2.516225 -0.086000 -0.419425
v 2.334775 -0.086000 -0.419425
v 1.835500 -0.068000 -0.350000
v 1.846500 -0.070947 -0.350000
v 1.844399 -0.070947 -0.343534
v 1.838899 -0.070947 -0.339538
v 1.832101 -0.070947 -0.339538
v 1.826601 -0.070947 -0.343534
v 1.824500 -0.070947 -0.350000
v 1.826601 -0.070947 -0.356466
v 1.832101 -0.070947 -0.360462
v 1.838899 -0.070947 -0.360462
v 1.844399 -0.070947 -0.356466
v 1.854553 -0.079000 -0.350000
v 1.850914 -0.079000 -0.338801
v 1.841388 -0.079000 -0.331880
v 1.829612 -0.079000 -0.331880
v 1.820086 -0.079000 -0.338801
v 1.816447 -0.079000 -0.350000
v 1.820086 -0.079000 -0.361199
v 1.829612 -0.079000 -0.368120
v 1.841388 -0.079000 -0.368120
v 1.850914 -0.079000 -0.361199
v 1.857500 -0.090000 -0.350000
v 1.853298 -0.090000 -0.337069
v 1.842298 -0.090000 -0.329077
v 1.828702 -0.090000 -0.329077
v 1.817702 -0.090000 -0.337069
v 1.813500 -0.090000 -0.350000
v 1.817702 -0.090000 -0.362931
v 1.828702 -0.090000 -0.370923
v 1.842298 -0.090000 -0.370923
v 1.853298 -0.090000 -0.362931
v 1.854553 -0.101000 -0.350000
v 1.850914 -0.101000 -0.338801
v 1.841388 -0.101000 -0.331880
v 1.829612 -0.101000 -0.331880
v 1.820086 -0.101000 -0.338801
v 1.816447 -0.101000 -0.350000
v 1.820086 -0.101000 -0.361199
v 1.829612 -0.101000 -0.368120
v 1.841388 -0.101000 -0.368120
v 1.850914 -0.101000 -0.361199
v 1.846500 -0.109053 -0.350000
v 1.844399 -0.109053 -0.343534
v 1.838899 -0.109053 -0.339538
v 1.832101 -0.109053 -0.339538
v 1.826601 -0.109053 -0.343534
v 1.824500 -0.109053 -0.350000
v 1.826601 -0.109053 -0.356466
v 1.832101 -0.109053 -0.360462
v 1.838899 -0.109053 -0.360462
v 1.844399 -0.109053 -0.356466
v 1.835500 -0.112000 -0.350000
v 1.835500 0.112000 -0.350000
v 1.846500 0.109053 -0.350000
v 1.844399 0.109053 -0.343534
v 1.838899 0.109053 -0.339538
v 1.832101 0.109053 -0.339538
v 1.826601 0.109053 -0.343534
v 1.824500 0.109053 -0.350000
v 1.826601 0.109053 -0.356466
v 1.832101 0.109053 -0.360462
v 1.838899 0.109053 -0.360462
v 1.844399 0.109053 -0.356466
v 1.854553 0.101000 -0.350000
v 1.850914 0.101000 -0.338801
v 1.841388 0.101000 -0.331880
v 1.829612 0.101000 -0.331880
v 1.820086 0.101000 -0.338801
v 1.816447 0.101000 -0.350000
v 1.820086 0.101000 -0.361199
v 1.829612 0.101000 -0.368120
v 1.841388 0.101000 -0.368120
v 1.850914 0.101000 -0.361199
v 1.857500 0.090000 -0.350000
v 1.853298 0.090000 -0.337069
v 1.842298 0.090000 -0.329077
v 1.828702 0.090000 -0.329077
v 1.817702 0.090000 -0.337069
v 1.813500 0.090000 -0.350000
v 1.817702 0.090000 -0.362931
v 1.828702 0.090000 -0.370923
v 1.842298 0.090000 -0.370923
v 1.853298 0.090000 -0.362931
v 1.854553 0.079000 -0.350000
v 1.850914 0.079000 -0.338801
v 1.841388 0.079000 -0.331880
v 1.829612 0.079000 -0.331880
v 1.820086 0.079000 -0.338801
v 1.816447 0.079000 -0.350000
v 1.820086 0.079000 -0.361199
v 1.829612 0.079000 -0.368120
v 1.841388 0.079000 -0.368120
v 1.850914 0.079000 -0.361199
v 1.846500 0.070947 -0.350000
v 1.844399 0.070947 -0.343534
v 1.838899 0.070947 -0.339538
v 1.832101 0.070947 -0.339538
v 1.826601 0.070947 -0.343534
v 1.824500 0.070947 -0.350000
v 1.826601 0.070947 -0.356466
v 1.832101 0.070947 -0.360462
v 1.838899 0.070947 -0.360462
v 1.844399 0.070947 -0.356466
v 1.835500 0.068000 -0.350000
v 2.115500 -0.068000 -0.450000
v 2.126500 -0.070947 -0.450000
v 2.124399 -0.070947 -0.443534
v 2.118899 -0.070947 -0.439538
v 2.112101 -0.070947 -0.439538
v 2.106601 -0.070947 -0.443534
v 2.104500 -0.070947 -0.450000
v 2.106601 -0.070947 -0.456466
v 2.112101 -0.070947 -0.460462
v 2.118899 -0.070947 -0.460462
v 2.124399 -0.070947 -0.456466
v 2.134553 -0.079000 -0.450000
v 2.130914 -0.079000 -0.438801
v 2.121388 -0.079000 -0.431880
v 2.109612 -0.079000 -0.431880
v 2.100086 -0.079000 -0.438801
v 2.096447 -0.079000 -0.450000
v 2.100086 -0.079000 -0.461199
v 2.109612 -0.079000 -0.468120
v 2.121388 -0.079000 -0.468120
v 2.130914 -0.079000 -0.461199
v 2.137500 -0.090000 -0.450000
v 2.133298 -0.090000 -0.437069
v 2.122298 -0.090000 -0.429077
v 2.108702 -0.090000 -0.429077
v 2.097702 -0.090000 -0.437069
v 2.093500 -0.090000 -0.450000
v 2.097702 -0.090000 -0.462931
v 2.108702 -0.090000 -0.470923
v 2.122298 -0.090000 -0.470923
v 2.133298 -0.090000 -0.462931
v 2.134553 -0.101000 -0.450000
v 2.130914 -0.101000 -0.438801
v 2.121388 -0.101000 -0.431880
v 2.109612 -0.101000 -0.431880
v 2.100086 -0.101000 -0.438801
v 2.096447 -0.101000 -0.450000
v 2.100086 -0.101000 -0.461199
v 2.109612 -0.101000 -0.468120
v 2.121388 -0.101000 -0.468120
v 2.130914 -0.101000 -0.461199
v 2.126500 -0.109053 -0.450000
v 2.124399 -0.109053 -0.443534
v 2.118899 -0.109053 -0.439538
v 2.112101 -0.109053 -0.439538
v 2.106601 -0.109053 -0.443534
v 2.104500 -0.109053 -0.450000
v 2.106601 -0.109053 -0.456466
v 2.112101 -0.109053 -0.460462
v 2.118899 -0.109053 -0.460462
v 2.124399 -0.109053 -0.456466
v 2.115500 -0.112000 -0.450000
v 2.115500 0.112000 -0.450000
v 2.126500 0.109053 -0.450000
v 2.124399 0.109053 -0.443534
v 2.118899 0.109053 -0.439538
v 2.112101 0.109053 -0.439538
v 2.106601 0.109053 -0.443534
v 2.104500 0.109053 -0.450000
v 2.106601 0.109053 -0.456466
v 2.112101 0.109053 -0.460462
v 2.118899 0.109053 -0.460462
v 2.124399 0.109053 -0.456466
v 2.134553 0.101000 -0.450000
v 2.130914 0.101000 -0.438801
v 2.121388 0.101000 -0.431880
v 2.109612 0.101000 -0.431880
v 2.100086 0.101000 -0.438801
v 2.096447 0.101000 -0.450000
v 2.100086 0.101000 -0.461199
v 2.109612 0.101000 -0.468120
v 2.121388 0.101000 -0.468120
v 2.130914 0.101000 -0.461199
v 2.137500 0.090000 -0.450000
v 2.133298 0.090000 -0.437069
v 2.122298 0.090000 -0.429077
v 2.108702 0.090000 -0.429077
v 2.097702 0.090000 -0.437069
v 2.093500 0.090000 -0.450000
v 2.097702 0.090000 -0.462931
v 2.108702 0.090000 -0.470923
v 2.122298 0.090000 -0.470923
v 2.133298 0.090000 -0.462931
v 2.134553 0.079000 -0.450000
v 2.130914 0.079000 -0.438801
v 2.121388 0.079000 -0.431880
v 2.109612 0.079000 -0.431880
v 2.100086 0.079000 -0.438801
v 2.096447 0.079000 -0.450000
v 2.100086 0.079000 -0.461199
v 2.109612 0.079000 -0.468120
v 2.121388 0.079000 -0.468120
v 2.130914 0.079000 -0.461199
v 2.126500 0.070947 -0.450000
v 2.124399 0.070947 -0.443534
v 2.118899 0.070947 -0.439538
v 2.112101 0.070947 -0.439538
v 2.106601 0.070947 -0.443534
v 2.104500 0.070947 -0.450000
v 2.106601 0.070947 -0.456466
v 2.112101 0.070947 -0.460462
v 2.118899 0.070947 -0.460462
v 2.124399 0.070947 -0.456466
v 2.115500 0.068000 -0.450000
v 2.420500 -0.068000 -0.290000
v 2.431500 -0.070947 -0.290000
v 2.429399 -0.070947 -0.283534
v 2.423899 -0.070947 -0.279538
v 2.417101 -0.070947 -0.279538
v 2.411601 -0.070947 -0.283534
v 2.409500 -0.070947 -0.290000
v 2.411601 -0.070947 -0.296466
v 2.417101 -0.070947 -0.300462
v 2.423899 -0.070947 -0.300462
v 2.429399 -0.070947 -0.296466
v 2.439553 -0.079000 -0.290000
v 2.435914 -0.079000 -0.278801
v 2.426388 -0.079000 -0.271880
v 2.414612 -0.079000 -0.271880
v 2.405086 -0.079000 -0.278801
v 2.401447 -0.079000 -0.290000
v 2.405086 -0.079000 -0.301199
v 2.414612 -0.079000 -0.308120
v 2.426388 -0.079000 -0.308120
v 2.435914 -0.079000 -0.301199
v 2.442500 -0.090000 -0.290000
v 2.438298 -0.090000 -0.277069
v 2.427298 -0.090000 -0.269077
v 2.413702 -0.090000 -0.269077
v 2.402702 -0.090000 -0.277069
v 2.398500 -0.090000 -0.290000
v 2.402702 -0.090000 -0.302931
v 2.413702 -0.090000 -0.310923
v 2.427298 -0.090000 -0.310923
v 2.438298 -0.090000 -0.302931
v 2.439553 -0.101000 -0.290000
v 2.435914 -0.101000 -0.278801
v 2.426388 -0.101000 -0.271880
v 2.414612 -0.101000 -0.271880
v 2.405086 -0.101000 -0.278801
v 2.401447 -0.101000 -0.290000
v 2.405086 -0.101000 -0.301199
v 2.414612 -0.101000 -0.308120
v 2.426388 -0.101000 -0.308120
v 2.435914 -0.101000 -0.301199
v 2.431500 -0.109053 -0.290000
v 2.429399 -0.109053 -0.283534
v 2.423899 -0.109053 -0.279538
v 2.417101 -0.109053 -0.279538
v 2.411601 -0.109053 -0.283534
v 2.409500 -0.109053 -0.290000
v 2.411601 -0.109053 -0.296466
v 2.417101 -0.109053 -0.300462
v 2.423899 -0.109053 -0.300462
v 2.429399 -0.109053 -0.296466
v 2.420500 -0.112000 -0.290000
v 2.420500 0.112000 -0.290000
v 2.431500 0.109053 -0.290000
v 2.429399 0.109053 -0.283534
v 2.423899 0.109053 -0.279538
v 2.417101 0.109053 -0.279538
v 2.411601 0.109053 -0.283534
v 2.409500 0.109053 -0.290000
v 2.411601 0.109053 -0.296466
v 2.417101 0.109053 -0.300462
v 2.423899 0.109053 -0.300462
v 2.429399 0.109053 -0.296466
v 2.439553 0.101000 -0.290000
v 2.435914 0.101000 -0.278801
v 2.426388 0.101000 -0.271880
v 2.414612 0.101000 -0.271880
v 2.405086 0.101000 -0.278801
v 2.401447 0.101000 -0.290000
v 2.405086 0.101000 -0.301199
v 2.414612 0.101000 -0.308120
v 2.426388 0.101000 -0.308120
v 2.435914 0.101000 -0.301199
v 2.442500 0.090000 -0.290000
v 2.438298 0.090000 -0.277069
v 2.427298 0.090000 -0.269077
v 2.413702 0.090000 -0.269077
v 2.402702 0.090000 -0.277069
v 2.398500 0.090000 -0.290000
v 2.402702 0.090000 -0.302931
v 2.413702 0.090000 -0.310923
v 2.427298 0.090000 -0.310923
v 2.438298 0.090000 -0.302931
v 2.439553 0.079000 -0.290000
v 2.435914 0.079000 -0.278801
v 2.426388 0.079000 -0.271880
v 2.414612 0.079000 -0.271880
v 2.405086 0.079000 -0.278801
v 2.401447 0.079000 -0.290000
v 2.405086 0.079000 -0.301199
v 2.414612 0.079000 -0.308120
v 2.426388 0.079000 -0.308120
v 2.435914 0.079000 -0.301199
v 2.431500 0.070947 -0.290000
v 2.429399 0.070947 -0.283534
v 2.423899 0.070947 -0.279538
v 2.417101 0.070947 -0.279538
v 2.411601 0.070947 -0.283534
v 2.409500 0.070947 -0.290000
v 2.411601 0.070947 -0.296466
v 2.417101 0.070947 -0.300462
v 2.423899 0.070947 -0.300462
v 2.429399 0.070947 -0.296466
v 2.420500 0.068000 -0.290000
vt 0.5 0.5
vn 0.963528 0.192262 0.186141
vn 0.963575 0.191667 0.186515
vn 0.820093 0.549771 0.158742
vn 0.820768 0.548420 0.159925
vn 0.550932 0.827617 0.107348
vn 0.552252 0.826504 0.109129
vn 0.194064 0.980239 0.038348
vn 0.194937 0.980013 0.039682
vn -0.193662 0.980276 -0.039422
vn -0.194912 0.979890 -0.042730
vn -0.546852 0.828602 -0.119884
vn -0.548150 0.820364 -0.162892
vn -0.797727 0.554468 -0.237058
vn -0.830901 0.555190 0.036983
vn -0.982779 0.179535 0.043743
vn -0.978251 0.194586 -0.071837
vn -0.979690 -0.187166 -0.071943
vn -0.979852 -0.194905 0.043612
vn -0.851703 -0.522651 0.037909
vn -0.807195 -0.539350 -0.239872
vn -0.533610 -0.830732 -0.158571
vn -0.551495 -0.825370 -0.120902
vn -0.192611 -0.980366 -0.042225
vn -0.194937 -0.980013 -0.039682
vn 0.193662 -0.980276 0.039422
vn 0.194946 -0.980057 0.038523
vn 0.550472 -0.827737 0.108777
vn 0.552343 -0.826640 0.107623
vn 0.819843 -0.549854 0.159745
vn 0.820906 -0.548512 0.158899
vn 0.963458 -0.192274 0.186492
vn 0.963640 -0.191680 0.186162
vn 0.860285 0.194266 0.471349
vn 0.860125 0.193323 0.472028
vn 0.729892 0.553905 0.400558
vn 0.730214 0.551820 0.402842
vn 0.487844 0.830407 0.269132
vn 0.488783 0.828791 0.272391
vn 0.171030 0.980645 0.095312
vn 0.171582 0.980351 0.097316
vn -0.170207 0.980668 -0.096536
vn -0.170653 0.980273 -0.099708
vn -0.480421 0.830906 -0.280697
vn -0.479329 0.826998 -0.293800
vn -0.709123 0.555180 -0.434649
vn -0.701208 0.546752 -0.457570
vn -0.821381 0.195064 -0.535988
vn -0.813383 0.190150 -0.549773
vn -0.812580 -0.195090 -0.549230
vn -0.822080 -0.190821 -0.536444
vn -0.696360 -0.555516 -0.454406
vn -0.712643 -0.548944 -0.436807
vn -0.474005 -0.831209 -0.290536
vn -0.484186 -0.827970 -0.282896
vn -0.168802 -0.980703 -0.098626
vn -0.171582 -0.980351 -0.097316
vn 0.170207 -0.980668 0.096536
vn 0.172124 -0.980394 0.095922
vn 0.486557 -0.830505 0.271151
vn 0.489741 -0.828950 0.270178
vn 0.728957 -0.553984 0.402148
vn 0.731036 -0.551939 0.401185
vn 0.859960 -0.194278 0.471938
vn 0.860446 -0.193340 0.471437
vn 0.772415 0.195082 0.604415
vn 0.772230 0.194638 0.604795
vn 0.654613 0.555555 0.512679
vn 0.654459 0.554609 0.513898
vn 0.436967 0.831462 0.343118
vn 0.437035 0.830788 0.344663
vn 0.153187 0.980785 0.120810
vn 0.153259 0.980678 0.121583
vn -0.152837 0.980785 -0.121249
vn -0.152881 0.980668 -0.122138
vn -0.434059 0.831470 -0.346772
vn -0.433884 0.830593 -0.349085
vn -0.647828 0.555567 -0.521215
vn -0.647167 0.554175 -0.523513
vn -0.762532 0.195086 -0.616836
vn -0.762016 0.194393 -0.617691
vn -0.761910 -0.195084 -0.617605
vn -0.762637 -0.194409 -0.616920
vn -0.646448 -0.555561 -0.522931
vn -0.648507 -0.554260 -0.521761
vn -0.432866 -0.831467 -0.348266
vn -0.434999 -0.830664 -0.347523
vn -0.152421 -0.980785 -0.121770
vn -0.153259 -0.980678 -0.121583
vn 0.152837 -0.980785 0.121249
vn 0.153577 -0.980686 0.121117
vn 0.436239 -0.831466 0.344035
vn 0.437715 -0.830827 0.343705
vn 0.653961 -0.555559 0.513507
vn 0.655092 -0.554644 0.513054
vn 0.772161 -0.195083 0.604740
vn 0.772484 -0.194643 0.604468
vn 0.761021 0.194656 0.618834
vn 0.761336 0.195083 0.618312
vn 0.645881 0.554697 0.524547
vn 0.646297 0.555560 0.523118
vn 0.432485 0.830913 0.350057
vn 0.432617 0.831466 0.348578
vn 0.152209 0.980710 0.122641
vn 0.152194 0.980785 0.122055
vn -0.152469 0.980715 -0.122275
vn -0.152438 0.980785 -0.121749
vn -0.434634 0.831018 -0.347133
vn -0.434631 0.831470 -0.346055
vn -0.650806 0.554930 -0.518174
vn -0.650953 0.555570 -0.517304
vn -0.767898 0.194788 -0.610238
vn -0.768041 0.195090 -0.609961
vn -0.768088 -0.194791 -0.609998
vn -0.767851 -0.195090 -0.610201
vn -0.651277 -0.554950 -0.517561
vn -0.650472 -0.555570 -0.517908
vn -0.435132 -0.831041 -0.346454
vn -0.434107 -0.831470 -0.346712
vn -0.152696 -0.980720 -0.121955
vn -0.152194 -0.980785 -0.122055
vn 0.152469 -0.980715 0.122275
vn 0.151915 -0.980785 0.122405
vn 0.433217 -0.830950 0.349062
vn 0.431846 -0.831463 0.349540
vn 0.646723 -0.554739 0.523463
vn 0.645436 -0.555555 0.524185
vn 0.761401 -0.194664 0.618365
vn 0.760956 -0.195082 0.618780
vn 0.828221 0.193802 0.525824
vn 0.829557 0.194838 0.523329
vn 0.704645 0.553055 0.444528
vn 0.706265 0.554925 0.439599
vn 0.473583 0.829957 0.294771
vn 0.473984 0.830950 0.291311
vn 0.167054 0.980587 0.102672
vn 0.166993 0.980700 0.101695
vn -0.167406 0.980603 -0.101947
vn -0.167294 0.980693 -0.101266
vn -0.476791 0.830286 -0.288611
vn -0.476601 0.830803 -0.287433
vn -0.712982 0.553863 -0.429992
vn -0.712967 0.554550 -0.429131
vn -0.840452 0.194273 -0.505864
vn -0.840538 0.194588 -0.505600
vn -0.840591 -0.194278 -0.505631
vn -0.840398 -0.194592 -0.505831
vn -0.713340 -0.553894 -0.429356
vn -0.712576 -0.554574 -0.429747
vn -0.477211 -0.830326 -0.287801
vn -0.476092 -0.830833 -0.288188
vn -0.167636 -0.980613 -0.101473
vn -0.166993 -0.980700 -0.101695
vn 0.167406 -0.980603 0.101947
vn 0.166532 -0.980710 0.102351
vn 0.475048 -0.830112 0.291965
vn 0.472215 -0.831038 0.293919
vn 0.707176 -0.553314 0.440166
vn 0.703520 -0.555053 0.443819
vn 0.829720 -0.193864 0.523432
vn 0.828043 -0.194865 0.525711
vn 0.932539 0.194901 0.303949
vn 0.931246 0.193547 0.308741
vn 0.789530 0.555091 0.261758
vn 0.788381 0.552859 0.269821
vn 0.526283 0.831014 0.180119
vn 0.526420 0.829887 0.184851
vn 0.184476 0.980700 0.064778
vn 0.184722 0.980576 0.065947
vn -0.184201 0.980686 -0.065761
vn -0.184452 0.980588 -0.066513
vn -0.523671 0.830729 -0.188836
vn -0.524103 0.830168 -0.190100
vn -0.782370 0.554408 -0.283777
vn -0.782556 0.553665 -0.284712
vn -0.921789 0.194509 -0.335369
vn -0.921750 0.194167 -0.335673
vn -0.921687 -0.194504 -0.335650
vn -0.921853 -0.194162 -0.335392
vn -0.782110 -0.554378 -0.284550
vn -0.782858 -0.553628 -0.283954
vn -0.523369 -0.830692 -0.189833
vn -0.524526 -0.830119 -0.189144
vn -0.184032 -0.980677 -0.066362
vn -0.184722 -0.980576 -0.065947
vn 0.184201 -0.980686 0.065761
vn 0.185163 -0.980555 0.065020
vn 0.525018 -0.830884 0.184359
vn 0.528205 -0.829650 0.180776
vn 0.787103 -0.554889 0.269384
vn 0.791228 -0.552400 0.262321
vn 0.931000 -0.194856 0.308660
vn 0.932817 -0.193423 0.304040
vn 0.964130 0.195075 0.179997
vn 0.964029 0.194423 0.181242
vn 0.817171 0.555544 0.153632
vn 0.817474 0.554307 0.156462
vn 0.545679 0.831461 0.104441
vn 0.546345 0.830708 0.106918
vn 0.191460 0.980785 0.037468
vn 0.191798 0.980686 0.038331
vn -0.191307 0.980785 -0.038233
vn -0.191628 0.980694 -0.038952
vn -0.544438 0.831468 -0.110667
vn -0.545027 0.830887 -0.112124
vn -0.814418 0.555565 -0.167543
vn -0.814726 0.554736 -0.168792
vn -0.960392 0.195086 -0.198971
vn -0.960377 0.194689 -0.199429
vn -0.960300 -0.195085 -0.199413
vn -0.960470 -0.194683 -0.198987
vn -0.814186 -0.555561 -0.168680
vn -0.814984 -0.554700 -0.167659
vn -0.544180 -0.831466 -0.111949
vn -0.545350 -0.830846 -0.110852
vn -0.191182 -0.980785 -0.038861
vn -0.191798 -0.980686 -0.038331
vn 0.191307 -0.980785 0.038233
vn 0.192005 -0.980674 0.037575
vn 0.545231 -0.831467 0.106700
vn 0.546907 -0.830624 0.104677
vn 0.816655 -0.555557 0.156306
vn 0.818050 -0.554202 0.153797
vn 0.963901 -0.195078 0.181218
vn 0.964261 -0.194403 0.180022
vn 0.960502 0.194750 0.198766
vn 0.960515 0.195087 0.198375
vn 0.814746 0.554865 0.168269
vn 0.814486 0.555566 0.167210
vn 0.544939 0.830979 0.111873
vn 0.544442 0.831468 0.110649
vn 0.191556 0.980709 0.038931
vn 0.191287 0.980785 0.038335
vn -0.191694 0.980703 -0.038416
vn -0.191411 0.980785 -0.037712
vn -0.546008 0.830844 -0.107575
vn -0.545451 0.831465 -0.105594
vn -0.816985 0.554545 -0.158160
vn -0.816726 0.555555 -0.155938
vn -0.963487 0.194554 -0.183959
vn -0.963564 0.195081 -0.182995
vn -0.963670 -0.194540 -0.183015
vn -0.963384 -0.195083 -0.183940
vn -0.817436 -0.554472 -0.156074
vn -0.816319 -0.555563 -0.158031
vn -0.546450 -0.830784 -0.105787
vn -0.545093 -0.831468 -0.107395
vn -0.191859 -0.980694 -0.037800
vn -0.191287 -0.980785 -0.038335
vn 0.191694 -0.980703 0.038416
vn 0.191183 -0.980785 0.038855
vn 0.545206 -0.830947 0.110804
vn 0.544225 -0.831466 0.111727
vn 0.814963 -0.554837 0.167308
vn 0.814289 -0.555563 0.168175
vn 0.960581 -0.194746 0.198389
vn 0.960437 -0.195086 0.198752
vn 0.926307 0.194368 0.322763
vn 0.926336 0.194620 0.322530
vn 0.786172 0.554081 0.273728
vn 0.786032 0.554627 0.273024
vn 0.526243 0.830456 0.182788
vn 0.525922 0.830863 0.181858
vn 0.185101 0.980633 0.064006
vn 0.184915 0.980703 0.063470
vn -0.185284 0.980625 -0.063596
vn -0.185096 0.980711 -0.062806
vn -0.527784 0.830284 -0.179086
vn -0.527589 0.831038 -0.176141
vn -0.789913 0.553615 -0.263720
vn -0.790398 0.555037 -0.259238
vn -0.932138 0.194034 -0.305726
vn -0.932757 0.194855 -0.303308
vn -0.932922 -0.193983 -0.303361
vn -0.931989 -0.194830 -0.305677
vn -0.791432 -0.553404 -0.259577
vn -0.789086 -0.554925 -0.263444
vn -0.528832 -0.830159 -0.176556
vn -0.526827 -0.830962 -0.178762
vn -0.185565 -0.980613 -0.062965
vn -0.184915 -0.980703 -0.063470
vn 0.185284 -0.980625 0.063596
vn 0.184797 -0.980697 0.063901
vn 0.526542 -0.830424 0.182073
vn 0.525704 -0.830839 0.182600
vn 0.786391 -0.554056 0.273149
vn 0.785842 -0.554607 0.273613
vn 0.926383 -0.194364 0.322547
vn 0.926261 -0.194617 0.322747
vn 0.856176 0.194641 0.478620
vn 0.856106 0.194381 0.478850
vn 0.726200 0.554656 0.406189
vn 0.726219 0.554092 0.406925
vn 0.485449 0.830872 0.272014
vn 0.485616 0.830447 0.273010
vn 0.170424 0.980702 0.095811
vn 0.170522 0.980628 0.096384
vn -0.170178 0.980707 -0.096190
vn -0.170237 0.980616 -0.097012
vn -0.483316 0.830992 -0.275423
vn -0.483027 0.830188 -0.278339
vn -0.720771 0.554964 -0.415336
vn -0.719521 0.553458 -0.419492
vn -0.847341 0.194845 -0.494013
vn -0.846299 0.194013 -0.496121
vn -0.846153 -0.194868 -0.496036
vn -0.847475 -0.194061 -0.494091
vn -0.718595 -0.555069 -0.418952
vn -0.721525 -0.553658 -0.415770
vn -0.481895 -0.831064 -0.277686
vn -0.484201 -0.830309 -0.275928
vn -0.169804 -0.980716 -0.096765
vn -0.170522 -0.980628 -0.096384
vn 0.170178 -0.980707 0.096190
vn 0.170710 -0.980636 0.095972
vn 0.485032 -0.830896 0.272682
vn 0.485960 -0.830479 0.272300
vn 0.725879 -0.554676 0.406735
vn 0.726514 -0.554117 0.406365
vn 0.856061 -0.194644 0.478825
vn 0.856221 -0.194385 0.478645
vn 0.788502 0.195087 0.583272
vn 0.788342 0.194771 0.583593
vn 0.668284 0.555564 0.494716
vn 0.668109 0.554892 0.495706
vn 0.446177 0.831467 0.331042
vn 0.446156 0.830988 0.332269
vn 0.156467 0.980785 0.116527
vn 0.156486 0.980710 0.117137
vn -0.156181 0.980785 -0.116908
vn -0.156175 0.980702 -0.117609
vn -0.443805 0.831469 -0.334211
vn -0.443573 0.830850 -0.336053
vn -0.662752 0.555564 -0.502104
vn -0.662156 0.554584 -0.503971
vn -0.780449 0.195085 -0.594004
vn -0.780025 0.194598 -0.594721
vn -0.779948 -0.195083 -0.594662
vn -0.780524 -0.194609 -0.594062
vn -0.661638 -0.555559 -0.503577
vn -0.663241 -0.554644 -0.502475
vn -0.442839 -0.831466 -0.335497
vn -0.444483 -0.830901 -0.334722
vn -0.155844 -0.980785 -0.117359
vn -0.156486 -0.980710 -0.117137
vn 0.156181 -0.980785 0.116908
vn 0.156749 -0.980715 0.116737
vn 0.445580 -0.831469 0.331841
vn 0.446718 -0.831016 0.331444
vn 0.667748 -0.555566 0.495438
vn 0.668632 -0.554917 0.494973
vn 0.788292 -0.195087 0.583555
vn 0.788552 -0.194775 0.583309
vn 0.778407 0.194476 0.596876
vn 0.778959 0.195080 0.595959
vn 0.661018 0.554344 0.505725
vn 0.661800 0.555560 0.503363
vn 0.443105 0.830706 0.337024
vn 0.443416 0.831468 0.334729
vn 0.156111 0.980684 0.117846
vn 0.156123 0.980785 0.116987
vn -0.156490 0.980694 -0.117262
vn -0.156468 0.980785 -0.116526
vn -0.446271 0.830894 -0.332351
vn -0.446294 0.831467 -0.330885
vn -0.668353 0.554764 -0.495521
vn -0.668557 0.555563 -0.494350
vn -0.788672 0.194712 -0.583167
vn -0.788859 0.195086 -0.582789
vn -0.788918 -0.194717 -0.582832
vn -0.788612 -0.195087 -0.583123
vn -0.668968 -0.554796 -0.494654
vn -0.667923 -0.555566 -0.495203
vn -0.446938 -0.830930 -0.331363
vn -0.445582 -0.831469 -0.331838
vn -0.156805 -0.980701 -0.116777
vn -0.156123 -0.980785 -0.116987
vn 0.156490 -0.980694 0.117262
vn 0.155707 -0.980785 0.117542
vn 0.444240 -0.830777 0.335352
vn 0.442205 -0.831463 0.336340
vn 0.662400 -0.554430 0.503820
vn 0.660379 -0.555550 0.505237
vn 0.779052 -0.194492 0.596030
vn 0.778312 -0.195078 0.596804
vn 0.846728 0.193457 0.495607
vn 0.848839 0.194870 0.491425
vn 0.721373 0.552454 0.417630
vn 0.723778 0.554931 0.410118
vn 0.485696 0.829673 0.275212
vn 0.486220 0.830917 0.270492
vn 0.171484 0.980557 0.095399
vn 0.171392 0.980691 0.094176
vn -0.171887 0.980579 -0.094448
vn -0.171735 0.980683 -0.093641
vn -0.489517 0.830138 -0.266915
vn -0.489256 0.830728 -0.265556
vn -0.731885 0.553658 -0.397250
vn -0.731833 0.554432 -0.396265
vn -0.862627 0.194177 -0.467086
vn -0.862713 0.194530 -0.466781
vn -0.862773 -0.194182 -0.466814
vn -0.862565 -0.194535 -0.467052
vn -0.732263 -0.553696 -0.396498
vn -0.731415 -0.554462 -0.396994
vn -0.489963 -0.830188 -0.265940
vn -0.488697 -0.830765 -0.266468
vn -0.172137 -0.980591 -0.093860
vn -0.171392 -0.980691 -0.094176
vn 0.171887 -0.980579 0.094448
vn 0.170837 -0.980705 0.095040
vn 0.487538 -0.829905 0.271226
vn 0.483921 -0.831042 0.274207
vn 0.724958 -0.552892 0.410787
vn 0.719839 -0.555120 0.416742
vn 0.849061 -0.193573 0.491554
vn 0.846480 -0.194911 0.495461
vn 0.943353 0.194853 0.268547
vn 0.942687 0.193806 0.271626
vn 0.799317 0.555020 0.230316
vn 0.798932 0.553223 0.235904
vn 0.533493 0.831006 0.157527
vn 0.533892 0.830062 0.161109
vn 0.187164 0.980704 0.056479
vn 0.187440 0.980596 0.057421
vn -0.186977 0.980693 -0.057279
vn -0.187236 0.980606 -0.057911
vn -0.531740 0.830786 -0.164463
vn -0.532187 0.830283 -0.165550
vn -0.794623 0.554502 -0.247187
vn -0.794835 0.553831 -0.248010
vn -0.936367 0.194557 -0.292171
vn -0.936346 0.194247 -0.292444
vn -0.936288 -0.194553 -0.292426
vn -0.936427 -0.194242 -0.292190
vn -0.794424 -0.554477 -0.247881
vn -0.795070 -0.553799 -0.247326
vn -0.531516 -0.830755 -0.165341
vn -0.532514 -0.830242 -0.164702
vn -0.186857 -0.980686 -0.057793
vn -0.187440 -0.980596 -0.057421
vn 0.186977 -0.980693 0.057279
vn 0.187757 -0.980580 0.056658
vn 0.532684 -0.830909 0.160744
vn 0.535080 -0.829896 0.157995
vn 0.797877 -0.554877 0.235593
vn 0.800650 -0.552935 0.230700
vn 0.942493 -0.194822 0.271571
vn 0.943566 -0.193735 0.268608
vn 0.969078 0.195080 0.151102
vn 0.969060 0.194609 0.151820
vn 0.821462 0.555551 0.128696
vn 0.821814 0.554637 0.130381
vn 0.548720 0.831461 0.087054
vn 0.549337 0.830890 0.088603
vn 0.192604 0.980785 0.031065
vn 0.192904 0.980707 0.031635
vn -0.192520 0.980785 -0.031572
vn -0.192805 0.980713 -0.032069
vn -0.548041 0.831470 -0.091156
vn -0.548579 0.830999 -0.092205
vn -0.819968 0.555570 -0.137820
vn -0.820272 0.554891 -0.138746
vn -0.967049 0.195090 -0.163573
vn -0.967056 0.194762 -0.163920
vn -0.966992 -0.195090 -0.163909
vn -0.967114 -0.194758 -0.163584
vn -0.819825 -0.555569 -0.138671
vn -0.820431 -0.554867 -0.137898
vn -0.547885 -0.831469 -0.092088
vn -0.548775 -0.830972 -0.091278
vn -0.192446 -0.980785 -0.032010
vn -0.192904 -0.980707 -0.031635
vn 0.192520 -0.980785 0.031572
vn 0.193019 -0.980701 0.031132
vn 0.548487 -0.831466 0.088466
vn 0.549630 -0.830845 0.087199
vn 0.821207 -0.555558 0.130285
vn 0.822100 -0.554584 0.128796
vn 0.968968 -0.195081 0.151806
vn 0.969172 -0.194599 0.151117
vn 0.965797 0.194604 0.171363
vn 0.965783 0.195081 0.170898
vn 0.819413 0.554561 0.144997
vn 0.818961 0.555557 0.143733
vn 0.548240 0.830768 0.096220
vn 0.547437 0.831465 0.094753
vn 0.192770 0.980676 0.033366
vn 0.192340 0.980785 0.032649
vn -0.192925 0.980667 -0.032748
vn -0.192465 0.980785 -0.031898
vn -0.549413 0.830575 -0.091055
vn -0.548457 0.831466 -0.088649
vn -0.821783 0.554103 -0.132828
vn -0.821235 0.555557 -0.130116
vn -0.968852 0.194323 -0.153504
vn -0.968886 0.195082 -0.152323
vn -0.969039 -0.194302 -0.152347
vn -0.968703 -0.195084 -0.153481
vn -0.822262 -0.553996 -0.130279
vn -0.820820 -0.555565 -0.132672
vn -0.549901 -0.830487 -0.088882
vn -0.548094 -0.831469 -0.090836
vn -0.193110 -0.980655 -0.032004
vn -0.192340 -0.980785 -0.032649
vn 0.192925 -0.980667 0.032748
vn 0.192235 -0.980785 0.033273
vn 0.548531 -0.830722 0.094943
vn 0.547220 -0.831461 0.096041
vn 0.819642 -0.554521 0.143852
vn 0.818762 -0.555552 0.144882
vn 0.965878 -0.194598 0.170914
vn 0.965704 -0.195081 0.171346
vn 0.923765 0.193320 0.330585
vn 0.923816 0.194237 0.329904
vn 0.785338 0.551897 0.280452
vn 0.784694 0.553899 0.278301
vn 0.527189 0.828923 0.186974
vn 0.525832 0.830450 0.183995
vn 0.186007 0.980390 0.065086
vn 0.185210 0.980661 0.063261
vn -0.186687 0.980348 -0.063765
vn -0.185839 0.980697 -0.060803
vn -0.533015 0.827939 -0.174392
vn -0.532064 0.831188 -0.161354
vn -0.799949 0.548845 -0.242593
vn -0.802639 0.555517 -0.217189
vn -0.947572 0.190690 -0.256407
vn -0.951159 0.195090 -0.239241
vn -0.952139 -0.189938 -0.239487
vn -0.946742 -0.195064 -0.256182
vn -0.808400 -0.546478 -0.218748
vn -0.795955 -0.555149 -0.241382
vn -0.538104 -0.826930 -0.163186
vn -0.528886 -0.830865 -0.173041
vn -0.187869 -0.980269 -0.061467
vn -0.185210 -0.980661 -0.063261
vn 0.186687 -0.980348 0.063765
vn 0.184846 -0.980637 0.064680
vn 0.528194 -0.828766 0.184821
vn 0.525189 -0.830350 0.186265
vn 0.786019 -0.551780 0.278771
vn 0.784136 -0.553821 0.280023
vn 0.923990 -0.193302 0.329966
vn 0.923596 -0.194225 0.330524
vn 0.782946 0.192060 0.591699
vn 0.783043 0.192516 0.591423
vn 0.666801 0.549307 0.503626
vn 0.666743 0.550332 0.502582
vn 0.448710 0.827199 0.338232
vn 0.448415 0.828029 0.336588
vn 0.158576 0.980146 0.119030
vn 0.158430 0.980308 0.117880
vn -0.159197 0.980115 -0.118451
vn -0.159380 0.980368 -0.116086
vn -0.455178 0.826377 -0.331534
vn -0.462772 0.829860 -0.311728
vn -0.695412 0.544947 -0.468438
vn -0.598571 0.109169 0.793596
vn 0.601785 0.035750 -0.797858
vn -0.665729 0.183956 -0.723164
vn -0.664273 -0.195090 -0.721583
vn 0.601848 0.032677 -0.797942
vn 0.597869 -0.119308 -0.792666
vn -0.690932 -0.553170 -0.465420
vn -0.469609 -0.824258 -0.316334
vn -0.452510 -0.828616 -0.329591
vn -0.160700 -0.980038 -0.117048
vn -0.158430 -0.980308 -0.117880
vn 0.159197 -0.980115 0.118451
vn 0.158035 -0.980282 0.118624
vn 0.449508 -0.827102 0.337409
vn 0.447835 -0.827942 0.337572
vn 0.667317 -0.549240 0.503015
vn 0.666294 -0.550271 0.503243
vn 0.783116 -0.192050 0.591478
vn 0.782876 -0.192507 0.591647
vn 0.530277 0.192842 0.825602
vn 0.530044 0.192281 0.825882
vn 0.450747 0.550967 0.702326
vn 0.450367 0.549706 0.703557
vn 0.301970 0.828420 0.471735
vn 0.301618 0.827403 0.473741
vn 0.105933 0.980354 0.166386
vn 0.105635 0.980156 0.167738
vn -0.105037 0.980382 -0.166788
vn -0.103992 0.980075 -0.169229
vn -0.292709 0.829113 -0.476333
vn -0.280674 0.824876 -0.490715
vn -0.413501 0.553509 -0.722941
vn -0.299753 0.526741 -0.795419
vn -0.345885 0.194800 -0.917833
vn 0.682716 0.014994 -0.730530
vn 0.680723 -0.077805 -0.728397
vn -0.346789 -0.181413 -0.920232
vn -0.293350 -0.554975 -0.778427
vn -0.416005 -0.545845 -0.727319
vn -0.276861 -0.830088 -0.484047
vn -0.294632 -0.826625 -0.479462
vn -0.103042 -0.980441 -0.167682
vn -0.105635 -0.980156 -0.167738
vn 0.105037 -0.980382 0.166788
vn 0.106370 -0.980190 0.167072
vn 0.300734 -0.828518 0.472352
vn 0.302690 -0.827517 0.472858
vn 0.449893 -0.551038 0.702818
vn 0.451168 -0.549786 0.702982
vn 0.529984 -0.192852 0.825788
vn 0.530335 -0.192292 0.825693
vn 0.283431 0.194454 0.939071
vn 0.282931 0.193661 0.939386
vn 0.240035 0.554285 0.796964
vn 0.238889 0.552546 0.798514
vn 0.159587 0.830648 0.533438
vn 0.158286 0.829324 0.535879
vn 0.055420 0.980676 0.187626
vn 0.054657 0.980443 0.189061
vn -0.054312 0.980692 -0.187866
vn -0.053007 0.980395 -0.189779
vn -0.149651 0.830982 -0.535792
vn -0.143721 0.828288 -0.541557
vn -0.213355 0.555116 -0.803944
vn -0.202565 0.549926 -0.810277
vn -0.237876 0.194981 -0.951524
vn -0.231262 0.192118 -0.953734
vn -0.231127 -0.195021 -0.953177
vn -0.238002 -0.192349 -0.952028
vn -0.201693 -0.555346 -0.806791
vn -0.214083 -0.550842 -0.806686
vn -0.142624 -0.831166 -0.537421
vn -0.150526 -0.828797 -0.538923
vn -0.052577 -0.980714 -0.188242
vn -0.054657 -0.980443 -0.189061
vn 0.054312 -0.980692 0.187866
vn 0.055709 -0.980472 0.188602
vn 0.157698 -0.830718 0.533890
vn 0.160102 -0.829440 0.535161
vn 0.238546 -0.554343 0.797370
vn 0.240351 -0.552635 0.798014
vn 0.282885 -0.194463 0.939234
vn 0.283476 -0.193674 0.939219
vn 0.144598 0.195085 0.970069
vn 0.144278 0.194716 0.970190
vn 0.122305 0.555560 0.822432
vn 0.121542 0.554779 0.823072
vn 0.081162 0.831465 0.549618
vn 0.080361 0.830912 0.550570
vn 0.028177 0.980785 0.193047
vn 0.027806 0.980698 0.193539
vn -0.027744 0.980785 -0.193108
vn -0.027309 0.980692 -0.193644
vn -0.077583 0.831470 -0.550127
vn -0.076325 0.830780 -0.551343
vn -0.114018 0.555569 -0.823616
vn -0.112541 0.554485 -0.824549
vn -0.132635 0.195088 -0.971776
vn -0.131952 0.194551 -0.971977
vn -0.131938 -0.195088 -0.971871
vn -0.132650 -0.194561 -0.971880
vn -0.112443 -0.555566 -0.823834
vn -0.114112 -0.554540 -0.824296
vn -0.076184 -0.831469 -0.550323
vn -0.077717 -0.830827 -0.551078
vn -0.027243 -0.980785 -0.193179
vn -0.027806 -0.980698 -0.193539
vn 0.027744 -0.980785 0.193108
vn 0.028236 -0.980704 0.193448
vn 0.080241 -0.831467 0.549749
vn 0.081276 -0.830940 0.550393
vn 0.121466 -0.555563 0.822555
vn 0.122379 -0.554804 0.822931
vn 0.144267 -0.195085 0.970118
vn 0.144609 -0.194720 0.970140
vn 0.129925 0.194750 0.972210
vn 0.130352 0.195086 0.972085
vn 0.110568 0.554883 0.824548
vn 0.111507 0.555564 0.823963
vn 0.074594 0.831029 0.551205
vn 0.075420 0.831467 0.550431
vn 0.026525 0.980725 0.193586
vn 0.026822 0.980785 0.193238
vn -0.026861 0.980728 -0.193521
vn -0.027124 0.980785 -0.193196
vn -0.077318 0.831100 -0.550722
vn -0.077900 0.831470 -0.550082
vn -0.116634 0.555042 -0.823605
vn -0.117196 0.555570 -0.823169
vn -0.138249 0.194840 -0.971043
vn -0.138486 0.195090 -0.970959
vn -0.138493 -0.194842 -0.971008
vn -0.138242 -0.195090 -0.970994
vn -0.117244 -0.555057 -0.823508
vn -0.116585 -0.555570 -0.823256
vn -0.077974 -0.831117 -0.550605
vn -0.077241 -0.831470 -0.550175
vn -0.027161 -0.980732 -0.193463
vn -0.026822 -0.980785 -0.193238
vn 0.026861 -0.980728 0.193521
vn 0.026484 -0.980785 0.193286
vn 0.075504 -0.831053 0.551044
vn 0.074507 -0.831465 0.550558
vn 0.111565 -0.554911 0.824395
vn 0.110507 -0.555561 0.824100
vn 0.130360 -0.194755 0.972151
vn 0.129916 -0.195085 0.972144
vn 0.235102 0.194162 0.952380
vn 0.236547 0.194851 0.951882
vn 0.200821 0.553726 0.808120
vn 0.203465 0.555010 0.806577
vn 0.136309 0.830322 0.540357
vn 0.138030 0.831042 0.538811
vn 0.048606 0.980631 0.189738
vn 0.049052 0.980717 0.189180
vn -0.049148 0.980641 -0.189548
vn -0.049445 0.980712 -0.189102
vn -0.140899 0.830523 -0.538868
vn -0.141443 0.830944 -0.538076
vn -0.211617 0.554199 -0.805035
vn -0.212100 0.554766 -0.804517
vn -0.250061 0.194433 -0.948507
vn -0.250265 0.194695 -0.948399
vn -0.250278 -0.194436 -0.948449
vn -0.250048 -0.194698 -0.948456
vn -0.212192 -0.554223 -0.804867
vn -0.211518 -0.554784 -0.804658
vn -0.141591 -0.830552 -0.538642
vn -0.140732 -0.830965 -0.538230
vn -0.049527 -0.980647 -0.189414
vn -0.049052 -0.980717 -0.189180
vn 0.049148 -0.980641 0.189548
vn 0.048491 -0.980723 0.189291
vn 0.138264 -0.830410 0.539725
vn 0.136027 -0.831095 0.539238
vn 0.203653 -0.553857 0.807322
vn 0.200604 -0.555081 0.807244
vn 0.236578 -0.194191 0.952009
vn 0.235068 -0.194866 0.952245
vn 0.428014 0.194870 0.882513
vn 0.425958 0.194003 0.883698
vn 0.361175 0.555073 0.749298
vn 0.357726 0.553550 0.752074
vn 0.238898 0.831066 0.502253
vn 0.236916 0.830245 0.504544
vn 0.083070 0.980716 0.176908
vn 0.082620 0.980620 0.177647
vn -0.082436 0.980707 -0.177252
vn -0.082167 0.980629 -0.177809
vn -0.233417 0.830890 -0.505113
vn -0.232941 0.830430 -0.506088
vn -0.347902 0.554664 -0.755852
vn -0.347458 0.554045 -0.756509
vn -0.409392 0.194637 -0.891355
vn -0.409186 0.194351 -0.891512
vn -0.409163 -0.194634 -0.891461
vn -0.409416 -0.194346 -0.891408
vn -0.347292 -0.554642 -0.756148
vn -0.348082 -0.554017 -0.756243
vn -0.232671 -0.830863 -0.505500
vn -0.233727 -0.830394 -0.505784
vn -0.082015 -0.980701 -0.177481
vn -0.082620 -0.980620 -0.177647
vn 0.082436 -0.980707 0.177252
vn 0.083301 -0.980607 0.177402
vn 0.236443 -0.830991 0.503537
vn 0.239506 -0.830116 0.503532
vn 0.357321 -0.554966 0.751222
vn 0.361676 -0.553340 0.750337
vn 0.425886 -0.194847 0.883547
vn 0.428093 -0.193954 0.882677
vn 0.532817 0.195082 0.823437
vn 0.532157 0.194585 0.823982
vn 0.451099 0.555556 0.698474
vn 0.449850 0.554598 0.700040
vn 0.300350 0.831465 0.467393
vn 0.299433 0.830873 0.469031
vn 0.104979 0.980785 0.164439
vn 0.104703 0.980706 0.165086
vn -0.104489 0.980785 -0.164749
vn -0.104271 0.980712 -0.165323
vn -0.296380 0.831469 -0.469913
vn -0.295888 0.830994 -0.471061
vn -0.442264 0.555567 -0.704094
vn -0.441721 0.554886 -0.704971
vn -0.520759 0.195088 -0.831114
vn -0.520486 0.194760 -0.831362
vn -0.520452 -0.195087 -0.831307
vn -0.520794 -0.194756 -0.831170
vn -0.441480 -0.555565 -0.704587
vn -0.442515 -0.554860 -0.704494
vn -0.295512 -0.831467 -0.470462
vn -0.296782 -0.830965 -0.470550
vn -0.104075 -0.980785 -0.165012
vn -0.104703 -0.980706 -0.165086
vn 0.104489 -0.980785 0.164749
vn 0.105213 -0.980698 0.164806
vn 0.298954 -0.831468 0.468281
vn 0.300871 -0.830819 0.468205
vn 0.449502 -0.555563 0.699499
vn 0.451469 -0.554535 0.699047
vn 0.532103 -0.195084 0.823899
vn 0.532872 -0.194573 0.823522
vn 0.520885 0.194812 0.831100
vn 0.521117 0.195088 0.830890
vn 0.441986 0.554993 0.704721
vn 0.442445 0.555567 0.703980
vn 0.295950 0.831070 0.470889
vn 0.296360 0.831469 0.469926
vn 0.104232 0.980724 0.165277
vn 0.104411 0.980785 0.164799
vn -0.104588 0.980719 -0.165079
vn -0.104810 0.980785 -0.164546
vn -0.298868 0.830978 -0.469205
vn -0.299593 0.831467 -0.467875
vn -0.448655 0.554778 -0.700664
vn -0.449635 0.555562 -0.699413
vn -0.530422 0.194682 -0.825077
vn -0.530939 0.195086 -0.824649
vn -0.530983 -0.194673 -0.824718
vn -0.530378 -0.195087 -0.825009
vn -0.449935 -0.554733 -0.699879
vn -0.448371 -0.555566 -0.700221
vn -0.300018 -0.830940 -0.468538
vn -0.298474 -0.831469 -0.468586
vn -0.105003 -0.980714 -0.164848
vn -0.104411 -0.980785 -0.164799
vn 0.104588 -0.980719 0.165079
vn 0.104068 -0.980785 0.165016
vn 0.296696 -0.831047 0.470459
vn 0.295633 -0.831468 0.470386
vn 0.442656 -0.554973 0.704316
vn 0.441783 -0.555566 0.704397
vn 0.521146 -0.194808 0.830937
vn 0.520856 -0.195088 0.831054
vn 0.420081 0.194513 0.886395
vn 0.420236 0.194723 0.886276
vn 0.356572 0.554380 0.752010
vn 0.356903 0.554832 0.751519
vn 0.238852 0.830661 0.502944
vn 0.239197 0.830994 0.502229
vn 0.084149 0.980664 0.176683
vn 0.084336 0.980720 0.176284
vn -0.084468 0.980659 -0.176560
vn -0.084764 0.980725 -0.176048
vn -0.241614 0.830547 -0.501810
vn -0.242837 0.831103 -0.500299
vn -0.363504 0.554088 -0.748900
vn -0.365492 0.555082 -0.747194
vn -0.431026 0.194316 -0.881168
vn -0.432161 0.194864 -0.880491
vn -0.432211 -0.194293 -0.880593
vn -0.430980 -0.194852 -0.881073
vn -0.365814 -0.553983 -0.747852
vn -0.363233 -0.555021 -0.748340
vn -0.243245 -0.830477 -0.501139
vn -0.241284 -0.831058 -0.501124
vn -0.084926 -0.980651 -0.176384
vn -0.084336 -0.980720 -0.176284
vn 0.084468 -0.980659 0.176560
vn 0.084037 -0.980716 0.176448
vn 0.239426 -0.830638 0.502709
vn 0.238650 -0.830976 0.502518
vn 0.357038 -0.554362 0.751803
vn 0.356447 -0.554818 0.751746
vn 0.420254 -0.194510 0.886314
vn 0.420063 -0.194721 0.886358
vn 0.277133 0.194738 0.940890
vn 0.276958 0.194522 0.940986
vn 0.234902 0.554853 0.798097
vn 0.234492 0.554387 0.798542
vn 0.156732 0.830999 0.533737
vn 0.156274 0.830654 0.534408
vn 0.054849 0.980719 0.187566
vn 0.054600 0.980661 0.187942
vn -0.054514 0.980723 -0.187644
vn -0.054142 0.980653 -0.188116
vn -0.153822 0.831080 -0.534458
vn -0.152393 0.830496 -0.535773
vn -0.227572 0.555051 -0.800081
vn -0.225385 0.554015 -0.801417
vn -0.265540 0.194865 -0.944201
vn -0.264347 0.194310 -0.944650
vn -0.264317 -0.194877 -0.944542
vn -0.265569 -0.194332 -0.944303
vn -0.225187 -0.555109 -0.800715
vn -0.227742 -0.554116 -0.800680
vn -0.152137 -0.831123 -0.534873
vn -0.154035 -0.830565 -0.535197
vn -0.054037 -0.980729 -0.187754
vn -0.054600 -0.980661 -0.187942
vn 0.054514 -0.980723 0.187644
vn 0.054923 -0.980667 0.187820
vn 0.156122 -0.831017 0.533888
vn 0.156867 -0.830677 0.534198
vn 0.234402 -0.554867 0.798234
vn 0.234986 -0.554405 0.798383
vn 0.276946 -0.194740 0.940945
vn 0.277145 -0.194525 0.940931
vn 0.168331 0.195088 0.966233
vn 0.168059 0.194827 0.966332
vn 0.142467 0.555567 0.819176
vn 0.141821 0.555014 0.819662
vn 0.094720 0.831468 0.547439
vn 0.094044 0.831078 0.548147
vn 0.032989 0.980785 0.192281
vn 0.032677 0.980724 0.192645
vn -0.032626 0.980785 -0.192343
vn -0.032261 0.980720 -0.192739
vn -0.091716 0.831469 -0.547948
vn -0.090669 0.830985 -0.548857
vn -0.135519 0.555567 -0.820354
vn -0.134293 0.554807 -0.821069
vn -0.158313 0.195087 -0.967925
vn -0.157747 0.194711 -0.968093
vn -0.157735 -0.195087 -0.968019
vn -0.158325 -0.194718 -0.967997
vn -0.134212 -0.555564 -0.820570
vn -0.135597 -0.554845 -0.820829
vn -0.090551 -0.831467 -0.548144
vn -0.091828 -0.831018 -0.548614
vn -0.032206 -0.980785 -0.192414
vn -0.032677 -0.980724 -0.192645
vn 0.032626 -0.980785 0.192343
vn 0.033037 -0.980728 0.192563
vn 0.093945 -0.831469 0.547571
vn 0.094814 -0.831098 0.547985
vn 0.141758 -0.555568 0.819298
vn 0.142528 -0.555032 0.819528
vn 0.168051 -0.195089 0.966281
vn 0.168339 -0.194830 0.966283
vn 0.155760 0.194620 0.968433
vn 0.156482 0.195085 0.968223
vn 0.132759 0.554628 0.821440
vn 0.134311 0.555564 0.820554
vn 0.089887 0.830875 0.549152
vn 0.091196 0.831469 0.548036
vn 0.032090 0.980705 0.192840
vn 0.032538 0.980785 0.192358
vn -0.032600 0.980712 -0.192722
vn -0.032978 0.980785 -0.192283
vn -0.094032 0.831001 -0.548266
vn -0.094840 0.831468 -0.547418
vn -0.142013 0.554908 -0.819701
vn -0.142779 0.555566 -0.819122
vn -0.168429 0.194778 -0.966278
vn -0.168749 0.195088 -0.966160
vn -0.168759 -0.194782 -0.966220
vn -0.168418 -0.195088 -0.966217
vn -0.142851 -0.554931 -0.819540
vn -0.141938 -0.555568 -0.819267
vn -0.094953 -0.831027 -0.548068
vn -0.093913 -0.831469 -0.547576
vn -0.033036 -0.980717 -0.192621
vn -0.032538 -0.980785 -0.192358
vn 0.032600 -0.980712 0.192722
vn 0.032024 -0.980785 0.192445
vn 0.091331 -0.830920 0.548844
vn 0.089744 -0.831466 0.548280
vn 0.134406 -0.554681 0.821136
vn 0.132660 -0.555559 0.820826
vn 0.156496 -0.194630 0.968312
vn 0.155746 -0.195084 0.968342
vn 0.268628 0.193969 0.943512
vn 0.270786 0.194861 0.942711
vn 0.229956 0.553367 0.800566
vn 0.233711 0.554999 0.798345
vn 0.156651 0.830130 0.535112
vn 0.158921 0.831015 0.533065
vn 0.055991 0.980609 0.187808
vn 0.056539 0.980711 0.187110
vn -0.056667 0.980622 -0.187535
vn -0.057012 0.980705 -0.186998
vn -0.162483 0.830408 -0.532937
vn -0.163095 0.830889 -0.532000
vn -0.244007 0.554038 -0.795929
vn -0.244546 0.554680 -0.795315
vn -0.288299 0.194357 -0.937608
vn -0.288530 0.194653 -0.937476
vn -0.288547 -0.194361 -0.937531
vn -0.288282 -0.194656 -0.937551
vn -0.244667 -0.554067 -0.795706
vn -0.243877 -0.554702 -0.795506
vn -0.163289 -0.830444 -0.532635
vn -0.162262 -0.830915 -0.532213
vn -0.057120 -0.980631 -0.187353
vn -0.056539 -0.980711 -0.187110
vn 0.056667 -0.980622 0.187535
vn 0.055832 -0.980719 0.187277
vn 0.159244 -0.830257 0.534148
vn 0.156250 -0.831088 0.533741
vn 0.233978 -0.553571 0.799258
vn 0.229637 -0.555100 0.799456
vn 0.270832 -0.194016 0.942872
vn 0.268579 -0.194882 0.943338
vn 0.459985 0.194852 0.866283
vn 0.458605 0.194158 0.867170
vn 0.388876 0.555049 0.735321
vn 0.386510 0.553798 0.737507
vn 0.258170 0.831069 0.492618
vn 0.256763 0.830376 0.494519
vn 0.090053 0.980719 0.173440
vn 0.089725 0.980636 0.174075
vn -0.089551 0.980712 -0.173738
vn -0.089352 0.980643 -0.174229
vn -0.253891 0.830932 -0.495068
vn -0.253524 0.830521 -0.495943
vn -0.378715 0.554733 -0.740841
vn -0.378355 0.554178 -0.741441
vn -0.445840 0.194673 -0.873687
vn -0.445665 0.194414 -0.873834
vn -0.445642 -0.194670 -0.873789
vn -0.445863 -0.194411 -0.873734
vn -0.378192 -0.554715 -0.741122
vn -0.378891 -0.554154 -0.741185
vn -0.253261 -0.830910 -0.495427
vn -0.254190 -0.830492 -0.495651
vn -0.089205 -0.980707 -0.173943
vn -0.089725 -0.980636 -0.174075
vn 0.089551 -0.980712 0.173738
vn 0.090267 -0.980626 0.173853
vn 0.256325 -0.831012 0.493676
vn 0.258714 -0.830283 0.493658
vn 0.386147 -0.554971 0.736816
vn 0.389309 -0.553658 0.736140
vn 0.458542 -0.194836 0.867052
vn 0.460052 -0.194126 0.866410
vn 0.555516 0.195084 0.808297
vn 0.555140 0.194717 0.808644
vn 0.470594 0.555558 0.685490
vn 0.469908 0.554840 0.686541
vn 0.313803 0.831464 0.458470
vn 0.313317 0.831011 0.459624
vn 0.109888 0.980785 0.161201
vn 0.109743 0.980723 0.161676
vn -0.109568 0.980785 -0.161417
vn -0.109450 0.980727 -0.161852
vn -0.311216 0.831470 -0.460220
vn -0.310925 0.831085 -0.461111
vn -0.464850 0.555570 -0.689388
vn -0.464491 0.555013 -0.690079
vn -0.547659 0.195090 -0.813639
vn -0.547464 0.194821 -0.813835
vn -0.547434 -0.195090 -0.813791
vn -0.547690 -0.194818 -0.813684
vn -0.464283 -0.555570 -0.689770
vn -0.465065 -0.554995 -0.689706
vn -0.310603 -0.831470 -0.460634
vn -0.311554 -0.831066 -0.460720
vn -0.109285 -0.980785 -0.161608
vn -0.109743 -0.980723 -0.161676
vn 0.109568 -0.980785 0.161417
vn 0.110076 -0.980718 0.161477
vn 0.312932 -0.831467 0.459060
vn 0.314211 -0.830981 0.459066
vn 0.469636 -0.555562 0.686143
vn 0.470878 -0.554806 0.685904
vn 0.555098 -0.195085 0.808584
vn 0.555558 -0.194711 0.808358
vn 0.542027 0.194690 0.817498
vn 0.542289 0.195084 0.817230
vn 0.460035 0.554742 0.693274
vn 0.460508 0.555561 0.692303
vn 0.308175 0.830896 0.463293
vn 0.308557 0.831466 0.462013
vn 0.108596 0.980697 0.162604
vn 0.108755 0.980785 0.161966
vn -0.109019 0.980691 -0.162360
vn -0.109227 0.980785 -0.161647
vn -0.311642 0.830764 -0.461205
vn -0.312384 0.831468 -0.459431
vn -0.467940 0.554432 -0.688213
vn -0.469026 0.555564 -0.686559
vn -0.553317 0.194503 -0.809944
vn -0.553923 0.195086 -0.809389
vn -0.553990 -0.194490 -0.809487
vn -0.553251 -0.195087 -0.809848
vn -0.469476 -0.554366 -0.687219
vn -0.467514 -0.555568 -0.687586
vn -0.313022 -0.830708 -0.460371
vn -0.311051 -0.831470 -0.460332
vn -0.109515 -0.980683 -0.162074
vn -0.108755 -0.980785 -0.161966
vn 0.109019 -0.980691 0.162360
vn 0.108351 -0.980785 0.162238
vn 0.309057 -0.830864 0.462762
vn 0.307705 -0.831464 0.462586
vn 0.460822 -0.554713 0.692774
vn 0.459734 -0.555558 0.692820
vn 0.542333 -0.194686 0.817296
vn 0.541983 -0.195084 0.817433
vn 0.414301 0.193660 0.889298
vn 0.414744 0.194434 0.888922
vn 0.352390 0.552606 0.755280
vn 0.353294 0.554283 0.753627
vn 0.237117 0.829421 0.505803
vn 0.238055 0.830679 0.503291
vn 0.084092 0.980470 0.177786
vn 0.084644 0.980686 0.176322
vn -0.085176 0.980441 -0.177430
vn -0.086193 0.980710 -0.175440
vn -0.246748 0.828777 -0.502239
vn -0.251770 0.831144 -0.495793
vn -0.377907 0.550793 -0.744186
vn -0.387626 0.555331 -0.735767
vn -0.457405 0.192305 -0.868216
vn -0.463630 0.195018 -0.864301
vn -0.463905 -0.192059 -0.864815
vn -0.457159 -0.194973 -0.867751
vn -0.389324 -0.549835 -0.738991
vn -0.376618 -0.555084 -0.741647
vn -0.253715 -0.828255 -0.499622
vn -0.245322 -0.830951 -0.499337
vn -0.086893 -0.980392 -0.176865
vn -0.084644 -0.980686 -0.176322
vn 0.085176 -0.980441 0.177430
vn 0.083663 -0.980670 0.176880
vn 0.238928 -0.829307 0.505138
vn 0.236367 -0.830608 0.504203
vn 0.353792 -0.552518 0.754689
vn 0.351935 -0.554225 0.754305
vn 0.414810 -0.193647 0.889064
vn 0.414237 -0.194425 0.889161
vn 0.159910 0.192580 0.968164
vn 0.160171 0.193024 0.968033
vn 0.136291 0.550386 0.823711
vn 0.136959 0.551377 0.822937
vn 0.092069 0.827938 0.553210
vn 0.092945 0.828724 0.551886
vn 0.032838 0.980256 0.194985
vn 0.033448 0.980405 0.194132
vn -0.033594 0.980232 -0.194980
vn -0.034950 0.980447 -0.193656
vn -0.099765 0.827321 -0.552798
vn -0.109842 0.829782 -0.547171
vn -0.164636 0.547989 -0.820124
vn -0.211525 0.554982 -0.804520
vn -0.249701 0.188910 -0.949717
vn -0.340721 0.194922 -0.919736
vn -0.341494 -0.183362 -0.921824
vn -0.249408 -0.194803 -0.948603
vn -0.213567 -0.542752 -0.812286
vn -0.163978 -0.553055 -0.816849
vn -0.110841 -0.826346 -0.552147
vn -0.099285 -0.829151 -0.550138
vn -0.035187 -0.980178 -0.194970
vn -0.033448 -0.980405 -0.194132
vn 0.033594 -0.980232 0.194980
vn 0.032733 -0.980384 0.194359
vn 0.093158 -0.827854 0.553154
vn 0.091897 -0.828650 0.552172
vn 0.137073 -0.550326 0.823621
vn 0.136190 -0.551323 0.823101
vn 0.160185 -0.192571 0.968120
vn 0.159896 -0.193016 0.968079
vn -0.159896 0.193016 0.968079
vn -0.160185 0.192571 0.968120
vn -0.136190 0.551323 0.823101
vn -0.137073 0.550326 0.823621
vn -0.091897 0.828650 0.552172
vn -0.093158 0.827854 0.553154
vn -0.032733 0.980384 0.194359
vn -0.033594 0.980232 0.194980
vn 0.033448 0.980405 -0.194132
vn 0.035187 0.980178 -0.194970
vn 0.099285 0.829151 -0.550138
vn 0.110841 0.826346 -0.552147
vn 0.163978 0.553055 -0.816849
vn 0.213567 0.542752 -0.812286
vn 0.249408 0.194803 -0.948603
vn 0.341494 0.183362 -0.921824
vn 0.340721 -0.194922 -0.919736
vn 0.249701 -0.188910 -0.949717
vn 0.211525 -0.554982 -0.804520
vn 0.164636 -0.547989 -0.820124
vn 0.109842 -0.829782 -0.547171
vn 0.099765 -0.827321 -0.552798
vn 0.034950 -0.980447 -0.193656
vn 0.033594 -0.980232 -0.194980
vn -0.033448 -0.980405 0.194132
vn -0.032838 -0.980256 0.194985
vn -0.092945 -0.828724 0.551886
vn -0.092069 -0.827938 0.553210
vn -0.136959 -0.551377 0.822937
vn -0.136291 -0.550386 0.823711
vn -0.160171 -0.193024 0.968033
vn -0.159910 -0.192580 0.968164
vn -0.414237 0.194425 0.889161
vn -0.414810 0.193647 0.889064
vn -0.351935 0.554225 0.754305
vn -0.353792 0.552518 0.754689
vn -0.236367 0.830608 0.504203
vn -0.238928 0.829307 0.505138
vn -0.083663 0.980670 0.176880
vn -0.085176 0.980441 0.177430
vn 0.084644 0.980686 -0.176322
vn 0.086893 0.980392 -0.176865
vn 0.245322 0.830951 -0.499337
vn 0.253715 0.828255 -0.499622
vn 0.376618 0.555084 -0.741647
vn 0.389324 0.549835 -0.738991
vn 0.457159 0.194973 -0.867751
vn 0.463905 0.192059 -0.864815
vn 0.463630 -0.195018 -0.864301
vn 0.457405 -0.192305 -0.868216
vn 0.387626 -0.555331 -0.735767
vn 0.377907 -0.550793 -0.744186
vn 0.251770 -0.831144 -0.495793
vn 0.246748 -0.828777 -0.502239
vn 0.086193 -0.980710 -0.175440
vn 0.085176 -0.980441 -0.177430
vn -0.084644 -0.980686 0.176322
vn -0.084092 -0.980470 0.177786
vn -0.238055 -0.830679 0.503291
vn -0.237117 -0.829421 0.505803
vn -0.353294 -0.554283 0.753627
vn -0.352390 -0.552606 0.755280
vn -0.414744 -0.194434 0.888922
vn -0.414301 -0.193660 0.889298
vn -0.541983 0.195084 0.817433
vn -0.542333 0.194686 0.817296
vn -0.459734 0.555558 0.692820
vn -0.460822 0.554713 0.692774
vn -0.307705 0.831464 0.462586
vn -0.309057 0.830864 0.462762
vn -0.108351 0.980785 0.162238
vn -0.109019 0.980691 0.162360
vn 0.108755 0.980785 -0.161966
vn 0.109515 0.980683 -0.162074
vn 0.311051 0.831470 -0.460332
vn 0.313022 0.830708 -0.460371
vn 0.467514 0.555568 -0.687586
vn 0.469476 0.554366 -0.687219
vn 0.553251 0.195087 -0.809848
vn 0.553990 0.194490 -0.809487
vn 0.553923 -0.195086 -0.809389
vn 0.553317 -0.194503 -0.809944
vn 0.469026 -0.555564 -0.686559
vn 0.467940 -0.554432 -0.688213
vn 0.312384 -0.831468 -0.459431
vn 0.311642 -0.830764 -0.461205
vn 0.109227 -0.980785 -0.161647
vn 0.109019 -0.980691 -0.162360
vn -0.108755 -0.980785 0.161966
vn -0.108596 -0.980697 0.162604
vn -0.308557 -0.831466 0.462013
vn -0.308175 -0.830896 0.463293
vn -0.460508 -0.555561 0.692303
vn -0.460035 -0.554742 0.693274
vn -0.542289 -0.195084 0.817230
vn -0.542027 -0.194690 0.817498
vn -0.555558 0.194711 0.808358
vn -0.555098 0.195085 0.808584
vn -0.470878 0.554806 0.685904
vn -0.469636 0.555562 0.686143
vn -0.314211 0.830981 0.459066
vn -0.312932 0.831467 0.459060
vn -0.110076 0.980718 0.161477
vn -0.109568 0.980785 0.161417
vn 0.109743 0.980723 -0.161676
vn 0.109285 0.980785 -0.161608
vn 0.311554 0.831066 -0.460720
vn 0.310603 0.831470 -0.460634
vn 0.465065 0.554995 -0.689706
vn 0.464283 0.555570 -0.689770
vn 0.547690 0.194818 -0.813684
vn 0.547434 0.195090 -0.813791
vn 0.547464 -0.194821 -0.813835
vn 0.547659 -0.195090 -0.813639
vn 0.464491 -0.555013 -0.690079
vn 0.464850 -0.555570 -0.689388
vn 0.310925 -0.831085 -0.461111
vn 0.311216 -0.831470 -0.460220
vn 0.109450 -0.980727 -0.161852
vn 0.109568 -0.980785 -0.161417
vn -0.109743 -0.980723 0.161676
vn -0.109888 -0.980785 0.161201
vn -0.313317 -0.831011 0.459624
vn -0.313803 -0.831464 0.458470
vn -0.469908 -0.554840 0.686541
vn -0.470594 -0.555558 0.685490
vn -0.555140 -0.194717 0.808644
vn -0.555516 -0.195084 0.808297
vn -0.460052 0.194126 0.866410
vn -0.458542 0.194836 0.867052
vn -0.389309 0.553658 0.736140
vn -0.386147 0.554971 0.736816
vn -0.258714 0.830283 0.493658
vn -0.256325 0.831012 0.493676
vn -0.090267 0.980626 0.173853
vn -0.089551 0.980712 0.173738
vn 0.089725 0.980636 -0.174075
vn 0.089205 0.980707 -0.173943
vn 0.254190 0.830492 -0.495651
vn 0.253261 0.830910 -0.495427
vn 0.378891 0.554154 -0.741185
vn 0.378192 0.554715 -0.741122
vn 0.445863 0.194411 -0.873734
vn 0.445642 0.194670 -0.873789
vn 0.445665 -0.194414 -0.873834
vn 0.445840 -0.194673 -0.873687
vn 0.378355 -0.554178 -0.741441
vn 0.378715 -0.554733 -0.740841
vn 0.253524 -0.830521 -0.495943
vn 0.253891 -0.830932 -0.495068
vn 0.089352 -0.980643 -0.174229
vn 0.089551 -0.980712 -0.173738
vn -0.089725 -0.980636 0.174075
vn -0.090053 -0.980719 0.173440
vn -0.256763 -0.830376 0.494519
vn -0.258170 -0.831069 0.492618
vn -0.386510 -0.553798 0.737507
vn -0.388876 -0.555049 0.735321
vn -0.458605 -0.194158 0.867170
vn -0.459985 -0.194852 0.866283
vn -0.268579 0.194882 0.943338
vn -0.270832 0.194016 0.942872
vn -0.229637 0.555100 0.799456
vn -0.233978 0.553571 0.799258
vn -0.156250 0.831088 0.533741
vn -0.159244 0.830257 0.534148
vn -0.055832 0.980719 0.187277
vn -0.056667 0.980622 0.187535
vn 0.056539 0.980711 -0.187110
vn 0.057120 0.980631 -0.187353
vn 0.162262 0.830915 -0.532213
vn 0.163289 0.830444 -0.532635
vn 0.243877 0.554702 -0.795506
vn 0.244667 0.554067 -0.795706
vn 0.288282 0.194656 -0.937551
vn 0.288547 0.194361 -0.937531
vn 0.288530 -0.194653 -0.937476
vn 0.288299 -0.194357 -0.937608
vn 0.244546 -0.554680 -0.795315
vn 0.244007 -0.554038 -0.795929
vn 0.163095 -0.830889 -0.532000
vn 0.162483 -0.830408 -0.532937
vn 0.057012 -0.980705 -0.186998
vn 0.056667 -0.980622 -0.187535
vn -0.056539 -0.980711 0.187110
vn -0.055991 -0.980609 0.187808
vn -0.158921 -0.831015 0.533065
vn -0.156651 -0.830130 0.535112
vn -0.233711 -0.554999 0.798345
vn -0.229956 -0.553367 0.800566
vn -0.270786 -0.194861 0.942711
vn -0.268628 -0.193969 0.943512
vn -0.155746 0.195084 0.968342
vn -0.156496 0.194630 0.968312
vn -0.132660 0.555559 0.820826
vn -0.134406 0.554681 0.821136
vn -0.089744 0.831466 0.548280
vn -0.091331 0.830920 0.548844
vn -0.032024 0.980785 0.192445
vn -0.032600 0.980712 0.192722
vn 0.032538 0.980785 -0.192358
vn 0.033036 0.980717 -0.192621
vn 0.093913 0.831469 -0.547576
vn 0.094953 0.831027 -0.548068
vn 0.141938 0.555568 -0.819267
vn 0.142851 0.554931 -0.819540
vn 0.168418 0.195088 -0.966217
vn 0.168759 0.194782 -0.966220
vn 0.168749 -0.195088 -0.966160
vn 0.168429 -0.194778 -0.966278
vn 0.142779 -0.555566 -0.819122
vn 0.142013 -0.554908 -0.819701
vn 0.094840 -0.831468 -0.547418
vn 0.094032 -0.831001 -0.548266
vn 0.032978 -0.980785 -0.192283
vn 0.032600 -0.980712 -0.192722
vn -0.032538 -0.980785 0.192358
vn -0.032090 -0.980705 0.192840
vn -0.091196 -0.831469 0.548036
vn -0.089887 -0.830875 0.549152
vn -0.134311 -0.555564 0.820554
vn -0.132759 -0.554628 0.821440
vn -0.156482 -0.195085 0.968223
vn -0.155760 -0.194620 0.968433
vn -0.168339 0.194830 0.966283
vn -0.168051 0.195089 0.966281
vn -0.142528 0.555032 0.819528
vn -0.141758 0.555568 0.819298
vn -0.094814 0.831098 0.547985
vn -0.093945 0.831469 0.547571
vn -0.033037 0.980728 0.192563
vn -0.032626 0.980785 0.192343
vn 0.032677 0.980724 -0.192645
vn 0.032206 0.980785 -0.192414
vn 0.091828 0.831018 -0.548614
vn 0.090551 0.831467 -0.548144
vn 0.135597 0.554845 -0.820829
vn 0.134212 0.555564 -0.820570
vn 0.158325 0.194718 -0.967997
vn 0.157735 0.195087 -0.968019
vn 0.157747 -0.194711 -0.968093
vn 0.158313 -0.195087 -0.967925
vn 0.134293 -0.554807 -0.821069
vn 0.135519 -0.555567 -0.820354
vn 0.090669 -0.830985 -0.548857
vn 0.091716 -0.831469 -0.547948
vn 0.032261 -0.980720 -0.192739
vn 0.032626 -0.980785 -0.192343
vn -0.032677 -0.980724 0.192645
vn -0.032989 -0.980785 0.192281
vn -0.094044 -0.831078 0.548147
vn -0.094720 -0.831468 0.547439
vn -0.141821 -0.555014 0.819662
vn -0.142467 -0.555567 0.819176
vn -0.168059 -0.194827 0.966332
vn -0.168331 -0.195088 0.966233
vn -0.277145 0.194525 0.940931
vn -0.276946 0.194740 0.940945
vn -0.234986 0.554405 0.798383
vn -0.234402 0.554867 0.798234
vn -0.156867 0.830677 0.534198
vn -0.156122 0.831017 0.533888
vn -0.054923 0.980667 0.187820
vn -0.054514 0.980723 0.187644
vn 0.054600 0.980661 -0.187942
vn 0.054037 0.980729 -0.187754
vn 0.154035 0.830565 -0.535197
vn 0.152137 0.831123 -0.534873
vn 0.227742 0.554116 -0.800680
vn 0.225187 0.555109 -0.800715
vn 0.265569 0.194332 -0.944303
vn 0.264317 0.194877 -0.944542
vn 0.264347 -0.194310 -0.944650
vn 0.265540 -0.194865 -0.944201
vn 0.225385 -0.554015 -0.801417
vn 0.227572 -0.555051 -0.800081
vn 0.152393 -0.830496 -0.535773
vn 0.153822 -0.831080 -0.534458
vn 0.054142 -0.980653 -0.188116
vn 0.054514 -0.980723 -0.187644
vn -0.054600 -0.980661 0.187942
vn -0.054849 -0.980719 0.187566
vn -0.156274 -0.830654 0.534408
vn -0.156732 -0.830999 0.533737
vn -0.234492 -0.554387 0.798542
vn -0.234902 -0.554853 0.798097
vn -0.276958 -0.194522 0.940986
vn -0.277133 -0.194738 0.940890
vn -0.420063 0.194721 0.886358
vn -0.420254 0.194510 0.886314
vn -0.356447 0.554818 0.751746
vn -0.357038 0.554362 0.751803
vn -0.238650 0.830976 0.502518
vn -0.239426 0.830638 0.502709
vn -0.084037 0.980716 0.176448
vn -0.084468 0.980659 0.176560
vn 0.084336 0.980720 -0.176284
vn 0.084926 0.980651 -0.176384
vn 0.241284 0.831058 -0.501124
vn 0.243245 0.830477 -0.501139
vn 0.363233 0.555021 -0.748340
vn 0.365814 0.553983 -0.747852
vn 0.430980 0.194852 -0.881073
vn 0.432211 0.194293 -0.880593
vn 0.432161 -0.194864 -0.880491
vn 0.431026 -0.194316 -0.881168
vn 0.365492 -0.555082 -0.747194
vn 0.363504 -0.554088 -0.748900
vn 0.242837 -0.831103 -0.500299
vn 0.241614 -0.830547 -0.501810
vn 0.084764 -0.980725 -0.176048
vn 0.084468 -0.980659 -0.176560
vn -0.084336 -0.980720 0.176284
vn -0.084149 -0.980664 0.176683
vn -0.239197 -0.830994 0.502229
vn -0.238852 -0.830661 0.502944
vn -0.356903 -0.554832 0.751519
vn -0.356572 -0.554380 0.752010
vn -0.420236 -0.194723 0.886276
vn -0.420081 -0.194513 0.886395
vn -0.520856 0.195088 0.831054
vn -0.521146 0.194808 0.830937
vn -0.441783 0.555566 0.704397
vn -0.442656 0.554973 0.704316
vn -0.295633 0.831468 0.470386
vn -0.296696 0.831047 0.470459
vn -0.104068 0.980785 0.165016
vn -0.104588 0.980719 0.165079
vn 0.104411 0.980785 -0.164799
vn 0.105003 0.980714 -0.164848
vn 0.298474 0.831469 -0.468586
vn 0.300018 0.830940 -0.468538
vn 0.448371 0.555566 -0.700221
vn 0.449935 0.554733 -0.699879
vn 0.530378 0.195087 -0.825009
vn 0.530983 0.194673 -0.824718
vn 0.530939 -0.195086 -0.824649
vn 0.530422 -0.194682 -0.825077
vn 0.449635 -0.555562 -0.699413
vn 0.448655 -0.554778 -0.700664
vn 0.299593 -0.831467 -0.467875
vn 0.298868 -0.830978 -0.469205
vn 0.104810 -0.980785 -0.164546
vn 0.104588 -0.980719 -0.165079
vn -0.104411 -0.980785 0.164799
vn -0.104232 -0.980724 0.165277
vn -0.296360 -0.831469 0.469926
vn -0.295950 -0.831070 0.470889
vn -0.442445 -0.555567 0.703980
vn -0.441986 -0.554993 0.704721
vn -0.521117 -0.195088 0.830890
vn -0.520885 -0.194812 0.831100
vn -0.532872 0.194573 0.823522
vn -0.532103 0.195084 0.823899
vn -0.451469 0.554535 0.699047
vn -0.449502 0.555563 0.699499
vn -0.300871 0.830819 0.468205
vn -0.298954 0.831468 0.468281
vn -0.105213 0.980698 0.164806
vn -0.104489 0.980785 0.164749
vn 0.104703 0.980706 -0.165086
vn 0.104075 0.980785 -0.165012
vn 0.296782 0.830965 -0.470550
vn 0.295512 0.831467 -0.470462
vn 0.442515 0.554860 -0.704494
vn 0.441480 0.555565 -0.704587
vn 0.520794 0.194756 -0.831170
vn 0.520452 0.195087 -0.831307
vn 0.520486 -0.194760 -0.831362
vn 0.520759 -0.195088 -0.831114
vn 0.441721 -0.554886 -0.704971
vn 0.442264 -0.555567 -0.704094
vn 0.295888 -0.830994 -0.471061
vn 0.296380 -0.831469 -0.469913
vn 0.104271 -0.980712 -0.165323
vn 0.104489 -0.980785 -0.164749
vn -0.104703 -0.980706 0.165086
vn -0.104979 -0.980785 0.164439
vn -0.299433 -0.830873 0.469031
vn -0.300350 -0.831465 0.467393
vn -0.449850 -0.554598 0.700040
vn -0.451099 -0.555556 0.698474
vn -0.532157 -0.194585 0.823982
vn -0.532817 -0.195082 0.823437
vn -0.428093 0.193954 0.882677
vn -0.425886 0.194847 0.883547
vn -0.361676 0.553340 0.750337
vn -0.357321 0.554966 0.751222
vn -0.239506 0.830116 0.503532
vn -0.236443 0.830991 0.503537
vn -0.083301 0.980607 0.177402
vn -0.082436 0.980707 0.177252
vn 0.082620 0.980620 -0.177647
vn 0.082015 0.980701 -0.177481
vn 0.233727 0.830394 -0.505784
vn 0.232671 0.830863 -0.505500
vn 0.348082 0.554017 -0.756243
vn 0.347292 0.554642 -0.756148
vn 0.409416 0.194346 -0.891408
vn 0.409163 0.194634 -0.891461
vn 0.409186 -0.194351 -0.891512
vn 0.409392 -0.194637 -0.891355
vn 0.347458 -0.554045 -0.756509
vn 0.347902 -0.554664 -0.755852
vn 0.232941 -0.830430 -0.506088
vn 0.233417 -0.830890 -0.505113
vn 0.082167 -0.980629 -0.177809
vn 0.082436 -0.980707 -0.177252
vn -0.082620 -0.980620 0.177647
vn -0.083070 -0.980716 0.176908
vn -0.236916 -0.830245 0.504544
vn -0.238898 -0.831066 0.502253
vn -0.357726 -0.553550 0.752074
vn -0.361175 -0.555073 0.749298
vn -0.425958 -0.194003 0.883698
vn -0.428014 -0.194870 0.882513
vn -0.235068 0.194866 0.952245
vn -0.236578 0.194191 0.952009
vn -0.200604 0.555081 0.807244
vn -0.203653 0.553857 0.807322
vn -0.136027 0.831095 0.539238
vn -0.138264 0.830410 0.539725
vn -0.048491 0.980723 0.189291
vn -0.049148 0.980641 0.189548
vn 0.049052 0.980717 -0.189180
vn 0.049527 0.980647 -0.189414
vn 0.140732 0.830965 -0.538230
vn 0.141591 0.830552 -0.538642
vn 0.211518 0.554784 -0.804658
vn 0.212192 0.554223 -0.804867
vn 0.250048 0.194698 -0.948456
vn 0.250278 0.194436 -0.948449
vn 0.250265 -0.194695 -0.948399
vn 0.250061 -0.194433 -0.948507
vn 0.212100 -0.554766 -0.804517
vn 0.211617 -0.554199 -0.805035
vn 0.141443 -0.830944 -0.538076
vn 0.140899 -0.830523 -0.538868
vn 0.049445 -0.980712 -0.189102
vn 0.049148 -0.980641 -0.189548
vn -0.049052 -0.980717 0.189180
vn -0.048606 -0.980631 0.189738
vn -0.138030 -0.831042 0.538811
vn -0.136309 -0.830322 0.540357
vn -0.203465 -0.555010 0.806577
vn -0.200821 -0.553726 0.808120
vn -0.236547 -0.194851 0.951882
vn -0.235102 -0.194162 0.952380
vn -0.129916 0.195085 0.972144
vn -0.130360 0.194755 0.972151
vn -0.110507 0.555561 0.824100
vn -0.111565 0.554911 0.824395
vn -0.074507 0.831465 0.550558
vn -0.075504 0.831053 0.551044
vn -0.026484 0.980785 0.193286
vn -0.026861 0.980728 0.193521
vn 0.026822 0.980785 -0.193238
vn 0.027161 0.980732 -0.193463
vn 0.077241 0.831470 -0.550175
vn 0.077974 0.831117 -0.550605
vn 0.116585 0.555570 -0.823256
vn 0.117244 0.555057 -0.823508
vn 0.138242 0.195090 -0.970994
vn 0.138493 0.194842 -0.971008
vn 0.138486 -0.195090 -0.970959
vn 0.138249 -0.194840 -0.971043
vn 0.117196 -0.555570 -0.823169
vn 0.116634 -0.555042 -0.823605
vn 0.077900 -0.831470 -0.550082
vn 0.077318 -0.831100 -0.550722
vn 0.027124 -0.980785 -0.193196
vn 0.026861 -0.980728 -0.193521
vn -0.026822 -0.980785 0.193238
vn -0.026525 -0.980725 0.193586
vn -0.075420 -0.831467 0.550431
vn -0.074594 -0.831029 0.551205
vn -0.111507 -0.555564 0.823963
vn -0.110568 -0.554883 0.824548
vn -0.130352 -0.195086 0.972085
vn -0.129925 -0.194750 0.972210
vn -0.144609 0.194720 0.970140
vn -0.144267 0.195085 0.970118
vn -0.122379 0.554804 0.822931
vn -0.121466 0.555563 0.822555
vn -0.081276 0.830940 0.550393
vn -0.080241 0.831467 0.549749
vn -0.028236 0.980704 0.193448
vn -0.027744 0.980785 0.193108
vn 0.027806 0.980698 -0.193539
vn 0.027243 0.980785 -0.193179
vn 0.077717 0.830827 -0.551078
vn 0.076184 0.831469 -0.550323
vn 0.114112 0.554540 -0.824296
vn 0.112443 0.555566 -0.823834
vn 0.132650 0.194561 -0.971880
vn 0.131938 0.195088 -0.971871
vn 0.131952 -0.194551 -0.971977
vn 0.132635 -0.195088 -0.971776
vn 0.112541 -0.554485 -0.824549
vn 0.114018 -0.555569 -0.823616
vn 0.076325 -0.830780 -0.551343
vn 0.077583 -0.831470 -0.550127
vn 0.027309 -0.980692 -0.193644
vn 0.027744 -0.980785 -0.193108
vn -0.027806 -0.980698 0.193539
vn -0.028177 -0.980785 0.193047
vn -0.080361 -0.830912 0.550570
vn -0.081162 -0.831465 0.549618
vn -0.121542 -0.554779 0.823072
vn -0.122305 -0.555560 0.822432
vn -0.144278 -0.194716 0.970190
vn -0.144598 -0.195085 0.970069
vn -0.283476 0.193674 0.939219
vn -0.282885 0.194463 0.939234
vn -0.240351 0.552635 0.798014
vn -0.238546 0.554343 0.797370
vn -0.160102 0.829440 0.535161
vn -0.157698 0.830718 0.533890
vn -0.055709 0.980472 0.188602
vn -0.054312 0.980692 0.187866
vn 0.054657 0.980443 -0.189061
vn 0.052577 0.980714 -0.188242
vn 0.150526 0.828797 -0.538923
vn 0.142624 0.831166 -0.537421
vn 0.214083 0.550842 -0.806686
vn 0.201693 0.555346 -0.806791
vn 0.238002 0.192349 -0.952028
vn 0.231127 0.195021 -0.953177
vn 0.231262 -0.192118 -0.953734
vn 0.237876 -0.194981 -0.951524
vn 0.202565 -0.549926 -0.810277
vn 0.213355 -0.555116 -0.803944
vn 0.143721 -0.828288 -0.541557
vn 0.149651 -0.830982 -0.535792
vn 0.053007 -0.980395 -0.189779
vn 0.054312 -0.980692 -0.187866
vn -0.054657 -0.980443 0.189061
vn -0.055420 -0.980676 0.187626
vn -0.158286 -0.829324 0.535879
vn -0.159587 -0.830648 0.533438
vn -0.238889 -0.552546 0.798514
vn -0.240035 -0.554285 0.796964
vn -0.282931 -0.193661 0.939386
vn -0.283431 -0.194454 0.939071
vn -0.530335 0.192292 0.825693
vn -0.529984 0.192852 0.825788
vn -0.451168 0.549786 0.702982
vn -0.449893 0.551038 0.702818
vn -0.302690 0.827517 0.472858
vn -0.300734 0.828518 0.472352
vn -0.106370 0.980190 0.167072
vn -0.105037 0.980382 0.166788
vn 0.105635 0.980156 -0.167738
vn 0.103042 0.980441 -0.167682
vn 0.294632 0.826625 -0.479462
vn 0.276861 0.830088 -0.484047
vn 0.416005 0.545845 -0.727319
vn 0.293350 0.554975 -0.778427
vn 0.346789 0.181413 -0.920232
vn -0.680723 0.077805 -0.728397
vn -0.682716 -0.014994 -0.730530
vn 0.345885 -0.194800 -0.917833
vn 0.299753 -0.526741 -0.795419
vn 0.413501 -0.553509 -0.722941
vn 0.280674 -0.824876 -0.490715
vn 0.292709 -0.829113 -0.476333
vn 0.103992 -0.980075 -0.169229
vn 0.105037 -0.980382 -0.166788
vn -0.105635 -0.980156 0.167738
vn -0.105933 -0.980354 0.166386
vn -0.301618 -0.827403 0.473741
vn -0.301970 -0.828420 0.471735
vn -0.450367 -0.549706 0.703557
vn -0.450747 -0.550967 0.702326
vn -0.530044 -0.192281 0.825882
vn -0.530277 -0.192842 0.825602
vn -0.782876 0.192507 0.591647
vn -0.783116 0.192050 0.591478
vn -0.666294 0.550271 0.503243
vn -0.667317 0.549240 0.503015
vn -0.447835 0.827942 0.337572
vn -0.449508 0.827102 0.337409
vn -0.158035 0.980282 0.118624
vn -0.159197 0.980115 0.118451
vn 0.158430 0.980308 -0.117880
vn 0.160700 0.980038 -0.117048
vn 0.452510 0.828616 -0.329591
vn 0.469609 0.824258 -0.316334
vn 0.690932 0.553170 -0.465420
vn -0.597869 0.119308 -0.792666
vn -0.601848 -0.032677 -0.797942
vn 0.664273 0.195090 -0.721583
vn 0.665729 -0.183956 -0.723164
vn -0.601785 -0.035750 -0.797858
vn 0.598571 -0.109169 0.793596
vn 0.695412 -0.544947 -0.468438
vn 0.462772 -0.829860 -0.311728
vn 0.455178 -0.826377 -0.331534
vn 0.159380 -0.980368 -0.116086
vn 0.159197 -0.980115 -0.118451
vn -0.158430 -0.980308 0.117880
vn -0.158576 -0.980146 0.119030
vn -0.448415 -0.828029 0.336588
vn -0.448710 -0.827199 0.338232
vn -0.666743 -0.550332 0.502582
vn -0.666801 -0.549307 0.503626
vn -0.783043 -0.192516 0.591423
vn -0.782946 -0.192060 0.591699
vn -0.923596 0.194225 0.330524
vn -0.923990 0.193302 0.329966
vn -0.784136 0.553821 0.280023
vn -0.786019 0.551780 0.278771
vn -0.525189 0.830350 0.186265
vn -0.528194 0.828766 0.184821
vn -0.184846 0.980637 0.064680
vn -0.186687 0.980348 0.063765
vn 0.185210 0.980661 -0.063261
vn 0.187869 0.980269 -0.061467
vn 0.528886 0.830865 -0.173041
vn 0.538104 0.826930 -0.163186
vn 0.795955 0.555149 -0.241382
vn 0.808400 0.546478 -0.218748
vn 0.946742 0.195064 -0.256182
vn 0.952139 0.189938 -0.239487
vn 0.951159 -0.195090 -0.239241
vn 0.947572 -0.190690 -0.256407
vn 0.802639 -0.555517 -0.217189
vn 0.799949 -0.548845 -0.242593
vn 0.532064 -0.831188 -0.161354
vn 0.533015 -0.827939 -0.174392
vn 0.185839 -0.980697 -0.060803
vn 0.186687 -0.980348 -0.063765
vn -0.185210 -0.980661 0.063261
vn -0.186007 -0.980390 0.065086
vn -0.525832 -0.830450 0.183995
vn -0.527189 -0.828923 0.186974
vn -0.784694 -0.553899 0.278301
vn -0.785338 -0.551897 0.280452
vn -0.923816 -0.194237 0.329904
vn -0.923765 -0.193320 0.330585
vn -0.965704 0.195081 0.171346
vn -0.965878 0.194598 0.170914
vn -0.818762 0.555552 0.144882
vn -0.819642 0.554521 0.143852
vn -0.547220 0.831461 0.096041
vn -0.548531 0.830722 0.094943
vn -0.192235 0.980785 0.033273
vn -0.192925 0.980667 0.032748
vn 0.192340 0.980785 -0.032649
vn 0.193110 0.980655 -0.032004
vn 0.548094 0.831469 -0.090836
vn 0.549901 0.830487 -0.088882
vn 0.820820 0.555565 -0.132672
vn 0.822262 0.553996 -0.130279
vn 0.968703 0.195084 -0.153481
vn 0.969039 0.194302 -0.152347
vn 0.968886 -0.195082 -0.152323
vn 0.968852 -0.194323 -0.153504
vn 0.821235 -0.555557 -0.130116
vn 0.821783 -0.554103 -0.132828
vn 0.548457 -0.831466 -0.088649
vn 0.549413 -0.830575 -0.091055
vn 0.192465 -0.980785 -0.031898
vn 0.192925 -0.980667 -0.032748
vn -0.192340 -0.980785 0.032649
vn -0.192770 -0.980676 0.033366
vn -0.547437 -0.831465 0.094753
vn -0.548240 -0.830768 0.096220
vn -0.818961 -0.555557 0.143733
vn -0.819413 -0.554561 0.144997
vn -0.965783 -0.195081 0.170898
vn -0.965797 -0.194604 0.171363
vn -0.969172 0.194599 0.151117
vn -0.968968 0.195081 0.151806
vn -0.822100 0.554584 0.128796
vn -0.821207 0.555558 0.130285
vn -0.549630 0.830845 0.087199
vn -0.548487 0.831466 0.088466
vn -0.193019 0.980701 0.031132
vn -0.192520 0.980785 0.031572
vn 0.192904 0.980707 -0.031635
vn 0.192446 0.980785 -0.032010
vn 0.548775 0.830972 -0.091278
vn 0.547885 0.831469 -0.092088
vn 0.820431 0.554867 -0.137898
vn 0.819825 0.555569 -0.138671
vn 0.967114 0.194758 -0.163584
vn 0.966992 0.195090 -0.163909
vn 0.967056 -0.194762 -0.163920
vn 0.967049 -0.195090 -0.163573
vn 0.820272 -0.554891 -0.138746
vn 0.819968 -0.555570 -0.137820
vn 0.548579 -0.830999 -0.092205
vn 0.548041 -0.831470 -0.091156
vn 0.192805 -0.980713 -0.032069
vn 0.192520 -0.980785 -0.031572
vn -0.192904 -0.980707 0.031635
vn -0.192604 -0.980785 0.031065
vn -0.549337 -0.830890 0.088603
vn -0.548720 -0.831461 0.087054
vn -0.821814 -0.554637 0.130381
vn -0.821462 -0.555551 0.128696
vn -0.969060 -0.194609 0.151820
vn -0.969078 -0.195080 0.151102
vn -0.943566 0.193735 0.268608
vn -0.942493 0.194822 0.271571
vn -0.800650 0.552935 0.230700
vn -0.797877 0.554877 0.235593
vn -0.535080 0.829896 0.157995
vn -0.532684 0.830909 0.160744
vn -0.187757 0.980580 0.056658
vn -0.186977 0.980693 0.057279
vn 0.187440 0.980596 -0.057421
vn 0.186857 0.980686 -0.057793
vn 0.532514 0.830242 -0.164702
vn 0.531516 0.830755 -0.165341
vn 0.795070 0.553799 -0.247326
vn 0.794424 0.554477 -0.247881
vn 0.936427 0.194242 -0.292190
vn 0.936288 0.194553 -0.292426
vn 0.936346 -0.194247 -0.292444
vn 0.936367 -0.194557 -0.292171
vn 0.794835 -0.553831 -0.248010
vn 0.794623 -0.554502 -0.247187
vn 0.532187 -0.830283 -0.165550
vn 0.531740 -0.830786 -0.164463
vn 0.187236 -0.980606 -0.057911
vn 0.186977 -0.980693 -0.057279
vn -0.187440 -0.980596 0.057421
vn -0.187164 -0.980704 0.056479
vn -0.533892 -0.830062 0.161109
vn -0.533493 -0.831006 0.157527
vn -0.798932 -0.553223 0.235904
vn -0.799317 -0.555020 0.230316
vn -0.942687 -0.193806 0.271626
vn -0.943353 -0.194853 0.268547
vn -0.846480 0.194911 0.495461
vn -0.849061 0.193573 0.491554
vn -0.719839 0.555120 0.416742
vn -0.724958 0.552892 0.410787
vn -0.483921 0.831042 0.274207
vn -0.487538 0.829905 0.271226
vn -0.170837 0.980705 0.095040
vn -0.171887 0.980579 0.094448
vn 0.171392 0.980691 -0.094176
vn 0.172137 0.980591 -0.093860
vn 0.488697 0.830765 -0.266468
vn 0.489963 0.830188 -0.265940
vn 0.731415 0.554462 -0.396994
vn 0.732263 0.553696 -0.396498
vn 0.862565 0.194535 -0.467052
vn 0.862773 0.194182 -0.466814
vn 0.862713 -0.194530 -0.466781
vn 0.862627 -0.194177 -0.467086
vn 0.731833 -0.554432 -0.396265
vn 0.731885 -0.553658 -0.397250
vn 0.489256 -0.830728 -0.265556
vn 0.489517 -0.830138 -0.266915
vn 0.171735 -0.980683 -0.093641
vn 0.171887 -0.980579 -0.094448
vn -0.171392 -0.980691 0.094176
vn -0.171484 -0.980557 0.095399
vn -0.486220 -0.830917 0.270492
vn -0.485696 -0.829673 0.275212
vn -0.723778 -0.554931 0.410118
vn -0.721373 -0.552454 0.417630
vn -0.848839 -0.194870 0.491425
vn -0.846728 -0.193457 0.495607
vn -0.778312 0.195078 0.596804
vn -0.779052 0.194492 0.596030
vn -0.660379 0.555550 0.505237
vn -0.662400 0.554430 0.503820
vn -0.442205 0.831463 0.336340
vn -0.444240 0.830777 0.335352
vn -0.155707 0.980785 0.117542
vn -0.156490 0.980694 0.117262
vn 0.156123 0.980785 -0.116987
vn 0.156805 0.980701 -0.116777
vn 0.445582 0.831469 -0.331838
vn 0.446938 0.830930 -0.331363
vn 0.667923 0.555566 -0.495203
vn 0.668968 0.554796 -0.494654
vn 0.788612 0.195087 -0.583123
vn 0.788918 0.194717 -0.582832
vn 0.788859 -0.195086 -0.582789
vn 0.788672 -0.194712 -0.583167
vn 0.668557 -0.555563 -0.494350
vn 0.668353 -0.554764 -0.495521
vn 0.446294 -0.831467 -0.330885
vn 0.446271 -0.830894 -0.332351
vn 0.156468 -0.980785 -0.116526
vn 0.156490 -0.980694 -0.117262
vn -0.156123 -0.980785 0.116987
vn -0.156111 -0.980684 0.117846
vn -0.443416 -0.831468 0.334729
vn -0.443105 -0.830706 0.337024
vn -0.661800 -0.555560 0.503363
vn -0.661018 -0.554344 0.505725
vn -0.778959 -0.195080 0.595959
vn -0.778407 -0.194476 0.596876
vn -0.788552 0.194775 0.583309
vn -0.788292 0.195087 0.583555
vn -0.668632 0.554917 0.494973
vn -0.667748 0.555566 0.495438
vn -0.446718 0.831016 0.331444
vn -0.445580 0.831469 0.331841
vn -0.156749 0.980715 0.116737
vn -0.156181 0.980785 0.116908
vn 0.156486 0.980710 -0.117137
vn 0.155844 0.980785 -0.117359
vn 0.444483 0.830901 -0.334722
vn 0.442839 0.831466 -0.335497
vn 0.663241 0.554644 -0.502475
vn 0.661638 0.555559 -0.503577
vn 0.780524 0.194609 -0.594062
vn 0.779948 0.195083 -0.594662
vn 0.780025 -0.194598 -0.594721
vn 0.780449 -0.195085 -0.594004
vn 0.662156 -0.554584 -0.503971
vn 0.662752 -0.555564 -0.502104
vn 0.443573 -0.830850 -0.336053
vn 0.443805 -0.831469 -0.334211
vn 0.156175 -0.980702 -0.117609
vn 0.156181 -0.980785 -0.116908
vn -0.156486 -0.980710 0.117137
vn -0.156467 -0.980785 0.116527
vn -0.446156 -0.830988 0.332269
vn -0.446177 -0.831467 0.331042
vn -0.668109 -0.554892 0.495706
vn -0.668284 -0.555564 0.494716
vn -0.788342 -0.194771 0.583593
vn -0.788502 -0.195087 0.583272
vn -0.856221 0.194385 0.478645
vn -0.856061 0.194644 0.478825
vn -0.726514 0.554117 0.406365
vn -0.725879 0.554676 0.406735
vn -0.485960 0.830479 0.272300
vn -0.485032 0.830896 0.272682
vn -0.170710 0.980636 0.095972
vn -0.170178 0.980707 0.096190
vn 0.170522 0.980628 -0.096384
vn 0.169804 0.980716 -0.096765
vn 0.484201 0.830309 -0.275928
vn 0.481895 0.831064 -0.277686
vn 0.721525 0.553658 -0.415770
vn 0.718595 0.555069 -0.418952
vn 0.847475 0.194061 -0.494091
vn 0.846153 0.194868 -0.496036
vn 0.846299 -0.194013 -0.496121
vn 0.847341 -0.194845 -0.494013
vn 0.719521 -0.553458 -0.419492
vn 0.720771 -0.554964 -0.415336
vn 0.483027 -0.830188 -0.278339
vn 0.483316 -0.830992 -0.275423
vn 0.170237 -0.980616 -0.097012
vn 0.170178 -0.980707 -0.096190
vn -0.170522 -0.980628 0.096384
vn -0.170424 -0.980702 0.095811
vn -0.485616 -0.830447 0.273010
vn -0.485449 -0.830872 0.272014
vn -0.726219 -0.554092 0.406925
vn -0.726200 -0.554656 0.406189
vn -0.856106 -0.194381 0.478850
vn -0.856176 -0.194641 0.478620
vn -0.926261 0.194617 0.322747
vn -0.926383 0.194364 0.322547
vn -0.785842 0.554607 0.273613
vn -0.786391 0.554056 0.273149
vn -0.525704 0.830839 0.182600
vn -0.526542 0.830424 0.182073
vn -0.184797 0.980697 0.063901
vn -0.185284 0.980625 0.063596
vn 0.184915 0.980703 -0.063470
vn 0.185565 0.980613 -0.062965
vn 0.526827 0.830962 -0.178762
vn 0.528832 0.830159 -0.176556
vn 0.789086 0.554925 -0.263444
vn 0.791432 0.553404 -0.259577
vn 0.931989 0.194830 -0.305677
vn 0.932922 0.193983 -0.303361
vn 0.932757 -0.194855 -0.303308
vn 0.932138 -0.194034 -0.305726
vn 0.790398 -0.555037 -0.259238
vn 0.789913 -0.553615 -0.263720
vn 0.527589 -0.831038 -0.176141
vn 0.527784 -0.830284 -0.179086
vn 0.185096 -0.980711 -0.062806
vn 0.185284 -0.980625 -0.063596
vn -0.184915 -0.980703 0.063470
vn -0.185101 -0.980633 0.064006
vn -0.525922 -0.830863 0.181858
vn -0.526243 -0.830456 0.182788
vn -0.786032 -0.554627 0.273024
vn -0.786172 -0.554081 0.273728
vn -0.926336 -0.194620 0.322530
vn -0.926307 -0.194368 0.322763
vn -0.960437 0.195086 0.198752
vn -0.960581 0.194746 0.198389
vn -0.814289 0.555563 0.168175
vn -0.814963 0.554837 0.167308
vn -0.544225 0.831466 0.111727
vn -0.545206 0.830947 0.110804
vn -0.191183 0.980785 0.038855
vn -0.191694 0.980703 0.038416
vn 0.191287 0.980785 -0.038335
vn 0.191859 0.980694 -0.037800
vn 0.545093 0.831468 -0.107395
vn 0.546450 0.830784 -0.105787
vn 0.816319 0.555563 -0.158031
vn 0.817436 0.554472 -0.156074
vn 0.963384 0.195083 -0.183940
vn 0.963670 0.194540 -0.183015
vn 0.963564 -0.195081 -0.182995
vn 0.963487 -0.194554 -0.183959
vn 0.816726 -0.555555 -0.155938
vn 0.816985 -0.554545 -0.158160
vn 0.545451 -0.831465 -0.105594
vn 0.546008 -0.830844 -0.107575
vn 0.191411 -0.980785 -0.037712
vn 0.191694 -0.980703 -0.038416
vn -0.191287 -0.980785 0.038335
vn -0.191556 -0.980709 0.038931
vn -0.544442 -0.831468 0.110649
vn -0.544939 -0.830979 0.111873
vn -0.814486 -0.555566 0.167210
vn -0.814746 -0.554865 0.168269
vn -0.960515 -0.195087 0.198375
vn -0.960502 -0.194750 0.198766
vn -0.964261 0.194403 0.180022
vn -0.963901 0.195078 0.181218
vn -0.818050 0.554202 0.153797
vn -0.816655 0.555557 0.156306
vn -0.546907 0.830624 0.104677
vn -0.545231 0.831467 0.106700
vn -0.192005 0.980674 0.037575
vn -0.191307 0.980785 0.038233
vn 0.191798 0.980686 -0.038331
vn 0.191182 0.980785 -0.038861
vn 0.545350 0.830846 -0.110852
vn 0.544180 0.831466 -0.111949
vn 0.814984 0.554700 -0.167659
vn 0.814186 0.555561 -0.168680
vn 0.960470 0.194683 -0.198987
vn 0.960300 0.195085 -0.199413
vn 0.960377 -0.194689 -0.199429
vn 0.960392 -0.195086 -0.198971
vn 0.814726 -0.554736 -0.168792
vn 0.814418 -0.555565 -0.167543
vn 0.545027 -0.830887 -0.112124
vn 0.544438 -0.831468 -0.110667
vn 0.191628 -0.980694 -0.038952
vn 0.191307 -0.980785 -0.038233
vn -0.191798 -0.980686 0.038331
vn -0.191460 -0.980785 0.037468
vn -0.546345 -0.830708 0.106918
vn -0.545679 -0.831461 0.104441
vn -0.817474 -0.554307 0.156462
vn -0.817171 -0.555544 0.153632
vn -0.964029 -0.194423 0.181242
vn -0.964130 -0.195075 0.179997
vn -0.932817 0.193423 0.304040
vn -0.931000 0.194856 0.308660
vn -0.791228 0.552400 0.262321
vn -0.787103 0.554889 0.269384
vn -0.528205 0.829650 0.180776
vn -0.525018 0.830884 0.184359
vn -0.185163 0.980555 0.065020
vn -0.184201 0.980686 0.065761
vn 0.184722 0.980576 -0.065947
vn 0.184032 0.980677 -0.066362
vn 0.524526 0.830119 -0.189144
vn 0.523369 0.830692 -0.189833
vn 0.782858 0.553628 -0.283954
vn 0.782110 0.554378 -0.284550
vn 0.921853 0.194162 -0.335392
vn 0.921687 0.194504 -0.335650
vn 0.921750 -0.194167 -0.335673
vn 0.921789 -0.194509 -0.335369
vn 0.782556 -0.553665 -0.284712
vn 0.782370 -0.554408 -0.283777
vn 0.524103 -0.830168 -0.190100
vn 0.523671 -0.830729 -0.188836
vn 0.184452 -0.980588 -0.066513
vn 0.184201 -0.980686 -0.065761
vn -0.184722 -0.980576 0.065947
vn -0.184476 -0.980700 0.064778
vn -0.526420 -0.829887 0.184851
vn -0.526283 -0.831014 0.180119
vn -0.788381 -0.552859 0.269821
vn -0.789530 -0.555091 0.261758
vn -0.931246 -0.193547 0.308741
vn -0.932539 -0.194901 0.303949
vn -0.828043 0.194865 0.525711
vn -0.829720 0.193864 0.523432
vn -0.703520 0.555053 0.443819
vn -0.707176 0.553314 0.440166
vn -0.472215 0.831038 0.293919
vn -0.475048 0.830112 0.291965
vn -0.166532 0.980710 0.102351
vn -0.167406 0.980603 0.101947
vn 0.166993 0.980700 -0.101695
vn 0.167636 0.980613 -0.101473
vn 0.476092 0.830833 -0.288188
vn 0.477211 0.830326 -0.287801
vn 0.712576 0.554574 -0.429747
vn 0.713340 0.553894 -0.429356
vn 0.840398 0.194592 -0.505831
vn 0.840591 0.194278 -0.505631
vn 0.840538 -0.194588 -0.505600
vn 0.840452 -0.194273 -0.505864
vn 0.712967 -0.554550 -0.429131
vn 0.712982 -0.553863 -0.429992
vn 0.476601 -0.830803 -0.287433
vn 0.476791 -0.830286 -0.288611
vn 0.167294 -0.980693 -0.101266
vn 0.167406 -0.980603 -0.101947
vn -0.166993 -0.980700 0.101695
vn -0.167054 -0.980587 0.102672
vn -0.473984 -0.830950 0.291311
vn -0.473583 -0.829957 0.294771
vn -0.706265 -0.554925 0.439599
vn -0.704645 -0.553055 0.444528
vn -0.829557 -0.194838 0.523329
vn -0.828221 -0.193802 0.525824
vn -0.760956 0.195082 0.618780
vn -0.761401 0.194664 0.618365
vn -0.645436 0.555555 0.524185
vn -0.646723 0.554739 0.523463
vn -0.431846 0.831463 0.349540
vn -0.433217 0.830950 0.349062
vn -0.151915 0.980785 0.122405
vn -0.152469 0.980715 0.122275
vn 0.152194 0.980785 -0.122055
vn 0.152696 0.980720 -0.121955
vn 0.434107 0.831470 -0.346712
vn 0.435132 0.831041 -0.346454
vn 0.650472 0.555570 -0.517908
vn 0.651277 0.554950 -0.517561
vn 0.767851 0.195090 -0.610201
vn 0.768088 0.194791 -0.609998
vn 0.768041 -0.195090 -0.609961
vn 0.767898 -0.194788 -0.610238
vn 0.650953 -0.555570 -0.517304
vn 0.650806 -0.554930 -0.518174
vn 0.434631 -0.831470 -0.346055
vn 0.434634 -0.831018 -0.347133
vn 0.152438 -0.980785 -0.121749
vn 0.152469 -0.980715 -0.122275
vn -0.152194 -0.980785 0.122055
vn -0.152209 -0.980710 0.122641
vn -0.432617 -0.831466 0.348578
vn -0.432485 -0.830913 0.350057
vn -0.646297 -0.555560 0.523118
vn -0.645881 -0.554697 0.524547
vn -0.761336 -0.195083 0.618312
vn -0.761021 -0.194656 0.618834
vn -0.772484 0.194643 0.604468
vn -0.772161 0.195083 0.604740
vn -0.655092 0.554644 0.513054
vn -0.653961 0.555559 0.513507
vn -0.437715 0.830827 0.343705
vn -0.436239 0.831466 0.344035
vn -0.153577 0.980686 0.121117
vn -0.152837 0.980785 0.121249
vn 0.153259 0.980678 -0.121583
vn 0.152421 0.980785 -0.121770
vn 0.434999 0.830664 -0.347523
vn 0.432866 0.831467 -0.348266
vn 0.648507 0.554260 -0.521761
vn 0.646448 0.555561 -0.522931
vn 0.762637 0.194409 -0.616920
vn 0.761910 0.195084 -0.617605
vn 0.762016 -0.194393 -0.617691
vn 0.762532 -0.195086 -0.616836
vn 0.647167 -0.554175 -0.523513
vn 0.647828 -0.555567 -0.521215
vn 0.433884 -0.830593 -0.349085
vn 0.434059 -0.831470 -0.346772
vn 0.152881 -0.980668 -0.122138
vn 0.152837 -0.980785 -0.121249
vn -0.153259 -0.980678 0.121583
vn -0.153187 -0.980785 0.120810
vn -0.437035 -0.830788 0.344663
vn -0.436967 -0.831462 0.343118
vn -0.654459 -0.554609 0.513898
vn -0.654613 -0.555555 0.512679
vn -0.772230 -0.194638 0.604795
vn -0.772415 -0.195082 0.604415
vn -0.860446 0.193340 0.471437
vn -0.859960 0.194278 0.471938
vn -0.731036 0.551939 0.401185
vn -0.728957 0.553984 0.402148
vn -0.489741 0.828950 0.270178
vn -0.486557 0.830505 0.271151
vn -0.172124 0.980394 0.095922
vn -0.170207 0.980668 0.096536
vn 0.171582 0.980351 -0.097316
vn 0.168802 0.980703 -0.098626
vn 0.484186 0.827970 -0.282896
vn 0.474005 0.831209 -0.290536
vn 0.712643 0.548944 -0.436807
vn 0.696360 0.555516 -0.454406
vn 0.822080 0.190821 -0.536444
vn 0.812580 0.195090 -0.549230
vn 0.813383 -0.190150 -0.549773
vn 0.821381 -0.195064 -0.535988
vn 0.701208 -0.546752 -0.457570
vn 0.709123 -0.555180 -0.434649
vn 0.479329 -0.826998 -0.293800
vn 0.480421 -0.830906 -0.280697
vn 0.170653 -0.980273 -0.099708
vn 0.170207 -0.980668 -0.096536
vn -0.171582 -0.980351 0.097316
vn -0.171030 -0.980645 0.095312
vn -0.488783 -0.828791 0.272391
vn -0.487844 -0.830407 0.269132
vn -0.730214 -0.551820 0.402842
vn -0.729892 -0.553905 0.400558
vn -0.860125 -0.193323 0.472028
vn -0.860285 -0.194266 0.471349
vn -0.963640 0.191680 0.186162
vn -0.963458 0.192274 0.186492
vn -0.820906 0.548512 0.158899
vn -0.819843 0.549854 0.159745
vn -0.552343 0.826640 0.107623
vn -0.550472 0.827737 0.108777
vn -0.194946 0.980057 0.038523
vn -0.193662 0.980276 0.039422
vn 0.194937 0.980013 -0.039682
vn 0.192611 0.980366 -0.042225
vn 0.551495 0.825370 -0.120902
vn 0.533610 0.830732 -0.158571
vn 0.807195 0.539350 -0.239872
vn 0.851703 0.522651 0.037909
vn 0.979852 0.194905 0.043612
vn 0.979690 0.187166 -0.071943
vn 0.978251 -0.194586 -0.071837
vn 0.982779 -0.179535 0.043743
vn 0.830901 -0.555190 0.036983
vn 0.797727 -0.554468 -0.237058
vn 0.548150 -0.820364 -0.162892
vn 0.546852 -0.828602 -0.119884
vn 0.194912 -0.979890 -0.042730
vn 0.193662 -0.980276 -0.039422
vn -0.194937 -0.980013 0.039682
vn -0.194064 -0.980239 0.038348
vn -0.552252 -0.826504 0.109129
vn -0.550932 -0.827617 0.107348
vn -0.820768 -0.548420 0.159925
vn -0.820093 -0.549771 0.158742
vn -0.963575 -0.191667 0.186515
vn -0.963528 -0.192262 0.186141
vn -0.963528 0.192262 -0.186141
vn -0.963575 0.191667 -0.186515
vn -0.820093 0.549771 -0.158742
vn -0.820768 0.548420 -0.159925
vn -0.550932 0.827617 -0.107348
vn -0.552252 0.826504 -0.109129
vn -0.194064 0.980239 -0.038348
vn -0.194937 0.980013 -0.039682
vn 0.193662 0.980276 0.039422
vn 0.194912 0.979890 0.042730
vn 0.546852 0.828602 0.119884
vn 0.548150 0.820364 0.162892
vn 0.797727 0.554468 0.237058
vn 0.830901 0.555190 -0.036983
vn 0.982779 0.179535 -0.043743
vn 0.978251 0.194586 0.071837
vn 0.979690 -0.187166 0.071943
vn 0.979852 -0.194905 -0.043612
vn 0.851703 -0.522651 -0.037909
vn 0.807195 -0.539350 0.239872
vn 0.533610 -0.830732 0.158571
vn 0.551495 -0.825370 0.120902
vn 0.192611 -0.980366 0.042225
vn 0.194937 -0.980013 0.039682
vn -0.193662 -0.980276 -0.039422
vn -0.194946 -0.980057 -0.038523
vn -0.550472 -0.827737 -0.108777
vn -0.552343 -0.826640 -0.107623
vn -0.819843 -0.549854 -0.159745
vn -0.820906 -0.548512 -0.158899
vn -0.963458 -0.192274 -0.186492
vn -0.963640 -0.191680 -0.186162
vn -0.860285 0.194266 -0.471349
vn -0.860125 0.193323 -0.472028
vn -0.729892 0.553905 -0.400558
vn -0.730214 0.551820 -0.402842
vn -0.487844 0.830407 -0.269132
vn -0.488783 0.828791 -0.272391
vn -0.171030 0.980645 -0.095312
vn -0.171582 0.980351 -0.097316
vn 0.170207 0.980668 0.096536
vn 0.170653 0.980273 0.099708
vn 0.480421 0.830906 0.280697
vn 0.479329 0.826998 0.293800
vn 0.709123 0.555180 0.434649
vn 0.701208 0.546752 0.457570
vn 0.821381 0.195064 0.535988
vn 0.813383 0.190150 0.549773
vn 0.812580 -0.195090 0.549230
vn 0.822080 -0.190821 0.536444
vn 0.696360 -0.555516 0.454406
vn 0.712643 -0.548944 0.436807
vn 0.474005 -0.831209 0.290536
vn 0.484186 -0.827970 0.282896
vn 0.168802 -0.980703 0.098626
vn 0.171582 -0.980351 0.097316
vn -0.170207 -0.980668 -0.096536
vn -0.172124 -0.980394 -0.095922
vn -0.486557 -0.830505 -0.271151
vn -0.489741 -0.828950 -0.270178
vn -0.728957 -0.553984 -0.402148
vn -0.731036 -0.551939 -0.401185
vn -0.859960 -0.194278 -0.471938
vn -0.860446 -0.193340 -0.471437
vn -0.772415 0.195082 -0.604415
vn -0.772230 0.194638 -0.604795
vn -0.654613 0.555555 -0.512679
vn -0.654459 0.554609 -0.513898
vn -0.436967 0.831462 -0.343118
vn -0.437035 0.830788 -0.344663
vn -0.153187 0.980785 -0.120810
vn -0.153259 0.980678 -0.121583
vn 0.152837 0.980785 0.121249
vn 0.152881 0.980668 0.122138
vn 0.434059 0.831470 0.346772
vn 0.433884 0.830593 0.349085
vn 0.647828 0.555567 0.521215
vn 0.647167 0.554175 0.523513
vn 0.762532 0.195086 0.616836
vn 0.762016 0.194393 0.617691
vn 0.761910 -0.195084 0.617605
vn 0.762637 -0.194409 0.616920
vn 0.646448 -0.555561 0.522931
vn 0.648507 -0.554260 0.521761
vn 0.432866 -0.831467 0.348266
vn 0.434999 -0.830664 0.347523
vn 0.152421 -0.980785 0.121770
vn 0.153259 -0.980678 0.121583
vn -0.152837 -0.980785 -0.121249
vn -0.153577 -0.980686 -0.121117
vn -0.436239 -0.831466 -0.344035
vn -0.437715 -0.830827 -0.343705
vn -0.653961 -0.555559 -0.513507
vn -0.655092 -0.554644 -0.513054
vn -0.772161 -0.195083 -0.604740
vn -0.772484 -0.194643 -0.604468
vn -0.761021 0.194656 -0.618834
vn -0.761336 0.195083 -0.618312
vn -0.645881 0.554697 -0.524547
vn -0.646297 0.555560 -0.523118
vn -0.432485 0.830913 -0.350057
vn -0.432617 0.831466 -0.348578
vn -0.152209 0.980710 -0.122641
vn -0.152194 0.980785 -0.122055
vn 0.152469 0.980715 0.122275
vn 0.152438 0.980785 0.121749
vn 0.434634 0.831018 0.347133
vn 0.434631 0.831470 0.346055
vn 0.650806 0.554930 0.518174
vn 0.650953 0.555570 0.517304
vn 0.767898 0.194788 0.610238
vn 0.768041 0.195090 0.609961
vn 0.768088 -0.194791 0.609998
vn 0.767851 -0.195090 0.610201
vn 0.651277 -0.554950 0.517561
vn 0.650472 -0.555570 0.517908
vn 0.435132 -0.831041 0.346454
vn 0.434107 -0.831470 0.346712
vn 0.152696 -0.980720 0.121955
vn 0.152194 -0.980785 0.122055
vn -0.152469 -0.980715 -0.122275
vn -0.151915 -0.980785 -0.122405
vn -0.433217 -0.830950 -0.349062
vn -0.431846 -0.831463 -0.349540
vn -0.646723 -0.554739 -0.523463
vn -0.645436 -0.555555 -0.524185
vn -0.761401 -0.194664 -0.618365
vn -0.760956 -0.195082 -0.618780
vn -0.828221 0.193802 -0.525824
vn -0.829557 0.194838 -0.523329
vn -0.704645 0.553055 -0.444528
vn -0.706265 0.554925 -0.439599
vn -0.473583 0.829957 -0.294771
vn -0.473984 0.830950 -0.291311
vn -0.167054 0.980587 -0.102672
vn -0.166993 0.980700 -0.101695
vn 0.167406 0.980603 0.101947
vn 0.167294 0.980693 0.101266
vn 0.476791 0.830286 0.288611
vn 0.476601 0.830803 0.287433
vn 0.712982 0.553863 0.429992
vn 0.712967 0.554550 0.429131
vn 0.840452 0.194273 0.505864
vn 0.840538 0.194588 0.505600
vn 0.840591 -0.194278 0.505631
vn 0.840398 -0.194592 0.505831
vn 0.713340 -0.553894 0.429356
vn 0.712576 -0.554574 0.429747
vn 0.477211 -0.830326 0.287801
vn 0.476092 -0.830833 0.288188
vn 0.167636 -0.980613 0.101473
vn 0.166993 -0.980700 0.101695
vn -0.167406 -0.980603 -0.101947
vn -0.166532 -0.980710 -0.102351
vn -0.475048 -0.830112 -0.291965
vn -0.472215 -0.831038 -0.293919
vn -0.707176 -0.553314 -0.440166
vn -0.703520 -0.555053 -0.443819
vn -0.829720 -0.193864 -0.523432
vn -0.828043 -0.194865 -0.525711
vn -0.932539 0.194901 -0.303949
vn -0.931246 0.193547 -0.308741
vn -0.789530 0.555091 -0.261758
vn -0.788381 0.552859 -0.269821
vn -0.526283 0.831014 -0.180119
vn -0.526420 0.829887 -0.184851
vn -0.184476 0.980700 -0.064778
vn -0.184722 0.980576 -0.065947
vn 0.184201 0.980686 0.065761
vn 0.184452 0.980588 0.066513
vn 0.523671 0.830729 0.188836
vn 0.524103 0.830168 0.190100
vn 0.782370 0.554408 0.283777
vn 0.782556 0.553665 0.284712
vn 0.921789 0.194509 0.335369
vn 0.921750 0.194167 0.335673
vn 0.921687 -0.194504 0.335650
vn 0.921853 -0.194162 0.335392
vn 0.782110 -0.554378 0.284550
vn 0.782858 -0.553628 0.283954
vn 0.523369 -0.830692 0.189833
vn 0.524526 -0.830119 0.189144
vn 0.184032 -0.980677 0.066362
vn 0.184722 -0.980576 0.065947
vn -0.184201 -0.980686 -0.065761
vn -0.185163 -0.980555 -0.065020
vn -0.525018 -0.830884 -0.184359
vn -0.528205 -0.829650 -0.180776
vn -0.787103 -0.554889 -0.269384
vn -0.791228 -0.552400 -0.262321
vn -0.931000 -0.194856 -0.308660
vn -0.932817 -0.193423 -0.304040
vn -0.964130 0.195075 -0.179997
vn -0.964029 0.194423 -0.181242
vn -0.817171 0.555544 -0.153632
vn -0.817474 0.554307 -0.156462
vn -0.545679 0.831461 -0.104441
vn -0.546345 0.830708 -0.106918
vn -0.191460 0.980785 -0.037468
vn -0.191798 0.980686 -0.038331
vn 0.191307 0.980785 0.038233
vn 0.191628 0.980694 0.038952
vn 0.544438 0.831468 0.110667
vn 0.545027 0.830887 0.112124
vn 0.814418 0.555565 0.167543
vn 0.814726 0.554736 0.168792
vn 0.960392 0.195086 0.198971
vn 0.960377 0.194689 0.199429
vn 0.960300 -0.195085 0.199413
vn 0.960470 -0.194683 0.198987
vn 0.814186 -0.555561 0.168680
vn 0.814984 -0.554700 0.167659
vn 0.544180 -0.831466 0.111949
vn 0.545350 -0.830846 0.110852
vn 0.191182 -0.980785 0.038861
vn 0.191798 -0.980686 0.038331
vn -0.191307 -0.980785 -0.038233
vn -0.192005 -0.980674 -0.037575
vn -0.545231 -0.831467 -0.106700
vn -0.546907 -0.830624 -0.104677
vn -0.816655 -0.555557 -0.156306
vn -0.818050 -0.554202 -0.153797
vn -0.963901 -0.195078 -0.181218
vn -0.964261 -0.194403 -0.180022
vn -0.960502 0.194750 -0.198766
vn -0.960515 0.195087 -0.198375
vn -0.814746 0.554865 -0.168269
vn -0.814486 0.555566 -0.167210
vn -0.544939 0.830979 -0.111873
vn -0.544442 0.831468 -0.110649
vn -0.191556 0.980709 -0.038931
vn -0.191287 0.980785 -0.038335
vn 0.191694 0.980703 0.038416
vn 0.191411 0.980785 0.037712
vn 0.546008 0.830844 0.107575
vn 0.545451 0.831465 0.105594
vn 0.816985 0.554545 0.158160
vn 0.816726 0.555555 0.155938
vn 0.963487 0.194554 0.183959
vn 0.963564 0.195081 0.182995
vn 0.963670 -0.194540 0.183015
vn 0.963384 -0.195083 0.183940
vn 0.817436 -0.554472 0.156074
vn 0.816319 -0.555563 0.158031
vn 0.546450 -0.830784 0.105787
vn 0.545093 -0.831468 0.107395
vn 0.191859 -0.980694 0.037800
vn 0.191287 -0.980785 0.038335
vn -0.191694 -0.980703 -0.038416
vn -0.191183 -0.980785 -0.038855
vn -0.545206 -0.830947 -0.110804
vn -0.544225 -0.831466 -0.111727
vn -0.814963 -0.554837 -0.167308
vn -0.814289 -0.555563 -0.168175
vn -0.960581 -0.194746 -0.198389
vn -0.960437 -0.195086 -0.198752
vn -0.926307 0.194368 -0.322763
vn -0.926336 0.194620 -0.322530
vn -0.786172 0.554081 -0.273728
vn -0.786032 0.554627 -0.273024
vn -0.526243 0.830456 -0.182788
vn -0.525922 0.830863 -0.181858
vn -0.185101 0.980633 -0.064006
vn -0.184915 0.980703 -0.063470
vn 0.185284 0.980625 0.063596
vn 0.185096 0.980711 0.062806
vn 0.527784 0.830284 0.179086
vn 0.527589 0.831038 0.176141
vn 0.789913 0.553615 0.263720
vn 0.790398 0.555037 0.259238
vn 0.932138 0.194034 0.305726
vn 0.932757 0.194855 0.303308
vn 0.932922 -0.193983 0.303361
vn 0.931989 -0.194830 0.305677
vn 0.791432 -0.553404 0.259577
vn 0.789086 -0.554925 0.263444
vn 0.528832 -0.830159 0.176556
vn 0.526827 -0.830962 0.178762
vn 0.185565 -0.980613 0.062965
vn 0.184915 -0.980703 0.063470
vn -0.185284 -0.980625 -0.063596
vn -0.184797 -0.980697 -0.063901
vn -0.526542 -0.830424 -0.182073
vn -0.525704 -0.830839 -0.182600
vn -0.786391 -0.554056 -0.273149
vn -0.785842 -0.554607 -0.273613
vn -0.926383 -0.194364 -0.322547
vn -0.926261 -0.194617 -0.322747
vn -0.856176 0.194641 -0.478620
vn -0.856106 0.194381 -0.478850
vn -0.726200 0.554656 -0.406189
vn -0.726219 0.554092 -0.406925
vn -0.485449 0.830872 -0.272014
vn -0.485616 0.830447 -0.273010
vn -0.170424 0.980702 -0.095811
vn -0.170522 0.980628 -0.096384
vn 0.170178 0.980707 0.096190
vn 0.170237 0.980616 0.097012
vn 0.483316 0.830992 0.275423
vn 0.483027 0.830188 0.278339
vn 0.720771 0.554964 0.415336
vn 0.719521 0.553458 0.419492
vn 0.847341 0.194845 0.494013
vn 0.846299 0.194013 0.496121
vn 0.846153 -0.194868 0.496036
vn 0.847475 -0.194061 0.494091
vn 0.718595 -0.555069 0.418952
vn 0.721525 -0.553658 0.415770
vn 0.481895 -0.831064 0.277686
vn 0.484201 -0.830309 0.275928
vn 0.169804 -0.980716 0.096765
vn 0.170522 -0.980628 0.096384
vn -0.170178 -0.980707 -0.096190
vn -0.170710 -0.980636 -0.095972
vn -0.485032 -0.830896 -0.272682
vn -0.485960 -0.830479 -0.272300
vn -0.725879 -0.554676 -0.406735
vn -0.726514 -0.554117 -0.406365
vn -0.856061 -0.194644 -0.478825
vn -0.856221 -0.194385 -0.478645
vn -0.788502 0.195087 -0.583272
vn -0.788342 0.194771 -0.583593
vn -0.668284 0.555564 -0.494716
vn -0.668109 0.554892 -0.495706
vn -0.446177 0.831467 -0.331042
vn -0.446156 0.830988 -0.332269
vn -0.156467 0.980785 -0.116527
vn -0.156486 0.980710 -0.117137
vn 0.156181 0.980785 0.116908
vn 0.156175 0.980702 0.117609
vn 0.443805 0.831469 0.334211
vn 0.443573 0.830850 0.336053
vn 0.662752 0.555564 0.502104
vn 0.662156 0.554584 0.503971
vn 0.780449 0.195085 0.594004
vn 0.780025 0.194598 0.594721
vn 0.779948 -0.195083 0.594662
vn 0.780524 -0.194609 0.594062
vn 0.661638 -0.555559 0.503577
vn 0.663241 -0.554644 0.502475
vn 0.442839 -0.831466 0.335497
vn 0.444483 -0.830901 0.334722
vn 0.155844 -0.980785 0.117359
vn 0.156486 -0.980710 0.117137
vn -0.156181 -0.980785 -0.116908
vn -0.156749 -0.980715 -0.116737
vn -0.445580 -0.831469 -0.331841
vn -0.446718 -0.831016 -0.331444
vn -0.667748 -0.555566 -0.495438
vn -0.668632 -0.554917 -0.494973
vn -0.788292 -0.195087 -0.583555
vn -0.788552 -0.194775 -0.583309
vn -0.778407 0.194476 -0.596876
vn -0.778959 0.195080 -0.595959
vn -0.661018 0.554344 -0.505725
vn -0.661800 0.555560 -0.503363
vn -0.443105 0.830706 -0.337024
vn -0.443416 0.831468 -0.334729
vn -0.156111 0.980684 -0.117846
vn -0.156123 0.980785 -0.116987
vn 0.156490 0.980694 0.117262
vn 0.156468 0.980785 0.116526
vn 0.446271 0.830894 0.332351
vn 0.446294 0.831467 0.330885
vn 0.668353 0.554764 0.495521
vn 0.668557 0.555563 0.494350
vn 0.788672 0.194712 0.583167
vn 0.788859 0.195086 0.582789
vn 0.788918 -0.194717 0.582832
vn 0.788612 -0.195087 0.583123
vn 0.668968 -0.554796 0.494654
vn 0.667923 -0.555566 0.495203
vn 0.446938 -0.830930 0.331363
vn 0.445582 -0.831469 0.331838
vn 0.156805 -0.980701 0.116777
vn 0.156123 -0.980785 0.116987
vn -0.156490 -0.980694 -0.117262
vn -0.155707 -0.980785 -0.117542
vn -0.444240 -0.830777 -0.335352
vn -0.442205 -0.831463 -0.336340
vn -0.662400 -0.554430 -0.503820
vn -0.660379 -0.555550 -0.505237
vn -0.779052 -0.194492 -0.596030
vn -0.778312 -0.195078 -0.596804
vn -0.846728 0.193457 -0.495607
vn -0.848839 0.194870 -0.491425
vn -0.721373 0.552454 -0.417630
vn -0.723778 0.554931 -0.410118
vn -0.485696 0.829673 -0.275212
vn -0.486220 0.830917 -0.270492
vn -0.171484 0.980557 -0.095399
vn -0.171392 0.980691 -0.094176
vn 0.171887 0.980579 0.094448
vn 0.171735 0.980683 0.093641
vn 0.489517 0.830138 0.266915
vn 0.489256 0.830728 0.265556
vn 0.731885 0.553658 0.397250
vn 0.731833 0.554432 0.396265
vn 0.862627 0.194177 0.467086
vn 0.862713 0.194530 0.466781
vn 0.862773 -0.194182 0.466814
vn 0.862565 -0.194535 0.467052
vn 0.732263 -0.553696 0.396498
vn 0.731415 -0.554462 0.396994
vn 0.489963 -0.830188 0.265940
vn 0.488697 -0.830765 0.266468
vn 0.172137 -0.980591 0.093860
vn 0.171392 -0.980691 0.094176
vn -0.171887 -0.980579 -0.094448
vn -0.170837 -0.980705 -0.095040
vn -0.487538 -0.829905 -0.271226
vn -0.483921 -0.831042 -0.274207
vn -0.724958 -0.552892 -0.410787
vn -0.719839 -0.555120 -0.416742
vn -0.849061 -0.193573 -0.491554
vn -0.846480 -0.194911 -0.495461
vn -0.943353 0.194853 -0.268547
vn -0.942687 0.193806 -0.271626
vn -0.799317 0.555020 -0.230316
vn -0.798932 0.553223 -0.235904
vn -0.533493 0.831006 -0.157527
vn -0.533892 0.830062 -0.161109
vn -0.187164 0.980704 -0.056479
vn -0.187440 0.980596 -0.057421
vn 0.186977 0.980693 0.057279
vn 0.187236 0.980606 0.057911
vn 0.531740 0.830786 0.164463
vn 0.532187 0.830283 0.165550
vn 0.794623 0.554502 0.247187
vn 0.794835 0.553831 0.248010
vn 0.936367 0.194557 0.292171
vn 0.936346 0.194247 0.292444
vn 0.936288 -0.194553 0.292426
vn 0.936427 -0.194242 0.292190
vn 0.794424 -0.554477 0.247881
vn 0.795070 -0.553799 0.247326
vn 0.531516 -0.830755 0.165341
vn 0.532514 -0.830242 0.164702
vn 0.186857 -0.980686 0.057793
vn 0.187440 -0.980596 0.057421
vn -0.186977 -0.980693 -0.057279
vn -0.187757 -0.980580 -0.056658
vn -0.532684 -0.830909 -0.160744
vn -0.535080 -0.829896 -0.157995
vn -0.797877 -0.554877 -0.235593
vn -0.800650 -0.552935 -0.230700
vn -0.942493 -0.194822 -0.271571
vn -0.943566 -0.193735 -0.268608
vn -0.969078 0.195080 -0.151102
vn -0.969060 0.194609 -0.151820
vn -0.821462 0.555551 -0.128696
vn -0.821814 0.554637 -0.130381
vn -0.548720 0.831461 -0.087054
vn -0.549337 0.830890 -0.088603
vn -0.192604 0.980785 -0.031065
vn -0.192904 0.980707 -0.031635
vn 0.192520 0.980785 0.031572
vn 0.192805 0.980713 0.032069
vn 0.548041 0.831470 0.091156
vn 0.548579 0.830999 0.092205
vn 0.819968 0.555570 0.137820
vn 0.820272 0.554891 0.138746
vn 0.967049 0.195090 0.163573
vn 0.967056 0.194762 0.163920
vn 0.966992 -0.195090 0.163909
vn 0.967114 -0.194758 0.163584
vn 0.819825 -0.555569 0.138671
vn 0.820431 -0.554867 0.137898
vn 0.547885 -0.831469 0.092088
vn 0.548775 -0.830972 0.091278
vn 0.192446 -0.980785 0.032010
vn 0.192904 -0.980707 0.031635
vn -0.192520 -0.980785 -0.031572
vn -0.193019 -0.980701 -0.031132
vn -0.548487 -0.831466 -0.088466
vn -0.549630 -0.830845 -0.087199
vn -0.821207 -0.555558 -0.130285
vn -0.822100 -0.554584 -0.128796
vn -0.968968 -0.195081 -0.151806
vn -0.969172 -0.194599 -0.151117
vn -0.965797 0.194604 -0.171363
vn -0.965783 0.195081 -0.170898
vn -0.819413 0.554561 -0.144997
vn -0.818961 0.555557 -0.143733
vn -0.548240 0.830768 -0.096220
vn -0.547437 0.831465 -0.094753
vn -0.192770 0.980676 -0.033366
vn -0.192340 0.980785 -0.032649
vn 0.192925 0.980667 0.032748
vn 0.192465 0.980785 0.031898
vn 0.549413 0.830575 0.091055
vn 0.548457 0.831466 0.088649
vn 0.821783 0.554103 0.132828
vn 0.821235 0.555557 0.130116
vn 0.968852 0.194323 0.153504
vn 0.968886 0.195082 0.152323
vn 0.969039 -0.194302 0.152347
vn 0.968703 -0.195084 0.153481
vn 0.822262 -0.553996 0.130279
vn 0.820820 -0.555565 0.132672
vn 0.549901 -0.830487 0.088882
vn 0.548094 -0.831469 0.090836
vn 0.193110 -0.980655 0.032004
vn 0.192340 -0.980785 0.032649
vn -0.192925 -0.980667 -0.032748
vn -0.192235 -0.980785 -0.033273
vn -0.548531 -0.830722 -0.094943
vn -0.547220 -0.831461 -0.096041
vn -0.819642 -0.554521 -0.143852
vn -0.818762 -0.555552 -0.144882
vn -0.965878 -0.194598 -0.170914
vn -0.965704 -0.195081 -0.171346
vn -0.923765 0.193320 -0.330585
vn -0.923816 0.194237 -0.329904
vn -0.785338 0.551897 -0.280452
vn -0.784694 0.553899 -0.278301
vn -0.527189 0.828923 -0.186974
vn -0.525832 0.830450 -0.183995
vn -0.186007 0.980390 -0.065086
vn -0.185210 0.980661 -0.063261
vn 0.186687 0.980348 0.063765
vn 0.185839 0.980697 0.060803
vn 0.533015 0.827939 0.174392
vn 0.532064 0.831188 0.161354
vn 0.799949 0.548845 0.242593
vn 0.802639 0.555517 0.217189
vn 0.947572 0.190690 0.256407
vn 0.951159 0.195090 0.239241
vn 0.952139 -0.189938 0.239487
vn 0.946742 -0.195064 0.256182
vn 0.808400 -0.546478 0.218748
vn 0.795955 -0.555149 0.241382
vn 0.538104 -0.826930 0.163186
vn 0.528886 -0.830865 0.173041
vn 0.187869 -0.980269 0.061467
vn 0.185210 -0.980661 0.063261
vn -0.186687 -0.980348 -0.063765
vn -0.184846 -0.980637 -0.064680
vn -0.528194 -0.828766 -0.184821
vn -0.525189 -0.830350 -0.186265
vn -0.786019 -0.551780 -0.278771
vn -0.784136 -0.553821 -0.280023
vn -0.923990 -0.193302 -0.329966
vn -0.923596 -0.194225 -0.330524
vn -0.782946 0.192060 -0.591699
vn -0.783043 0.192516 -0.591423
vn -0.666801 0.549307 -0.503626
vn -0.666743 0.550332 -0.502582
vn -0.448710 0.827199 -0.338232
vn -0.448415 0.828029 -0.336588
vn -0.158576 0.980146 -0.119030
vn -0.158430 0.980308 -0.117880
vn 0.159197 0.980115 0.118451
vn 0.159380 0.980368 0.116086
vn 0.455178 0.826377 0.331534
vn 0.462772 0.829860 0.311728
vn 0.695412 0.544947 0.468438
vn 0.598571 0.109169 -0.793596
vn -0.601785 0.035750 0.797858
vn 0.665729 0.183956 0.723164
vn 0.664273 -0.195090 0.721583
vn -0.601848 0.032677 0.797942
vn -0.597869 -0.119308 0.792666
vn 0.690932 -0.553170 0.465420
vn 0.469609 -0.824258 0.316334
vn 0.452510 -0.828616 0.329591
vn 0.160700 -0.980038 0.117048
vn 0.158430 -0.980308 0.117880
vn -0.159197 -0.980115 -0.118451
vn -0.158035 -0.980282 -0.118624
vn -0.449508 -0.827102 -0.337409
vn -0.447835 -0.827942 -0.337572
vn -0.667317 -0.549240 -0.503015
vn -0.666294 -0.550271 -0.503243
vn -0.783116 -0.192050 -0.591478
vn -0.782876 -0.192507 -0.591647
vn -0.530277 0.192842 -0.825602
vn -0.530044 0.192281 -0.825882
vn -0.450747 0.550967 -0.702326
vn -0.450367 0.549706 -0.703557
vn -0.301970 0.828420 -0.471735
vn -0.301618 0.827403 -0.473741
vn -0.105933 0.980354 -0.166386
vn -0.105635 0.980156 -0.167738
vn 0.105037 0.980382 0.166788
vn 0.103992 0.980075 0.169229
vn 0.292709 0.829113 0.476333
vn 0.280674 0.824876 0.490715
vn 0.413501 0.553509 0.722941
vn 0.299753 0.526741 0.795419
vn 0.345885 0.194800 0.917833
vn -0.682716 0.014994 0.730530
vn -0.680723 -0.077805 0.728397
vn 0.346789 -0.181413 0.920232
vn 0.293350 -0.554975 0.778427
vn 0.416005 -0.545845 0.727319
vn 0.276861 -0.830088 0.484047
vn 0.294632 -0.826625 0.479462
vn 0.103042 -0.980441 0.167682
vn 0.105635 -0.980156 0.167738
vn -0.105037 -0.980382 -0.166788
vn -0.106370 -0.980190 -0.167072
vn -0.300734 -0.828518 -0.472352
vn -0.302690 -0.827517 -0.472858
vn -0.449893 -0.551038 -0.702818
vn -0.451168 -0.549786 -0.702982
vn -0.529984 -0.192852 -0.825788
vn -0.530335 -0.192292 -0.825693
vn -0.283431 0.194454 -0.939071
vn -0.282931 0.193661 -0.939386
vn -0.240035 0.554285 -0.796964
vn -0.238889 0.552546 -0.798514
vn -0.159587 0.830648 -0.533438
vn -0.158286 0.829324 -0.535879
vn -0.055420 0.980676 -0.187626
vn -0.054657 0.980443 -0.189061
vn 0.054312 0.980692 0.187866
vn 0.053007 0.980395 0.189779
vn 0.149651 0.830982 0.535792
vn 0.143721 0.828288 0.541557
vn 0.213355 0.555116 0.803944
vn 0.202565 0.549926 0.810277
vn 0.237876 0.194981 0.951524
vn 0.231262 0.192118 0.953734
vn 0.231127 -0.195021 0.953177
vn 0.238002 -0.192349 0.952028
vn 0.201693 -0.555346 0.806791
vn 0.214083 -0.550842 0.806686
vn 0.142624 -0.831166 0.537421
vn 0.150526 -0.828797 0.538923
vn 0.052577 -0.980714 0.188242
vn 0.054657 -0.980443 0.189061
vn -0.054312 -0.980692 -0.187866
vn -0.055709 -0.980472 -0.188602
vn -0.157698 -0.830718 -0.533890
vn -0.160102 -0.829440 -0.535161
vn -0.238546 -0.554343 -0.797370
vn -0.240351 -0.552635 -0.798014
vn -0.282885 -0.194463 -0.939234
vn -0.283476 -0.193674 -0.939219
vn -0.144598 0.195085 -0.970069
vn -0.144278 0.194716 -0.970190
vn -0.122305 0.555560 -0.822432
vn -0.121542 0.554779 -0.823072
vn -0.081162 0.831465 -0.549618
vn -0.080361 0.830912 -0.550570
vn -0.028177 0.980785 -0.193047
vn -0.027806 0.980698 -0.193539
vn 0.027744 0.980785 0.193108
vn 0.027309 0.980692 0.193644
vn 0.077583 0.831470 0.550127
vn 0.076325 0.830780 0.551343
vn 0.114018 0.555569 0.823616
vn 0.112541 0.554485 0.824549
vn 0.132635 0.195088 0.971776
vn 0.131952 0.194551 0.971977
vn 0.131938 -0.195088 0.971871
vn 0.132650 -0.194561 0.971880
vn 0.112443 -0.555566 0.823834
vn 0.114112 -0.554540 0.824296
vn 0.076184 -0.831469 0.550323
vn 0.077717 -0.830827 0.551078
vn 0.027243 -0.980785 0.193179
vn 0.027806 -0.980698 0.193539
vn -0.027744 -0.980785 -0.193108
vn -0.028236 -0.980704 -0.193448
vn -0.080241 -0.831467 -0.549749
vn -0.081276 -0.830940 -0.550393
vn -0.121466 -0.555563 -0.822555
vn -0.122379 -0.554804 -0.822931
vn -0.144267 -0.195085 -0.970118
vn -0.144609 -0.194720 -0.970140
vn -0.129925 0.194750 -0.972210
vn -0.130352 0.195086 -0.972085
vn -0.110568 0.554883 -0.824548
vn -0.111507 0.555564 -0.823963
vn -0.074594 0.831029 -0.551205
vn -0.075420 0.831467 -0.550431
vn -0.026525 0.980725 -0.193586
vn -0.026822 0.980785 -0.193238
vn 0.026861 0.980728 0.193521
vn 0.027124 0.980785 0.193196
vn 0.077318 0.831100 0.550722
vn 0.077900 0.831470 0.550082
vn 0.116634 0.555042 0.823605
vn 0.117196 0.555570 0.823169
vn 0.138249 0.194840 0.971043
vn 0.138486 0.195090 0.970959
vn 0.138493 -0.194842 0.971008
vn 0.138242 -0.195090 0.970994
vn 0.117244 -0.555057 0.823508
vn 0.116585 -0.555570 0.823256
vn 0.077974 -0.831117 0.550605
vn 0.077241 -0.831470 0.550175
vn 0.027161 -0.980732 0.193463
vn 0.026822 -0.980785 0.193238
vn -0.026861 -0.980728 -0.193521
vn -0.026484 -0.980785 -0.193286
vn -0.075504 -0.831053 -0.551044
vn -0.074507 -0.831465 -0.550558
vn -0.111565 -0.554911 -0.824395
vn -0.110507 -0.555561 -0.824100
vn -0.130360 -0.194755 -0.972151
vn -0.129916 -0.195085 -0.972144
vn -0.235102 0.194162 -0.952380
vn -0.236547 0.194851 -0.951882
vn -0.200821 0.553726 -0.808120
vn -0.203465 0.555010 -0.806577
vn -0.136309 0.830322 -0.540357
vn -0.138030 0.831042 -0.538811
vn -0.048606 0.980631 -0.189738
vn -0.049052 0.980717 -0.189180
vn 0.049148 0.980641 0.189548
vn 0.049445 0.980712 0.189102
vn 0.140899 0.830523 0.538868
vn 0.141443 0.830944 0.538076
vn 0.211617 0.554199 0.805035
vn 0.212100 0.554766 0.804517
vn 0.250061 0.194433 0.948507
vn 0.250265 0.194695 0.948399
vn 0.250278 -0.194436 0.948449
vn 0.250048 -0.194698 0.948456
vn 0.212192 -0.554223 0.804867
vn 0.211518 -0.554784 0.804658
vn 0.141591 -0.830552 0.538642
vn 0.140732 -0.830965 0.538230
vn 0.049527 -0.980647 0.189414
vn 0.049052 -0.980717 0.189180
vn -0.049148 -0.980641 -0.189548
vn -0.048491 -0.980723 -0.189291
vn -0.138264 -0.830410 -0.539725
vn -0.136027 -0.831095 -0.539238
vn -0.203653 -0.553857 -0.807322
vn -0.200604 -0.555081 -0.807244
vn -0.236578 -0.194191 -0.952009
vn -0.235068 -0.194866 -0.952245
vn -0.428014 0.194870 -0.882513
vn -0.425958 0.194003 -0.883698
vn -0.361175 0.555073 -0.749298
vn -0.357726 0.553550 -0.752074
vn -0.238898 0.831066 -0.502253
vn -0.236916 0.830245 -0.504544
vn -0.083070 0.980716 -0.176908
vn -0.082620 0.980620 -0.177647
vn 0.082436 0.980707 0.177252
vn 0.082167 0.980629 0.177809
vn 0.233417 0.830890 0.505113
vn 0.232941 0.830430 0.506088
vn 0.347902 0.554664 0.755852
vn 0.347458 0.554045 0.756509
vn 0.409392 0.194637 0.891355
vn 0.409186 0.194351 0.891512
vn 0.409163 -0.194634 0.891461
vn 0.409416 -0.194346 0.891408
vn 0.347292 -0.554642 0.756148
vn 0.348082 -0.554017 0.756243
vn 0.232671 -0.830863 0.505500
vn 0.233727 -0.830394 0.505784
vn 0.082015 -0.980701 0.177481
vn 0.082620 -0.980620 0.177647
vn -0.082436 -0.980707 -0.177252
vn -0.083301 -0.980607 -0.177402
vn -0.236443 -0.830991 -0.503537
vn -0.239506 -0.830116 -0.503532
vn -0.357321 -0.554966 -0.751222
vn -0.361676 -0.553340 -0.750337
vn -0.425886 -0.194847 -0.883547
vn -0.428093 -0.193954 -0.882677
vn -0.532817 0.195082 -0.823437
vn -0.532157 0.194585 -0.823982
vn -0.451099 0.555556 -0.698474
vn -0.449850 0.554598 -0.700040
vn -0.300350 0.831465 -0.467393
vn -0.299433 0.830873 -0.469031
vn -0.104979 0.980785 -0.164439
vn -0.104703 0.980706 -0.165086
vn 0.104489 0.980785 0.164749
vn 0.104271 0.980712 0.165323
vn 0.296380 0.831469 0.469913
vn 0.295888 0.830994 0.471061
vn 0.442264 0.555567 0.704094
vn 0.441721 0.554886 0.704971
vn 0.520759 0.195088 0.831114
vn 0.520486 0.194760 0.831362
vn 0.520452 -0.195087 0.831307
vn 0.520794 -0.194756 0.831170
vn 0.441480 -0.555565 0.704587
vn 0.442515 -0.554860 0.704494
vn 0.295512 -0.831467 0.470462
vn 0.296782 -0.830965 0.470550
vn 0.104075 -0.980785 0.165012
vn 0.104703 -0.980706 0.165086
vn -0.104489 -0.980785 -0.164749
vn -0.105213 -0.980698 -0.164806
vn -0.298954 -0.831468 -0.468281
vn -0.300871 -0.830819 -0.468205
vn -0.449502 -0.555563 -0.699499
vn -0.451469 -0.554535 -0.699047
vn -0.532103 -0.195084 -0.823899
vn -0.532872 -0.194573 -0.823522
vn -0.520885 0.194812 -0.831100
vn -0.521117 0.195088 -0.830890
vn -0.441986 0.554993 -0.704721
vn -0.442445 0.555567 -0.703980
vn -0.295950 0.831070 -0.470889
vn -0.296360 0.831469 -0.469926
vn -0.104232 0.980724 -0.165277
vn -0.104411 0.980785 -0.164799
vn 0.104588 0.980719 0.165079
vn 0.104810 0.980785 0.164546
vn 0.298868 0.830978 0.469205
vn 0.299593 0.831467 0.467875
vn 0.448655 0.554778 0.700664
vn 0.449635 0.555562 0.699413
vn 0.530422 0.194682 0.825077
vn 0.530939 0.195086 0.824649
vn 0.530983 -0.194673 0.824718
vn 0.530378 -0.195087 0.825009
vn 0.449935 -0.554733 0.699879
vn 0.448371 -0.555566 0.700221
vn 0.300018 -0.830940 0.468538
vn 0.298474 -0.831469 0.468586
vn 0.105003 -0.980714 0.164848
vn 0.104411 -0.980785 0.164799
vn -0.104588 -0.980719 -0.165079
vn -0.104068 -0.980785 -0.165016
vn -0.296696 -0.831047 -0.470459
vn -0.295633 -0.831468 -0.470386
vn -0.442656 -0.554973 -0.704316
vn -0.441783 -0.555566 -0.704397
vn -0.521146 -0.194808 -0.830937
vn -0.520856 -0.195088 -0.831054
vn -0.420081 0.194513 -0.886395
vn -0.420236 0.194723 -0.886276
vn -0.356572 0.554380 -0.752010
vn -0.356903 0.554832 -0.751519
vn -0.238852 0.830661 -0.502944
vn -0.239197 0.830994 -0.502229
vn -0.084149 0.980664 -0.176683
vn -0.084336 0.980720 -0.176284
vn 0.084468 0.980659 0.176560
vn 0.084764 0.980725 0.176048
vn 0.241614 0.830547 0.501810
vn 0.242837 0.831103 0.500299
vn 0.363504 0.554088 0.748900
vn 0.365492 0.555082 0.747194
vn 0.431026 0.194316 0.881168
vn 0.432161 0.194864 0.880491
vn 0.432211 -0.194293 0.880593
vn 0.430980 -0.194852 0.881073
vn 0.365814 -0.553983 0.747852
vn 0.363233 -0.555021 0.748340
vn 0.243245 -0.830477 0.501139
vn 0.241284 -0.831058 0.501124
vn 0.084926 -0.980651 0.176384
vn 0.084336 -0.980720 0.176284
vn -0.084468 -0.980659 -0.176560
vn -0.084037 -0.980716 -0.176448
vn -0.239426 -0.830638 -0.502709
vn -0.238650 -0.830976 -0.502518
vn -0.357038 -0.554362 -0.751803
vn -0.356447 -0.554818 -0.751746
vn -0.420254 -0.194510 -0.886314
vn -0.420063 -0.194721 -0.886358
vn -0.277133 0.194738 -0.940890
vn -0.276958 0.194522 -0.940986
vn -0.234902 0.554853 -0.798097
vn -0.234492 0.554387 -0.798542
vn -0.156732 0.830999 -0.533737
vn -0.156274 0.830654 -0.534408
vn -0.054849 0.980719 -0.187566
vn -0.054600 0.980661 -0.187942
vn 0.054514 0.980723 0.187644
vn 0.054142 0.980653 0.188116
vn 0.153822 0.831080 0.534458
vn 0.152393 0.830496 0.535773
vn 0.227572 0.555051 0.800081
vn 0.225385 0.554015 0.801417
vn 0.265540 0.194865 0.944201
vn 0.264347 0.194310 0.944650
vn 0.264317 -0.194877 0.944542
vn 0.265569 -0.194332 0.944303
vn 0.225187 -0.555109 0.800715
vn 0.227742 -0.554116 0.800680
vn 0.152137 -0.831123 0.534873
vn 0.154035 -0.830565 0.535197
vn 0.054037 -0.980729 0.187754
vn 0.054600 -0.980661 0.187942
vn -0.054514 -0.980723 -0.187644
vn -0.054923 -0.980667 -0.187820
vn -0.156122 -0.831017 -0.533888
vn -0.156867 -0.830677 -0.534198
vn -0.234402 -0.554867 -0.798234
vn -0.234986 -0.554405 -0.798383
vn -0.276946 -0.194740 -0.940945
vn -0.277145 -0.194525 -0.940931
vn -0.168331 0.195088 -0.966233
vn -0.168059 0.194827 -0.966332
vn -0.142467 0.555567 -0.819176
vn -0.141821 0.555014 -0.819662
vn -0.094720 0.831468 -0.547439
vn -0.094044 0.831078 -0.548147
vn -0.032989 0.980785 -0.192281
vn -0.032677 0.980724 -0.192645
vn 0.032626 0.980785 0.192343
vn 0.032261 0.980720 0.192739
vn 0.091716 0.831469 0.547948
vn 0.090669 0.830985 0.548857
vn 0.135519 0.555567 0.820354
vn 0.134293 0.554807 0.821069
vn 0.158313 0.195087 0.967925
vn 0.157747 0.194711 0.968093
vn 0.157735 -0.195087 0.968019
vn 0.158325 -0.194718 0.967997
vn 0.134212 -0.555564 0.820570
vn 0.135597 -0.554845 0.820829
vn 0.090551 -0.831467 0.548144
vn 0.091828 -0.831018 0.548614
vn 0.032206 -0.980785 0.192414
vn 0.032677 -0.980724 0.192645
vn -0.032626 -0.980785 -0.192343
vn -0.033037 -0.980728 -0.192563
vn -0.093945 -0.831469 -0.547571
vn -0.094814 -0.831098 -0.547985
vn -0.141758 -0.555568 -0.819298
vn -0.142528 -0.555032 -0.819528
vn -0.168051 -0.195089 -0.966281
vn -0.168339 -0.194830 -0.966283
vn -0.155760 0.194620 -0.968433
vn -0.156482 0.195085 -0.968223
vn -0.132759 0.554628 -0.821440
vn -0.134311 0.555564 -0.820554
vn -0.089887 0.830875 -0.549152
vn -0.091196 0.831469 -0.548036
vn -0.032090 0.980705 -0.192840
vn -0.032538 0.980785 -0.192358
vn 0.032600 0.980712 0.192722
vn 0.032978 0.980785 0.192283
vn 0.094032 0.831001 0.548266
vn 0.094840 0.831468 0.547418
vn 0.142013 0.554908 0.819701
vn 0.142779 0.555566 0.819122
vn 0.168429 0.194778 0.966278
vn 0.168749 0.195088 0.966160
vn 0.168759 -0.194782 0.966220
vn 0.168418 -0.195088 0.966217
vn 0.142851 -0.554931 0.819540
vn 0.141938 -0.555568 0.819267
vn 0.094953 -0.831027 0.548068
vn 0.093913 -0.831469 0.547576
vn 0.033036 -0.980717 0.192621
vn 0.032538 -0.980785 0.192358
vn -0.032600 -0.980712 -0.192722
vn -0.032024 -0.980785 -0.192445
vn -0.091331 -0.830920 -0.548844
vn -0.089744 -0.831466 -0.548280
vn -0.134406 -0.554681 -0.821136
vn -0.132660 -0.555559 -0.820826
vn -0.156496 -0.194630 -0.968312
vn -0.155746 -0.195084 -0.968342
vn -0.268628 0.193969 -0.943512
vn -0.270786 0.194861 -0.942711
vn -0.229956 0.553367 -0.800566
vn -0.233711 0.554999 -0.798345
vn -0.156651 0.830130 -0.535112
vn -0.158921 0.831015 -0.533065
vn -0.055991 0.980609 -0.187808
vn -0.056539 0.980711 -0.187110
vn 0.056667 0.980622 0.187535
vn 0.057012 0.980705 0.186998
vn 0.162483 0.830408 0.532937
vn 0.163095 0.830889 0.532000
vn 0.244007 0.554038 0.795929
vn 0.244546 0.554680 0.795315
vn 0.288299 0.194357 0.937608
vn 0.288530 0.194653 0.937476
vn 0.288547 -0.194361 0.937531
vn 0.288282 -0.194656 0.937551
vn 0.244667 -0.554067 0.795706
vn 0.243877 -0.554702 0.795506
vn 0.163289 -0.830444 0.532635
vn 0.162262 -0.830915 0.532213
vn 0.057120 -0.980631 0.187353
vn 0.056539 -0.980711 0.187110
vn -0.056667 -0.980622 -0.187535
vn -0.055832 -0.980719 -0.187277
vn -0.159244 -0.830257 -0.534148
vn -0.156250 -0.831088 -0.533741
vn -0.233978 -0.553571 -0.799258
vn -0.229637 -0.555100 -0.799456
vn -0.270832 -0.194016 -0.942872
vn -0.268579 -0.194882 -0.943338
vn -0.459985 0.194852 -0.866283
vn -0.458605 0.194158 -0.867170
vn -0.388876 0.555049 -0.735321
vn -0.386510 0.553798 -0.737507
vn -0.258170 0.831069 -0.492618
vn -0.256763 0.830376 -0.494519
vn -0.090053 0.980719 -0.173440
vn -0.089725 0.980636 -0.174075
vn 0.089551 0.980712 0.173738
vn 0.089352 0.980643 0.174229
vn 0.253891 0.830932 0.495068
vn 0.253524 0.830521 0.495943
vn 0.378715 0.554733 0.740841
vn 0.378355 0.554178 0.741441
vn 0.445840 0.194673 0.873687
vn 0.445665 0.194414 0.873834
vn 0.445642 -0.194670 0.873789
vn 0.445863 -0.194411 0.873734
vn 0.378192 -0.554715 0.741122
vn 0.378891 -0.554154 0.741185
vn 0.253261 -0.830910 0.495427
vn 0.254190 -0.830492 0.495651
vn 0.089205 -0.980707 0.173943
vn 0.089725 -0.980636 0.174075
vn -0.089551 -0.980712 -0.173738
vn -0.090267 -0.980626 -0.173853
vn -0.256325 -0.831012 -0.493676
vn -0.258714 -0.830283 -0.493658
vn -0.386147 -0.554971 -0.736816
vn -0.389309 -0.553658 -0.736140
vn -0.458542 -0.194836 -0.867052
vn -0.460052 -0.194126 -0.866410
vn -0.555516 0.195084 -0.808297
vn -0.555140 0.194717 -0.808644
vn -0.470594 0.555558 -0.685490
vn -0.469908 0.554840 -0.686541
vn -0.313803 0.831464 -0.458470
vn -0.313317 0.831011 -0.459624
vn -0.109888 0.980785 -0.161201
vn -0.109743 0.980723 -0.161676
vn 0.109568 0.980785 0.161417
vn 0.109450 0.980727 0.161852
vn 0.311216 0.831470 0.460220
vn 0.310925 0.831085 0.461111
vn 0.464850 0.555570 0.689388
vn 0.464491 0.555013 0.690079
vn 0.547659 0.195090 0.813639
vn 0.547464 0.194821 0.813835
vn 0.547434 -0.195090 0.813791
vn 0.547690 -0.194818 0.813684
vn 0.464283 -0.555570 0.689770
vn 0.465065 -0.554995 0.689706
vn 0.310603 -0.831470 0.460634
vn 0.311554 -0.831066 0.460720
vn 0.109285 -0.980785 0.161608
vn 0.109743 -0.980723 0.161676
vn -0.109568 -0.980785 -0.161417
vn -0.110076 -0.980718 -0.161477
vn -0.312932 -0.831467 -0.459060
vn -0.314211 -0.830981 -0.459066
vn -0.469636 -0.555562 -0.686143
vn -0.470878 -0.554806 -0.685904
vn -0.555098 -0.195085 -0.808584
vn -0.555558 -0.194711 -0.808358
vn -0.542027 0.194690 -0.817498
vn -0.542289 0.195084 -0.817230
vn -0.460035 0.554742 -0.693274
vn -0.460508 0.555561 -0.692303
vn -0.308175 0.830896 -0.463293
vn -0.308557 0.831466 -0.462013
vn -0.108596 0.980697 -0.162604
vn -0.108755 0.980785 -0.161966
vn 0.109019 0.980691 0.162360
vn 0.109227 0.980785 0.161647
vn 0.311642 0.830764 0.461205
vn 0.312384 0.831468 0.459431
vn 0.467940 0.554432 0.688213
vn 0.469026 0.555564 0.686559
vn 0.553317 0.194503 0.809944
vn 0.553923 0.195086 0.809389
vn 0.553990 -0.194490 0.809487
vn 0.553251 -0.195087 0.809848
vn 0.469476 -0.554366 0.687219
vn 0.467514 -0.555568 0.687586
vn 0.313022 -0.830708 0.460371
vn 0.311051 -0.831470 0.460332
vn 0.109515 -0.980683 0.162074
vn 0.108755 -0.980785 0.161966
vn -0.109019 -0.980691 -0.162360
vn -0.108351 -0.980785 -0.162238
vn -0.309057 -0.830864 -0.462762
vn -0.307705 -0.831464 -0.462586
vn -0.460822 -0.554713 -0.692774
vn -0.459734 -0.555558 -0.692820
vn -0.542333 -0.194686 -0.817296
vn -0.541983 -0.195084 -0.817433
vn -0.414301 0.193660 -0.889298
vn -0.414744 0.194434 -0.888922
vn -0.352390 0.552606 -0.755280
vn -0.353294 0.554283 -0.753627
vn -0.237117 0.829421 -0.505803
vn -0.238055 0.830679 -0.503291
vn -0.084092 0.980470 -0.177786
vn -0.084644 0.980686 -0.176322
vn 0.085176 0.980441 0.177430
vn 0.086193 0.980710 0.175440
vn 0.246748 0.828777 0.502239
vn 0.251770 0.831144 0.495793
vn 0.377907 0.550793 0.744186
vn 0.387626 0.555331 0.735767
vn 0.457405 0.192305 0.868216
vn 0.463630 0.195018 0.864301
vn 0.463905 -0.192059 0.864815
vn 0.457159 -0.194973 0.867751
vn 0.389324 -0.549835 0.738991
vn 0.376618 -0.555084 0.741647
vn 0.253715 -0.828255 0.499622
vn 0.245322 -0.830951 0.499337
vn 0.086893 -0.980392 0.176865
vn 0.084644 -0.980686 0.176322
vn -0.085176 -0.980441 -0.177430
vn -0.083663 -0.980670 -0.176880
vn -0.238928 -0.829307 -0.505138
vn -0.236367 -0.830608 -0.504203
vn -0.353792 -0.552518 -0.754689
vn -0.351935 -0.554225 -0.754305
vn -0.414810 -0.193647 -0.889064
vn -0.414237 -0.194425 -0.889161
vn -0.159910 0.192580 -0.968164
vn -0.160171 0.193024 -0.968033
vn -0.136291 0.550386 -0.823711
vn -0.136959 0.551377 -0.822937
vn -0.092069 0.827938 -0.553210
vn -0.092945 0.828724 -0.551886
vn -0.032838 0.980256 -0.194985
vn -0.033448 0.980405 -0.194132
vn 0.033594 0.980232 0.194980
vn 0.034950 0.980447 0.193656
vn 0.099765 0.827321 0.552798
vn 0.109842 0.829782 0.547171
vn 0.164636 0.547989 0.820124
vn 0.211525 0.554982 0.804520
vn 0.249701 0.188910 0.949717
vn 0.340721 0.194922 0.919736
vn 0.341494 -0.183362 0.921824
vn 0.249408 -0.194803 0.948603
vn 0.213567 -0.542752 0.812286
vn 0.163978 -0.553055 0.816849
vn 0.110841 -0.826346 0.552147
vn 0.099285 -0.829151 0.550138
vn 0.035187 -0.980178 0.194970
vn 0.033448 -0.980405 0.194132
vn -0.033594 -0.980232 -0.194980
vn -0.032733 -0.980384 -0.194359
vn -0.093158 -0.827854 -0.553154
vn -0.091897 -0.828650 -0.552172
vn -0.137073 -0.550326 -0.823621
vn -0.136190 -0.551323 -0.823101
vn -0.160185 -0.192571 -0.968120
vn -0.159896 -0.193016 -0.968079
vn 0.159896 0.193016 -0.968079
vn 0.160185 0.192571 -0.968120
vn 0.136190 0.551323 -0.823101
vn 0.137073 0.550326 -0.823621
vn 0.091897 0.828650 -0.552172
vn 0.093158 0.827854 -0.553154
vn 0.032733 0.980384 -0.194359
vn 0.033594 0.980232 -0.194980
vn -0.033448 0.980405 0.194132
vn -0.035187 0.980178 0.194970
vn -0.099285 0.829151 0.550138
vn -0.110841 0.826346 0.552147
vn -0.163978 0.553055 0.816849
vn -0.213567 0.542752 0.812286
vn -0.249408 0.194803 0.948603
vn -0.341494 0.183362 0.921824
vn -0.340721 -0.194922 0.919736
vn -0.249701 -0.188910 0.949717
vn -0.211525 -0.554982 0.804520
vn -0.164636 -0.547989 0.820124
vn -0.109842 -0.829782 0.547171
vn -0.099765 -0.827321 0.552798
vn -0.034950 -0.980447 0.193656
vn -0.033594 -0.980232 0.194980
vn 0.033448 -0.980405 -0.194132
vn 0.032838 -0.980256 -0.194985
vn 0.092945 -0.828724 -0.551886
vn 0.092069 -0.827938 -0.553210
vn 0.136959 -0.551377 -0.822937
vn 0.136291 -0.550386 -0.823711
vn 0.160171 -0.193024 -0.968033
vn 0.159910 -0.192580 -0.968164
vn 0.414237 0.194425 -0.889161
vn 0.414810 0.193647 -0.889064
vn 0.351935 0.554225 -0.754305
vn 0.353792 0.552518 -0.754689
vn 0.236367 0.830608 -0.504203
vn 0.238928 0.829307 -0.505138
vn 0.083663 0.980670 -0.176880
vn 0.085176 0.980441 -0.177430
vn -0.084644 0.980686 0.176322
vn -0.086893 0.980392 0.176865
vn -0.245322 0.830951 0.499337
vn -0.253715 0.828255 0.499622
vn -0.376618 0.555084 0.741647
vn -0.389324 0.549835 0.738991
vn -0.457159 0.194973 0.867751
vn -0.463905 0.192059 0.864815
vn -0.463630 -0.195018 0.864301
vn -0.457405 -0.192305 0.868216
vn -0.387626 -0.555331 0.735767
vn -0.377907 -0.550793 0.744186
vn -0.251770 -0.831144 0.495793
vn -0.246748 -0.828777 0.502239
vn -0.086193 -0.980710 0.175440
vn -0.085176 -0.980441 0.177430
vn 0.084644 -0.980686 -0.176322
vn 0.084092 -0.980470 -0.177786
vn 0.238055 -0.830679 -0.503291
vn 0.237117 -0.829421 -0.505803
vn 0.353294 -0.554283 -0.753627
vn 0.352390 -0.552606 -0.755280
vn 0.414744 -0.194434 -0.888922
vn 0.414301 -0.193660 -0.889298
vn 0.541983 0.195084 -0.817433
vn 0.542333 0.194686 -0.817296
vn 0.459734 0.555558 -0.692820
vn 0.460822 0.554713 -0.692774
vn 0.307705 0.831464 -0.462586
vn 0.309057 0.830864 -0.462762
vn 0.108351 0.980785 -0.162238
vn 0.109019 0.980691 -0.162360
vn -0.108755 0.980785 0.161966
vn -0.109515 0.980683 0.162074
vn -0.311051 0.831470 0.460332
vn -0.313022 0.830708 0.460371
vn -0.467514 0.555568 0.687586
vn -0.469476 0.554366 0.687219
vn -0.553251 0.195087 0.809848
vn -0.553990 0.194490 0.809487
vn -0.553923 -0.195086 0.809389
vn -0.553317 -0.194503 0.809944
vn -0.469026 -0.555564 0.686559
vn -0.467940 -0.554432 0.688213
vn -0.312384 -0.831468 0.459431
vn -0.311642 -0.830764 0.461205
vn -0.109227 -0.980785 0.161647
vn -0.109019 -0.980691 0.162360
vn 0.108755 -0.980785 -0.161966
vn 0.108596 -0.980697 -0.162604
vn 0.308557 -0.831466 -0.462013
vn 0.308175 -0.830896 -0.463293
vn 0.460508 -0.555561 -0.692303
vn 0.460035 -0.554742 -0.693274
vn 0.542289 -0.195084 -0.817230
vn 0.542027 -0.194690 -0.817498
vn 0.555558 0.194711 -0.808358
vn 0.555098 0.195085 -0.808584
vn 0.470878 0.554806 -0.685904
vn 0.469636 0.555562 -0.686143
vn 0.314211 0.830981 -0.459066
vn 0.312932 0.831467 -0.459060
vn 0.110076 0.980718 -0.161477
vn 0.109568 0.980785 -0.161417
vn -0.109743 0.980723 0.161676
vn -0.109285 0.980785 0.161608
vn -0.311554 0.831066 0.460720
vn -0.310603 0.831470 0.460634
vn -0.465065 0.554995 0.689706
vn -0.464283 0.555570 0.689770
vn -0.547690 0.194818 0.813684
vn -0.547434 0.195090 0.813791
vn -0.547464 -0.194821 0.813835
vn -0.547659 -0.195090 0.813639
vn -0.464491 -0.555013 0.690079
vn -0.464850 -0.555570 0.689388
vn -0.310925 -0.831085 0.461111
vn -0.311216 -0.831470 0.460220
vn -0.109450 -0.980727 0.161852
vn -0.109568 -0.980785 0.161417
vn 0.109743 -0.980723 -0.161676
vn 0.109888 -0.980785 -0.161201
vn 0.313317 -0.831011 -0.459624
vn 0.313803 -0.831464 -0.458470
vn 0.469908 -0.554840 -0.686541
vn 0.470594 -0.555558 -0.685490
vn 0.555140 -0.194717 -0.808644
vn 0.555516 -0.195084 -0.808297
vn 0.460052 0.194126 -0.866410
vn 0.458542 0.194836 -0.867052
vn 0.389309 0.553658 -0.736140
vn 0.386147 0.554971 -0.736816
vn 0.258714 0.830283 -0.493658
vn 0.256325 0.831012 -0.493676
vn 0.090267 0.980626 -0.173853
vn 0.089551 0.980712 -0.173738
vn -0.089725 0.980636 0.174075
vn -0.089205 0.980707 0.173943
vn -0.254190 0.830492 0.495651
vn -0.253261 0.830910 0.495427
vn -0.378891 0.554154 0.741185
vn -0.378192 0.554715 0.741122
vn -0.445863 0.194411 0.873734
vn -0.445642 0.194670 0.873789
vn -0.445665 -0.194414 0.873834
vn -0.445840 -0.194673 0.873687
vn -0.378355 -0.554178 0.741441
vn -0.378715 -0.554733 0.740841
vn -0.253524 -0.830521 0.495943
vn -0.253891 -0.830932 0.495068
vn -0.089352 -0.980643 0.174229
vn -0.089551 -0.980712 0.173738
vn 0.089725 -0.980636 -0.174075
vn 0.090053 -0.980719 -0.173440
vn 0.256763 -0.830376 -0.494519
vn 0.258170 -0.831069 -0.492618
vn 0.386510 -0.553798 -0.737507
vn 0.388876 -0.555049 -0.735321
vn 0.458605 -0.194158 -0.867170
vn 0.459985 -0.194852 -0.866283
vn 0.268579 0.194882 -0.943338
vn 0.270832 0.194016 -0.942872
vn 0.229637 0.555100 -0.799456
vn 0.233978 0.553571 -0.799258
vn 0.156250 0.831088 -0.533741
vn 0.159244 0.830257 -0.534148
vn 0.055832 0.980719 -0.187277
vn 0.056667 0.980622 -0.187535
vn -0.056539 0.980711 0.187110
vn -0.057120 0.980631 0.187353
vn -0.162262 0.830915 0.532213
vn -0.163289 0.830444 0.532635
vn -0.243877 0.554702 0.795506
vn -0.244667 0.554067 0.795706
vn -0.288282 0.194656 0.937551
vn -0.288547 0.194361 0.937531
vn -0.288530 -0.194653 0.937476
vn -0.288299 -0.194357 0.937608
vn -0.244546 -0.554680 0.795315
vn -0.244007 -0.554038 0.795929
vn -0.163095 -0.830889 0.532000
vn -0.162483 -0.830408 0.532937
vn -0.057012 -0.980705 0.186998
vn -0.056667 -0.980622 0.187535
vn 0.056539 -0.980711 -0.187110
vn 0.055991 -0.980609 -0.187808
vn 0.158921 -0.831015 -0.533065
vn 0.156651 -0.830130 -0.535112
vn 0.233711 -0.554999 -0.798345
vn 0.229956 -0.553367 -0.800566
vn 0.270786 -0.194861 -0.942711
vn 0.268628 -0.193969 -0.943512
vn 0.155746 0.195084 -0.968342
vn 0.156496 0.194630 -0.968312
vn 0.132660 0.555559 -0.820826
vn 0.134406 0.554681 -0.821136
vn 0.089744 0.831466 -0.548280
vn 0.091331 0.830920 -0.548844
vn 0.032024 0.980785 -0.192445
vn 0.032600 0.980712 -0.192722
vn -0.032538 0.980785 0.192358
vn -0.033036 0.980717 0.192621
vn -0.093913 0.831469 0.547576
vn -0.094953 0.831027 0.548068
vn -0.141938 0.555568 0.819267
vn -0.142851 0.554931 0.819540
vn -0.168418 0.195088 0.966217
vn -0.168759 0.194782 0.966220
vn -0.168749 -0.195088 0.966160
vn -0.168429 -0.194778 0.966278
vn -0.142779 -0.555566 0.819122
vn -0.142013 -0.554908 0.819701
vn -0.094840 -0.831468 0.547418
vn -0.094032 -0.831001 0.548266
vn -0.032978 -0.980785 0.192283
vn -0.032600 -0.980712 0.192722
vn 0.032538 -0.980785 -0.192358
vn 0.032090 -0.980705 -0.192840
vn 0.091196 -0.831469 -0.548036
vn 0.089887 -0.830875 -0.549152
vn 0.134311 -0.555564 -0.820554
vn 0.132759 -0.554628 -0.821440
vn 0.156482 -0.195085 -0.968223
vn 0.155760 -0.194620 -0.968433
vn 0.168339 0.194830 -0.966283
vn 0.168051 0.195089 -0.966281
vn 0.142528 0.555032 -0.819528
vn 0.141758 0.555568 -0.819298
vn 0.094814 0.831098 -0.547985
vn 0.093945 0.831469 -0.547571
vn 0.033037 0.980728 -0.192563
vn 0.032626 0.980785 -0.192343
vn -0.032677 0.980724 0.192645
vn -0.032206 0.980785 0.192414
vn -0.091828 0.831018 0.548614
vn -0.090551 0.831467 0.548144
vn -0.135597 0.554845 0.820829
vn -0.134212 0.555564 0.820570
vn -0.158325 0.194718 0.967997
vn -0.157735 0.195087 0.968019
vn -0.157747 -0.194711 0.968093
vn -0.158313 -0.195087 0.967925
vn -0.134293 -0.554807 0.821069
vn -0.135519 -0.555567 0.820354
vn -0.090669 -0.830985 0.548857
vn -0.091716 -0.831469 0.547948
vn -0.032261 -0.980720 0.192739
vn -0.032626 -0.980785 0.192343
vn 0.032677 -0.980724 -0.192645
vn 0.032989 -0.980785 -0.192281
vn 0.094044 -0.831078 -0.548147
vn 0.094720 -0.831468 -0.547439
vn 0.141821 -0.555014 -0.819662
vn 0.142467 -0.555567 -0.819176
vn 0.168059 -0.194827 -0.966332
vn 0.168331 -0.195088 -0.966233
vn 0.277145 0.194525 -0.940931
vn 0.276946 0.194740 -0.940945
vn 0.234986 0.554405 -0.798383
vn 0.234402 0.554867 -0.798234
vn 0.156867 0.830677 -0.534198
vn 0.156122 0.831017 -0.533888
vn 0.054923 0.980667 -0.187820
vn 0.054514 0.980723 -0.187644
vn -0.054600 0.980661 0.187942
vn -0.054037 0.980729 0.187754
vn -0.154035 0.830565 0.535197
vn -0.152137 0.831123 0.534873
vn -0.227742 0.554116 0.800680
vn -0.225187 0.555109 0.800715
vn -0.265569 0.194332 0.944303
vn -0.264317 0.194877 0.944542
vn -0.264347 -0.194310 0.944650
vn -0.265540 -0.194865 0.944201
vn -0.225385 -0.554015 0.801417
vn -0.227572 -0.555051 0.800081
vn -0.152393 -0.830496 0.535773
vn -0.153822 -0.831080 0.534458
vn -0.054142 -0.980653 0.188116
vn -0.054514 -0.980723 0.187644
vn 0.054600 -0.980661 -0.187942
vn 0.054849 -0.980719 -0.187566
vn 0.156274 -0.830654 -0.534408
vn 0.156732 -0.830999 -0.533737
vn 0.234492 -0.554387 -0.798542
vn 0.234902 -0.554853 -0.798097
vn 0.276958 -0.194522 -0.940986
vn 0.277133 -0.194738 -0.940890
vn 0.420063 0.194721 -0.886358
vn 0.420254 0.194510 -0.886314
vn 0.356447 0.554818 -0.751746
vn 0.357038 0.554362 -0.751803
vn 0.238650 0.830976 -0.502518
vn 0.239426 0.830638 -0.502709
vn 0.084037 0.980716 -0.176448
vn 0.084468 0.980659 -0.176560
vn -0.084336 0.980720 0.176284
vn -0.084926 0.980651 0.176384
vn -0.241284 0.831058 0.501124
vn -0.243245 0.830477 0.501139
vn -0.363233 0.555021 0.748340
vn -0.365814 0.553983 0.747852
vn -0.430980 0.194852 0.881073
vn -0.432211 0.194293 0.880593
vn -0.432161 -0.194864 0.880491
vn -0.431026 -0.194316 0.881168
vn -0.365492 -0.555082 0.747194
vn -0.363504 -0.554088 0.748900
vn -0.242837 -0.831103 0.500299
vn -0.241614 -0.830547 0.501810
vn -0.084764 -0.980725 0.176048
vn -0.084468 -0.980659 0.176560
vn 0.084336 -0.980720 -0.176284
vn 0.084149 -0.980664 -0.176683
vn 0.239197 -0.830994 -0.502229
vn 0.238852 -0.830661 -0.502944
vn 0.356903 -0.554832 -0.751519
vn 0.356572 -0.554380 -0.752010
vn 0.420236 -0.194723 -0.886276
vn 0.420081 -0.194513 -0.886395
vn 0.520856 0.195088 -0.831054
vn 0.521146 0.194808 -0.830937
vn 0.441783 0.555566 -0.704397
vn 0.442656 0.554973 -0.704316
vn 0.295633 0.831468 -0.470386
vn 0.296696 0.831047 -0.470459
vn 0.104068 0.980785 -0.165016
vn 0.104588 0.980719 -0.165079
vn -0.104411 0.980785 0.164799
vn -0.105003 0.980714 0.164848
vn -0.298474 0.831469 0.468586
vn -0.300018 0.830940 0.468538
vn -0.448371 0.555566 0.700221
vn -0.449935 0.554733 0.699879
vn -0.530378 0.195087 0.825009
vn -0.530983 0.194673 0.824718
vn -0.530939 -0.195086 0.824649
vn -0.530422 -0.194682 0.825077
vn -0.449635 -0.555562 0.699413
vn -0.448655 -0.554778 0.700664
vn -0.299593 -0.831467 0.467875
vn -0.298868 -0.830978 0.469205
vn -0.104810 -0.980785 0.164546
vn -0.104588 -0.980719 0.165079
vn 0.104411 -0.980785 -0.164799
vn 0.104232 -0.980724 -0.165277
vn 0.296360 -0.831469 -0.469926
vn 0.295950 -0.831070 -0.470889
vn 0.442445 -0.555567 -0.703980
vn 0.441986 -0.554993 -0.704721
vn 0.521117 -0.195088 -0.830890
vn 0.520885 -0.194812 -0.831100
vn 0.532872 0.194573 -0.823522
vn 0.532103 0.195084 -0.823899
vn 0.451469 0.554535 -0.699047
vn 0.449502 0.555563 -0.699499
vn 0.300871 0.830819 -0.468205
vn 0.298954 0.831468 -0.468281
vn 0.105213 0.980698 -0.164806
vn 0.104489 0.980785 -0.164749
vn -0.104703 0.980706 0.165086
vn -0.104075 0.980785 0.165012
vn -0.296782 0.830965 0.470550
vn -0.295512 0.831467 0.470462
vn -0.442515 0.554860 0.704494
vn -0.441480 0.555565 0.704587
vn -0.520794 0.194756 0.831170
vn -0.520452 0.195087 0.831307
vn -0.520486 -0.194760 0.831362
vn -0.520759 -0.195088 0.831114
vn -0.441721 -0.554886 0.704971
vn -0.442264 -0.555567 0.704094
vn -0.295888 -0.830994 0.471061
vn -0.296380 -0.831469 0.469913
vn -0.104271 -0.980712 0.165323
vn -0.104489 -0.980785 0.164749
vn 0.104703 -0.980706 -0.165086
vn 0.104979 -0.980785 -0.164439
vn 0.299433 -0.830873 -0.469031
vn 0.300350 -0.831465 -0.467393
vn 0.449850 -0.554598 -0.700040
vn 0.451099 -0.555556 -0.698474
vn 0.532157 -0.194585 -0.823982
vn 0.532817 -0.195082 -0.823437
vn 0.428093 0.193954 -0.882677
vn 0.425886 0.194847 -0.883547
vn 0.361676 0.553340 -0.750337
vn 0.357321 0.554966 -0.751222
vn 0.239506 0.830116 -0.503532
vn 0.236443 0.830991 -0.503537
vn 0.083301 0.980607 -0.177402
vn 0.082436 0.980707 -0.177252
vn -0.082620 0.980620 0.177647
vn -0.082015 0.980701 0.177481
vn -0.233727 0.830394 0.505784
vn -0.232671 0.830863 0.505500
vn -0.348082 0.554017 0.756243
vn -0.347292 0.554642 0.756148
vn -0.409416 0.194346 0.891408
vn -0.409163 0.194634 0.891461
vn -0.409186 -0.194351 0.891512
vn -0.409392 -0.194637 0.891355
vn -0.347458 -0.554045 0.756509
vn -0.347902 -0.554664 0.755852
vn -0.232941 -0.830430 0.506088
vn -0.233417 -0.830890 0.505113
vn -0.082167 -0.980629 0.177809
vn -0.082436 -0.980707 0.177252
vn 0.082620 -0.980620 -0.177647
vn 0.083070 -0.980716 -0.176908
vn 0.236916 -0.830245 -0.504544
vn 0.238898 -0.831066 -0.502253
vn 0.357726 -0.553550 -0.752074
vn 0.361175 -0.555073 -0.749298
vn 0.425958 -0.194003 -0.883698
vn 0.428014 -0.194870 -0.882513
vn 0.235068 0.194866 -0.952245
vn 0.236578 0.194191 -0.952009
vn 0.200604 0.555081 -0.807244
vn 0.203653 0.553857 -0.807322
vn 0.136027 0.831095 -0.539238
vn 0.138264 0.830410 -0.539725
vn 0.048491 0.980723 -0.189291
vn 0.049148 0.980641 -0.189548
vn -0.049052 0.980717 0.189180
vn -0.049527 0.980647 0.189414
vn -0.140732 0.830965 0.538230
vn -0.141591 0.830552 0.538642
vn -0.211518 0.554784 0.804658
vn -0.212192 0.554223 0.804867
vn -0.250048 0.194698 0.948456
vn -0.250278 0.194436 0.948449
vn -0.250265 -0.194695 0.948399
vn -0.250061 -0.194433 0.948507
vn -0.212100 -0.554766 0.804517
vn -0.211617 -0.554199 0.805035
vn -0.141443 -0.830944 0.538076
vn -0.140899 -0.830523 0.538868
vn -0.049445 -0.980712 0.189102
vn -0.049148 -0.980641 0.189548
vn 0.049052 -0.980717 -0.189180
vn 0.048606 -0.980631 -0.189738
vn 0.138030 -0.831042 -0.538811
vn 0.136309 -0.830322 -0.540357
vn 0.203465 -0.555010 -0.806577
vn 0.200821 -0.553726 -0.808120
vn 0.236547 -0.194851 -0.951882
vn 0.235102 -0.194162 -0.952380
vn 0.129916 0.195085 -0.972144
vn 0.130360 0.194755 -0.972151
vn 0.110507 0.555561 -0.824100
vn 0.111565 0.554911 -0.824395
vn 0.074507 0.831465 -0.550558
vn 0.075504 0.831053 -0.551044
vn 0.026484 0.980785 -0.193286
vn 0.026861 0.980728 -0.193521
vn -0.026822 0.980785 0.193238
vn -0.027161 0.980732 0.193463
vn -0.077241 0.831470 0.550175
vn -0.077974 0.831117 0.550605
vn -0.116585 0.555570 0.823256
vn -0.117244 0.555057 0.823508
vn -0.138242 0.195090 0.970994
vn -0.138493 0.194842 0.971008
vn -0.138486 -0.195090 0.970959
vn -0.138249 -0.194840 0.971043
vn -0.117196 -0.555570 0.823169
vn -0.116634 -0.555042 0.823605
vn -0.077900 -0.831470 0.550082
vn -0.077318 -0.831100 0.550722
vn -0.027124 -0.980785 0.193196
vn -0.026861 -0.980728 0.193521
vn 0.026822 -0.980785 -0.193238
vn 0.026525 -0.980725 -0.193586
vn 0.075420 -0.831467 -0.550431
vn 0.074594 -0.831029 -0.551205
vn 0.111507 -0.555564 -0.823963
vn 0.110568 -0.554883 -0.824548
vn 0.130352 -0.195086 -0.972085
vn 0.129925 -0.194750 -0.972210
vn 0.144609 0.194720 -0.970140
vn 0.144267 0.195085 -0.970118
vn 0.122379 0.554804 -0.822931
vn 0.121466 0.555563 -0.822555
vn 0.081276 0.830940 -0.550393
vn 0.080241 0.831467 -0.549749
vn 0.028236 0.980704 -0.193448
vn 0.027744 0.980785 -0.193108
vn -0.027806 0.980698 0.193539
vn -0.027243 0.980785 0.193179
vn -0.077717 0.830827 0.551078
vn -0.076184 0.831469 0.550323
vn -0.114112 0.554540 0.824296
vn -0.112443 0.555566 0.823834
vn -0.132650 0.194561 0.971880
vn -0.131938 0.195088 0.971871
vn -0.131952 -0.194551 0.971977
vn -0.132635 -0.195088 0.971776
vn -0.112541 -0.554485 0.824549
vn -0.114018 -0.555569 0.823616
vn -0.076325 -0.830780 0.551343
vn -0.077583 -0.831470 0.550127
vn -0.027309 -0.980692 0.193644
vn -0.027744 -0.980785 0.193108
vn 0.027806 -0.980698 -0.193539
vn 0.028177 -0.980785 -0.193047
vn 0.080361 -0.830912 -0.550570
vn 0.081162 -0.831465 -0.549618
vn 0.121542 -0.554779 -0.823072
vn 0.122305 -0.555560 -0.822432
vn 0.144278 -0.194716 -0.970190
vn 0.144598 -0.195085 -0.970069
vn 0.283476 0.193674 -0.939219
vn 0.282885 0.194463 -0.939234
vn 0.240351 0.552635 -0.798014
vn 0.238546 0.554343 -0.797370
vn 0.160102 0.829440 -0.535161
vn 0.157698 0.830718 -0.533890
vn 0.055709 0.980472 -0.188602
vn 0.054312 0.980692 -0.187866
vn -0.054657 0.980443 0.189061
vn -0.052577 0.980714 0.188242
vn -0.150526 0.828797 0.538923
vn -0.142624 0.831166 0.537421
vn -0.214083 0.550842 0.806686
vn -0.201693 0.555346 0.806791
vn -0.238002 0.192349 0.952028
vn -0.231127 0.195021 0.953177
vn -0.231262 -0.192118 0.953734
vn -0.237876 -0.194981 0.951524
vn -0.202565 -0.549926 0.810277
vn -0.213355 -0.555116 0.803944
vn -0.143721 -0.828288 0.541557
vn -0.149651 -0.830982 0.535792
vn -0.053007 -0.980395 0.189779
vn -0.054312 -0.980692 0.187866
vn 0.054657 -0.980443 -0.189061
vn 0.055420 -0.980676 -0.187626
vn 0.158286 -0.829324 -0.535879
vn 0.159587 -0.830648 -0.533438
vn 0.238889 -0.552546 -0.798514
vn 0.240035 -0.554285 -0.796964
vn 0.282931 -0.193661 -0.939386
vn 0.283431 -0.194454 -0.939071
vn 0.530335 0.192292 -0.825693
vn 0.529984 0.192852 -0.825788
vn 0.451168 0.549786 -0.702982
vn 0.449893 0.551038 -0.702818
vn 0.302690 0.827517 -0.472858
vn 0.300734 0.828518 -0.472352
vn 0.106370 0.980190 -0.167072
vn 0.105037 0.980382 -0.166788
vn -0.105635 0.980156 0.167738
vn -0.103042 0.980441 0.167682
vn -0.294632 0.826625 0.479462
vn -0.276861 0.830088 0.484047
vn -0.416005 0.545845 0.727319
vn -0.293350 0.554975 0.778427
vn -0.346789 0.181413 0.920232
vn 0.680723 0.077805 0.728397
vn 0.682716 -0.014994 0.730530
vn -0.345885 -0.194800 0.917833
vn -0.299753 -0.526741 0.795419
vn -0.413501 -0.553509 0.722941
vn -0.280674 -0.824876 0.490715
vn -0.292709 -0.829113 0.476333
vn -0.103992 -0.980075 0.169229
vn -0.105037 -0.980382 0.166788
vn 0.105635 -0.980156 -0.167738
vn 0.105933 -0.980354 -0.166386
vn 0.301618 -0.827403 -0.473741
vn 0.301970 -0.828420 -0.471735
vn 0.450367 -0.549706 -0.703557
vn 0.450747 -0.550967 -0.702326
vn 0.530044 -0.192281 -0.825882
vn 0.530277 -0.192842 -0.825602
vn 0.782876 0.192507 -0.591647
vn 0.783116 0.192050 -0.591478
vn 0.666294 0.550271 -0.503243
vn 0.667317 0.549240 -0.503015
vn 0.447835 0.827942 -0.337572
vn 0.449508 0.827102 -0.337409
vn 0.158035 0.980282 -0.118624
vn 0.159197 0.980115 -0.118451
vn -0.158430 0.980308 0.117880
vn -0.160700 0.980038 0.117048
vn -0.452510 0.828616 0.329591
vn -0.469609 0.824258 0.316334
vn -0.690932 0.553170 0.465420
vn 0.597869 0.119308 0.792666
vn 0.601848 -0.032677 0.797942
vn -0.664273 0.195090 0.721583
vn -0.665729 -0.183956 0.723164
vn 0.601785 -0.035750 0.797858
vn -0.598571 -0.109169 -0.793596
vn -0.695412 -0.544947 0.468438
vn -0.462772 -0.829860 0.311728
vn -0.455178 -0.826377 0.331534
vn -0.159380 -0.980368 0.116086
vn -0.159197 -0.980115 0.118451
vn 0.158430 -0.980308 -0.117880
vn 0.158576 -0.980146 -0.119030
vn 0.448415 -0.828029 -0.336588
vn 0.448710 -0.827199 -0.338232
vn 0.666743 -0.550332 -0.502582
vn 0.666801 -0.549307 -0.503626
vn 0.783043 -0.192516 -0.591423
vn 0.782946 -0.192060 -0.591699
vn 0.923596 0.194225 -0.330524
vn 0.923990 0.193302 -0.329966
vn 0.784136 0.553821 -0.280023
vn 0.786019 0.551780 -0.278771
vn 0.525189 0.830350 -0.186265
vn 0.528194 0.828766 -0.184821
vn 0.184846 0.980637 -0.064680
vn 0.186687 0.980348 -0.063765
vn -0.185210 0.980661 0.063261
vn -0.187869 0.980269 0.061467
vn -0.528886 0.830865 0.173041
vn -0.538104 0.826930 0.163186
vn -0.795955 0.555149 0.241382
vn -0.808400 0.546478 0.218748
vn -0.946742 0.195064 0.256182
vn -0.952139 0.189938 0.239487
vn -0.951159 -0.195090 0.239241
vn -0.947572 -0.190690 0.256407
vn -0.802639 -0.555517 0.217189
vn -0.799949 -0.548845 0.242593
vn -0.532064 -0.831188 0.161354
vn -0.533015 -0.827939 0.174392
vn -0.185839 -0.980697 0.060803
vn -0.186687 -0.980348 0.063765
vn 0.185210 -0.980661 -0.063261
vn 0.186007 -0.980390 -0.065086
vn 0.525832 -0.830450 -0.183995
vn 0.527189 -0.828923 -0.186974
vn 0.784694 -0.553899 -0.278301
vn 0.785338 -0.551897 -0.280452
vn 0.923816 -0.194237 -0.329904
vn 0.923765 -0.193320 -0.330585
vn 0.965704 0.195081 -0.171346
vn 0.965878 0.194598 -0.170914
vn 0.818762 0.555552 -0.144882
vn 0.819642 0.554521 -0.143852
vn 0.547220 0.831461 -0.096041
vn 0.548531 0.830722 -0.094943
vn 0.192235 0.980785 -0.033273
vn 0.192925 0.980667 -0.032748
vn -0.192340 0.980785 0.032649
vn -0.193110 0.980655 0.032004
vn -0.548094 0.831469 0.090836
vn -0.549901 0.830487 0.088882
vn -0.820820 0.555565 0.132672
vn -0.822262 0.553996 0.130279
vn -0.968703 0.195084 0.153481
vn -0.969039 0.194302 0.152347
vn -0.968886 -0.195082 0.152323
vn -0.968852 -0.194323 0.153504
vn -0.821235 -0.555557 0.130116
vn -0.821783 -0.554103 0.132828
vn -0.548457 -0.831466 0.088649
vn -0.549413 -0.830575 0.091055
vn -0.192465 -0.980785 0.031898
vn -0.192925 -0.980667 0.032748
vn 0.192340 -0.980785 -0.032649
vn 0.192770 -0.980676 -0.033366
vn 0.547437 -0.831465 -0.094753
vn 0.548240 -0.830768 -0.096220
vn 0.818961 -0.555557 -0.143733
vn 0.819413 -0.554561 -0.144997
vn 0.965783 -0.195081 -0.170898
vn 0.965797 -0.194604 -0.171363
vn 0.969172 0.194599 -0.151117
vn 0.968968 0.195081 -0.151806
vn 0.822100 0.554584 -0.128796
vn 0.821207 0.555558 -0.130285
vn 0.549630 0.830845 -0.087199
vn 0.548487 0.831466 -0.088466
vn 0.193019 0.980701 -0.031132
vn 0.192520 0.980785 -0.031572
vn -0.192904 0.980707 0.031635
vn -0.192446 0.980785 0.032010
vn -0.548775 0.830972 0.091278
vn -0.547885 0.831469 0.092088
vn -0.820431 0.554867 0.137898
vn -0.819825 0.555569 0.138671
vn -0.967114 0.194758 0.163584
vn -0.966992 0.195090 0.163909
vn -0.967056 -0.194762 0.163920
vn -0.967049 -0.195090 0.163573
vn -0.820272 -0.554891 0.138746
vn -0.819968 -0.555570 0.137820
vn -0.548579 -0.830999 0.092205
vn -0.548041 -0.831470 0.091156
vn -0.192805 -0.980713 0.032069
vn -0.192520 -0.980785 0.031572
vn 0.192904 -0.980707 -0.031635
vn 0.192604 -0.980785 -0.031065
vn 0.549337 -0.830890 -0.088603
vn 0.548720 -0.831461 -0.087054
vn 0.821814 -0.554637 -0.130381
vn 0.821462 -0.555551 -0.128696
vn 0.969060 -0.194609 -0.151820
vn 0.969078 -0.195080 -0.151102
vn 0.943566 0.193735 -0.268608
vn 0.942493 0.194822 -0.271571
vn 0.800650 0.552935 -0.230700
vn 0.797877 0.554877 -0.235593
vn 0.535080 0.829896 -0.157995
vn 0.532684 0.830909 -0.160744
vn 0.187757 0.980580 -0.056658
vn 0.186977 0.980693 -0.057279
vn -0.187440 0.980596 0.057421
vn -0.186857 0.980686 0.057793
vn -0.532514 0.830242 0.164702
vn -0.531516 0.830755 0.165341
vn -0.795070 0.553799 0.247326
vn -0.794424 0.554477 0.247881
vn -0.936427 0.194242 0.292190
vn -0.936288 0.194553 0.292426
vn -0.936346 -0.194247 0.292444
vn -0.936367 -0.194557 0.292171
vn -0.794835 -0.553831 0.248010
vn -0.794623 -0.554502 0.247187
vn -0.532187 -0.830283 0.165550
vn -0.531740 -0.830786 0.164463
vn -0.187236 -0.980606 0.057911
vn -0.186977 -0.980693 0.057279
vn 0.187440 -0.980596 -0.057421
vn 0.187164 -0.980704 -0.056479
vn 0.533892 -0.830062 -0.161109
vn 0.533493 -0.831006 -0.157527
vn 0.798932 -0.553223 -0.235904
vn 0.799317 -0.555020 -0.230316
vn 0.942687 -0.193806 -0.271626
vn 0.943353 -0.194853 -0.268547
vn 0.846480 0.194911 -0.495461
vn 0.849061 0.193573 -0.491554
vn 0.719839 0.555120 -0.416742
vn 0.724958 0.552892 -0.410787
vn 0.483921 0.831042 -0.274207
vn 0.487538 0.829905 -0.271226
vn 0.170837 0.980705 -0.095040
vn 0.171887 0.980579 -0.094448
vn -0.171392 0.980691 0.094176
vn -0.172137 0.980591 0.093860
vn -0.488697 0.830765 0.266468
vn -0.489963 0.830188 0.265940
vn -0.731415 0.554462 0.396994
vn -0.732263 0.553696 0.396498
vn -0.862565 0.194535 0.467052
vn -0.862773 0.194182 0.466814
vn -0.862713 -0.194530 0.466781
vn -0.862627 -0.194177 0.467086
vn -0.731833 -0.554432 0.396265
vn -0.731885 -0.553658 0.397250
vn -0.489256 -0.830728 0.265556
vn -0.489517 -0.830138 0.266915
vn -0.171735 -0.980683 0.093641
vn -0.171887 -0.980579 0.094448
vn 0.171392 -0.980691 -0.094176
vn 0.171484 -0.980557 -0.095399
vn 0.486220 -0.830917 -0.270492
vn 0.485696 -0.829673 -0.275212
vn 0.723778 -0.554931 -0.410118
vn 0.721373 -0.552454 -0.417630
vn 0.848839 -0.194870 -0.491425
vn 0.846728 -0.193457 -0.495607
vn 0.778312 0.195078 -0.596804
vn 0.779052 0.194492 -0.596030
vn 0.660379 0.555550 -0.505237
vn 0.662400 0.554430 -0.503820
vn 0.442205 0.831463 -0.336340
vn 0.444240 0.830777 -0.335352
vn 0.155707 0.980785 -0.117542
vn 0.156490 0.980694 -0.117262
vn -0.156123 0.980785 0.116987
vn -0.156805 0.980701 0.116777
vn -0.445582 0.831469 0.331838
vn -0.446938 0.830930 0.331363
vn -0.667923 0.555566 0.495203
vn -0.668968 0.554796 0.494654
vn -0.788612 0.195087 0.583123
vn -0.788918 0.194717 0.582832
vn -0.788859 -0.195086 0.582789
vn -0.788672 -0.194712 0.583167
vn -0.668557 -0.555563 0.494350
vn -0.668353 -0.554764 0.495521
vn -0.446294 -0.831467 0.330885
vn -0.446271 -0.830894 0.332351
vn -0.156468 -0.980785 0.116526
vn -0.156490 -0.980694 0.117262
vn 0.156123 -0.980785 -0.116987
vn 0.156111 -0.980684 -0.117846
vn 0.443416 -0.831468 -0.334729
vn 0.443105 -0.830706 -0.337024
vn 0.661800 -0.555560 -0.503363
vn 0.661018 -0.554344 -0.505725
vn 0.778959 -0.195080 -0.595959
vn 0.778407 -0.194476 -0.596876
vn 0.788552 0.194775 -0.583309
vn 0.788292 0.195087 -0.583555
vn 0.668632 0.554917 -0.494973
vn 0.667748 0.555566 -0.495438
vn 0.446718 0.831016 -0.331444
vn 0.445580 0.831469 -0.331841
vn 0.156749 0.980715 -0.116737
vn 0.156181 0.980785 -0.116908
vn -0.156486 0.980710 0.117137
vn -0.155844 0.980785 0.117359
vn -0.444483 0.830901 0.334722
vn -0.442839 0.831466 0.335497
vn -0.663241 0.554644 0.502475
vn -0.661638 0.555559 0.503577
vn -0.780524 0.194609 0.594062
vn -0.779948 0.195083 0.594662
vn -0.780025 -0.194598 0.594721
vn -0.780449 -0.195085 0.594004
vn -0.662156 -0.554584 0.503971
vn -0.662752 -0.555564 0.502104
vn -0.443573 -0.830850 0.336053
vn -0.443805 -0.831469 0.334211
vn -0.156175 -0.980702 0.117609
vn -0.156181 -0.980785 0.116908
vn 0.156486 -0.980710 -0.117137
vn 0.156467 -0.980785 -0.116527
vn 0.446156 -0.830988 -0.332269
vn 0.446177 -0.831467 -0.331042
vn 0.668109 -0.554892 -0.495706
vn 0.668284 -0.555564 -0.494716
vn 0.788342 -0.194771 -0.583593
vn 0.788502 -0.195087 -0.583272
vn 0.856221 0.194385 -0.478645
vn 0.856061 0.194644 -0.478825
vn 0.726514 0.554117 -0.406365
vn 0.725879 0.554676 -0.406735
vn 0.485960 0.830479 -0.272300
vn 0.485032 0.830896 -0.272682
vn 0.170710 0.980636 -0.095972
vn 0.170178 0.980707 -0.096190
vn -0.170522 0.980628 0.096384
vn -0.169804 0.980716 0.096765
vn -0.484201 0.830309 0.275928
vn -0.481895 0.831064 0.277686
vn -0.721525 0.553658 0.415770
vn -0.718595 0.555069 0.418952
vn -0.847475 0.194061 0.494091
vn -0.846153 0.194868 0.496036
vn -0.846299 -0.194013 0.496121
vn -0.847341 -0.194845 0.494013
vn -0.719521 -0.553458 0.419492
vn -0.720771 -0.554964 0.415336
vn -0.483027 -0.830188 0.278339
vn -0.483316 -0.830992 0.275423
vn -0.170237 -0.980616 0.097012
vn -0.170178 -0.980707 0.096190
vn 0.170522 -0.980628 -0.096384
vn 0.170424 -0.980702 -0.095811
vn 0.485616 -0.830447 -0.273010
vn 0.485449 -0.830872 -0.272014
vn 0.726219 -0.554092 -0.406925
vn 0.726200 -0.554656 -0.406189
vn 0.856106 -0.194381 -0.478850
vn 0.856176 -0.194641 -0.478620
vn 0.926261 0.194617 -0.322747
vn 0.926383 0.194364 -0.322547
vn 0.785842 0.554607 -0.273613
vn 0.786391 0.554056 -0.273149
vn 0.525704 0.830839 -0.182600
vn 0.526542 0.830424 -0.182073
vn 0.184797 0.980697 -0.063901
vn 0.185284 0.980625 -0.063596
vn -0.184915 0.980703 0.063470
vn -0.185565 0.980613 0.062965
vn -0.526827 0.830962 0.178762
vn -0.528832 0.830159 0.176556
vn -0.789086 0.554925 0.263444
vn -0.791432 0.553404 0.259577
vn -0.931989 0.194830 0.305677
vn -0.932922 0.193983 0.303361
vn -0.932757 -0.194855 0.303308
vn -0.932138 -0.194034 0.305726
vn -0.790398 -0.555037 0.259238
vn -0.789913 -0.553615 0.263720
vn -0.527589 -0.831038 0.176141
vn -0.527784 -0.830284 0.179086
vn -0.185096 -0.980711 0.062806
vn -0.185284 -0.980625 0.063596
vn 0.184915 -0.980703 -0.063470
vn 0.185101 -0.980633 -0.064006
vn 0.525922 -0.830863 -0.181858
vn 0.526243 -0.830456 -0.182788
vn 0.786032 -0.554627 -0.273024
vn 0.786172 -0.554081 -0.273728
vn 0.926336 -0.194620 -0.322530
vn 0.926307 -0.194368 -0.322763
vn 0.960437 0.195086 -0.198752
vn 0.960581 0.194746 -0.198389
vn 0.814289 0.555563 -0.168175
vn 0.814963 0.554837 -0.167308
vn 0.544225 0.831466 -0.111727
vn 0.545206 0.830947 -0.110804
vn 0.191183 0.980785 -0.038855
vn 0.191694 0.980703 -0.038416
vn -0.191287 0.980785 0.038335
vn -0.191859 0.980694 0.037800
vn -0.545093 0.831468 0.107395
vn -0.546450 0.830784 0.105787
vn -0.816319 0.555563 0.158031
vn -0.817436 0.554472 0.156074
vn -0.963384 0.195083 0.183940
vn -0.963670 0.194540 0.183015
vn -0.963564 -0.195081 0.182995
vn -0.963487 -0.194554 0.183959
vn -0.816726 -0.555555 0.155938
vn -0.816985 -0.554545 0.158160
vn -0.545451 -0.831465 0.105594
vn -0.546008 -0.830844 0.107575
vn -0.191411 -0.980785 0.037712
vn -0.191694 -0.980703 0.038416
vn 0.191287 -0.980785 -0.038335
vn 0.191556 -0.980709 -0.038931
vn 0.544442 -0.831468 -0.110649
vn 0.544939 -0.830979 -0.111873
vn 0.814486 -0.555566 -0.167210
vn 0.814746 -0.554865 -0.168269
vn 0.960515 -0.195087 -0.198375
vn 0.960502 -0.194750 -0.198766
vn 0.964261 0.194403 -0.180022
vn 0.963901 0.195078 -0.181218
vn 0.818050 0.554202 -0.153797
vn 0.816655 0.555557 -0.156306
vn 0.546907 0.830624 -0.104677
vn 0.545231 0.831467 -0.106700
vn 0.192005 0.980674 -0.037575
vn 0.191307 0.980785 -0.038233
vn -0.191798 0.980686 0.038331
vn -0.191182 0.980785 0.038861
vn -0.545350 0.830846 0.110852
vn -0.544180 0.831466 0.111949
vn -0.814984 0.554700 0.167659
vn -0.814186 0.555561 0.168680
vn -0.960470 0.194683 0.198987
vn -0.960300 0.195085 0.199413
vn -0.960377 -0.194689 0.199429
vn -0.960392 -0.195086 0.198971
vn -0.814726 -0.554736 0.168792
vn -0.814418 -0.555565 0.167543
vn -0.545027 -0.830887 0.112124
vn -0.544438 -0.831468 0.110667
vn -0.191628 -0.980694 0.038952
vn -0.191307 -0.980785 0.038233
vn 0.191798 -0.980686 -0.038331
vn 0.191460 -0.980785 -0.037468
vn 0.546345 -0.830708 -0.106918
vn 0.545679 -0.831461 -0.104441
vn 0.817474 -0.554307 -0.156462
vn 0.817171 -0.555544 -0.153632
vn 0.964029 -0.194423 -0.181242
vn 0.964130 -0.195075 -0.179997
vn 0.932817 0.193423 -0.304040
vn 0.931000 0.194856 -0.308660
vn 0.791228 0.552400 -0.262321
vn 0.787103 0.554889 -0.269384
vn 0.528205 0.829650 -0.180776
vn 0.525018 0.830884 -0.184359
vn 0.185163 0.980555 -0.065020
vn 0.184201 0.980686 -0.065761
vn -0.184722 0.980576 0.065947
vn -0.184032 0.980677 0.066362
vn -0.524526 0.830119 0.189144
vn -0.523369 0.830692 0.189833
vn -0.782858 0.553628 0.283954
vn -0.782110 0.554378 0.284550
vn -0.921853 0.194162 0.335392
vn -0.921687 0.194504 0.335650
vn -0.921750 -0.194167 0.335673
vn -0.921789 -0.194509 0.335369
vn -0.782556 -0.553665 0.284712
vn -0.782370 -0.554408 0.283777
vn -0.524103 -0.830168 0.190100
vn -0.523671 -0.830729 0.188836
vn -0.184452 -0.980588 0.066513
vn -0.184201 -0.980686 0.065761
vn 0.184722 -0.980576 -0.065947
vn 0.184476 -0.980700 -0.064778
vn 0.526420 -0.829887 -0.184851
vn 0.526283 -0.831014 -0.180119
vn 0.788381 -0.552859 -0.269821
vn 0.789530 -0.555091 -0.261758
vn 0.931246 -0.193547 -0.308741
vn 0.932539 -0.194901 -0.303949
vn 0.828043 0.194865 -0.525711
vn 0.829720 0.193864 -0.523432
vn 0.703520 0.555053 -0.443819
vn 0.707176 0.553314 -0.440166
vn 0.472215 0.831038 -0.293919
vn 0.475048 0.830112 -0.291965
vn 0.166532 0.980710 -0.102351
vn 0.167406 0.980603 -0.101947
vn -0.166993 0.980700 0.101695
vn -0.167636 0.980613 0.101473
vn -0.476092 0.830833 0.288188
vn -0.477211 0.830326 0.287801
vn -0.712576 0.554574 0.429747
vn -0.713340 0.553894 0.429356
vn -0.840398 0.194592 0.505831
vn -0.840591 0.194278 0.505631
vn -0.840538 -0.194588 0.505600
vn -0.840452 -0.194273 0.505864
vn -0.712967 -0.554550 0.429131
vn -0.712982 -0.553863 0.429992
vn -0.476601 -0.830803 0.287433
vn -0.476791 -0.830286 0.288611
vn -0.167294 -0.980693 0.101266
vn -0.167406 -0.980603 0.101947
vn 0.166993 -0.980700 -0.101695
vn 0.167054 -0.980587 -0.102672
vn 0.473984 -0.830950 -0.291311
vn 0.473583 -0.829957 -0.294771
vn 0.706265 -0.554925 -0.439599
vn 0.704645 -0.553055 -0.444528
vn 0.829557 -0.194838 -0.523329
vn 0.828221 -0.193802 -0.525824
vn 0.760956 0.195082 -0.618780
vn 0.761401 0.194664 -0.618365
vn 0.645436 0.555555 -0.524185
vn 0.646723 0.554739 -0.523463
vn 0.431846 0.831463 -0.349540
vn 0.433217 0.830950 -0.349062
vn 0.151915 0.980785 -0.122405
vn 0.152469 0.980715 -0.122275
vn -0.152194 0.980785 0.122055
vn -0.152696 0.980720 0.121955
vn -0.434107 0.831470 0.346712
vn -0.435132 0.831041 0.346454
vn -0.650472 0.555570 0.517908
vn -0.651277 0.554950 0.517561
vn -0.767851 0.195090 0.610201
vn -0.768088 0.194791 0.609998
vn -0.768041 -0.195090 0.609961
vn -0.767898 -0.194788 0.610238
vn -0.650953 -0.555570 0.517304
vn -0.650806 -0.554930 0.518174
vn -0.434631 -0.831470 0.346055
vn -0.434634 -0.831018 0.347133
vn -0.152438 -0.980785 0.121749
vn -0.152469 -0.980715 0.122275
vn 0.152194 -0.980785 -0.122055
vn 0.152209 -0.980710 -0.122641
vn 0.432617 -0.831466 -0.348578
vn 0.432485 -0.830913 -0.350057
vn 0.646297 -0.555560 -0.523118
vn 0.645881 -0.554697 -0.524547
vn 0.761336 -0.195083 -0.618312
vn 0.761021 -0.194656 -0.618834
vn 0.772484 0.194643 -0.604468
vn 0.772161 0.195083 -0.604740
vn 0.655092 0.554644 -0.513054
vn 0.653961 0.555559 -0.513507
vn 0.437715 0.830827 -0.343705
vn 0.436239 0.831466 -0.344035
vn 0.153577 0.980686 -0.121117
vn 0.152837 0.980785 -0.121249
vn -0.153259 0.980678 0.121583
vn -0.152421 0.980785 0.121770
vn -0.434999 0.830664 0.347523
vn -0.432866 0.831467 0.348266
vn -0.648507 0.554260 0.521761
vn -0.646448 0.555561 0.522931
vn -0.762637 0.194409 0.616920
vn -0.761910 0.195084 0.617605
vn -0.762016 -0.194393 0.617691
vn -0.762532 -0.195086 0.616836
vn -0.647167 -0.554175 0.523513
vn -0.647828 -0.555567 0.521215
vn -0.433884 -0.830593 0.349085
vn -0.434059 -0.831470 0.346772
vn -0.152881 -0.980668 0.122138
vn -0.152837 -0.980785 0.121249
vn 0.153259 -0.980678 -0.121583
vn 0.153187 -0.980785 -0.120810
vn 0.437035 -0.830788 -0.344663
vn 0.436967 -0.831462 -0.343118
vn 0.654459 -0.554609 -0.513898
vn 0.654613 -0.555555 -0.512679
vn 0.772230 -0.194638 -0.604795
vn 0.772415 -0.195082 -0.604415
vn 0.860446 0.193340 -0.471437
vn 0.859960 0.194278 -0.471938
vn 0.731036 0.551939 -0.401185
vn 0.728957 0.553984 -0.402148
vn 0.489741 0.828950 -0.270178
vn 0.486557 0.830505 -0.271151
vn 0.172124 0.980394 -0.095922
vn 0.170207 0.980668 -0.096536
vn -0.171582 0.980351 0.097316
vn -0.168802 0.980703 0.098626
vn -0.484186 0.827970 0.282896
vn -0.474005 0.831209 0.290536
vn -0.712643 0.548944 0.436807
vn -0.696360 0.555516 0.454406
vn -0.822080 0.190821 0.536444
vn -0.812580 0.195090 0.549230
vn -0.813383 -0.190150 0.549773
vn -0.821381 -0.195064 0.535988
vn -0.701208 -0.546752 0.457570
vn -0.709123 -0.555180 0.434649
vn -0.479329 -0.826998 0.293800
vn -0.480421 -0.830906 0.280697
vn -0.170653 -0.980273 0.099708
vn -0.170207 -0.980668 0.096536
vn 0.171582 -0.980351 -0.097316
vn 0.171030 -0.980645 -0.095312
vn 0.488783 -0.828791 -0.272391
vn 0.487844 -0.830407 -0.269132
vn 0.730214 -0.551820 -0.402842
vn 0.729892 -0.553905 -0.400558
vn 0.860125 -0.193323 -0.472028
vn 0.860285 -0.194266 -0.471349
vn 0.963640 0.191680 -0.186162
vn 0.963458 0.192274 -0.186492
vn 0.820906 0.548512 -0.158899
vn 0.819843 0.549854 -0.159745
vn 0.552343 0.826640 -0.107623
vn 0.550472 0.827737 -0.108777
vn 0.194946 0.980057 -0.038523
vn 0.193662 0.980276 -0.039422
vn -0.194937 0.980013 0.039682
vn -0.192611 0.980366 0.042225
vn -0.551495 0.825370 0.120902
vn -0.533610 0.830732 0.158571
vn -0.807195 0.539350 0.239872
vn -0.851703 0.522651 -0.037909
vn -0.979852 0.194905 -0.043612
vn -0.979690 0.187166 0.071943
vn -0.978251 -0.194586 0.071837
vn -0.982779 -0.179535 -0.043743
vn -0.830901 -0.555190 -0.036983
vn -0.797727 -0.554468 0.237058
vn -0.548150 -0.820364 0.162892
vn -0.546852 -0.828602 0.119884
vn -0.194912 -0.979890 0.042730
vn -0.193662 -0.980276 0.039422
vn 0.194937 -0.980013 -0.039682
vn 0.194064 -0.980239 -0.038348
vn 0.552252 -0.826504 -0.109129
vn 0.550932 -0.827617 -0.107348
vn 0.820768 -0.548420 -0.159925
vn 0.820093 -0.549771 -0.158742
vn 0.963575 -0.191667 -0.186515
vn 0.963528 -0.192262 -0.186141
vn 0.921585 0.381816 0.069984
vn 0.921612 0.381744 0.070026
vn 0.382449 0.923520 0.029059
vn 0.382521 0.923488 0.029109
vn -0.382443 0.923521 -0.029103
vn -0.382521 0.923487 -0.029162
vn -0.921561 0.381823 -0.070255
vn -0.921593 0.381736 -0.070316
vn -0.921556 -0.381824 -0.070313
vn -0.921596 -0.381738 -0.070258
vn -0.382436 -0.923522 -0.029155
vn -0.382521 -0.923488 -0.029109
vn 0.382443 -0.923521 0.029103
vn 0.382522 -0.923489 0.029065
vn 0.921582 -0.381817 0.070024
vn 0.921614 -0.381745 0.069986
vn 0.901790 0.382024 0.202069
vn 0.901842 0.381840 0.202186
vn 0.374056 0.923607 0.083860
vn 0.374221 0.923526 0.084013
vn -0.374025 0.923609 -0.083969
vn -0.374200 0.923523 -0.084142
vn -0.901633 0.382039 -0.202740
vn -0.901690 0.381821 -0.202900
vn -0.901600 -0.382043 -0.202880
vn -0.901720 -0.381825 -0.202759
vn -0.373990 -0.923612 -0.084095
vn -0.374221 -0.923526 -0.084013
vn 0.374025 -0.923609 0.083969
vn 0.374239 -0.923529 0.083901
vn 0.901767 -0.382026 0.202169
vn 0.901864 -0.381842 0.202085
vn 0.869303 0.382281 0.313328
vn 0.869348 0.382053 0.313480
vn 0.360371 0.923713 0.129947
vn 0.360548 0.923615 0.130157
vn -0.360319 0.923716 -0.130074
vn -0.360503 0.923612 -0.130305
vn -0.869015 0.382295 -0.314108
vn -0.869059 0.382034 -0.314302
vn -0.868957 -0.382298 -0.314265
vn -0.869115 -0.382038 -0.314144
vn -0.360261 -0.923718 -0.130217
vn -0.360548 -0.923615 -0.130157
vn 0.360319 -0.923716 0.130074
vn 0.360587 -0.923618 0.130025
vn 0.869259 -0.382283 0.313448
vn 0.869390 -0.382056 0.313360
vn 0.834367 0.382502 0.396892
vn 0.834394 0.382299 0.397032
vn 0.345721 0.923805 0.164505
vn 0.345858 0.923718 0.164705
vn -0.345666 0.923806 -0.164613
vn -0.345806 0.923716 -0.164826
vn -0.834052 0.382510 -0.397546
vn -0.834076 0.382286 -0.397713
vn -0.833991 -0.382512 -0.397672
vn -0.834135 -0.382288 -0.397586
vn -0.345605 -0.923808 -0.164731
vn -0.345858 -0.923718 -0.164705
vn 0.345666 -0.923806 0.164613
vn 0.345905 -0.923720 0.164593
vn 0.834318 -0.382503 0.396996
vn 0.834442 -0.382301 0.396928
vn 0.806284 0.382641 0.451102
vn 0.806294 0.382508 0.451196
vn 0.333989 0.923862 0.186897
vn 0.334068 0.923806 0.187033
vn -0.333949 0.923862 -0.186966
vn -0.334029 0.923805 -0.187107
vn -0.806053 0.382643 -0.451512
vn -0.806061 0.382502 -0.451616
vn -0.806010 -0.382644 -0.451588
vn -0.806103 -0.382503 -0.451540
vn -0.333907 -0.923863 -0.187039
vn -0.334068 -0.923806 -0.187033
vn 0.333949 -0.923862 0.186966
vn 0.334105 -0.923807 0.186963
vn 0.806246 -0.382641 0.451169
vn 0.806331 -0.382509 0.451129
vn 0.791310 0.382683 0.476845
vn 0.791312 0.382641 0.476876
vn 0.327766 0.923879 0.197525
vn 0.327789 0.923862 0.197568
vn -0.327753 0.923879 -0.197547
vn -0.327776 0.923862 -0.197591
vn -0.791234 0.382683 -0.476973
vn -0.791235 0.382640 -0.477004
vn -0.791220 -0.382683 -0.476995
vn -0.791249 -0.382641 -0.476982
vn -0.327740 -0.923879 -0.197569
vn -0.327789 -0.923862 -0.197568
vn 0.327753 -0.923879 0.197547
vn 0.327802 -0.923862 0.197546
vn 0.791297 -0.382683 0.476867
vn 0.791325 -0.382641 0.476854
vn 0.792003 0.382642 0.475727
vn 0.792001 0.382683 0.475697
vn 0.328093 0.923862 0.197061
vn 0.328071 0.923879 0.197018
vn -0.328106 0.923863 -0.197039
vn -0.328084 0.923879 -0.196997
vn -0.792078 0.382643 -0.475601
vn -0.792077 0.382683 -0.475571
vn -0.792091 -0.382643 -0.475580
vn -0.792064 -0.382683 -0.475592
vn -0.328118 -0.923863 -0.197018
vn -0.328071 -0.923879 -0.197018
vn 0.328106 -0.923863 0.197039
vn 0.328058 -0.923879 0.197040
vn 0.792016 -0.382642 0.475705
vn 0.791988 -0.382683 0.475719
vn 0.806813 0.382563 0.450221
vn 0.806809 0.382641 0.450161
vn 0.334289 0.923830 0.186517
vn 0.334246 0.923862 0.186437
vn -0.334312 0.923830 -0.186474
vn -0.334270 0.923862 -0.186397
vn -0.806949 0.382566 -0.449974
vn -0.806944 0.382640 -0.449920
vn -0.806971 -0.382567 -0.449935
vn -0.806922 -0.382640 -0.449959
vn -0.334334 -0.923831 -0.186433
vn -0.334246 -0.923862 -0.186437
vn 0.334312 -0.923830 0.186474
vn 0.334222 -0.923862 0.186480
vn 0.806837 -0.382564 0.450176
vn 0.806784 -0.382642 0.450205
vn 0.830118 0.382521 0.405686
vn 0.830115 0.382561 0.405654
vn 0.343972 0.923812 0.168089
vn 0.343948 0.923829 0.168049
vn -0.343983 0.923813 -0.168066
vn -0.343959 0.923828 -0.168027
vn -0.830183 0.382523 -0.405553
vn -0.830179 0.382560 -0.405525
vn -0.830193 -0.382523 -0.405532
vn -0.830169 -0.382560 -0.405546
vn -0.343993 -0.923813 -0.168044
vn -0.343948 -0.923829 -0.168049
vn 0.343983 -0.923813 0.168066
vn 0.343936 -0.923829 0.168072
vn 0.830130 -0.382521 0.405661
vn 0.830103 -0.382562 0.405678
vn 0.854057 0.382559 0.352470
vn 0.854062 0.382520 0.352500
vn 0.353853 0.923828 0.146047
vn 0.353879 0.923812 0.146085
vn -0.353845 0.923828 -0.146070
vn -0.353870 0.923812 -0.146106
vn -0.854003 0.382558 -0.352602
vn -0.854009 0.382522 -0.352628
vn -0.853995 -0.382557 -0.352622
vn -0.854017 -0.382522 -0.352607
vn -0.353836 -0.923827 -0.146092
vn -0.353879 -0.923812 -0.146085
vn 0.353845 -0.923828 0.146070
vn 0.353889 -0.923812 0.146062
vn 0.854047 -0.382559 0.352494
vn 0.854072 -0.382520 0.352476
vn 0.872165 0.382640 0.304821
vn 0.872178 0.382560 0.304882
vn 0.361290 0.923861 0.126294
vn 0.361347 0.923829 0.126368
vn -0.361274 0.923861 -0.126342
vn -0.361330 0.923829 -0.126413
vn -0.872069 0.382638 -0.305098
vn -0.872083 0.382562 -0.305152
vn -0.872053 -0.382638 -0.305142
vn -0.872098 -0.382562 -0.305108
vn -0.361258 -0.923861 -0.126388
vn -0.361347 -0.923829 -0.126368
vn 0.361274 -0.923861 0.126342
vn 0.361365 -0.923828 0.126320
vn 0.872147 -0.382639 0.304871
vn 0.872196 -0.382559 0.304832
vn 0.881647 0.382683 0.276137
vn 0.881656 0.382640 0.276168
vn 0.365187 0.923879 0.114391
vn 0.365220 0.923862 0.114429
vn -0.365179 0.923879 -0.114416
vn -0.365211 0.923862 -0.114455
vn -0.881600 0.382683 -0.276287
vn -0.881609 0.382641 -0.276317
vn -0.881592 -0.382683 -0.276312
vn -0.881617 -0.382641 -0.276292
vn -0.365171 -0.923879 -0.114442
vn -0.365220 -0.923862 -0.114429
vn 0.365179 -0.923879 0.114416
vn 0.365228 -0.923862 0.114403
vn 0.881639 -0.382683 0.276163
vn 0.881664 -0.382640 0.276142
vn 0.882066 0.382639 0.274858
vn 0.882056 0.382683 0.274827
vn 0.365402 0.923861 0.113850
vn 0.365368 0.923879 0.113811
vn -0.365411 0.923861 -0.113825
vn -0.365376 0.923879 -0.113785
vn -0.882114 0.382638 -0.274707
vn -0.882104 0.382683 -0.274674
vn -0.882122 -0.382638 -0.274680
vn -0.882096 -0.382683 -0.274701
vn -0.365419 -0.923861 -0.113798
vn -0.365368 -0.923879 -0.113811
vn 0.365411 -0.923861 0.113825
vn 0.365360 -0.923879 0.113837
vn 0.882074 -0.382639 0.274833
vn 0.882048 -0.382683 0.274853
vn 0.872561 0.382503 0.303858
vn 0.872534 0.382639 0.303764
vn 0.361580 0.923804 0.125880
vn 0.361476 0.923862 0.125757
vn -0.361609 0.923803 -0.125803
vn -0.361504 0.923862 -0.125674
vn -0.872724 0.382497 -0.303396
vn -0.872697 0.382642 -0.303291
vn -0.872754 -0.382496 -0.303311
vn -0.872667 -0.382641 -0.303376
vn -0.361640 -0.923802 -0.125722
vn -0.361476 -0.923862 -0.125757
vn 0.361609 -0.923803 0.125803
vn 0.361450 -0.923861 0.125835
vn 0.872587 -0.382502 0.303783
vn 0.872508 -0.382639 0.303839
vn 0.850363 0.382301 0.361564
vn 0.850332 0.382500 0.361428
vn 0.352544 0.923720 0.149846
vn 0.352403 0.923805 0.149657
vn -0.352595 0.923718 -0.149738
vn -0.352450 0.923806 -0.149535
vn -0.850647 0.382289 -0.360908
vn -0.850618 0.382508 -0.360745
vn -0.850702 -0.382287 -0.360781
vn -0.850564 -0.382507 -0.360873
vn -0.352651 -0.923716 -0.149621
vn -0.352403 -0.923805 -0.149657
vn 0.352595 -0.923718 0.149738
vn 0.352359 -0.923803 0.149768
vn 0.850408 -0.382299 0.361460
vn 0.850288 -0.382498 0.361532
vn 0.811255 0.382086 0.442579
vn 0.811235 0.382293 0.442437
vn 0.336493 0.923631 0.183519
vn 0.336364 0.923720 0.183307
vn -0.336558 0.923628 -0.183413
vn -0.336425 0.923722 -0.183182
vn -0.811620 0.382070 -0.441923
vn -0.811606 0.382306 -0.441744
vn -0.811693 -0.382067 -0.441792
vn -0.811535 -0.382304 -0.441877
vn -0.336631 -0.923625 -0.183294
vn -0.336364 -0.923720 -0.183307
vn 0.336558 -0.923628 0.183413
vn 0.336309 -0.923718 0.183418
vn 0.811311 -0.382084 0.442478
vn 0.811180 -0.382291 0.442538
vn 0.751684 0.381926 0.537684
vn 0.751681 0.382077 0.537581
vn 0.311890 0.923564 0.223055
vn 0.311815 0.923630 0.222890
vn -0.311947 0.923562 -0.222985
vn -0.311870 0.923632 -0.222803
vn -0.752007 0.381913 -0.537241
vn -0.752014 0.382089 -0.537107
vn -0.752074 -0.381910 -0.537150
vn -0.751949 -0.382087 -0.537199
vn -0.312012 -0.923560 -0.222904
vn -0.311815 -0.923630 -0.222890
vn 0.311947 -0.923562 0.222985
vn 0.311766 -0.923628 0.222966
vn 0.751732 -0.381924 0.537617
vn 0.751634 -0.382075 0.537648
vn 0.671762 0.381884 0.634744
vn 0.671765 0.381927 0.634715
vn 0.278743 0.923547 0.263369
vn 0.278727 0.923566 0.263318
vn -0.278762 0.923547 -0.263351
vn -0.278746 0.923567 -0.263295
vn -0.671872 0.381880 -0.634630
vn -0.671879 0.381931 -0.634591
vn -0.671895 -0.381879 -0.634606
vn -0.671857 -0.381931 -0.634616
vn -0.278783 -0.923546 -0.263330
vn -0.278727 -0.923566 -0.263318
vn 0.278762 -0.923547 0.263351
vn 0.278710 -0.923566 0.263338
vn 0.671779 -0.381883 0.634727
vn 0.671749 -0.381927 0.634732
vn 0.577265 0.381975 0.721706
vn 0.577253 0.381903 0.721754
vn 0.239465 0.923586 0.299409
vn 0.239479 0.923554 0.299495
vn -0.239430 0.923587 -0.299434
vn -0.239442 0.923553 -0.299528
vn -0.577060 0.381981 -0.721867
vn -0.577040 0.381896 -0.721929
vn -0.577017 -0.381983 -0.721900
vn -0.577082 -0.381897 -0.721894
vn -0.239390 -0.923588 -0.299462
vn -0.239479 -0.923554 -0.299495
vn 0.239430 -0.923587 0.299434
vn 0.239511 -0.923555 0.299467
vn 0.577234 -0.381976 0.721730
vn 0.577284 -0.381904 0.721729
vn 0.478614 0.382159 0.790495
vn 0.478577 0.382004 0.790593
vn 0.198444 0.923663 0.327822
vn 0.198451 0.923596 0.328007
vn -0.198365 0.923664 -0.327865
vn -0.198367 0.923593 -0.328064
vn -0.478148 0.382170 -0.790772
vn -0.478092 0.381991 -0.790892
vn -0.478054 -0.382172 -0.790828
vn -0.478186 -0.381994 -0.790834
vn -0.198276 -0.923666 -0.327913
vn -0.198451 -0.923596 -0.328007
vn 0.198365 -0.923664 0.327865
vn 0.198525 -0.923598 0.327956
vn 0.478543 -0.382161 0.790537
vn 0.478647 -0.382006 0.790549
vn 0.387337 0.382366 0.838908
vn 0.387280 0.382184 0.839017
vn 0.160513 0.923749 0.347741
vn 0.160498 0.923670 0.347957
vn -0.160417 0.923750 -0.347781
vn -0.160397 0.923668 -0.348010
vn -0.386769 0.382376 -0.839165
vn -0.386693 0.382171 -0.839294
vn -0.386657 -0.382378 -0.839216
vn -0.386804 -0.382173 -0.839242
vn -0.160312 -0.923752 -0.347825
vn -0.160498 -0.923670 -0.347957
vn 0.160417 -0.923750 0.347781
vn 0.160591 -0.923672 0.347909
vn 0.387249 -0.382368 0.838948
vn 0.387368 -0.382186 0.838976
vn 0.312817 0.382540 0.869373
vn 0.312758 0.382379 0.869465
vn 0.129579 0.923821 0.360229
vn 0.129549 0.923752 0.360416
vn -0.129493 0.923821 -0.360258
vn -0.129459 0.923750 -0.360452
vn -0.312306 0.382546 -0.869554
vn -0.312235 0.382370 -0.869657
vn -0.312210 -0.382547 -0.869588
vn -0.312331 -0.382372 -0.869621
vn -0.129400 -0.923822 -0.360288
vn -0.129549 -0.923752 -0.360416
vn 0.129493 -0.923821 0.360258
vn 0.129634 -0.923753 0.360382
vn 0.312735 -0.382541 0.869402
vn 0.312839 -0.382380 0.869435
vn 0.261165 0.382650 0.886212
vn 0.261122 0.382544 0.886271
vn 0.108163 0.923866 0.367115
vn 0.108136 0.923821 0.367235
vn -0.108106 0.923866 -0.367131
vn -0.108077 0.923820 -0.367254
vn -0.260827 0.382651 -0.886311
vn -0.260778 0.382540 -0.886373
vn -0.260765 -0.382652 -0.886329
vn -0.260840 -0.382541 -0.886355
vn -0.108046 -0.923866 -0.367148
vn -0.108136 -0.923821 -0.367235
vn 0.108106 -0.923866 0.367131
vn 0.108193 -0.923822 0.367216
vn 0.261110 -0.382650 0.886228
vn 0.261178 -0.382544 0.886254
vn 0.235597 0.382683 0.893335
vn 0.235582 0.382650 0.893353
vn 0.097580 0.923880 0.370034
vn 0.097570 0.923866 0.370071
vn -0.097561 0.923879 -0.370038
vn -0.097551 0.923865 -0.370076
vn -0.235488 0.382683 -0.893364
vn -0.235473 0.382649 -0.893382
vn -0.235469 -0.382683 -0.893369
vn -0.235492 -0.382649 -0.893377
vn -0.097543 -0.923879 -0.370043
vn -0.097570 -0.923866 -0.370071
vn 0.097561 -0.923879 0.370038
vn 0.097588 -0.923866 0.370066
vn 0.235578 -0.382683 0.893340
vn 0.235600 -0.382650 0.893348
vn 0.236759 0.382651 0.893042
vn 0.236774 0.382683 0.893024
vn 0.098083 0.923866 0.369934
vn 0.098093 0.923879 0.369898
vn -0.098102 0.923866 -0.369929
vn -0.098112 0.923879 -0.369893
vn -0.236866 0.382651 -0.893013
vn -0.236880 0.382683 -0.892996
vn -0.236884 -0.382651 -0.893008
vn -0.236862 -0.382683 -0.893000
vn -0.098120 -0.923866 -0.369924
vn -0.098093 -0.923879 -0.369898
vn 0.098102 -0.923866 0.369929
vn 0.098075 -0.923880 0.369903
vn 0.236777 -0.382651 0.893037
vn 0.236755 -0.382683 0.893029
vn 0.262110 0.382588 0.885960
vn 0.262139 0.382650 0.885924
vn 0.108607 0.923840 0.367047
vn 0.108625 0.923865 0.366979
vn -0.108642 0.923841 -0.367036
vn -0.108658 0.923865 -0.366969
vn -0.262312 0.382590 -0.885899
vn -0.262338 0.382649 -0.885866
vn -0.262345 -0.382590 -0.885889
vn -0.262305 -0.382649 -0.885876
vn -0.108675 -0.923841 -0.367025
vn -0.108625 -0.923865 -0.366979
vn 0.108642 -0.923841 0.367036
vn 0.108589 -0.923866 0.366989
vn 0.262146 -0.382589 0.885949
vn 0.262103 -0.382650 0.885935
vn 0.304695 0.382555 0.872246
vn 0.304709 0.382587 0.872227
vn 0.126251 0.923826 0.361393
vn 0.126259 0.923839 0.361358
vn -0.126269 0.923827 -0.361387
vn -0.126276 0.923839 -0.361352
vn -0.304798 0.382556 -0.872209
vn -0.304810 0.382586 -0.872192
vn -0.304814 -0.382556 -0.872203
vn -0.304794 -0.382586 -0.872198
vn -0.126286 -0.923827 -0.361380
vn -0.126259 -0.923839 -0.361358
vn 0.126269 -0.923827 0.361387
vn 0.126241 -0.923839 0.361364
vn 0.304713 -0.382555 0.872239
vn 0.304690 -0.382587 0.872233
vn 0.353138 0.382585 0.853769
vn 0.353125 0.382555 0.853788
vn 0.146298 0.923839 0.353721
vn 0.146293 0.923826 0.353756
vn -0.146281 0.923839 -0.353729
vn -0.146276 0.923827 -0.353762
vn -0.353040 0.382584 -0.853810
vn -0.353029 0.382556 -0.853828
vn -0.353025 -0.382584 -0.853817
vn -0.353045 -0.382555 -0.853821
vn -0.146265 -0.923838 -0.353736
vn -0.146293 -0.923826 -0.353756
vn 0.146281 -0.923839 0.353729
vn 0.146310 -0.923826 0.353749
vn 0.353120 -0.382585 0.853777
vn 0.353143 -0.382554 0.853781
vn 0.394549 0.382649 0.835411
vn 0.394525 0.382586 0.835451
vn 0.163425 0.923865 0.346072
vn 0.163417 0.923839 0.346144
vn -0.163391 0.923865 -0.346088
vn -0.163384 0.923840 -0.346159
vn -0.394352 0.382648 -0.835504
vn -0.394331 0.382588 -0.835542
vn -0.394320 -0.382647 -0.835519
vn -0.394363 -0.382587 -0.835527
vn -0.163359 -0.923865 -0.346104
vn -0.163417 -0.923839 -0.346144
vn 0.163391 -0.923865 0.346088
vn 0.163452 -0.923839 0.346128
vn 0.394514 -0.382648 0.835428
vn 0.394560 -0.382585 0.835435
vn 0.418689 0.382683 0.823561
vn 0.418677 0.382649 0.823583
vn 0.173419 0.923880 0.341134
vn 0.173416 0.923865 0.341174
vn -0.173401 0.923879 -0.341143
vn -0.173398 0.923866 -0.341182
vn -0.418584 0.382683 -0.823615
vn -0.418573 0.382650 -0.823636
vn -0.418566 -0.382683 -0.823624
vn -0.418590 -0.382650 -0.823627
vn -0.173383 -0.923879 -0.341152
vn -0.173416 -0.923865 -0.341174
vn 0.173401 -0.923879 0.341143
vn 0.173434 -0.923865 0.341165
vn 0.418670 -0.382683 0.823571
vn 0.418695 -0.382649 0.823574
vn 0.419786 0.382648 0.823019
vn 0.419797 0.382683 0.822997
vn 0.173902 0.923865 0.340928
vn 0.173904 0.923879 0.340887
vn -0.173920 0.923865 -0.340919
vn -0.173922 0.923879 -0.340878
vn -0.419892 0.382648 -0.822965
vn -0.419904 0.382683 -0.822943
vn -0.419910 -0.382648 -0.822956
vn -0.419885 -0.382683 -0.822952
vn -0.173938 -0.923865 -0.340910
vn -0.173904 -0.923879 -0.340887
vn 0.173920 -0.923865 0.340919
vn 0.173886 -0.923880 0.340897
vn 0.419804 -0.382648 0.823010
vn 0.419779 -0.382683 0.823006
vn 0.395463 0.382540 0.835028
vn 0.395498 0.382648 0.834962
vn 0.163880 0.923820 0.345977
vn 0.163889 0.923865 0.345852
vn -0.163936 0.923819 -0.345952
vn -0.163947 0.923866 -0.345823
vn -0.395794 0.382536 -0.834873
vn -0.395834 0.382650 -0.834802
vn -0.395854 -0.382536 -0.834845
vn -0.395774 -0.382650 -0.834831
vn -0.163995 -0.923819 -0.345926
vn -0.163889 -0.923865 -0.345852
vn 0.163936 -0.923819 0.345952
vn 0.163833 -0.923865 0.345879
vn 0.395517 -0.382540 0.835003
vn 0.395444 -0.382648 0.834988
vn 0.345157 0.382381 0.857118
vn 0.345211 0.382539 0.857026
vn 0.143096 0.923753 0.355251
vn 0.143118 0.923821 0.355067
vn -0.143180 0.923752 -0.355220
vn -0.143207 0.923822 -0.355029
vn -0.345653 0.382372 -0.856922
vn -0.345720 0.382544 -0.856818
vn -0.345747 -0.382371 -0.856885
vn -0.345627 -0.382543 -0.856856
vn -0.143271 -0.923751 -0.355188
vn -0.143118 -0.923821 -0.355067
vn 0.143180 -0.923752 0.355220
vn 0.143036 -0.923820 0.355103
vn 0.345236 -0.382379 0.857087
vn 0.345132 -0.382538 0.857058
vn 0.269722 0.382207 0.883837
vn 0.269787 0.382375 0.883745
vn 0.111874 0.923681 0.366466
vn 0.111914 0.923753 0.366273
vn -0.111966 0.923679 -0.366443
vn -0.112013 0.923755 -0.366239
vn -0.270269 0.382196 -0.883675
vn -0.270353 0.382384 -0.883568
vn -0.270376 -0.382194 -0.883643
vn -0.270246 -0.382382 -0.883601
vn -0.112067 -0.923677 -0.366417
vn -0.111914 -0.923753 -0.366273
vn 0.111966 -0.923679 0.366443
vn 0.111824 -0.923752 0.366304
vn 0.269808 -0.382205 0.883812
vn 0.269702 -0.382373 0.883771
vn 0.172275 0.382067 0.907935
vn 0.172332 0.382197 0.907870
vn 0.071482 0.923623 0.376577
vn 0.071529 0.923679 0.376432
vn -0.071555 0.923622 -0.376567
vn -0.071609 0.923681 -0.376412
vn -0.172711 0.382058 -0.907856
vn -0.172787 0.382206 -0.907780
vn -0.172798 -0.382056 -0.907840
vn -0.172699 -0.382204 -0.907797
vn -0.071636 -0.923620 -0.376556
vn -0.071529 -0.923679 -0.376432
vn 0.071555 -0.923622 0.376567
vn 0.071458 -0.923678 0.376449
vn 0.172342 -0.382066 0.907923
vn 0.172265 -0.382195 0.907883
vn 0.059310 0.382010 0.922253
vn 0.059334 0.382059 0.922231
vn 0.024613 0.923600 0.382567
vn 0.024638 0.923621 0.382515
vn -0.024641 0.923599 -0.382567
vn -0.024669 0.923621 -0.382511
vn -0.059478 0.382006 -0.922244
vn -0.059510 0.382062 -0.922218
vn -0.059512 -0.382005 -0.922242
vn -0.059476 -0.382062 -0.922221
vn -0.024673 -0.923598 -0.382567
vn -0.024638 -0.923621 -0.382515
vn 0.024641 -0.923599 0.382567
vn 0.024610 -0.923620 0.382518
vn 0.059335 -0.382009 0.922252
vn 0.059308 -0.382058 0.922233
vn -0.059308 0.382058 0.922233
vn -0.059335 0.382009 0.922252
vn -0.024610 0.923620 0.382518
vn -0.024641 0.923599 0.382567
vn 0.024638 0.923621 -0.382515
vn 0.024673 0.923598 -0.382567
vn 0.059476 0.382062 -0.922221
vn 0.059512 0.382005 -0.922242
vn 0.059510 -0.382062 -0.922218
vn 0.059478 -0.382006 -0.922244
vn 0.024669 -0.923621 -0.382511
vn 0.024641 -0.923599 -0.382567
vn -0.024638 -0.923621 0.382515
vn -0.024613 -0.923600 0.382567
vn -0.059334 -0.382059 0.922231
vn -0.059310 -0.382010 0.922253
vn -0.172265 0.382195 0.907883
vn -0.172342 0.382066 0.907923
vn -0.071458 0.923678 0.376449
vn -0.071555 0.923622 0.376567
vn 0.071529 0.923679 -0.376432
vn 0.071636 0.923620 -0.376556
vn 0.172699 0.382204 -0.907797
vn 0.172798 0.382056 -0.907840
vn 0.172787 -0.382206 -0.907780
vn 0.172711 -0.382058 -0.907856
vn 0.071609 -0.923681 -0.376412
vn 0.071555 -0.923622 -0.376567
vn -0.071529 -0.923679 0.376432
vn -0.071482 -0.923623 0.376577
vn -0.172332 -0.382197 0.907870
vn -0.172275 -0.382067 0.907935
vn -0.269702 0.382373 0.883771
vn -0.269808 0.382205 0.883812
vn -0.111824 0.923752 0.366304
vn -0.111966 0.923679 0.366443
vn 0.111914 0.923753 -0.366273
vn 0.112067 0.923677 -0.366417
vn 0.270246 0.382382 -0.883601
vn 0.270376 0.382194 -0.883643
vn 0.270353 -0.382384 -0.883568
vn 0.270269 -0.382196 -0.883675
vn 0.112013 -0.923755 -0.366239
vn 0.111966 -0.923679 -0.366443
vn -0.111914 -0.923753 0.366273
vn -0.111874 -0.923681 0.366466
vn -0.269787 -0.382375 0.883745
vn -0.269722 -0.382207 0.883837
vn -0.345132 0.382538 0.857058
vn -0.345236 0.382379 0.857087
vn -0.143036 0.923820 0.355103
vn -0.143180 0.923752 0.355220
vn 0.143118 0.923821 -0.355067
vn 0.143271 0.923751 -0.355188
vn 0.345627 0.382543 -0.856856
vn 0.345747 0.382371 -0.856885
vn 0.345720 -0.382544 -0.856818
vn 0.345653 -0.382372 -0.856922
vn 0.143207 -0.923822 -0.355029
vn 0.143180 -0.923752 -0.355220
vn -0.143118 -0.923821 0.355067
vn -0.143096 -0.923753 0.355251
vn -0.345211 -0.382539 0.857026
vn -0.345157 -0.382381 0.857118
vn -0.395444 0.382648 0.834988
vn -0.395517 0.382540 0.835003
vn -0.163833 0.923865 0.345879
vn -0.163936 0.923819 0.345952
vn 0.163889 0.923865 -0.345852
vn 0.163995 0.923819 -0.345926
vn 0.395774 0.382650 -0.834831
vn 0.395854 0.382536 -0.834845
vn 0.395834 -0.382650 -0.834802
vn 0.395794 -0.382536 -0.834873
vn 0.163947 -0.923866 -0.345823
vn 0.163936 -0.923819 -0.345952
vn -0.163889 -0.923865 0.345852
vn -0.163880 -0.923820 0.345977
vn -0.395498 -0.382648 0.834962
vn -0.395463 -0.382540 0.835028
vn -0.419779 0.382683 0.823006
vn -0.419804 0.382648 0.823010
vn -0.173886 0.923880 0.340897
vn -0.173920 0.923865 0.340919
vn 0.173904 0.923879 -0.340887
vn 0.173938 0.923865 -0.340910
vn 0.419885 0.382683 -0.822952
vn 0.419910 0.382648 -0.822956
vn 0.419904 -0.382683 -0.822943
vn 0.419892 -0.382648 -0.822965
vn 0.173922 -0.923879 -0.340878
vn 0.173920 -0.923865 -0.340919
vn -0.173904 -0.923879 0.340887
vn -0.173902 -0.923865 0.340928
vn -0.419797 -0.382683 0.822997
vn -0.419786 -0.382648 0.823019
vn -0.418695 0.382649 0.823574
vn -0.418670 0.382683 0.823571
vn -0.173434 0.923865 0.341165
vn -0.173401 0.923879 0.341143
vn 0.173416 0.923865 -0.341174
vn 0.173383 0.923879 -0.341152
vn 0.418590 0.382650 -0.823627
vn 0.418566 0.382683 -0.823624
vn 0.418573 -0.382650 -0.823636
vn 0.418584 -0.382683 -0.823615
vn 0.173398 -0.923866 -0.341182
vn 0.173401 -0.923879 -0.341143
vn -0.173416 -0.923865 0.341174
vn -0.173419 -0.923880 0.341134
vn -0.418677 -0.382649 0.823583
vn -0.418689 -0.382683 0.823561
vn -0.394560 0.382585 0.835435
vn -0.394514 0.382648 0.835428
vn -0.163452 0.923839 0.346128
vn -0.163391 0.923865 0.346088
vn 0.163417 0.923839 -0.346144
vn 0.163359 0.923865 -0.346104
vn 0.394363 0.382587 -0.835527
vn 0.394320 0.382647 -0.835519
vn 0.394331 -0.382588 -0.835542
vn 0.394352 -0.382648 -0.835504
vn 0.163384 -0.923840 -0.346159
vn 0.163391 -0.923865 -0.346088
vn -0.163417 -0.923839 0.346144
vn -0.163425 -0.923865 0.346072
vn -0.394525 -0.382586 0.835451
vn -0.394549 -0.382649 0.835411
vn -0.353143 0.382554 0.853781
vn -0.353120 0.382585 0.853777
vn -0.146310 0.923826 0.353749
vn -0.146281 0.923839 0.353729
vn 0.146293 0.923826 -0.353756
vn 0.146265 0.923838 -0.353736
vn 0.353045 0.382555 -0.853821
vn 0.353025 0.382584 -0.853817
vn 0.353029 -0.382556 -0.853828
vn 0.353040 -0.382584 -0.853810
vn 0.146276 -0.923827 -0.353762
vn 0.146281 -0.923839 -0.353729
vn -0.146293 -0.923826 0.353756
vn -0.146298 -0.923839 0.353721
vn -0.353125 -0.382555 0.853788
vn -0.353138 -0.382585 0.853769
vn -0.304690 0.382587 0.872233
vn -0.304713 0.382555 0.872239
vn -0.126241 0.923839 0.361364
vn -0.126269 0.923827 0.361387
vn 0.126259 0.923839 -0.361358
vn 0.126286 0.923827 -0.361380
vn 0.304794 0.382586 -0.872198
vn 0.304814 0.382556 -0.872203
vn 0.304810 -0.382586 -0.872192
vn 0.304798 -0.382556 -0.872209
vn 0.126276 -0.923839 -0.361352
vn 0.126269 -0.923827 -0.361387
vn -0.126259 -0.923839 0.361358
vn -0.126251 -0.923826 0.361393
vn -0.304709 -0.382587 0.872227
vn -0.304695 -0.382555 0.872246
vn -0.262103 0.382650 0.885935
vn -0.262146 0.382589 0.885949
vn -0.108589 0.923866 0.366989
vn -0.108642 0.923841 0.367036
vn 0.108625 0.923865 -0.366979
vn 0.108675 0.923841 -0.367025
vn 0.262305 0.382649 -0.885876
vn 0.262345 0.382590 -0.885889
vn 0.262338 -0.382649 -0.885866
vn 0.262312 -0.382590 -0.885899
vn 0.108658 -0.923865 -0.366969
vn 0.108642 -0.923841 -0.367036
vn -0.108625 -0.923865 0.366979
vn -0.108607 -0.923840 0.367047
vn -0.262139 -0.382650 0.885924
vn -0.262110 -0.382588 0.885960
vn -0.236755 0.382683 0.893029
vn -0.236777 0.382651 0.893037
vn -0.098075 0.923880 0.369903
vn -0.098102 0.923866 0.369929
vn 0.098093 0.923879 -0.369898
vn 0.098120 0.923866 -0.369924
vn 0.236862 0.382683 -0.893000
vn 0.236884 0.382651 -0.893008
vn 0.236880 -0.382683 -0.892996
vn 0.236866 -0.382651 -0.893013
vn 0.098112 -0.923879 -0.369893
vn 0.098102 -0.923866 -0.369929
vn -0.098093 -0.923879 0.369898
vn -0.098083 -0.923866 0.369934
vn -0.236774 -0.382683 0.893024
vn -0.236759 -0.382651 0.893042
vn -0.235600 0.382650 0.893348
vn -0.235578 0.382683 0.893340
vn -0.097588 0.923866 0.370066
vn -0.097561 0.923879 0.370038
vn 0.097570 0.923866 -0.370071
vn 0.097543 0.923879 -0.370043
vn 0.235492 0.382649 -0.893377
vn 0.235469 0.382683 -0.893369
vn 0.235473 -0.382649 -0.893382
vn 0.235488 -0.382683 -0.893364
vn 0.097551 -0.923865 -0.370076
vn 0.097561 -0.923879 -0.370038
vn -0.097570 -0.923866 0.370071
vn -0.097580 -0.923880 0.370034
vn -0.235582 -0.382650 0.893353
vn -0.235597 -0.382683 0.893335
vn -0.261178 0.382544 0.886254
vn -0.261110 0.382650 0.886228
vn -0.108193 0.923822 0.367216
vn -0.108106 0.923866 0.367131
vn 0.108136 0.923821 -0.367235
vn 0.108046 0.923866 -0.367148
vn 0.260840 0.382541 -0.886355
vn 0.260765 0.382652 -0.886329
vn 0.260778 -0.382540 -0.886373
vn 0.260827 -0.382651 -0.886311
vn 0.108077 -0.923820 -0.367254
vn 0.108106 -0.923866 -0.367131
vn -0.108136 -0.923821 0.367235
vn -0.108163 -0.923866 0.367115
vn -0.261122 -0.382544 0.886271
vn -0.261165 -0.382650 0.886212
vn -0.312839 0.382380 0.869435
vn -0.312735 0.382541 0.869402
vn -0.129634 0.923753 0.360382
vn -0.129493 0.923821 0.360258
vn 0.129549 0.923752 -0.360416
vn 0.129400 0.923822 -0.360288
vn 0.312331 0.382372 -0.869621
vn 0.312210 0.382547 -0.869588
vn 0.312235 -0.382370 -0.869657
vn 0.312306 -0.382546 -0.869554
vn 0.129459 -0.923750 -0.360452
vn 0.129493 -0.923821 -0.360258
vn -0.129549 -0.923752 0.360416
vn -0.129579 -0.923821 0.360229
vn -0.312758 -0.382379 0.869465
vn -0.312817 -0.382540 0.869373
vn -0.387368 0.382186 0.838976
vn -0.387249 0.382368 0.838948
vn -0.160591 0.923672 0.347909
vn -0.160417 0.923750 0.347781
vn 0.160498 0.923670 -0.347957
vn 0.160312 0.923752 -0.347825
vn 0.386804 0.382173 -0.839242
vn 0.386657 0.382378 -0.839216
vn 0.386693 -0.382171 -0.839294
vn 0.386769 -0.382376 -0.839165
vn 0.160397 -0.923668 -0.348010
vn 0.160417 -0.923750 -0.347781
vn -0.160498 -0.923670 0.347957
vn -0.160513 -0.923749 0.347741
vn -0.387280 -0.382184 0.839017
vn -0.387337 -0.382366 0.838908
vn -0.478647 0.382006 0.790549
vn -0.478543 0.382161 0.790537
vn -0.198525 0.923598 0.327956
vn -0.198365 0.923664 0.327865
vn 0.198451 0.923596 -0.328007
vn 0.198276 0.923666 -0.327913
vn 0.478186 0.381994 -0.790834
vn 0.478054 0.382172 -0.790828
vn 0.478092 -0.381991 -0.790892
vn 0.478148 -0.382170 -0.790772
vn 0.198367 -0.923593 -0.328064
vn 0.198365 -0.923664 -0.327865
vn -0.198451 -0.923596 0.328007
vn -0.198444 -0.923663 0.327822
vn -0.478577 -0.382004 0.790593
vn -0.478614 -0.382159 0.790495
vn -0.577284 0.381904 0.721729
vn -0.577234 0.381976 0.721730
vn -0.239511 0.923555 0.299467
vn -0.239430 0.923587 0.299434
vn 0.239479 0.923554 -0.299495
vn 0.239390 0.923588 -0.299462
vn 0.577082 0.381897 -0.721894
vn 0.577017 0.381983 -0.721900
vn 0.577040 -0.381896 -0.721929
vn 0.577060 -0.381981 -0.721867
vn 0.239442 -0.923553 -0.299528
vn 0.239430 -0.923587 -0.299434
vn -0.239479 -0.923554 0.299495
vn -0.239465 -0.923586 0.299409
vn -0.577253 -0.381903 0.721754
vn -0.577265 -0.381975 0.721706
vn -0.671749 0.381927 0.634732
vn -0.671779 0.381883 0.634727
vn -0.278710 0.923566 0.263338
vn -0.278762 0.923547 0.263351
vn 0.278727 0.923566 -0.263318
vn 0.278783 0.923546 -0.263330
vn 0.671857 0.381931 -0.634616
vn 0.671895 0.381879 -0.634606
vn 0.671879 -0.381931 -0.634591
vn 0.671872 -0.381880 -0.634630
vn 0.278746 -0.923567 -0.263295
vn 0.278762 -0.923547 -0.263351
vn -0.278727 -0.923566 0.263318
vn -0.278743 -0.923547 0.263369
vn -0.671765 -0.381927 0.634715
vn -0.671762 -0.381884 0.634744
vn -0.751634 0.382075 0.537648
vn -0.751732 0.381924 0.537617
vn -0.311766 0.923628 0.222966
vn -0.311947 0.923562 0.222985
vn 0.311815 0.923630 -0.222890
vn 0.312012 0.923560 -0.222904
vn 0.751949 0.382087 -0.537199
vn 0.752074 0.381910 -0.537150
vn 0.752014 -0.382089 -0.537107
vn 0.752007 -0.381913 -0.537241
vn 0.311870 -0.923632 -0.222803
vn 0.311947 -0.923562 -0.222985
vn -0.311815 -0.923630 0.222890
vn -0.311890 -0.923564 0.223055
vn -0.751681 -0.382077 0.537581
vn -0.751684 -0.381926 0.537684
vn -0.811180 0.382291 0.442538
vn -0.811311 0.382084 0.442478
vn -0.336309 0.923718 0.183418
vn -0.336558 0.923628 0.183413
vn 0.336364 0.923720 -0.183307
vn 0.336631 0.923625 -0.183294
vn 0.811535 0.382304 -0.441877
vn 0.811693 0.382067 -0.441792
vn 0.811606 -0.382306 -0.441744
vn 0.811620 -0.382070 -0.441923
vn 0.336425 -0.923722 -0.183182
vn 0.336558 -0.923628 -0.183413
vn -0.336364 -0.923720 0.183307
vn -0.336493 -0.923631 0.183519
vn -0.811235 -0.382293 0.442437
vn -0.811255 -0.382086 0.442579
vn -0.850288 0.382498 0.361532
vn -0.850408 0.382299 0.361460
vn -0.352359 0.923803 0.149768
vn -0.352595 0.923718 0.149738
vn 0.352403 0.923805 -0.149657
vn 0.352651 0.923716 -0.149621
vn 0.850564 0.382507 -0.360873
vn 0.850702 0.382287 -0.360781
vn 0.850618 -0.382508 -0.360745
vn 0.850647 -0.382289 -0.360908
vn 0.352450 -0.923806 -0.149535
vn 0.352595 -0.923718 -0.149738
vn -0.352403 -0.923805 0.149657
vn -0.352544 -0.923720 0.149846
vn -0.850332 -0.382500 0.361428
vn -0.850363 -0.382301 0.361564
vn -0.872508 0.382639 0.303839
vn -0.872587 0.382502 0.303783
vn -0.361450 0.923861 0.125835
vn -0.361609 0.923803 0.125803
vn 0.361476 0.923862 -0.125757
vn 0.361640 0.923802 -0.125722
vn 0.872667 0.382641 -0.303376
vn 0.872754 0.382496 -0.303311
vn 0.872697 -0.382642 -0.303291
vn 0.872724 -0.382497 -0.303396
vn 0.361504 -0.923862 -0.125674
vn 0.361609 -0.923803 -0.125803
vn -0.361476 -0.923862 0.125757
vn -0.361580 -0.923804 0.125880
vn -0.872534 -0.382639 0.303764
vn -0.872561 -0.382503 0.303858
vn -0.882048 0.382683 0.274853
vn -0.882074 0.382639 0.274833
vn -0.365360 0.923879 0.113837
vn -0.365411 0.923861 0.113825
vn 0.365368 0.923879 -0.113811
vn 0.365419 0.923861 -0.113798
vn 0.882096 0.382683 -0.274701
vn 0.882122 0.382638 -0.274680
vn 0.882104 -0.382683 -0.274674
vn 0.882114 -0.382638 -0.274707
vn 0.365376 -0.923879 -0.113785
vn 0.365411 -0.923861 -0.113825
vn -0.365368 -0.923879 0.113811
vn -0.365402 -0.923861 0.113850
vn -0.882056 -0.382683 0.274827
vn -0.882066 -0.382639 0.274858
vn -0.881664 0.382640 0.276142
vn -0.881639 0.382683 0.276163
vn -0.365228 0.923862 0.114403
vn -0.365179 0.923879 0.114416
vn 0.365220 0.923862 -0.114429
vn 0.365171 0.923879 -0.114442
vn 0.881617 0.382641 -0.276292
vn 0.881592 0.382683 -0.276312
vn 0.881609 -0.382641 -0.276317
vn 0.881600 -0.382683 -0.276287
vn 0.365211 -0.923862 -0.114455
vn 0.365179 -0.923879 -0.114416
vn -0.365220 -0.923862 0.114429
vn -0.365187 -0.923879 0.114391
vn -0.881656 -0.382640 0.276168
vn -0.881647 -0.382683 0.276137
vn -0.872196 0.382559 0.304832
vn -0.872147 0.382639 0.304871
vn -0.361365 0.923828 0.126320
vn -0.361274 0.923861 0.126342
vn 0.361347 0.923829 -0.126368
vn 0.361258 0.923861 -0.126388
vn 0.872098 0.382562 -0.305108
vn 0.872053 0.382638 -0.305142
vn 0.872083 -0.382562 -0.305152
vn 0.872069 -0.382638 -0.305098
vn 0.361330 -0.923829 -0.126413
vn 0.361274 -0.923861 -0.126342
vn -0.361347 -0.923829 0.126368
vn -0.361290 -0.923861 0.126294
vn -0.872178 -0.382560 0.304882
vn -0.872165 -0.382640 0.304821
vn -0.854072 0.382520 0.352476
vn -0.854047 0.382559 0.352494
vn -0.353889 0.923812 0.146062
vn -0.353845 0.923828 0.146070
vn 0.353879 0.923812 -0.146085
vn 0.353836 0.923827 -0.146092
vn 0.854017 0.382522 -0.352607
vn 0.853995 0.382557 -0.352622
vn 0.854009 -0.382522 -0.352628
vn 0.854003 -0.382558 -0.352602
vn 0.353870 -0.923812 -0.146106
vn 0.353845 -0.923828 -0.146070
vn -0.353879 -0.923812 0.146085
vn -0.353853 -0.923828 0.146047
vn -0.854062 -0.382520 0.352500
vn -0.854057 -0.382559 0.352470
vn -0.830103 0.382562 0.405678
vn -0.830130 0.382521 0.405661
vn -0.343936 0.923829 0.168072
vn -0.343983 0.923813 0.168066
vn 0.343948 0.923829 -0.168049
vn 0.343993 0.923813 -0.168044
vn 0.830169 0.382560 -0.405546
vn 0.830193 0.382523 -0.405532
vn 0.830179 -0.382560 -0.405525
vn 0.830183 -0.382523 -0.405553
vn 0.343959 -0.923828 -0.168027
vn 0.343983 -0.923813 -0.168066
vn -0.343948 -0.923829 0.168049
vn -0.343972 -0.923812 0.168089
vn -0.830115 -0.382561 0.405654
vn -0.830118 -0.382521 0.405686
vn -0.806784 0.382642 0.450205
vn -0.806837 0.382564 0.450176
vn -0.334222 0.923862 0.186480
vn -0.334312 0.923830 0.186474
vn 0.334246 0.923862 -0.186437
vn 0.334334 0.923831 -0.186433
vn 0.806922 0.382640 -0.449959
vn 0.806971 0.382567 -0.449935
vn 0.806944 -0.382640 -0.449920
vn 0.806949 -0.382566 -0.449974
vn 0.334270 -0.923862 -0.186397
vn 0.334312 -0.923830 -0.186474
vn -0.334246 -0.923862 0.186437
vn -0.334289 -0.923830 0.186517
vn -0.806809 -0.382641 0.450161
vn -0.806813 -0.382563 0.450221
vn -0.791988 0.382683 0.475719
vn -0.792016 0.382642 0.475705
vn -0.328058 0.923879 0.197040
vn -0.328106 0.923863 0.197039
vn 0.328071 0.923879 -0.197018
vn 0.328118 0.923863 -0.197018
vn 0.792064 0.382683 -0.475592
vn 0.792091 0.382643 -0.475580
vn 0.792077 -0.382683 -0.475571
vn 0.792078 -0.382643 -0.475601
vn 0.328084 -0.923879 -0.196997
vn 0.328106 -0.923863 -0.197039
vn -0.328071 -0.923879 0.197018
vn -0.328093 -0.923862 0.197061
vn -0.792001 -0.382683 0.475697
vn -0.792003 -0.382642 0.475727
vn -0.791325 0.382641 0.476854
vn -0.791297 0.382683 0.476867
vn -0.327802 0.923862 0.197546
vn -0.327753 0.923879 0.197547
vn 0.327789 0.923862 -0.197568
vn 0.327740 0.923879 -0.197569
vn 0.791249 0.382641 -0.476982
vn 0.791220 0.382683 -0.476995
vn 0.791235 -0.382640 -0.477004
vn 0.791234 -0.382683 -0.476973
vn 0.327776 -0.923862 -0.197591
vn 0.327753 -0.923879 -0.197547
vn -0.327789 -0.923862 0.197568
vn -0.327766 -0.923879 0.197525
vn -0.791312 -0.382641 0.476876
vn -0.791310 -0.382683 0.476845
vn -0.806331 0.382509 0.451129
vn -0.806246 0.382641 0.451169
vn -0.334105 0.923807 0.186963
vn -0.333949 0.923862 0.186966
vn 0.334068 0.923806 -0.187033
vn 0.333907 0.923863 -0.187039
vn 0.806103 0.382503 -0.451540
vn 0.806010 0.382644 -0.451588
vn 0.806061 -0.382502 -0.451616
vn 0.806053 -0.382643 -0.451512
vn 0.334029 -0.923805 -0.187107
vn 0.333949 -0.923862 -0.186966
vn -0.334068 -0.923806 0.187033
vn -0.333989 -0.923862 0.186897
vn -0.806294 -0.382508 0.451196
vn -0.806284 -0.382641 0.451102
vn -0.834442 0.382301 0.396928
vn -0.834318 0.382503 0.396996
vn -0.345905 0.923720 0.164593
vn -0.345666 0.923806 0.164613
vn 0.345858 0.923718 -0.164705
vn 0.345605 0.923808 -0.164731
vn 0.834135 0.382288 -0.397586
vn 0.833991 0.382512 -0.397672
vn 0.834076 -0.382286 -0.397713
vn 0.834052 -0.382510 -0.397546
vn 0.345806 -0.923716 -0.164826
vn 0.345666 -0.923806 -0.164613
vn -0.345858 -0.923718 0.164705
vn -0.345721 -0.923805 0.164505
vn -0.834394 -0.382299 0.397032
vn -0.834367 -0.382502 0.396892
vn -0.869390 0.382056 0.313360
vn -0.869259 0.382283 0.313448
vn -0.360587 0.923618 0.130025
vn -0.360319 0.923716 0.130074
vn 0.360548 0.923615 -0.130157
vn 0.360261 0.923718 -0.130217
vn 0.869115 0.382038 -0.314144
vn 0.868957 0.382298 -0.314265
vn 0.869059 -0.382034 -0.314302
vn 0.869015 -0.382295 -0.314108
vn 0.360503 -0.923612 -0.130305
vn 0.360319 -0.923716 -0.130074
vn -0.360548 -0.923615 0.130157
vn -0.360371 -0.923713 0.129947
vn -0.869348 -0.382053 0.313480
vn -0.869303 -0.382281 0.313328
vn -0.901864 0.381842 0.202085
vn -0.901767 0.382026 0.202169
vn -0.374239 0.923529 0.083901
vn -0.374025 0.923609 0.083969
vn 0.374221 0.923526 -0.084013
vn 0.373990 0.923612 -0.084095
vn 0.901720 0.381825 -0.202759
vn 0.901600 0.382043 -0.202880
vn 0.901690 -0.381821 -0.202900
vn 0.901633 -0.382039 -0.202740
vn 0.374200 -0.923523 -0.084142
vn 0.374025 -0.923609 -0.083969
vn -0.374221 -0.923526 0.084013
vn -0.374056 -0.923607 0.083860
vn -0.901842 -0.381840 0.202186
vn -0.901790 -0.382024 0.202069
vn -0.921614 0.381745 0.069986
vn -0.921582 0.381817 0.070024
vn -0.382522 0.923489 0.029065
vn -0.382443 0.923521 0.029103
vn 0.382521 0.923488 -0.029109
vn 0.382436 0.923522 -0.029155
vn 0.921596 0.381738 -0.070258
vn 0.921556 0.381824 -0.070313
vn 0.921593 -0.381736 -0.070316
vn 0.921561 -0.381823 -0.070255
vn 0.382521 -0.923487 -0.029162
vn 0.382443 -0.923521 -0.029103
vn -0.382521 -0.923488 0.029109
vn -0.382449 -0.923520 0.029059
vn -0.921612 -0.381744 0.070026
vn -0.921585 -0.381816 0.069984
vn -0.921585 0.381816 -0.069984
vn -0.921612 0.381744 -0.070026
vn -0.382449 0.923520 -0.029059
vn -0.382521 0.923488 -0.029109
vn 0.382443 0.923521 0.029103
vn 0.382521 0.923487 0.029162
vn 0.921561 0.381823 0.070255
vn 0.921593 0.381736 0.070316
vn 0.921556 -0.381824 0.070313
vn 0.921596 -0.381738 0.070258
vn 0.382436 -0.923522 0.029155
vn 0.382521 -0.923488 0.029109
vn -0.382443 -0.923521 -0.029103
vn -0.382522 -0.923489 -0.029065
vn -0.921582 -0.381817 -0.070024
vn -0.921614 -0.381745 -0.069986
vn -0.901790 0.382024 -0.202069
vn -0.901842 0.381840 -0.202186
vn -0.374056 0.923607 -0.083860
vn -0.374221 0.923526 -0.084013
vn 0.374025 0.923609 0.083969
vn 0.374200 0.923523 0.084142
vn 0.901633 0.382039 0.202740
vn 0.901690 0.381821 0.202900
vn 0.901600 -0.382043 0.202880
vn 0.901720 -0.381825 0.202759
vn 0.373990 -0.923612 0.084095
vn 0.374221 -0.923526 0.084013
vn -0.374025 -0.923609 -0.083969
vn -0.374239 -0.923529 -0.083901
vn -0.901767 -0.382026 -0.202169
vn -0.901864 -0.381842 -0.202085
vn -0.869303 0.382281 -0.313328
vn -0.869348 0.382053 -0.313480
vn -0.360371 0.923713 -0.129947
vn -0.360548 0.923615 -0.130157
vn 0.360319 0.923716 0.130074
vn 0.360503 0.923612 0.130305
vn 0.869015 0.382295 0.314108
vn 0.869059 0.382034 0.314302
vn 0.868957 -0.382298 0.314265
vn 0.869115 -0.382038 0.314144
vn 0.360261 -0.923718 0.130217
vn 0.360548 -0.923615 0.130157
vn -0.360319 -0.923716 -0.130074
vn -0.360587 -0.923618 -0.130025
vn -0.869259 -0.382283 -0.313448
vn -0.869390 -0.382056 -0.313360
vn -0.834367 0.382502 -0.396892
vn -0.834394 0.382299 -0.397032
vn -0.345721 0.923805 -0.164505
vn -0.345858 0.923718 -0.164705
vn 0.345666 0.923806 0.164613
vn 0.345806 0.923716 0.164826
vn 0.834052 0.382510 0.397546
vn 0.834076 0.382286 0.397713
vn 0.833991 -0.382512 0.397672
vn 0.834135 -0.382288 0.397586
vn 0.345605 -0.923808 0.164731
vn 0.345858 -0.923718 0.164705
vn -0.345666 -0.923806 -0.164613
vn -0.345905 -0.923720 -0.164593
vn -0.834318 -0.382503 -0.396996
vn -0.834442 -0.382301 -0.396928
vn -0.806284 0.382641 -0.451102
vn -0.806294 0.382508 -0.451196
vn -0.333989 0.923862 -0.186897
vn -0.334068 0.923806 -0.187033
vn 0.333949 0.923862 0.186966
vn 0.334029 0.923805 0.187107
vn 0.806053 0.382643 0.451512
vn 0.806061 0.382502 0.451616
vn 0.806010 -0.382644 0.451588
vn 0.806103 -0.382503 0.451540
vn 0.333907 -0.923863 0.187039
vn 0.334068 -0.923806 0.187033
vn -0.333949 -0.923862 -0.186966
vn -0.334105 -0.923807 -0.186963
vn -0.806246 -0.382641 -0.451169
vn -0.806331 -0.382509 -0.451129
vn -0.791310 0.382683 -0.476845
vn -0.791312 0.382641 -0.476876
vn -0.327766 0.923879 -0.197525
vn -0.327789 0.923862 -0.197568
vn 0.327753 0.923879 0.197547
vn 0.327776 0.923862 0.197591
vn 0.791234 0.382683 0.476973
vn 0.791235 0.382640 0.477004
vn 0.791220 -0.382683 0.476995
vn 0.791249 -0.382641 0.476982
vn 0.327740 -0.923879 0.197569
vn 0.327789 -0.923862 0.197568
vn -0.327753 -0.923879 -0.197547
vn -0.327802 -0.923862 -0.197546
vn -0.791297 -0.382683 -0.476867
vn -0.791325 -0.382641 -0.476854
vn -0.792003 0.382642 -0.475727
vn -0.792001 0.382683 -0.475697
vn -0.328093 0.923862 -0.197061
vn -0.328071 0.923879 -0.197018
vn 0.328106 0.923863 0.197039
vn 0.328084 0.923879 0.196997
vn 0.792078 0.382643 0.475601
vn 0.792077 0.382683 0.475571
vn 0.792091 -0.382643 0.475580
vn 0.792064 -0.382683 0.475592
vn 0.328118 -0.923863 0.197018
vn 0.328071 -0.923879 0.197018
vn -0.328106 -0.923863 -0.197039
vn -0.328058 -0.923879 -0.197040
vn -0.792016 -0.382642 -0.475705
vn -0.791988 -0.382683 -0.475719
vn -0.806813 0.382563 -0.450221
vn -0.806809 0.382641 -0.450161
vn -0.334289 0.923830 -0.186517
vn -0.334246 0.923862 -0.186437
vn 0.334312 0.923830 0.186474
vn 0.334270 0.923862 0.186397
vn 0.806949 0.382566 0.449974
vn 0.806944 0.382640 0.449920
vn 0.806971 -0.382567 0.449935
vn 0.806922 -0.382640 0.449959
vn 0.334334 -0.923831 0.186433
vn 0.334246 -0.923862 0.186437
vn -0.334312 -0.923830 -0.186474
vn -0.334222 -0.923862 -0.186480
vn -0.806837 -0.382564 -0.450176
vn -0.806784 -0.382642 -0.450205
vn -0.830118 0.382521 -0.405686
vn -0.830115 0.382561 -0.405654
vn -0.343972 0.923812 -0.168089
vn -0.343948 0.923829 -0.168049
vn 0.343983 0.923813 0.168066
vn 0.343959 0.923828 0.168027
vn 0.830183 0.382523 0.405553
vn 0.830179 0.382560 0.405525
vn 0.830193 -0.382523 0.405532
vn 0.830169 -0.382560 0.405546
vn 0.343993 -0.923813 0.168044
vn 0.343948 -0.923829 0.168049
vn -0.343983 -0.923813 -0.168066
vn -0.343936 -0.923829 -0.168072
vn -0.830130 -0.382521 -0.405661
vn -0.830103 -0.382562 -0.405678
vn -0.854057 0.382559 -0.352470
vn -0.854062 0.382520 -0.352500
vn -0.353853 0.923828 -0.146047
vn -0.353879 0.923812 -0.146085
vn 0.353845 0.923828 0.146070
vn 0.353870 0.923812 0.146106
vn 0.854003 0.382558 0.352602
vn 0.854009 0.382522 0.352628
vn 0.853995 -0.382557 0.352622
vn 0.854017 -0.382522 0.352607
vn 0.353836 -0.923827 0.146092
vn 0.353879 -0.923812 0.146085
vn -0.353845 -0.923828 -0.146070
vn -0.353889 -0.923812 -0.146062
vn -0.854047 -0.382559 -0.352494
vn -0.854072 -0.382520 -0.352476
vn -0.872165 0.382640 -0.304821
vn -0.872178 0.382560 -0.304882
vn -0.361290 0.923861 -0.126294
vn -0.361347 0.923829 -0.126368
vn 0.361274 0.923861 0.126342
vn 0.361330 0.923829 0.126413
vn 0.872069 0.382638 0.305098
vn 0.872083 0.382562 0.305152
vn 0.872053 -0.382638 0.305142
vn 0.872098 -0.382562 0.305108
vn 0.361258 -0.923861 0.126388
vn 0.361347 -0.923829 0.126368
vn -0.361274 -0.923861 -0.126342
vn -0.361365 -0.923828 -0.126320
vn -0.872147 -0.382639 -0.304871
vn -0.872196 -0.382559 -0.304832
vn -0.881647 0.382683 -0.276137
vn -0.881656 0.382640 -0.276168
vn -0.365187 0.923879 -0.114391
vn -0.365220 0.923862 -0.114429
vn 0.365179 0.923879 0.114416
vn 0.365211 0.923862 0.114455
vn 0.881600 0.382683 0.276287
vn 0.881609 0.382641 0.276317
vn 0.881592 -0.382683 0.276312
vn 0.881617 -0.382641 0.276292
vn 0.365171 -0.923879 0.114442
vn 0.365220 -0.923862 0.114429
vn -0.365179 -0.923879 -0.114416
vn -0.365228 -0.923862 -0.114403
vn -0.881639 -0.382683 -0.276163
vn -0.881664 -0.382640 -0.276142
vn -0.882066 0.382639 -0.274858
vn -0.882056 0.382683 -0.274827
vn -0.365402 0.923861 -0.113850
vn -0.365368 0.923879 -0.113811
vn 0.365411 0.923861 0.113825
vn 0.365376 0.923879 0.113785
vn 0.882114 0.382638 0.274707
vn 0.882104 0.382683 0.274674
vn 0.882122 -0.382638 0.274680
vn 0.882096 -0.382683 0.274701
vn 0.365419 -0.923861 0.113798
vn 0.365368 -0.923879 0.113811
vn -0.365411 -0.923861 -0.113825
vn -0.365360 -0.923879 -0.113837
vn -0.882074 -0.382639 -0.274833
vn -0.882048 -0.382683 -0.274853
vn -0.872561 0.382503 -0.303858
vn -0.872534 0.382639 -0.303764
vn -0.361580 0.923804 -0.125880
vn -0.361476 0.923862 -0.125757
vn 0.361609 0.923803 0.125803
vn 0.361504 0.923862 0.125674
vn 0.872724 0.382497 0.303396
vn 0.872697 0.382642 0.303291
vn 0.872754 -0.382496 0.303311
vn 0.872667 -0.382641 0.303376
vn 0.361640 -0.923802 0.125722
vn 0.361476 -0.923862 0.125757
vn -0.361609 -0.923803 -0.125803
vn -0.361450 -0.923861 -0.125835
vn -0.872587 -0.382502 -0.303783
vn -0.872508 -0.382639 -0.303839
vn -0.850363 0.382301 -0.361564
vn -0.850332 0.382500 -0.361428
vn -0.352544 0.923720 -0.149846
vn -0.352403 0.923805 -0.149657
vn 0.352595 0.923718 0.149738
vn 0.352450 0.923806 0.149535
vn 0.850647 0.382289 0.360908
vn 0.850618 0.382508 0.360745
vn 0.850702 -0.382287 0.360781
vn 0.850564 -0.382507 0.360873
vn 0.352651 -0.923716 0.149621
vn 0.352403 -0.923805 0.149657
vn -0.352595 -0.923718 -0.149738
vn -0.352359 -0.923803 -0.149768
vn -0.850408 -0.382299 -0.361460
vn -0.850288 -0.382498 -0.361532
vn -0.811255 0.382086 -0.442579
vn -0.811235 0.382293 -0.442437
vn -0.336493 0.923631 -0.183519
vn -0.336364 0.923720 -0.183307
vn 0.336558 0.923628 0.183413
vn 0.336425 0.923722 0.183182
vn 0.811620 0.382070 0.441923
vn 0.811606 0.382306 0.441744
vn 0.811693 -0.382067 0.441792
vn 0.811535 -0.382304 0.441877
vn 0.336631 -0.923625 0.183294
vn 0.336364 -0.923720 0.183307
vn -0.336558 -0.923628 -0.183413
vn -0.336309 -0.923718 -0.183418
vn -0.811311 -0.382084 -0.442478
vn -0.811180 -0.382291 -0.442538
vn -0.751684 0.381926 -0.537684
vn -0.751681 0.382077 -0.537581
vn -0.311890 0.923564 -0.223055
vn -0.311815 0.923630 -0.222890
vn 0.311947 0.923562 0.222985
vn 0.311870 0.923632 0.222803
vn 0.752007 0.381913 0.537241
vn 0.752014 0.382089 0.537107
vn 0.752074 -0.381910 0.537150
vn 0.751949 -0.382087 0.537199
vn 0.312012 -0.923560 0.222904
vn 0.311815 -0.923630 0.222890
vn -0.311947 -0.923562 -0.222985
vn -0.311766 -0.923628 -0.222966
vn -0.751732 -0.381924 -0.537617
vn -0.751634 -0.382075 -0.537648
vn -0.671762 0.381884 -0.634744
vn -0.671765 0.381927 -0.634715
vn -0.278743 0.923547 -0.263369
vn -0.278727 0.923566 -0.263318
vn 0.278762 0.923547 0.263351
vn 0.278746 0.923567 0.263295
vn 0.671872 0.381880 0.634630
vn 0.671879 0.381931 0.634591
vn 0.671895 -0.381879 0.634606
vn 0.671857 -0.381931 0.634616
vn 0.278783 -0.923546 0.263330
vn 0.278727 -0.923566 0.263318
vn -0.278762 -0.923547 -0.263351
vn -0.278710 -0.923566 -0.263338
vn -0.671779 -0.381883 -0.634727
vn -0.671749 -0.381927 -0.634732
vn -0.577265 0.381975 -0.721706
vn -0.577253 0.381903 -0.721754
vn -0.239465 0.923586 -0.299409
vn -0.239479 0.923554 -0.299495
vn 0.239430 0.923587 0.299434
vn 0.239442 0.923553 0.299528
vn 0.577060 0.381981 0.721867
vn 0.577040 0.381896 0.721929
vn 0.577017 -0.381983 0.721900
vn 0.577082 -0.381897 0.721894
vn 0.239390 -0.923588 0.299462
vn 0.239479 -0.923554 0.299495
vn -0.239430 -0.923587 -0.299434
vn -0.239511 -0.923555 -0.299467
vn -0.577234 -0.381976 -0.721730
vn -0.577284 -0.381904 -0.721729
vn -0.478614 0.382159 -0.790495
vn -0.478577 0.382004 -0.790593
vn -0.198444 0.923663 -0.327822
vn -0.198451 0.923596 -0.328007
vn 0.198365 0.923664 0.327865
vn 0.198367 0.923593 0.328064
vn 0.478148 0.382170 0.790772
vn 0.478092 0.381991 0.790892
vn 0.478054 -0.382172 0.790828
vn 0.478186 -0.381994 0.790834
vn 0.198276 -0.923666 0.327913
vn 0.198451 -0.923596 0.328007
vn -0.198365 -0.923664 -0.327865
vn -0.198525 -0.923598 -0.327956
vn -0.478543 -0.382161 -0.790537
vn -0.478647 -0.382006 -0.790549
vn -0.387337 0.382366 -0.838908
vn -0.387280 0.382184 -0.839017
vn -0.160513 0.923749 -0.347741
vn -0.160498 0.923670 -0.347957
vn 0.160417 0.923750 0.347781
vn 0.160397 0.923668 0.348010
vn 0.386769 0.382376 0.839165
vn 0.386693 0.382171 0.839294
vn 0.386657 -0.382378 0.839216
vn 0.386804 -0.382173 0.839242
vn 0.160312 -0.923752 0.347825
vn 0.160498 -0.923670 0.347957
vn -0.160417 -0.923750 -0.347781
vn -0.160591 -0.923672 -0.347909
vn -0.387249 -0.382368 -0.838948
vn -0.387368 -0.382186 -0.838976
vn -0.312817 0.382540 -0.869373
vn -0.312758 0.382379 -0.869465
vn -0.129579 0.923821 -0.360229
vn -0.129549 0.923752 -0.360416
vn 0.129493 0.923821 0.360258
vn 0.129459 0.923750 0.360452
vn 0.312306 0.382546 0.869554
vn 0.312235 0.382370 0.869657
vn 0.312210 -0.382547 0.869588
vn 0.312331 -0.382372 0.869621
vn 0.129400 -0.923822 0.360288
vn 0.129549 -0.923752 0.360416
vn -0.129493 -0.923821 -0.360258
vn -0.129634 -0.923753 -0.360382
vn -0.312735 -0.382541 -0.869402
vn -0.312839 -0.382380 -0.869435
vn -0.261165 0.382650 -0.886212
vn -0.261122 0.382544 -0.886271
vn -0.108163 0.923866 -0.367115
vn -0.108136 0.923821 -0.367235
vn 0.108106 0.923866 0.367131
vn 0.108077 0.923820 0.367254
vn 0.260827 0.382651 0.886311
vn 0.260778 0.382540 0.886373
vn 0.260765 -0.382652 0.886329
vn 0.260840 -0.382541 0.886355
vn 0.108046 -0.923866 0.367148
vn 0.108136 -0.923821 0.367235
vn -0.108106 -0.923866 -0.367131
vn -0.108193 -0.923822 -0.367216
vn -0.261110 -0.382650 -0.886228
vn -0.261178 -0.382544 -0.886254
vn -0.235597 0.382683 -0.893335
vn -0.235582 0.382650 -0.893353
vn -0.097580 0.923880 -0.370034
vn -0.097570 0.923866 -0.370071
vn 0.097561 0.923879 0.370038
vn 0.097551 0.923865 0.370076
vn 0.235488 0.382683 0.893364
vn 0.235473 0.382649 0.893382
vn 0.235469 -0.382683 0.893369
vn 0.235492 -0.382649 0.893377
vn 0.097543 -0.923879 0.370043
vn 0.097570 -0.923866 0.370071
vn -0.097561 -0.923879 -0.370038
vn -0.097588 -0.923866 -0.370066
vn -0.235578 -0.382683 -0.893340
vn -0.235600 -0.382650 -0.893348
vn -0.236759 0.382651 -0.893042
vn -0.236774 0.382683 -0.893024
vn -0.098083 0.923866 -0.369934
vn -0.098093 0.923879 -0.369898
vn 0.098102 0.923866 0.369929
vn 0.098112 0.923879 0.369893
vn 0.236866 0.382651 0.893013
vn 0.236880 0.382683 0.892996
vn 0.236884 -0.382651 0.893008
vn 0.236862 -0.382683 0.893000
vn 0.098120 -0.923866 0.369924
vn 0.098093 -0.923879 0.369898
vn -0.098102 -0.923866 -0.369929
vn -0.098075 -0.923880 -0.369903
vn -0.236777 -0.382651 -0.893037
vn -0.236755 -0.382683 -0.893029
vn -0.262110 0.382588 -0.885960
vn -0.262139 0.382650 -0.885924
vn -0.108607 0.923840 -0.367047
vn -0.108625 0.923865 -0.366979
vn 0.108642 0.923841 0.367036
vn 0.108658 0.923865 0.366969
vn 0.262312 0.382590 0.885899
vn 0.262338 0.382649 0.885866
vn 0.262345 -0.382590 0.885889
vn 0.262305 -0.382649 0.885876
vn 0.108675 -0.923841 0.367025
vn 0.108625 -0.923865 0.366979
vn -0.108642 -0.923841 -0.367036
vn -0.108589 -0.923866 -0.366989
vn -0.262146 -0.382589 -0.885949
vn -0.262103 -0.382650 -0.885935
vn -0.304695 0.382555 -0.872246
vn -0.304709 0.382587 -0.872227
vn -0.126251 0.923826 -0.361393
vn -0.126259 0.923839 -0.361358
vn 0.126269 0.923827 0.361387
vn 0.126276 0.923839 0.361352
vn 0.304798 0.382556 0.872209
vn 0.304810 0.382586 0.872192
vn 0.304814 -0.382556 0.872203
vn 0.304794 -0.382586 0.872198
vn 0.126286 -0.923827 0.361380
vn 0.126259 -0.923839 0.361358
vn -0.126269 -0.923827 -0.361387
vn -0.126241 -0.923839 -0.361364
vn -0.304713 -0.382555 -0.872239
vn -0.304690 -0.382587 -0.872233
vn -0.353138 0.382585 -0.853769
vn -0.353125 0.382555 -0.853788
vn -0.146298 0.923839 -0.353721
vn -0.146293 0.923826 -0.353756
vn 0.146281 0.923839 0.353729
vn 0.146276 0.923827 0.353762
vn 0.353040 0.382584 0.853810
vn 0.353029 0.382556 0.853828
vn 0.353025 -0.382584 0.853817
vn 0.353045 -0.382555 0.853821
vn 0.146265 -0.923838 0.353736
vn 0.146293 -0.923826 0.353756
vn -0.146281 -0.923839 -0.353729
vn -0.146310 -0.923826 -0.353749
vn -0.353120 -0.382585 -0.853777
vn -0.353143 -0.382554 -0.853781
vn -0.394549 0.382649 -0.835411
vn -0.394525 0.382586 -0.835451
vn -0.163425 0.923865 -0.346072
vn -0.163417 0.923839 -0.346144
vn 0.163391 0.923865 0.346088
vn 0.163384 0.923840 0.346159
vn 0.394352 0.382648 0.835504
vn 0.394331 0.382588 0.835542
vn 0.394320 -0.382647 0.835519
vn 0.394363 -0.382587 0.835527
vn 0.163359 -0.923865 0.346104
vn 0.163417 -0.923839 0.346144
vn -0.163391 -0.923865 -0.346088
vn -0.163452 -0.923839 -0.346128
vn -0.394514 -0.382648 -0.835428
vn -0.394560 -0.382585 -0.835435
vn -0.418689 0.382683 -0.823561
vn -0.418677 0.382649 -0.823583
vn -0.173419 0.923880 -0.341134
vn -0.173416 0.923865 -0.341174
vn 0.173401 0.923879 0.341143
vn 0.173398 0.923866 0.341182
vn 0.418584 0.382683 0.823615
vn 0.418573 0.382650 0.823636
vn 0.418566 -0.382683 0.823624
vn 0.418590 -0.382650 0.823627
vn 0.173383 -0.923879 0.341152
vn 0.173416 -0.923865 0.341174
vn -0.173401 -0.923879 -0.341143
vn -0.173434 -0.923865 -0.341165
vn -0.418670 -0.382683 -0.823571
vn -0.418695 -0.382649 -0.823574
vn -0.419786 0.382648 -0.823019
vn -0.419797 0.382683 -0.822997
vn -0.173902 0.923865 -0.340928
vn -0.173904 0.923879 -0.340887
vn 0.173920 0.923865 0.340919
vn 0.173922 0.923879 0.340878
vn 0.419892 0.382648 0.822965
vn 0.419904 0.382683 0.822943
vn 0.419910 -0.382648 0.822956
vn 0.419885 -0.382683 0.822952
vn 0.173938 -0.923865 0.340910
vn 0.173904 -0.923879 0.340887
vn -0.173920 -0.923865 -0.340919
vn -0.173886 -0.923880 -0.340897
vn -0.419804 -0.382648 -0.823010
vn -0.419779 -0.382683 -0.823006
vn -0.395463 0.382540 -0.835028
vn -0.395498 0.382648 -0.834962
vn -0.163880 0.923820 -0.345977
vn -0.163889 0.923865 -0.345852
vn 0.163936 0.923819 0.345952
vn 0.163947 0.923866 0.345823
vn 0.395794 0.382536 0.834873
vn 0.395834 0.382650 0.834802
vn 0.395854 -0.382536 0.834845
vn 0.395774 -0.382650 0.834831
vn 0.163995 -0.923819 0.345926
vn 0.163889 -0.923865 0.345852
vn -0.163936 -0.923819 -0.345952
vn -0.163833 -0.923865 -0.345879
vn -0.395517 -0.382540 -0.835003
vn -0.395444 -0.382648 -0.834988
vn -0.345157 0.382381 -0.857118
vn -0.345211 0.382539 -0.857026
vn -0.143096 0.923753 -0.355251
vn -0.143118 0.923821 -0.355067
vn 0.143180 0.923752 0.355220
vn 0.143207 0.923822 0.355029
vn 0.345653 0.382372 0.856922
vn 0.345720 0.382544 0.856818
vn 0.345747 -0.382371 0.856885
vn 0.345627 -0.382543 0.856856
vn 0.143271 -0.923751 0.355188
vn 0.143118 -0.923821 0.355067
vn -0.143180 -0.923752 -0.355220
vn -0.143036 -0.923820 -0.355103
vn -0.345236 -0.382379 -0.857087
vn -0.345132 -0.382538 -0.857058
vn -0.269722 0.382207 -0.883837
vn -0.269787 0.382375 -0.883745
vn -0.111874 0.923681 -0.366466
vn -0.111914 0.923753 -0.366273
vn 0.111966 0.923679 0.366443
vn 0.112013 0.923755 0.366239
vn 0.270269 0.382196 0.883675
vn 0.270353 0.382384 0.883568
vn 0.270376 -0.382194 0.883643
vn 0.270246 -0.382382 0.883601
vn 0.112067 -0.923677 0.366417
vn 0.111914 -0.923753 0.366273
vn -0.111966 -0.923679 -0.366443
vn -0.111824 -0.923752 -0.366304
vn -0.269808 -0.382205 -0.883812
vn -0.269702 -0.382373 -0.883771
vn -0.172275 0.382067 -0.907935
vn -0.172332 0.382197 -0.907870
vn -0.071482 0.923623 -0.376577
vn -0.071529 0.923679 -0.376432
vn 0.071555 0.923622 0.376567
vn 0.071609 0.923681 0.376412
vn 0.172711 0.382058 0.907856
vn 0.172787 0.382206 0.907780
vn 0.172798 -0.382056 0.907840
vn 0.172699 -0.382204 0.907797
vn 0.071636 -0.923620 0.376556
vn 0.071529 -0.923679 0.376432
vn -0.071555 -0.923622 -0.376567
vn -0.071458 -0.923678 -0.376449
vn -0.172342 -0.382066 -0.907923
vn -0.172265 -0.382195 -0.907883
vn -0.059310 0.382010 -0.922253
vn -0.059334 0.382059 -0.922231
vn -0.024613 0.923600 -0.382567
vn -0.024638 0.923621 -0.382515
vn 0.024641 0.923599 0.382567
vn 0.024669 0.923621 0.382511
vn 0.059478 0.382006 0.922244
vn 0.059510 0.382062 0.922218
vn 0.059512 -0.382005 0.922242
vn 0.059476 -0.382062 0.922221
vn 0.024673 -0.923598 0.382567
vn 0.024638 -0.923621 0.382515
vn -0.024641 -0.923599 -0.382567
vn -0.024610 -0.923620 -0.382518
vn -0.059335 -0.382009 -0.922252
vn -0.059308 -0.382058 -0.922233
vn 0.059308 0.382058 -0.922233
vn 0.059335 0.382009 -0.922252
vn 0.024610 0.923620 -0.382518
vn 0.024641 0.923599 -0.382567
vn -0.024638 0.923621 0.382515
vn -0.024673 0.923598 0.382567
vn -0.059476 0.382062 0.922221
vn -0.059512 0.382005 0.922242
vn -0.059510 -0.382062 0.922218
vn -0.059478 -0.382006 0.922244
vn -0.024669 -0.923621 0.382511
vn -0.024641 -0.923599 0.382567
vn 0.024638 -0.923621 -0.382515
vn 0.024613 -0.923600 -0.382567
vn 0.059334 -0.382059 -0.922231
vn 0.059310 -0.382010 -0.922253
vn 0.172265 0.382195 -0.907883
vn 0.172342 0.382066 -0.907923
vn 0.071458 0.923678 -0.376449
vn 0.071555 0.923622 -0.376567
vn -0.071529 0.923679 0.376432
vn -0.071636 0.923620 0.376556
vn -0.172699 0.382204 0.907797
vn -0.172798 0.382056 0.907840
vn -0.172787 -0.382206 0.907780
vn -0.172711 -0.382058 0.907856
vn -0.071609 -0.923681 0.376412
vn -0.071555 -0.923622 0.376567
vn 0.071529 -0.923679 -0.376432
vn 0.071482 -0.923623 -0.376577
vn 0.172332 -0.382197 -0.907870
vn 0.172275 -0.382067 -0.907935
vn 0.269702 0.382373 -0.883771
vn 0.269808 0.382205 -0.883812
vn 0.111824 0.923752 -0.366304
vn 0.111966 0.923679 -0.366443
vn -0.111914 0.923753 0.366273
vn -0.112067 0.923677 0.366417
vn -0.270246 0.382382 0.883601
vn -0.270376 0.382194 0.883643
vn -0.270353 -0.382384 0.883568
vn -0.270269 -0.382196 0.883675
vn -0.112013 -0.923755 0.366239
vn -0.111966 -0.923679 0.366443
vn 0.111914 -0.923753 -0.366273
vn 0.111874 -0.923681 -0.366466
vn 0.269787 -0.382375 -0.883745
vn 0.269722 -0.382207 -0.883837
vn 0.345132 0.382538 -0.857058
vn 0.345236 0.382379 -0.857087
vn 0.143036 0.923820 -0.355103
vn 0.143180 0.923752 -0.355220
vn -0.143118 0.923821 0.355067
vn -0.143271 0.923751 0.355188
vn -0.345627 0.382543 0.856856
vn -0.345747 0.382371 0.856885
vn -0.345720 -0.382544 0.856818
vn -0.345653 -0.382372 0.856922
vn -0.143207 -0.923822 0.355029
vn -0.143180 -0.923752 0.355220
vn 0.143118 -0.923821 -0.355067
vn 0.143096 -0.923753 -0.355251
vn 0.345211 -0.382539 -0.857026
vn 0.345157 -0.382381 -0.857118
vn 0.395444 0.382648 -0.834988
vn 0.395517 0.382540 -0.835003
vn 0.163833 0.923865 -0.345879
vn 0.163936 0.923819 -0.345952
vn -0.163889 0.923865 0.345852
vn -0.163995 0.923819 0.345926
vn -0.395774 0.382650 0.834831
vn -0.395854 0.382536 0.834845
vn -0.395834 -0.382650 0.834802
vn -0.395794 -0.382536 0.834873
vn -0.163947 -0.923866 0.345823
vn -0.163936 -0.923819 0.345952
vn 0.163889 -0.923865 -0.345852
vn 0.163880 -0.923820 -0.345977
vn 0.395498 -0.382648 -0.834962
vn 0.395463 -0.382540 -0.835028
vn 0.419779 0.382683 -0.823006
vn 0.419804 0.382648 -0.823010
vn 0.173886 0.923880 -0.340897
vn 0.173920 0.923865 -0.340919
vn -0.173904 0.923879 0.340887
vn -0.173938 0.923865 0.340910
vn -0.419885 0.382683 0.822952
vn -0.419910 0.382648 0.822956
vn -0.419904 -0.382683 0.822943
vn -0.419892 -0.382648 0.822965
vn -0.173922 -0.923879 0.340878
vn -0.173920 -0.923865 0.340919
vn 0.173904 -0.923879 -0.340887
vn 0.173902 -0.923865 -0.340928
vn 0.419797 -0.382683 -0.822997
vn 0.419786 -0.382648 -0.823019
vn 0.418695 0.382649 -0.823574
vn 0.418670 0.382683 -0.823571
vn 0.173434 0.923865 -0.341165
vn 0.173401 0.923879 -0.341143
vn -0.173416 0.923865 0.341174
vn -0.173383 0.923879 0.341152
vn -0.418590 0.382650 0.823627
vn -0.418566 0.382683 0.823624
vn -0.418573 -0.382650 0.823636
vn -0.418584 -0.382683 0.823615
vn -0.173398 -0.923866 0.341182
vn -0.173401 -0.923879 0.341143
vn 0.173416 -0.923865 -0.341174
vn 0.173419 -0.923880 -0.341134
vn 0.418677 -0.382649 -0.823583
vn 0.418689 -0.382683 -0.823561
vn 0.394560 0.382585 -0.835435
vn 0.394514 0.382648 -0.835428
vn 0.163452 0.923839 -0.346128
vn 0.163391 0.923865 -0.346088
vn -0.163417 0.923839 0.346144
vn -0.163359 0.923865 0.346104
vn -0.394363 0.382587 0.835527
vn -0.394320 0.382647 0.835519
vn -0.394331 -0.382588 0.835542
vn -0.394352 -0.382648 0.835504
vn -0.163384 -0.923840 0.346159
vn -0.163391 -0.923865 0.346088
vn 0.163417 -0.923839 -0.346144
vn 0.163425 -0.923865 -0.346072
vn 0.394525 -0.382586 -0.835451
vn 0.394549 -0.382649 -0.835411
vn 0.353143 0.382554 -0.853781
vn 0.353120 0.382585 -0.853777
vn 0.146310 0.923826 -0.353749
vn 0.146281 0.923839 -0.353729
vn -0.146293 0.923826 0.353756
vn -0.146265 0.923838 0.353736
vn -0.353045 0.382555 0.853821
vn -0.353025 0.382584 0.853817
vn -0.353029 -0.382556 0.853828
vn -0.353040 -0.382584 0.853810
vn -0.146276 -0.923827 0.353762
vn -0.146281 -0.923839 0.353729
vn 0.146293 -0.923826 -0.353756
vn 0.146298 -0.923839 -0.353721
vn 0.353125 -0.382555 -0.853788
vn 0.353138 -0.382585 -0.853769
vn 0.304690 0.382587 -0.872233
vn 0.304713 0.382555 -0.872239
vn 0.126241 0.923839 -0.361364
vn 0.126269 0.923827 -0.361387
vn -0.126259 0.923839 0.361358
vn -0.126286 0.923827 0.361380
vn -0.304794 0.382586 0.872198
vn -0.304814 0.382556 0.872203
vn -0.304810 -0.382586 0.872192
vn -0.304798 -0.382556 0.872209
vn -0.126276 -0.923839 0.361352
vn -0.126269 -0.923827 0.361387
vn 0.126259 -0.923839 -0.361358
vn 0.126251 -0.923826 -0.361393
vn 0.304709 -0.382587 -0.872227
vn 0.304695 -0.382555 -0.872246
vn 0.262103 0.382650 -0.885935
vn 0.262146 0.382589 -0.885949
vn 0.108589 0.923866 -0.366989
vn 0.108642 0.923841 -0.367036
vn -0.108625 0.923865 0.366979
vn -0.108675 0.923841 0.367025
vn -0.262305 0.382649 0.885876
vn -0.262345 0.382590 0.885889
vn -0.262338 -0.382649 0.885866
vn -0.262312 -0.382590 0.885899
vn -0.108658 -0.923865 0.366969
vn -0.108642 -0.923841 0.367036
vn 0.108625 -0.923865 -0.366979
vn 0.108607 -0.923840 -0.367047
vn 0.262139 -0.382650 -0.885924
vn 0.262110 -0.382588 -0.885960
vn 0.236755 0.382683 -0.893029
vn 0.236777 0.382651 -0.893037
vn 0.098075 0.923880 -0.369903
vn 0.098102 0.923866 -0.369929
vn -0.098093 0.923879 0.369898
vn -0.098120 0.923866 0.369924
vn -0.236862 0.382683 0.893000
vn -0.236884 0.382651 0.893008
vn -0.236880 -0.382683 0.892996
vn -0.236866 -0.382651 0.893013
vn -0.098112 -0.923879 0.369893
vn -0.098102 -0.923866 0.369929
vn 0.098093 -0.923879 -0.369898
vn 0.098083 -0.923866 -0.369934
vn 0.236774 -0.382683 -0.893024
vn 0.236759 -0.382651 -0.893042
vn 0.235600 0.382650 -0.893348
vn 0.235578 0.382683 -0.893340
vn 0.097588 0.923866 -0.370066
vn 0.097561 0.923879 -0.370038
vn -0.097570 0.923866 0.370071
vn -0.097543 0.923879 0.370043
vn -0.235492 0.382649 0.893377
vn -0.235469 0.382683 0.893369
vn -0.235473 -0.382649 0.893382
vn -0.235488 -0.382683 0.893364
vn -0.097551 -0.923865 0.370076
vn -0.097561 -0.923879 0.370038
vn 0.097570 -0.923866 -0.370071
vn 0.097580 -0.923880 -0.370034
vn 0.235582 -0.382650 -0.893353
vn 0.235597 -0.382683 -0.893335
vn 0.261178 0.382544 -0.886254
vn 0.261110 0.382650 -0.886228
vn 0.108193 0.923822 -0.367216
vn 0.108106 0.923866 -0.367131
vn -0.108136 0.923821 0.367235
vn -0.108046 0.923866 0.367148
vn -0.260840 0.382541 0.886355
vn -0.260765 0.382652 0.886329
vn -0.260778 -0.382540 0.886373
vn -0.260827 -0.382651 0.886311
vn -0.108077 -0.923820 0.367254
vn -0.108106 -0.923866 0.367131
vn 0.108136 -0.923821 -0.367235
vn 0.108163 -0.923866 -0.367115
vn 0.261122 -0.382544 -0.886271
vn 0.261165 -0.382650 -0.886212
vn 0.312839 0.382380 -0.869435
vn 0.312735 0.382541 -0.869402
vn 0.129634 0.923753 -0.360382
vn 0.129493 0.923821 -0.360258
vn -0.129549 0.923752 0.360416
vn -0.129400 0.923822 0.360288
vn -0.312331 0.382372 0.869621
vn -0.312210 0.382547 0.869588
vn -0.312235 -0.382370 0.869657
vn -0.312306 -0.382546 0.869554
vn -0.129459 -0.923750 0.360452
vn -0.129493 -0.923821 0.360258
vn 0.129549 -0.923752 -0.360416
vn 0.129579 -0.923821 -0.360229
vn 0.312758 -0.382379 -0.869465
vn 0.312817 -0.382540 -0.869373
vn 0.387368 0.382186 -0.838976
vn 0.387249 0.382368 -0.838948
vn 0.160591 0.923672 -0.347909
vn 0.160417 0.923750 -0.347781
vn -0.160498 0.923670 0.347957
vn -0.160312 0.923752 0.347825
vn -0.386804 0.382173 0.839242
vn -0.386657 0.382378 0.839216
vn -0.386693 -0.382171 0.839294
vn -0.386769 -0.382376 0.839165
vn -0.160397 -0.923668 0.348010
vn -0.160417 -0.923750 0.347781
vn 0.160498 -0.923670 -0.347957
vn 0.160513 -0.923749 -0.347741
vn 0.387280 -0.382184 -0.839017
vn 0.387337 -0.382366 -0.838908
vn 0.478647 0.382006 -0.790549
vn 0.478543 0.382161 -0.790537
vn 0.198525 0.923598 -0.327956
vn 0.198365 0.923664 -0.327865
vn -0.198451 0.923596 0.328007
vn -0.198276 0.923666 0.327913
vn -0.478186 0.381994 0.790834
vn -0.478054 0.382172 0.790828
vn -0.478092 -0.381991 0.790892
vn -0.478148 -0.382170 0.790772
vn -0.198367 -0.923593 0.328064
vn -0.198365 -0.923664 0.327865
vn 0.198451 -0.923596 -0.328007
vn 0.198444 -0.923663 -0.327822
vn 0.478577 -0.382004 -0.790593
vn 0.478614 -0.382159 -0.790495
vn 0.577284 0.381904 -0.721729
vn 0.577234 0.381976 -0.721730
vn 0.239511 0.923555 -0.299467
vn 0.239430 0.923587 -0.299434
vn -0.239479 0.923554 0.299495
vn -0.239390 0.923588 0.299462
vn -0.577082 0.381897 0.721894
vn -0.577017 0.381983 0.721900
vn -0.577040 -0.381896 0.721929
vn -0.577060 -0.381981 0.721867
vn -0.239442 -0.923553 0.299528
vn -0.239430 -0.923587 0.299434
vn 0.239479 -0.923554 -0.299495
vn 0.239465 -0.923586 -0.299409
vn 0.577253 -0.381903 -0.721754
vn 0.577265 -0.381975 -0.721706
vn 0.671749 0.381927 -0.634732
vn 0.671779 0.381883 -0.634727
vn 0.278710 0.923566 -0.263338
vn 0.278762 0.923547 -0.263351
vn -0.278727 0.923566 0.263318
vn -0.278783 0.923546 0.263330
vn -0.671857 0.381931 0.634616
vn -0.671895 0.381879 0.634606
vn -0.671879 -0.381931 0.634591
vn -0.671872 -0.381880 0.634630
vn -0.278746 -0.923567 0.263295
vn -0.278762 -0.923547 0.263351
vn 0.278727 -0.923566 -0.263318
vn 0.278743 -0.923547 -0.263369
vn 0.671765 -0.381927 -0.634715
vn 0.671762 -0.381884 -0.634744
vn 0.751634 0.382075 -0.537648
vn 0.751732 0.381924 -0.537617
vn 0.311766 0.923628 -0.222966
vn 0.311947 0.923562 -0.222985
vn -0.311815 0.923630 0.222890
vn -0.312012 0.923560 0.222904
vn -0.751949 0.382087 0.537199
vn -0.752074 0.381910 0.537150
vn -0.752014 -0.382089 0.537107
vn -0.752007 -0.381913 0.537241
vn -0.311870 -0.923632 0.222803
vn -0.311947 -0.923562 0.222985
vn 0.311815 -0.923630 -0.222890
vn 0.311890 -0.923564 -0.223055
vn 0.751681 -0.382077 -0.537581
vn 0.751684 -0.381926 -0.537684
vn 0.811180 0.382291 -0.442538
vn 0.811311 0.382084 -0.442478
vn 0.336309 0.923718 -0.183418
vn 0.336558 0.923628 -0.183413
vn -0.336364 0.923720 0.183307
vn -0.336631 0.923625 0.183294
vn -0.811535 0.382304 0.441877
vn -0.811693 0.382067 0.441792
vn -0.811606 -0.382306 0.441744
vn -0.811620 -0.382070 0.441923
vn -0.336425 -0.923722 0.183182
vn -0.336558 -0.923628 0.183413
vn 0.336364 -0.923720 -0.183307
vn 0.336493 -0.923631 -0.183519
vn 0.811235 -0.382293 -0.442437
vn 0.811255 -0.382086 -0.442579
vn 0.850288 0.382498 -0.361532
vn 0.850408 0.382299 -0.361460
vn 0.352359 0.923803 -0.149768
vn 0.352595 0.923718 -0.149738
vn -0.352403 0.923805 0.149657
vn -0.352651 0.923716 0.149621
vn -0.850564 0.382507 0.360873
vn -0.850702 0.382287 0.360781
vn -0.850618 -0.382508 0.360745
vn -0.850647 -0.382289 0.360908
vn -0.352450 -0.923806 0.149535
vn -0.352595 -0.923718 0.149738
vn 0.352403 -0.923805 -0.149657
vn 0.352544 -0.923720 -0.149846
vn 0.850332 -0.382500 -0.361428
vn 0.850363 -0.382301 -0.361564
vn 0.872508 0.382639 -0.303839
vn 0.872587 0.382502 -0.303783
vn 0.361450 0.923861 -0.125835
vn 0.361609 0.923803 -0.125803
vn -0.361476 0.923862 0.125757
vn -0.361640 0.923802 0.125722
vn -0.872667 0.382641 0.303376
vn -0.872754 0.382496 0.303311
vn -0.872697 -0.382642 0.303291
vn -0.872724 -0.382497 0.303396
vn -0.361504 -0.923862 0.125674
vn -0.361609 -0.923803 0.125803
vn 0.361476 -0.923862 -0.125757
vn 0.361580 -0.923804 -0.125880
vn 0.872534 -0.382639 -0.303764
vn 0.872561 -0.382503 -0.303858
vn 0.882048 0.382683 -0.274853
vn 0.882074 0.382639 -0.274833
vn 0.365360 0.923879 -0.113837
vn 0.365411 0.923861 -0.113825
vn -0.365368 0.923879 0.113811
vn -0.365419 0.923861 0.113798
vn -0.882096 0.382683 0.274701
vn -0.882122 0.382638 0.274680
vn -0.882104 -0.382683 0.274674
vn -0.882114 -0.382638 0.274707
vn -0.365376 -0.923879 0.113785
vn -0.365411 -0.923861 0.113825
vn 0.365368 -0.923879 -0.113811
vn 0.365402 -0.923861 -0.113850
vn 0.882056 -0.382683 -0.274827
vn 0.882066 -0.382639 -0.274858
vn 0.881664 0.382640 -0.276142
vn 0.881639 0.382683 -0.276163
vn 0.365228 0.923862 -0.114403
vn 0.365179 0.923879 -0.114416
vn -0.365220 0.923862 0.114429
vn -0.365171 0.923879 0.114442
vn -0.881617 0.382641 0.276292
vn -0.881592 0.382683 0.276312
vn -0.881609 -0.382641 0.276317
vn -0.881600 -0.382683 0.276287
vn -0.365211 -0.923862 0.114455
vn -0.365179 -0.923879 0.114416
vn 0.365220 -0.923862 -0.114429
vn 0.365187 -0.923879 -0.114391
vn 0.881656 -0.382640 -0.276168
vn 0.881647 -0.382683 -0.276137
vn 0.872196 0.382559 -0.304832
vn 0.872147 0.382639 -0.304871
vn 0.361365 0.923828 -0.126320
vn 0.361274 0.923861 -0.126342
vn -0.361347 0.923829 0.126368
vn -0.361258 0.923861 0.126388
vn -0.872098 0.382562 0.305108
vn -0.872053 0.382638 0.305142
vn -0.872083 -0.382562 0.305152
vn -0.872069 -0.382638 0.305098
vn -0.361330 -0.923829 0.126413
vn -0.361274 -0.923861 0.126342
vn 0.361347 -0.923829 -0.126368
vn 0.361290 -0.923861 -0.126294
vn 0.872178 -0.382560 -0.304882
vn 0.872165 -0.382640 -0.304821
vn 0.854072 0.382520 -0.352476
vn 0.854047 0.382559 -0.352494
vn 0.353889 0.923812 -0.146062
vn 0.353845 0.923828 -0.146070
vn -0.353879 0.923812 0.146085
vn -0.353836 0.923827 0.146092
vn -0.854017 0.382522 0.352607
vn -0.853995 0.382557 0.352622
vn -0.854009 -0.382522 0.352628
vn -0.854003 -0.382558 0.352602
vn -0.353870 -0.923812 0.146106
vn -0.353845 -0.923828 0.146070
vn 0.353879 -0.923812 -0.146085
vn 0.353853 -0.923828 -0.146047
vn 0.854062 -0.382520 -0.352500
vn 0.854057 -0.382559 -0.352470
vn 0.830103 0.382562 -0.405678
vn 0.830130 0.382521 -0.405661
vn 0.343936 0.923829 -0.168072
vn 0.343983 0.923813 -0.168066
vn -0.343948 0.923829 0.168049
vn -0.343993 0.923813 0.168044
vn -0.830169 0.382560 0.405546
vn -0.830193 0.382523 0.405532
vn -0.830179 -0.382560 0.405525
vn -0.830183 -0.382523 0.405553
vn -0.343959 -0.923828 0.168027
vn -0.343983 -0.923813 0.168066
vn 0.343948 -0.923829 -0.168049
vn 0.343972 -0.923812 -0.168089
vn 0.830115 -0.382561 -0.405654
vn 0.830118 -0.382521 -0.405686
vn 0.806784 0.382642 -0.450205
vn 0.806837 0.382564 -0.450176
vn 0.334222 0.923862 -0.186480
vn 0.334312 0.923830 -0.186474
vn -0.334246 0.923862 0.186437
vn -0.334334 0.923831 0.186433
vn -0.806922 0.382640 0.449959
vn -0.806971 0.382567 0.449935
vn -0.806944 -0.382640 0.449920
vn -0.806949 -0.382566 0.449974
vn -0.334270 -0.923862 0.186397
vn -0.334312 -0.923830 0.186474
vn 0.334246 -0.923862 -0.186437
vn 0.334289 -0.923830 -0.186517
vn 0.806809 -0.382641 -0.450161
vn 0.806813 -0.382563 -0.450221
vn 0.791988 0.382683 -0.475719
vn 0.792016 0.382642 -0.475705
vn 0.328058 0.923879 -0.197040
vn 0.328106 0.923863 -0.197039
vn -0.328071 0.923879 0.197018
vn -0.328118 0.923863 0.197018
vn -0.792064 0.382683 0.475592
vn -0.792091 0.382643 0.475580
vn -0.792077 -0.382683 0.475571
vn -0.792078 -0.382643 0.475601
vn -0.328084 -0.923879 0.196997
vn -0.328106 -0.923863 0.197039
vn 0.328071 -0.923879 -0.197018
vn 0.328093 -0.923862 -0.197061
vn 0.792001 -0.382683 -0.475697
vn 0.792003 -0.382642 -0.475727
vn 0.791325 0.382641 -0.476854
vn 0.791297 0.382683 -0.476867
vn 0.327802 0.923862 -0.197546
vn 0.327753 0.923879 -0.197547
vn -0.327789 0.923862 0.197568
vn -0.327740 0.923879 0.197569
vn -0.791249 0.382641 0.476982
vn -0.791220 0.382683 0.476995
vn -0.791235 -0.382640 0.477004
vn -0.791234 -0.382683 0.476973
vn -0.327776 -0.923862 0.197591
vn -0.327753 -0.923879 0.197547
vn 0.327789 -0.923862 -0.197568
vn 0.327766 -0.923879 -0.197525
vn 0.791312 -0.382641 -0.476876
vn 0.791310 -0.382683 -0.476845
vn 0.806331 0.382509 -0.451129
vn 0.806246 0.382641 -0.451169
vn 0.334105 0.923807 -0.186963
vn 0.333949 0.923862 -0.186966
vn -0.334068 0.923806 0.187033
vn -0.333907 0.923863 0.187039
vn -0.806103 0.382503 0.451540
vn -0.806010 0.382644 0.451588
vn -0.806061 -0.382502 0.451616
vn -0.806053 -0.382643 0.451512
vn -0.334029 -0.923805 0.187107
vn -0.333949 -0.923862 0.186966
vn 0.334068 -0.923806 -0.187033
vn 0.333989 -0.923862 -0.186897
vn 0.806294 -0.382508 -0.451196
vn 0.806284 -0.382641 -0.451102
vn 0.834442 0.382301 -0.396928
vn 0.834318 0.382503 -0.396996
vn 0.345905 0.923720 -0.164593
vn 0.345666 0.923806 -0.164613
vn -0.345858 0.923718 0.164705
vn -0.345605 0.923808 0.164731
vn -0.834135 0.382288 0.397586
vn -0.833991 0.382512 0.397672
vn -0.834076 -0.382286 0.397713
vn -0.834052 -0.382510 0.397546
vn -0.345806 -0.923716 0.164826
vn -0.345666 -0.923806 0.164613
vn 0.345858 -0.923718 -0.164705
vn 0.345721 -0.923805 -0.164505
vn 0.834394 -0.382299 -0.397032
vn 0.834367 -0.382502 -0.396892
vn 0.869390 0.382056 -0.313360
vn 0.869259 0.382283 -0.313448
vn 0.360587 0.923618 -0.130025
vn 0.360319 0.923716 -0.130074
vn -0.360548 0.923615 0.130157
vn -0.360261 0.923718 0.130217
vn -0.869115 0.382038 0.314144
vn -0.868957 0.382298 0.314265
vn -0.869059 -0.382034 0.314302
vn -0.869015 -0.382295 0.314108
vn -0.360503 -0.923612 0.130305
vn -0.360319 -0.923716 0.130074
vn 0.360548 -0.923615 -0.130157
vn 0.360371 -0.923713 -0.129947
vn 0.869348 -0.382053 -0.313480
vn 0.869303 -0.382281 -0.313328
vn 0.901864 0.381842 -0.202085
vn 0.901767 0.382026 -0.202169
vn 0.374239 0.923529 -0.083901
vn 0.374025 0.923609 -0.083969
vn -0.374221 0.923526 0.084013
vn -0.373990 0.923612 0.084095
vn -0.901720 0.381825 0.202759
vn -0.901600 0.382043 0.202880
vn -0.901690 -0.381821 0.202900
vn -0.901633 -0.382039 0.202740
vn -0.374200 -0.923523 0.084142
vn -0.374025 -0.923609 0.083969
vn 0.374221 -0.923526 -0.084013
vn 0.374056 -0.923607 -0.083860
vn 0.901842 -0.381840 -0.202186
vn 0.901790 -0.382024 -0.202069
vn 0.921614 0.381745 -0.069986
vn 0.921582 0.381817 -0.070024
vn 0.382522 0.923489 -0.029065
vn 0.382443 0.923521 -0.029103
vn -0.382521 0.923488 0.029109
vn -0.382436 0.923522 0.029155
vn -0.921596 0.381738 0.070258
vn -0.921556 0.381824 0.070313
vn -0.921593 -0.381736 0.070316
vn -0.921561 -0.381823 0.070255
vn -0.382521 -0.923487 0.029162
vn -0.382443 -0.923521 0.029103
vn 0.382521 -0.923488 -0.029109
vn 0.382449 -0.923520 -0.029059
vn 0.921612 -0.381744 -0.070026
vn 0.921585 -0.381816 -0.069984
vn 0.257909 0.962528 0.083800
vn 0.689152 0.689152 0.223919
vn 0.689152 0.689152 0.223919
vn 0.921602 0.246943 0.299447
vn 0.921602 0.246943 0.299447
vn 0.921602 -0.246943 0.299447
vn 0.921602 -0.246943 0.299447
vn 0.689152 -0.689152 0.223919
vn 0.689152 -0.689152 0.223919
vn 0.257909 -0.962528 0.083800
vn 0.159396 0.962528 0.219390
vn 0.425919 0.689152 0.586227
vn 0.425919 0.689152 0.586227
vn 0.569582 0.246943 0.783962
vn 0.569582 0.246943 0.783962
vn 0.569582 -0.246943 0.783962
vn 0.569582 -0.246943 0.783962
vn 0.425919 -0.689152 0.586227
vn 0.425919 -0.689152 0.586227
vn 0.159396 -0.962528 0.219390
vn 0.000000 0.962528 0.271181
vn 0.000000 0.689152 0.724617
vn 0.000000 0.689152 0.724617
vn 0.000000 0.246943 0.969030
vn 0.000000 0.246943 0.969030
vn 0.000000 -0.246943 0.969030
vn 0.000000 -0.246943 0.969030
vn 0.000000 -0.689152 0.724617
vn 0.000000 -0.689152 0.724617
vn 0.000000 -0.962528 0.271181
vn -0.159396 0.962528 0.219390
vn -0.425919 0.689152 0.586227
vn -0.425919 0.689152 0.586227
vn -0.569582 0.246943 0.783962
vn -0.569582 0.246943 0.783962
vn -0.569582 -0.246943 0.783962
vn -0.569582 -0.246943 0.783962
vn -0.425919 -0.689152 0.586227
vn -0.425919 -0.689152 0.586227
vn -0.159396 -0.962528 0.219390
vn -0.257909 0.962528 0.083800
vn -0.689152 0.689152 0.223919
vn -0.689152 0.689152 0.223919
vn -0.921602 0.246943 0.299447
vn -0.921602 0.246943 0.299447
vn -0.921602 -0.246943 0.299447
vn -0.921602 -0.246943 0.299447
vn -0.689152 -0.689152 0.223919
vn -0.689152 -0.689152 0.223919
vn -0.257909 -0.962528 0.083800
vn -0.257909 0.962528 -0.083800
vn -0.689152 0.689152 -0.223919
vn -0.689152 0.689152 -0.223919
vn -0.921602 0.246943 -0.299447
vn -0.921602 0.246943 -0.299447
vn -0.921602 -0.246943 -0.299447
vn -0.921602 -0.246943 -0.299447
vn -0.689152 -0.689152 -0.223919
vn -0.689152 -0.689152 -0.223919
vn -0.257909 -0.962528 -0.083800
vn -0.159396 0.962528 -0.219390
vn -0.425919 0.689152 -0.586227
vn -0.425919 0.689152 -0.586227
vn -0.569582 0.246943 -0.783962
vn -0.569582 0.246943 -0.783962
vn -0.569582 -0.246943 -0.783962
vn -0.569582 -0.246943 -0.783962
vn -0.425919 -0.689152 -0.586227
vn -0.425919 -0.689152 -0.586227
vn -0.159396 -0.962528 -0.219390
vn -0.000000 0.962528 -0.271181
vn -0.000000 0.689152 -0.724617
vn -0.000000 0.689152 -0.724617
vn -0.000000 0.246943 -0.969030
vn -0.000000 0.246943 -0.969030
vn -0.000000 -0.246943 -0.969030
vn 0.000000 -0.246943 -0.969030
vn 0.000000 -0.689152 -0.724617
vn 0.000000 -0.689152 -0.724617
vn 0.000000 -0.962528 -0.271181
vn 0.159396 0.962528 -0.219390
vn 0.425919 0.689152 -0.586227
vn 0.425919 0.689152 -0.586227
vn 0.569582 0.246943 -0.783962
vn 0.569582 0.246943 -0.783962
vn 0.569582 -0.246943 -0.783962
vn 0.569582 -0.246943 -0.783962
vn 0.425919 -0.689152 -0.586227
vn 0.425919 -0.689152 -0.586227
vn 0.159396 -0.962528 -0.219390
vn 0.257909 0.962528 -0.083800
vn 0.689152 0.689152 -0.223919
vn 0.689152 0.689152 -0.223919
vn 0.921602 0.246943 -0.299447
vn 0.921602 0.246943 -0.299447
vn 0.921602 -0.246943 -0.299447
vn 0.921602 -0.246943 -0.299447
vn 0.689152 -0.689152 -0.223919
vn 0.689152 -0.689152 -0.223919
vn 0.257909 -0.962528 -0.083800
vn 0.257909 0.962528 0.083800
vn 0.689152 0.689152 0.223919
vn 0.689152 0.689152 0.223919
vn 0.921602 0.246943 0.299447
vn 0.921602 0.246943 0.299447
vn 0.921602 -0.246943 0.299447
vn 0.921602 -0.246943 0.299447
vn 0.689152 -0.689152 0.223919
vn 0.689152 -0.689152 0.223919
vn 0.257909 -0.962528 0.083800
vn 0.159396 0.962528 0.219390
vn 0.425919 0.689152 0.586227
vn 0.425919 0.689152 0.586227
vn 0.569582 0.246943 0.783962
vn 0.569582 0.246943 0.783962
vn 0.569582 -0.246943 0.783962
vn 0.569582 -0.246943 0.783962
vn 0.425919 -0.689152 0.586227
vn 0.425919 -0.689152 0.586227
vn 0.159396 -0.962528 0.219390
vn 0.000000 0.962528 0.271181
vn 0.000000 0.689152 0.724617
vn 0.000000 0.689152 0.724617
vn 0.000000 0.246943 0.969030
vn 0.000000 0.246943 0.969030
vn 0.000000 -0.246943 0.969030
vn 0.000000 -0.246943 0.969030
vn 0.000000 -0.689152 0.724617
vn 0.000000 -0.689152 0.724617
vn 0.000000 -0.962528 0.271181
vn -0.159396 0.962528 0.219390
vn -0.425919 0.689152 0.586227
vn -0.425919 0.689152 0.586227
vn -0.569582 0.246943 0.783962
vn -0.569582 0.246943 0.783962
vn -0.569582 -0.246943 0.783962
vn -0.569582 -0.246943 0.783962
vn -0.425919 -0.689152 0.586227
vn -0.425919 -0.689152 0.586227
vn -0.159396 -0.962528 0.219390
vn -0.257909 0.962528 0.083800
vn -0.689152 0.689152 0.223919
vn -0.689152 0.689152 0.223919
vn -0.921602 0.246943 0.299447
vn -0.921602 0.246943 0.299447
vn -0.921602 -0.246943 0.299447
vn -0.921602 -0.246943 0.299447
vn -0.689152 -0.689152 0.223919
vn -0.689152 -0.689152 0.223919
vn -0.257909 -0.962528 0.083800
vn -0.257909 0.962528 -0.083800
vn -0.689152 0.689152 -0.223919
vn -0.689152 0.689152 -0.223919
vn -0.921602 0.246943 -0.299447
vn -0.921602 0.246943 -0.299447
vn -0.921602 -0.246943 -0.299447
vn -0.921602 -0.246943 -0.299447
vn -0.689152 -0.689152 -0.223919
vn -0.689152 -0.689152 -0.223919
vn -0.257909 -0.962528 -0.083800
vn -0.159396 0.962528 -0.219390
vn -0.425919 0.689152 -0.586227
vn -0.425919 0.689152 -0.586227
vn -0.569582 0.246943 -0.783962
vn -0.569582 0.246943 -0.783962
vn -0.569582 -0.246943 -0.783962
vn -0.569582 -0.246943 -0.783962
vn -0.425919 -0.689152 -0.586227
vn -0.425919 -0.689152 -0.586227
vn -0.159396 -0.962528 -0.219390
vn 0.000000 0.962528 -0.271181
vn -0.000000 0.689152 -0.724617
vn -0.000000 0.689152 -0.724617
vn -0.000000 0.246943 -0.969030
vn -0.000000 0.246943 -0.969030
vn -0.000000 -0.246943 -0.969030
vn 0.000000 -0.246943 -0.969030
vn 0.000000 -0.689152 -0.724617
vn -0.000000 -0.689152 -0.724617
vn -0.000000 -0.962528 -0.271181
vn 0.159396 0.962528 -0.219390
vn 0.425919 0.689152 -0.586227
vn 0.425919 0.689152 -0.586227
vn 0.569582 0.246943 -0.783962
vn 0.569582 0.246943 -0.783962
vn 0.569582 -0.246943 -0.783962
vn 0.569582 -0.246943 -0.783962
vn 0.425919 -0.689152 -0.586227
vn 0.425919 -0.689152 -0.586227
vn 0.159396 -0.962528 -0.219390
vn 0.257909 0.962528 -0.083800
vn 0.689152 0.689152 -0.223919
vn 0.689152 0.689152 -0.223919
vn 0.921602 0.246943 -0.299447
vn 0.921602 0.246943 -0.299447
vn 0.921602 -0.246943 -0.299447
vn 0.921602 -0.246943 -0.299447
vn 0.689152 -0.689152 -0.223919
vn 0.689152 -0.689152 -0.223919
vn 0.257909 -0.962528 -0.083800
vn 0.257909 0.962528 0.083800
vn 0.689152 0.689152 0.223919
vn 0.689152 0.689152 0.223919
vn 0.921602 0.246943 0.299447
vn 0.921602 0.246943 0.299447
vn 0.921602 -0.246943 0.299447
vn 0.921602 -0.246943 0.299447
vn 0.689152 -0.689152 0.223919
vn 0.689152 -0.689152 0.223919
vn 0.257909 -0.962528 0.083800
vn 0.159396 0.962528 0.219390
vn 0.425919 0.689152 0.586227
vn 0.425919 0.689152 0.586227
vn 0.569582 0.246943 0.783962
vn 0.569582 0.246943 0.783962
vn 0.569582 -0.246943 0.783962
vn 0.569582 -0.246943 0.783962
vn 0.425919 -0.689152 0.586227
vn 0.425919 -0.689152 0.586227
vn 0.159396 -0.962528 0.219390
vn 0.000000 0.962528 0.271181
vn 0.000000 0.689152 0.724617
vn 0.000000 0.689152 0.724617
vn 0.000000 0.246943 0.969030
vn 0.000000 0.246943 0.969030
vn 0.000000 -0.246943 0.969030
vn 0.000000 -0.246943 0.969030
vn 0.000000 -0.689152 0.724617
vn 0.000000 -0.689152 0.724617
vn 0.000000 -0.962528 0.271181
vn -0.159396 0.962528 0.219390
vn -0.425919 0.689152 0.586227
vn -0.425919 0.689152 0.586227
vn -0.569582 0.246943 0.783962
vn -0.569582 0.246943 0.783962
vn -0.569582 -0.246943 0.783962
vn -0.569582 -0.246943 0.783962
vn -0.425919 -0.689152 0.586227
vn -0.425919 -0.689152 0.586227
vn -0.159396 -0.962528 0.219390
vn -0.257909 0.962528 0.083800
vn -0.689152 0.689152 0.223919
vn -0.689152 0.689152 0.223919
vn -0.921602 0.246943 0.299447
vn -0.921602 0.246943 0.299447
vn -0.921602 -0.246943 0.299447
vn -0.921602 -0.246943 0.299447
vn -0.689152 -0.689152 0.223919
vn -0.689152 -0.689152 0.223919
vn -0.257909 -0.962528 0.083800
vn -0.257909 0.962528 -0.083800
vn -0.689152 0.689152 -0.223919
vn -0.689152 0.689152 -0.223919
vn -0.921602 0.246943 -0.299447
vn -0.921602 0.246943 -0.299447
vn -0.921602 -0.246943 -0.299447
vn -0.921602 -0.246943 -0.299447
vn -0.689152 -0.689152 -0.223919
vn -0.689152 -0.689152 -0.223919
vn -0.257909 -0.962528 -0.083800
vn -0.159396 0.962528 -0.219390
vn -0.425919 0.689152 -0.586227
vn -0.425919 0.689152 -0.586227
vn -0.569582 0.246943 -0.783962
vn -0.569582 0.246943 -0.783962
vn -0.569582 -0.246943 -0.783962
vn -0.569582 -0.246943 -0.783962
vn -0.425919 -0.689152 -0.586227
vn -0.425919 -0.689152 -0.586227
vn -0.159396 -0.962528 -0.219390
vn 0.000000 0.962528 -0.271181
vn 0.000000 0.689152 -0.724617
vn 0.000000 0.689152 -0.724617
vn 0.000000 0.246943 -0.969030
vn 0.000000 0.246943 -0.969030
vn 0.000000 -0.246943 -0.969030
vn 0.000000 -0.246943 -0.969030
vn 0.000000 -0.689152 -0.724617
vn 0.000000 -0.689152 -0.724617
vn 0.000000 -0.962528 -0.271181
vn 0.159396 0.962528 -0.219390
vn 0.425919 0.689152 -0.586227
vn 0.425919 0.689152 -0.586227
vn 0.569582 0.246943 -0.783962
vn 0.569582 0.246943 -0.783962
vn 0.569582 -0.246943 -0.783962
vn 0.569582 -0.246943 -0.783962
vn 0.425919 -0.689152 -0.586227
vn 0.425919 -0.689152 -0.586227
vn 0.159396 -0.962528 -0.219390
vn 0.257909 0.962528 -0.083800
vn 0.689152 0.689152 -0.223919
vn 0.689152 0.689152 -0.223919
vn 0.921602 0.246943 -0.299447
vn 0.921602 0.246943 -0.299447
vn 0.921602 -0.246943 -0.299447
vn 0.921602 -0.246943 -0.299447
vn 0.689152 -0.689152 -0.223919
vn 0.689152 -0.689152 -0.223919
vn 0.257909 -0.962528 -0.083800
vn 0.257909 0.962528 0.083800
vn 0.689152 0.689152 0.223919
vn 0.689152 0.689152 0.223919
vn 0.921602 0.246943 0.299447
vn 0.921602 0.246943 0.299447
vn 0.921602 -0.246943 0.299447
vn 0.921602 -0.246943 0.299447
vn 0.689152 -0.689152 0.223919
vn 0.689152 -0.689152 0.223919
vn 0.257909 -0.962528 0.083800
vn 0.159396 0.962528 0.219390
vn 0.425919 0.689152 0.586227
vn 0.425919 0.689152 0.586227
vn 0.569582 0.246943 0.783962
vn 0.569582 0.246943 0.783962
vn 0.569582 -0.246943 0.783962
vn 0.569582 -0.246943 0.783962
vn 0.425919 -0.689152 0.586227
vn 0.425919 -0.689152 0.586227
vn 0.159396 -0.962528 0.219390
vn 0.000000 0.962528 0.271181
vn 0.000000 0.689152 0.724617
vn 0.000000 0.689152 0.724617
vn 0.000000 0.246943 0.969030
vn 0.000000 0.246943 0.969030
vn 0.000000 -0.246943 0.969030
vn 0.000000 -0.246943 0.969030
vn 0.000000 -0.689152 0.724617
vn 0.000000 -0.689152 0.724617
vn 0.000000 -0.962528 0.271181
vn -0.159396 0.962528 0.219390
vn -0.425919 0.689152 0.586227
vn -0.425919 0.689152 0.586227
vn -0.569582 0.246943 0.783962
vn -0.569582 0.246943 0.783962
vn -0.569582 -0.246943 0.783962
vn -0.569582 -0.246943 0.783962
vn -0.425919 -0.689152 0.586227
vn -0.425919 -0.689152 0.586227
vn -0.159396 -0.962528 0.219390
vn -0.257909 0.962528 0.083800
vn -0.689152 0.689152 0.223919
vn -0.689152 0.689152 0.223919
vn -0.921602 0.246943 0.299447
vn -0.921602 0.246943 0.299447
vn -0.921602 -0.246943 0.299447
vn -0.921602 -0.246943 0.299447
vn -0.689152 -0.689152 0.223919
vn -0.689152 -0.689152 0.223919
vn -0.257909 -0.962528 0.083800
vn -0.257909 0.962528 -0.083800
vn -0.689152 0.689152 -0.223919
vn -0.689152 0.689152 -0.223919
vn -0.921602 0.246943 -0.299447
vn -0.921602 0.246943 -0.299447
vn -0.921602 -0.246943 -0.299447
vn -0.921602 -0.246943 -0.299447
vn -0.689152 -0.689152 -0.223919
vn -0.689152 -0.689152 -0.223919
vn -0.257909 -0.962528 -0.083800
vn -0.159396 0.962528 -0.219390
vn -0.425919 0.689152 -0.586227
vn -0.425919 0.689152 -0.586227
vn -0.569582 0.246943 -0.783962
vn -0.569582 0.246943 -0.783962
vn -0.569582 -0.246943 -0.783962
vn -0.569582 -0.246943 -0.783962
vn -0.425919 -0.689152 -0.586227
vn -0.425919 -0.689152 -0.586227
vn -0.159396 -0.962528 -0.219390
vn 0.000000 0.962528 -0.271181
vn 0.000000 0.689152 -0.724617
vn 0.000000 0.689152 -0.724617
vn 0.000000 0.246943 -0.969030
vn 0.000000 0.246943 -0.969030
vn 0.000000 -0.246943 -0.969030
vn 0.000000 -0.246943 -0.969030
vn 0.000000 -0.689152 -0.724617
vn 0.000000 -0.689152 -0.724617
vn 0.000000 -0.962528 -0.271181
vn 0.159396 0.962528 -0.219390
vn 0.425919 0.689152 -0.586227
vn 0.425919 0.689152 -0.586227
vn 0.569582 0.246943 -0.783962
vn 0.569582 0.246943 -0.783962
vn 0.569582 -0.246943 -0.783962
vn 0.569582 -0.246943 -0.783962
vn 0.425919 -0.689152 -0.586227
vn 0.425919 -0.689152 -0.586227
vn 0.159396 -0.962528 -0.219390
vn 0.257909 0.962528 -0.083800
vn 0.689152 0.689152 -0.223919
vn 0.689152 0.689152 -0.223919
vn 0.921602 0.246943 -0.299447
vn 0.921602 0.246943 -0.299447
vn 0.921602 -0.246943 -0.299447
vn 0.921602 -0.246943 -0.299447
vn 0.689152 -0.689152 -0.223919
vn 0.689152 -0.689152 -0.223919
vn 0.257909 -0.962528 -0.083800
vn 0.257909 0.962528 0.083800
vn 0.689152 0.689152 0.223919
vn 0.689152 0.689152 0.223919
vn 0.921602 0.246943 0.299447
vn 0.921602 0.246943 0.299447
vn 0.921602 -0.246943 0.299447
vn 0.921602 -0.246943 0.299447
vn 0.689152 -0.689152 0.223919
vn 0.689152 -0.689152 0.223919
vn 0.257909 -0.962528 0.083800
vn 0.159396 0.962528 0.219390
vn 0.425919 0.689152 0.586227
vn 0.425919 0.689152 0.586227
vn 0.569582 0.246943 0.783962
vn 0.569582 0.246943 0.783962
vn 0.569582 -0.246943 0.783962
vn 0.569582 -0.246943 0.783962
vn 0.425919 -0.689152 0.586227
vn 0.425919 -0.689152 0.586227
vn 0.159396 -0.962528 0.219390
vn 0.000000 0.962528 0.271181
vn 0.000000 0.689152 0.724617
vn 0.000000 0.689152 0.724617
vn 0.000000 0.246943 0.969030
vn 0.000000 0.246943 0.969030
vn 0.000000 -0.246943 0.969030
vn 0.000000 -0.246943 0.969030
vn 0.000000 -0.689152 0.724617
vn 0.000000 -0.689152 0.724617
vn 0.000000 -0.962528 0.271181
vn -0.159396 0.962528 0.219390
vn -0.425919 0.689152 0.586227
vn -0.425919 0.689152 0.586227
vn -0.569582 0.246943 0.783962
vn -0.569582 0.246943 0.783962
vn -0.569582 -0.246943 0.783962
vn -0.569582 -0.246943 0.783962
vn -0.425919 -0.689152 0.586227
vn -0.425919 -0.689152 0.586227
vn -0.159396 -0.962528 0.219390
vn -0.257909 0.962528 0.083800
vn -0.689152 0.689152 0.223919
vn -0.689152 0.689152 0.223919
vn -0.921602 0.246943 0.299447
vn -0.921602 0.246943 0.299447
vn -0.921602 -0.246943 0.299447
vn -0.921602 -0.246943 0.299447
vn -0.689152 -0.689152 0.223919
vn -0.689152 -0.689152 0.223919
vn -0.257909 -0.962528 0.083800
vn -0.257909 0.962528 -0.083800
vn -0.689152 0.689152 -0.223919
vn -0.689152 0.689152 -0.223919
vn -0.921602 0.246943 -0.299447
vn -0.921602 0.246943 -0.299447
vn -0.921602 -0.246943 -0.299447
vn -0.921602 -0.246943 -0.299447
vn -0.689152 -0.689152 -0.223919
vn -0.689152 -0.689152 -0.223919
vn -0.257909 -0.962528 -0.083800
vn -0.159396 0.962528 -0.219390
vn -0.425919 0.689152 -0.586227
vn -0.425919 0.689152 -0.586227
vn -0.569582 0.246943 -0.783962
vn -0.569582 0.246943 -0.783962
vn -0.569582 -0.246943 -0.783962
vn -0.569582 -0.246943 -0.783962
vn -0.425919 -0.689152 -0.586227
vn -0.425919 -0.689152 -0.586227
vn -0.159396 -0.962528 -0.219390
vn 0.000000 0.962528 -0.271181
vn 0.000000 0.689152 -0.724617
vn 0.000000 0.689152 -0.724617
vn 0.000000 0.246943 -0.969030
vn 0.000000 0.246943 -0.969030
vn 0.000000 -0.246943 -0.969030
vn 0.000000 -0.246943 -0.969030
vn 0.000000 -0.689152 -0.724617
vn 0.000000 -0.689152 -0.724617
vn 0.000000 -0.962528 -0.271181
vn 0.159396 0.962528 -0.219390
vn 0.425919 0.689152 -0.586227
vn 0.425919 0.689152 -0.586227
vn 0.569582 0.246943 -0.783962
vn 0.569582 0.246943 -0.783962
vn 0.569582 -0.246943 -0.783962
vn 0.569582 -0.246943 -0.783962
vn 0.425919 -0.689152 -0.586227
vn 0.425919 -0.689152 -0.586227
vn 0.159396 -0.962528 -0.219390
vn 0.257909 0.962528 -0.083800
vn 0.689152 0.689152 -0.223919
vn 0.689152 0.689152 -0.223919
vn 0.921602 0.246943 -0.299447
vn 0.921602 0.246943 -0.299447
vn 0.921602 -0.246943 -0.299447
vn 0.921602 -0.246943 -0.299447
vn 0.689152 -0.689152 -0.223919
vn 0.689152 -0.689152 -0.223919
vn 0.257909 -0.962528 -0.083800
vn 0.257909 0.962528 0.083800
vn 0.689152 0.689152 0.223919
vn 0.689152 0.689152 0.223919
vn 0.921602 0.246943 0.299447
vn 0.921602 0.246943 0.299447
vn 0.921602 -0.246943 0.299447
vn 0.921602 -0.246943 0.299447
vn 0.689152 -0.689152 0.223919
vn 0.689152 -0.689152 0.223919
vn 0.257909 -0.962528 0.083800
vn 0.159396 0.962528 0.219390
vn 0.425919 0.689152 0.586227
vn 0.425919 0.689152 0.586227
vn 0.569582 0.246943 0.783962
vn 0.569582 0.246943 0.783962
vn 0.569582 -0.246943 0.783962
vn 0.569582 -0.246943 0.783962
vn 0.425919 -0.689152 0.586227
vn 0.425919 -0.689152 0.586227
vn 0.159396 -0.962528 0.219390
vn 0.000000 0.962528 0.271181
vn 0.000000 0.689152 0.724617
vn 0.000000 0.689152 0.724617
vn 0.000000 0.246943 0.969030
vn 0.000000 0.246943 0.969030
vn 0.000000 -0.246943 0.969030
vn 0.000000 -0.246943 0.969030
vn 0.000000 -0.689152 0.724617
vn 0.000000 -0.689152 0.724617
vn 0.000000 -0.962528 0.271181
vn -0.159396 0.962528 0.219390
vn -0.425919 0.689152 0.586227
vn -0.425919 0.689152 0.586227
vn -0.569582 0.246943 0.783962
vn -0.569582 0.246943 0.783962
vn -0.569582 -0.246943 0.783962
vn -0.569582 -0.246943 0.783962
vn -0.425919 -0.689152 0.586227
vn -0.425919 -0.689152 0.586227
vn -0.159396 -0.962528 0.219390
vn -0.257909 0.962528 0.083800
vn -0.689152 0.689152 0.223919
vn -0.689152 0.689152 0.223919
vn -0.921602 0.246943 0.299447
vn -0.921602 0.246943 0.299447
vn -0.921602 -0.246943 0.299447
vn -0.921602 -0.246943 0.299447
vn -0.689152 -0.689152 0.223919
vn -0.689152 -0.689152 0.223919
vn -0.257909 -0.962528 0.083800
vn -0.257909 0.962528 -0.083800
vn -0.689152 0.689152 -0.223919
vn -0.689152 0.689152 -0.223919
vn -0.921602 0.246943 -0.299447
vn -0.921602 0.246943 -0.299447
vn -0.921602 -0.246943 -0.299447
vn -0.921602 -0.246943 -0.299447
vn -0.689152 -0.689152 -0.223919
vn -0.689152 -0.689152 -0.223919
vn -0.257909 -0.962528 -0.083800
vn -0.159396 0.962528 -0.219390
vn -0.425919 0.689152 -0.586227
vn -0.425919 0.689152 -0.586227
vn -0.569582 0.246943 -0.783962
vn -0.569582 0.246943 -0.783962
vn -0.569582 -0.246943 -0.783962
vn -0.569582 -0.246943 -0.783962
vn -0.425919 -0.689152 -0.586227
vn -0.425919 -0.689152 -0.586227
vn -0.159396 -0.962528 -0.219390
vn 0.000000 0.962528 -0.271181
vn 0.000000 0.689152 -0.724617
vn 0.000000 0.689152 -0.724617
vn 0.000000 0.246943 -0.969030
vn 0.000000 0.246943 -0.969030
vn 0.000000 -0.246943 -0.969030
vn 0.000000 -0.246943 -0.969030
vn 0.000000 -0.689152 -0.724617
vn 0.000000 -0.689152 -0.724617
vn 0.000000 -0.962528 -0.271181
vn 0.159396 0.962528 -0.219390
vn 0.425919 0.689152 -0.586227
vn 0.425919 0.689152 -0.586227
vn 0.569582 0.246943 -0.783962
vn 0.569582 0.246943 -0.783962
vn 0.569582 -0.246943 -0.783962
vn 0.569582 -0.246943 -0.783962
vn 0.425919 -0.689152 -0.586227
vn 0.425919 -0.689152 -0.586227
vn 0.159396 -0.962528 -0.219390
vn 0.257909 0.962528 -0.083800
vn 0.689152 0.689152 -0.223919
vn 0.689152 0.689152 -0.223919
vn 0.921602 0.246943 -0.299447
vn 0.921602 0.246943 -0.299447
vn 0.921602 -0.246943 -0.299447
vn 0.921602 -0.246943 -0.299447
vn 0.689152 -0.689152 -0.223919
vn 0.689152 -0.689152 -0.223919
vn 0.257909 -0.962528 -0.083800
vn 0.257909 0.962528 0.083800
vn 0.689152 0.689152 0.223919
vn 0.689152 0.689152 0.223919
vn 0.921602 0.246943 0.299447
vn 0.921602 0.246943 0.299447
vn 0.921602 -0.246943 0.299447
vn 0.921602 -0.246943 0.299447
vn 0.689152 -0.689152 0.223919
vn 0.689152 -0.689152 0.223919
vn 0.257909 -0.962528 0.083800
vn 0.159396 0.962528 0.219390
vn 0.425919 0.689152 0.586227
vn 0.425919 0.689152 0.586227
vn 0.569582 0.246943 0.783962
vn 0.569582 0.246943 0.783962
vn 0.569582 -0.246943 0.783962
vn 0.569582 -0.246943 0.783962
vn 0.425919 -0.689152 0.586227
vn 0.425919 -0.689152 0.586227
vn 0.159396 -0.962528 0.219390
vn 0.000000 0.962528 0.271181
vn 0.000000 0.689152 0.724617
vn 0.000000 0.689152 0.724617
vn 0.000000 0.246943 0.969030
vn 0.000000 0.246943 0.969030
vn 0.000000 -0.246943 0.969030
vn 0.000000 -0.246943 0.969030
vn 0.000000 -0.689152 0.724617
vn 0.000000 -0.689152 0.724617
vn 0.000000 -0.962528 0.271181
vn -0.159396 0.962528 0.219390
vn -0.425919 0.689152 0.586227
vn -0.425919 0.689152 0.586227
vn -0.569582 0.246943 0.783962
vn -0.569582 0.246943 0.783962
vn -0.569582 -0.246943 0.783962
vn -0.569582 -0.246943 0.783962
vn -0.425919 -0.689152 0.586227
vn -0.425919 -0.689152 0.586227
vn -0.159396 -0.962528 0.219390
vn -0.257909 0.962528 0.083800
vn -0.689152 0.689152 0.223919
vn -0.689152 0.689152 0.223919
vn -0.921602 0.246943 0.299447
vn -0.921602 0.246943 0.299447
vn -0.921602 -0.246943 0.299447
vn -0.921602 -0.246943 0.299447
vn -0.689152 -0.689152 0.223919
vn -0.689152 -0.689152 0.223919
vn -0.257909 -0.962528 0.083800
vn -0.257909 0.962528 -0.083800
vn -0.689152 0.689152 -0.223919
vn -0.689152 0.689152 -0.223919
vn -0.921602 0.246943 -0.299447
vn -0.921602 0.246943 -0.299447
vn -0.921602 -0.246943 -0.299447
vn -0.921602 -0.246943 -0.299447
vn -0.689152 -0.689152 -0.223919
vn -0.689152 -0.689152 -0.223919
vn -0.257909 -0.962528 -0.083800
vn -0.159396 0.962528 -0.219390
vn -0.425919 0.689152 -0.586227
vn -0.425919 0.689152 -0.586227
vn -0.569582 0.246943 -0.783962
vn -0.569582 0.246943 -0.783962
vn -0.569582 -0.246943 -0.783962
vn -0.569582 -0.246943 -0.783962
vn -0.425919 -0.689152 -0.586227
vn -0.425919 -0.689152 -0.586227
vn -0.159396 -0.962528 -0.219390
vn 0.000000 0.962528 -0.271181
vn 0.000000 0.689152 -0.724617
vn -0.000000 0.689152 -0.724617
vn -0.000000 0.246943 -0.969030
vn 0.000000 0.246943 -0.969030
vn 0.000000 -0.246943 -0.969030
vn 0.000000 -0.246943 -0.969030
vn 0.000000 -0.689152 -0.724617
vn 0.000000 -0.689152 -0.724617
vn 0.000000 -0.962528 -0.271181
vn 0.159396 0.962528 -0.219390
vn 0.425919 0.689152 -0.586227
vn 0.425919 0.689152 -0.586227
vn 0.569582 0.246943 -0.783962
vn 0.569582 0.246943 -0.783962
vn 0.569582 -0.246943 -0.783962
vn 0.569582 -0.246943 -0.783962
vn 0.425919 -0.689152 -0.586227
vn 0.425919 -0.689152 -0.586227
vn 0.159396 -0.962528 -0.219390
vn 0.257909 0.962528 -0.083800
vn 0.689152 0.689152 -0.223919
vn 0.689152 0.689152 -0.223919
vn 0.921602 0.246943 -0.299447
vn 0.921602 0.246943 -0.299447
vn 0.921602 -0.246943 -0.299447
vn 0.921602 -0.246943 -0.299447
vn 0.689152 -0.689152 -0.223919
vn 0.689152 -0.689152 -0.223919
vn 0.257909 -0.962528 -0.083800
vn 0.257909 0.962528 0.083800
vn 0.689152 0.689152 0.223919
vn 0.689152 0.689152 0.223919
vn 0.921602 0.246943 0.299447
vn 0.921602 0.246943 0.299447
vn 0.921602 -0.246943 0.299447
vn 0.921602 -0.246943 0.299447
vn 0.689152 -0.689152 0.223919
vn 0.689152 -0.689152 0.223919
vn 0.257909 -0.962528 0.083800
vn 0.159396 0.962528 0.219390
vn 0.425919 0.689152 0.586227
vn 0.425919 0.689152 0.586227
vn 0.569582 0.246943 0.783962
vn 0.569582 0.246943 0.783962
vn 0.569582 -0.246943 0.783962
vn 0.569582 -0.246943 0.783962
vn 0.425919 -0.689152 0.586227
vn 0.425919 -0.689152 0.586227
vn 0.159396 -0.962528 0.219390
vn 0.000000 0.962528 0.271181
vn 0.000000 0.689152 0.724617
vn 0.000000 0.689152 0.724617
vn 0.000000 0.246943 0.969030
vn 0.000000 0.246943 0.969030
vn 0.000000 -0.246943 0.969030
vn 0.000000 -0.246943 0.969030
vn 0.000000 -0.689152 0.724617
vn 0.000000 -0.689152 0.724617
vn 0.000000 -0.962528 0.271181
vn -0.159396 0.962528 0.219390
vn -0.425919 0.689152 0.586227
vn -0.425919 0.689152 0.586227
vn -0.569582 0.246943 0.783962
vn -0.569582 0.246943 0.783962
vn -0.569582 -0.246943 0.783962
vn -0.569582 -0.246943 0.783962
vn -0.425919 -0.689152 0.586227
vn -0.425919 -0.689152 0.586227
vn -0.159396 -0.962528 0.219390
vn -0.257909 0.962528 0.083800
vn -0.689152 0.689152 0.223919
vn -0.689152 0.689152 0.223919
vn -0.921602 0.246943 0.299447
vn -0.921602 0.246943 0.299447
vn -0.921602 -0.246943 0.299447
vn -0.921602 -0.246943 0.299447
vn -0.689152 -0.689152 0.223919
vn -0.689152 -0.689152 0.223919
vn -0.257909 -0.962528 0.083800
vn -0.257909 0.962528 -0.083800
vn -0.689152 0.689152 -0.223919
vn -0.689152 0.689152 -0.223919
vn -0.921602 0.246943 -0.299447
vn -0.921602 0.246943 -0.299447
vn -0.921602 -0.246943 -0.299447
vn -0.921602 -0.246943 -0.299447
vn -0.689152 -0.689152 -0.223919
vn -0.689152 -0.689152 -0.223919
vn -0.257909 -0.962528 -0.083800
vn -0.159396 0.962528 -0.219390
vn -0.425919 0.689152 -0.586227
vn -0.425919 0.689152 -0.586227
vn -0.569582 0.246943 -0.783962
vn -0.569582 0.246943 -0.783962
vn -0.569582 -0.246943 -0.783962
vn -0.569582 -0.246943 -0.783962
vn -0.425919 -0.689152 -0.586227
vn -0.425919 -0.689152 -0.586227
vn -0.159396 -0.962528 -0.219390
vn 0.000000 0.962528 -0.271181
vn 0.000000 0.689152 -0.724617
vn -0.000000 0.689152 -0.724617
vn -0.000000 0.246943 -0.969030
vn 0.000000 0.246943 -0.969030
vn 0.000000 -0.246943 -0.969030
vn 0.000000 -0.246943 -0.969030
vn 0.000000 -0.689152 -0.724617
vn 0.000000 -0.689152 -0.724617
vn 0.000000 -0.962528 -0.271181
vn 0.159396 0.962528 -0.219390
vn 0.425919 0.689152 -0.586227
vn 0.425919 0.689152 -0.586227
vn 0.569582 0.246943 -0.783962
vn 0.569582 0.246943 -0.783962
vn 0.569582 -0.246943 -0.783962
vn 0.569582 -0.246943 -0.783962
vn 0.425919 -0.689152 -0.586227
vn 0.425919 -0.689152 -0.586227
vn 0.159396 -0.962528 -0.219390
vn 0.257909 0.962528 -0.083800
vn 0.689152 0.689152 -0.223919
vn 0.689152 0.689152 -0.223919
vn 0.921602 0.246943 -0.299447
vn 0.921602 0.246943 -0.299447
vn 0.921602 -0.246943 -0.299447
vn 0.921602 -0.246943 -0.299447
vn 0.689152 -0.689152 -0.223919
vn 0.689152 -0.689152 -0.223919
vn 0.257909 -0.962528 -0.083800
vn 0.257909 0.962528 0.083800
vn 0.689152 0.689152 0.223919
vn 0.689152 0.689152 0.223919
vn 0.921602 0.246943 0.299447
vn 0.921602 0.246943 0.299447
vn 0.921602 -0.246943 0.299447
vn 0.921602 -0.246943 0.299447
vn 0.689152 -0.689152 0.223919
vn 0.689152 -0.689152 0.223919
vn 0.257909 -0.962528 0.083800
vn 0.159396 0.962528 0.219390
vn 0.425919 0.689152 0.586227
vn 0.425919 0.689152 0.586227
vn 0.569582 0.246943 0.783962
vn 0.569582 0.246943 0.783962
vn 0.569582 -0.246943 0.783962
vn 0.569582 -0.246943 0.783962
vn 0.425919 -0.689152 0.586227
vn 0.425919 -0.689152 0.586227
vn 0.159396 -0.962528 0.219390
vn 0.000000 0.962528 0.271181
vn 0.000000 0.689152 0.724617
vn 0.000000 0.689152 0.724617
vn 0.000000 0.246943 0.969030
vn 0.000000 0.246943 0.969030
vn 0.000000 -0.246943 0.969030
vn 0.000000 -0.246943 0.969030
vn 0.000000 -0.689152 0.724617
vn 0.000000 -0.689152 0.724617
vn 0.000000 -0.962528 0.271181
vn -0.159396 0.962528 0.219390
vn -0.425919 0.689152 0.586227
vn -0.425919 0.689152 0.586227
vn -0.569582 0.246943 0.783962
vn -0.569582 0.246943 0.783962
vn -0.569582 -0.246943 0.783962
vn -0.569582 -0.246943 0.783962
vn -0.425919 -0.689152 0.586227
vn -0.425919 -0.689152 0.586227
vn -0.159396 -0.962528 0.219390
vn -0.257909 0.962528 0.083800
vn -0.689152 0.689152 0.223919
vn -0.689152 0.689152 0.223919
vn -0.921602 0.246943 0.299447
vn -0.921602 0.246943 0.299447
vn -0.921602 -0.246943 0.299447
vn -0.921602 -0.246943 0.299447
vn -0.689152 -0.689152 0.223919
vn -0.689152 -0.689152 0.223919
vn -0.257909 -0.962528 0.083800
vn -0.257909 0.962528 -0.083800
vn -0.689152 0.689152 -0.223919
vn -0.689152 0.689152 -0.223919
vn -0.921602 0.246943 -0.299447
vn -0.921602 0.246943 -0.299447
vn -0.921602 -0.246943 -0.299447
vn -0.921602 -0.246943 -0.299447
vn -0.689152 -0.689152 -0.223919
vn -0.689152 -0.689152 -0.223919
vn -0.257909 -0.962528 -0.083800
vn -0.159396 0.962528 -0.219390
vn -0.425919 0.689152 -0.586227
vn -0.425919 0.689152 -0.586227
vn -0.569582 0.246943 -0.783962
vn -0.569582 0.246943 -0.783962
vn -0.569582 -0.246943 -0.783962
vn -0.569582 -0.246943 -0.783962
vn -0.425919 -0.689152 -0.586227
vn -0.425919 -0.689152 -0.586227
vn -0.159396 -0.962528 -0.219390
vn -0.000000 0.962528 -0.271181
vn -0.000000 0.689152 -0.724617
vn -0.000000 0.689152 -0.724617
vn -0.000000 0.246943 -0.969030
vn -0.000000 0.246943 -0.969030
vn -0.000000 -0.246943 -0.969030
vn 0.000000 -0.246943 -0.969030
vn 0.000000 -0.689152 -0.724617
vn 0.000000 -0.689152 -0.724617
vn 0.000000 -0.962528 -0.271181
vn 0.159396 0.962528 -0.219390
vn 0.425919 0.689152 -0.586227
vn 0.425919 0.689152 -0.586227
vn 0.569582 0.246943 -0.783962
vn 0.569582 0.246943 -0.783962
vn 0.569582 -0.246943 -0.783962
vn 0.569582 -0.246943 -0.783962
vn 0.425919 -0.689152 -0.586227
vn 0.425919 -0.689152 -0.586227
vn 0.159396 -0.962528 -0.219390
vn 0.257909 0.962528 -0.083800
vn 0.689152 0.689152 -0.223919
vn 0.689152 0.689152 -0.223919
vn 0.921602 0.246943 -0.299447
vn 0.921602 0.246943 -0.299447
vn 0.921602 -0.246943 -0.299447
vn 0.921602 -0.246943 -0.299447
vn 0.689152 -0.689152 -0.223919
vn 0.689152 -0.689152 -0.223919
vn 0.257909 -0.962528 -0.083800
vn 0.257909 0.962528 0.083800
vn 0.689152 0.689152 0.223919
vn 0.689152 0.689152 0.223919
vn 0.921602 0.246943 0.299447
vn 0.921602 0.246943 0.299447
vn 0.921602 -0.246943 0.299447
vn 0.921602 -0.246943 0.299447
vn 0.689152 -0.689152 0.223919
vn 0.689152 -0.689152 0.223919
vn 0.257909 -0.962528 0.083800
vn 0.159396 0.962528 0.219390
vn 0.425919 0.689152 0.586227
vn 0.425919 0.689152 0.586227
vn 0.569582 0.246943 0.783962
vn 0.569582 0.246943 0.783962
vn 0.569582 -0.246943 0.783962
vn 0.569582 -0.246943 0.783962
vn 0.425919 -0.689152 0.586227
vn 0.425919 -0.689152 0.586227
vn 0.159396 -0.962528 0.219390
vn 0.000000 0.962528 0.271181
vn 0.000000 0.689152 0.724617
vn 0.000000 0.689152 0.724617
vn 0.000000 0.246943 0.969030
vn 0.000000 0.246943 0.969030
vn 0.000000 -0.246943 0.969030
vn 0.000000 -0.246943 0.969030
vn 0.000000 -0.689152 0.724617
vn 0.000000 -0.689152 0.724617
vn 0.000000 -0.962528 0.271181
vn -0.159396 0.962528 0.219390
vn -0.425919 0.689152 0.586227
vn -0.425919 0.689152 0.586227
vn -0.569582 0.246943 0.783962
vn -0.569582 0.246943 0.783962
vn -0.569582 -0.246943 0.783962
vn -0.569582 -0.246943 0.783962
vn -0.425919 -0.689152 0.586227
vn -0.425919 -0.689152 0.586227
vn -0.159396 -0.962528 0.219390
vn -0.257909 0.962528 0.083800
vn -0.689152 0.689152 0.223919
vn -0.689152 0.689152 0.223919
vn -0.921602 0.246943 0.299447
vn -0.921602 0.246943 0.299447
vn -0.921602 -0.246943 0.299447
vn -0.921602 -0.246943 0.299447
vn -0.689152 -0.689152 0.223919
vn -0.689152 -0.689152 0.223919
vn -0.257909 -0.962528 0.083800
vn -0.257909 0.962528 -0.083800
vn -0.689152 0.689152 -0.223919
vn -0.689152 0.689152 -0.223919
vn -0.921602 0.246943 -0.299447
vn -0.921602 0.246943 -0.299447
vn -0.921602 -0.246943 -0.299447
vn -0.921602 -0.246943 -0.299447
vn -0.689152 -0.689152 -0.223919
vn -0.689152 -0.689152 -0.223919
vn -0.257909 -0.962528 -0.083800
vn -0.159396 0.962528 -0.219390
vn -0.425919 0.689152 -0.586227
vn -0.425919 0.689152 -0.586227
vn -0.569582 0.246943 -0.783962
vn -0.569582 0.246943 -0.783962
vn -0.569582 -0.246943 -0.783962
vn -0.569582 -0.246943 -0.783962
vn -0.425919 -0.689152 -0.586227
vn -0.425919 -0.689152 -0.586227
vn -0.159396 -0.962528 -0.219390
vn 0.000000 0.962528 -0.271181
vn -0.000000 0.689152 -0.724617
vn -0.000000 0.689152 -0.724617
vn -0.000000 0.246943 -0.969030
vn -0.000000 0.246943 -0.969030
vn -0.000000 -0.246943 -0.969030
vn 0.000000 -0.246943 -0.969030
vn 0.000000 -0.689152 -0.724617
vn -0.000000 -0.689152 -0.724617
vn -0.000000 -0.962528 -0.271181
vn 0.159396 0.962528 -0.219390
vn 0.425919 0.689152 -0.586227
vn 0.425919 0.689152 -0.586227
vn 0.569582 0.246943 -0.783962
vn 0.569582 0.246943 -0.783962
vn 0.569582 -0.246943 -0.783962
vn 0.569582 -0.246943 -0.783962
vn 0.425919 -0.689152 -0.586227
vn 0.425919 -0.689152 -0.586227
vn 0.159396 -0.962528 -0.219390
vn 0.257909 0.962528 -0.083800
vn 0.689152 0.689152 -0.223919
vn 0.689152 0.689152 -0.223919
vn 0.921602 0.246943 -0.299447
vn 0.921602 0.246943 -0.299447
vn 0.921602 -0.246943 -0.299447
vn 0.921602 -0.246943 -0.299447
vn 0.689152 -0.689152 -0.223919
vn 0.689152 -0.689152 -0.223919
vn 0.257909 -0.962528 -0.083800
vn 0.257909 0.962528 0.083800
vn 0.689152 0.689152 0.223919
vn 0.689152 0.689152 0.223919
vn 0.921602 0.246943 0.299447
vn 0.921602 0.246943 0.299447
vn 0.921602 -0.246943 0.299447
vn 0.921602 -0.246943 0.299447
vn 0.689152 -0.689152 0.223919
vn 0.689152 -0.689152 0.223919
vn 0.257909 -0.962528 0.083800
vn 0.159396 0.962528 0.219390
vn 0.425919 0.689152 0.586227
vn 0.425919 0.689152 0.586227
vn 0.569582 0.246943 0.783962
vn 0.569582 0.246943 0.783962
vn 0.569582 -0.246943 0.783962
vn 0.569582 -0.246943 0.783962
vn 0.425919 -0.689152 0.586227
vn 0.425919 -0.689152 0.586227
vn 0.159396 -0.962528 0.219390
vn 0.000000 0.962528 0.271181
vn 0.000000 0.689152 0.724617
vn 0.000000 0.689152 0.724617
vn 0.000000 0.246943 0.969030
vn 0.000000 0.246943 0.969030
vn 0.000000 -0.246943 0.969030
vn 0.000000 -0.246943 0.969030
vn 0.000000 -0.689152 0.724617
vn 0.000000 -0.689152 0.724617
vn 0.000000 -0.962528 0.271181
vn -0.159396 0.962528 0.219390
vn -0.425919 0.689152 0.586227
vn -0.425919 0.689152 0.586227
vn -0.569582 0.246943 0.783962
vn -0.569582 0.246943 0.783962
vn -0.569582 -0.246943 0.783962
vn -0.569582 -0.246943 0.783962
vn -0.425919 -0.689152 0.586227
vn -0.425919 -0.689152 0.586227
vn -0.159396 -0.962528 0.219390
vn -0.257909 0.962528 0.083800
vn -0.689152 0.689152 0.223919
vn -0.689152 0.689152 0.223919
vn -0.921602 0.246943 0.299447
vn -0.921602 0.246943 0.299447
vn -0.921602 -0.246943 0.299447
vn -0.921602 -0.246943 0.299447
vn -0.689152 -0.689152 0.223919
vn -0.689152 -0.689152 0.223919
vn -0.257909 -0.962528 0.083800
vn -0.257909 0.962528 -0.083800
vn -0.689152 0.689152 -0.223919
vn -0.689152 0.689152 -0.223919
vn -0.921602 0.246943 -0.299447
vn -0.921602 0.246943 -0.299447
vn -0.921602 -0.246943 -0.299447
vn -0.921602 -0.246943 -0.299447
vn -0.689152 -0.689152 -0.223919
vn -0.689152 -0.689152 -0.223919
vn -0.257909 -0.962528 -0.083800
vn -0.159396 0.962528 -0.219390
vn -0.425919 0.689152 -0.586227
vn -0.425919 0.689152 -0.586227
vn -0.569582 0.246943 -0.783962
vn -0.569582 0.246943 -0.783962
vn -0.569582 -0.246943 -0.783962
vn -0.569582 -0.246943 -0.783962
vn -0.425919 -0.689152 -0.586227
vn -0.425919 -0.689152 -0.586227
vn -0.159396 -0.962528 -0.219390
vn 0.000000 0.962528 -0.271181
vn 0.000000 0.689152 -0.724617
vn 0.000000 0.689152 -0.724617
vn 0.000000 0.246943 -0.969030
vn 0.000000 0.246943 -0.969030
vn 0.000000 -0.246943 -0.969030
vn 0.000000 -0.246943 -0.969030
vn 0.000000 -0.689152 -0.724617
vn 0.000000 -0.689152 -0.724617
vn 0.000000 -0.962528 -0.271181
vn 0.159396 0.962528 -0.219390
vn 0.425919 0.689152 -0.586227
vn 0.425919 0.689152 -0.586227
vn 0.569582 0.246943 -0.783962
vn 0.569582 0.246943 -0.783962
vn 0.569582 -0.246943 -0.783962
vn 0.569582 -0.246943 -0.783962
vn 0.425919 -0.689152 -0.586227
vn 0.425919 -0.689152 -0.586227
vn 0.159396 -0.962528 -0.219390
vn 0.257909 0.962528 -0.083800
vn 0.689152 0.689152 -0.223919
vn 0.689152 0.689152 -0.223919
vn 0.921602 0.246943 -0.299447
vn 0.921602 0.246943 -0.299447
vn 0.921602 -0.246943 -0.299447
vn 0.921602 -0.246943 -0.299447
vn 0.689152 -0.689152 -0.223919
vn 0.689152 -0.689152 -0.223919
vn 0.257909 -0.962528 -0.083800
vn 0.257909 0.962528 0.083800
vn 0.689152 0.689152 0.223919
vn 0.689152 0.689152 0.223919
vn 0.921602 0.246943 0.299447
vn 0.921602 0.246943 0.299447
vn 0.921602 -0.246943 0.299447
vn 0.921602 -0.246943 0.299447
vn 0.689152 -0.689152 0.223919
vn 0.689152 -0.689152 0.223919
vn 0.257909 -0.962528 0.083800
vn 0.159396 0.962528 0.219390
vn 0.425919 0.689152 0.586227
vn 0.425919 0.689152 0.586227
vn 0.569582 0.246943 0.783962
vn 0.569582 0.246943 0.783962
vn 0.569582 -0.246943 0.783962
vn 0.569582 -0.246943 0.783962
vn 0.425919 -0.689152 0.586227
vn 0.425919 -0.689152 0.586227
vn 0.159396 -0.962528 0.219390
vn 0.000000 0.962528 0.271181
vn 0.000000 0.689152 0.724617
vn 0.000000 0.689152 0.724617
vn 0.000000 0.246943 0.969030
vn 0.000000 0.246943 0.969030
vn 0.000000 -0.246943 0.969030
vn 0.000000 -0.246943 0.969030
vn 0.000000 -0.689152 0.724617
vn 0.000000 -0.689152 0.724617
vn 0.000000 -0.962528 0.271181
vn -0.159396 0.962528 0.219390
vn -0.425919 0.689152 0.586227
vn -0.425919 0.689152 0.586227
vn -0.569582 0.246943 0.783962
vn -0.569582 0.246943 0.783962
vn -0.569582 -0.246943 0.783962
vn -0.569582 -0.246943 0.783962
vn -0.425919 -0.689152 0.586227
vn -0.425919 -0.689152 0.586227
vn -0.159396 -0.962528 0.219390
vn -0.257909 0.962528 0.083800
vn -0.689152 0.689152 0.223919
vn -0.689152 0.689152 0.223919
vn -0.921602 0.246943 0.299447
vn -0.921602 0.246943 0.299447
vn -0.921602 -0.246943 0.299447
vn -0.921602 -0.246943 0.299447
vn -0.689152 -0.689152 0.223919
vn -0.689152 -0.689152 0.223919
vn -0.257909 -0.962528 0.083800
vn -0.257909 0.962528 -0.083800
vn -0.689152 0.689152 -0.223919
vn -0.689152 0.689152 -0.223919
vn -0.921602 0.246943 -0.299447
vn -0.921602 0.246943 -0.299447
vn -0.921602 -0.246943 -0.299447
vn -0.921602 -0.246943 -0.299447
vn -0.689152 -0.689152 -0.223919
vn -0.689152 -0.689152 -0.223919
vn -0.257909 -0.962528 -0.083800
vn -0.159396 0.962528 -0.219390
vn -0.425919 0.689152 -0.586227
vn -0.425919 0.689152 -0.586227
vn -0.569582 0.246943 -0.783962
vn -0.569582 0.246943 -0.783962
vn -0.569582 -0.246943 -0.783962
vn -0.569582 -0.246943 -0.783962
vn -0.425919 -0.689152 -0.586227
vn -0.425919 -0.689152 -0.586227
vn -0.159396 -0.962528 -0.219390
vn 0.000000 0.962528 -0.271181
vn 0.000000 0.689152 -0.724617
vn 0.000000 0.689152 -0.724617
vn 0.000000 0.246943 -0.969030
vn 0.000000 0.246943 -0.969030
vn 0.000000 -0.246943 -0.969030
vn 0.000000 -0.246943 -0.969030
vn 0.000000 -0.689152 -0.724617
vn 0.000000 -0.689152 -0.724617
vn 0.000000 -0.962528 -0.271181
vn 0.159396 0.962528 -0.219390
vn 0.425919 0.689152 -0.586227
vn 0.425919 0.689152 -0.586227
vn 0.569582 0.246943 -0.783962
vn 0.569582 0.246943 -0.783962
vn 0.569582 -0.246943 -0.783962
vn 0.569582 -0.246943 -0.783962
vn 0.425919 -0.689152 -0.586227
vn 0.425919 -0.689152 -0.586227
vn 0.159396 -0.962528 -0.219390
vn 0.257909 0.962528 -0.083800
vn 0.689152 0.689152 -0.223919
vn 0.689152 0.689152 -0.223919
vn 0.921602 0.246943 -0.299447
vn 0.921602 0.246943 -0.299447
vn 0.921602 -0.246943 -0.299447
vn 0.921602 -0.246943 -0.299447
vn 0.689152 -0.689152 -0.223919
vn 0.689152 -0.689152 -0.223919
vn 0.257909 -0.962528 -0.083800
vn 0.257909 0.962528 0.083800
vn 0.689152 0.689152 0.223919
vn 0.689152 0.689152 0.223919
vn 0.921602 0.246943 0.299447
vn 0.921602 0.246943 0.299447
vn 0.921602 -0.246943 0.299447
vn 0.921602 -0.246943 0.299447
vn 0.689152 -0.689152 0.223919
vn 0.689152 -0.689152 0.223919
vn 0.257909 -0.962528 0.083800
vn 0.159396 0.962528 0.219390
vn 0.425919 0.689152 0.586227
vn 0.425919 0.689152 0.586227
vn 0.569582 0.246943 0.783962
vn 0.569582 0.246943 0.783962
vn 0.569582 -0.246943 0.783962
vn 0.569582 -0.246943 0.783962
vn 0.425919 -0.689152 0.586227
vn 0.425919 -0.689152 0.586227
vn 0.159396 -0.962528 0.219390
vn 0.000000 0.962528 0.271181
vn 0.000000 0.689152 0.724617
vn 0.000000 0.689152 0.724617
vn 0.000000 0.246943 0.969030
vn 0.000000 0.246943 0.969030
vn 0.000000 -0.246943 0.969030
vn 0.000000 -0.246943 0.969030
vn 0.000000 -0.689152 0.724617
vn 0.000000 -0.689152 0.724617
vn 0.000000 -0.962528 0.271181
vn -0.159396 0.962528 0.219390
vn -0.425919 0.689152 0.586227
vn -0.425919 0.689152 0.586227
vn -0.569582 0.246943 0.783962
vn -0.569582 0.246943 0.783962
vn -0.569582 -0.246943 0.783962
vn -0.569582 -0.246943 0.783962
vn -0.425919 -0.689152 0.586227
vn -0.425919 -0.689152 0.586227
vn -0.159396 -0.962528 0.219390
vn -0.257909 0.962528 0.083800
vn -0.689152 0.689152 0.223919
vn -0.689152 0.689152 0.223919
vn -0.921602 0.246943 0.299447
vn -0.921602 0.246943 0.299447
vn -0.921602 -0.246943 0.299447
vn -0.921602 -0.246943 0.299447
vn -0.689152 -0.689152 0.223919
vn -0.689152 -0.689152 0.223919
vn -0.257909 -0.962528 0.083800
vn -0.257909 0.962528 -0.083800
vn -0.689152 0.689152 -0.223919
vn -0.689152 0.689152 -0.223919
vn -0.921602 0.246943 -0.299447
vn -0.921602 0.246943 -0.299447
vn -0.921602 -0.246943 -0.299447
vn -0.921602 -0.246943 -0.299447
vn -0.689152 -0.689152 -0.223919
vn -0.689152 -0.689152 -0.223919
vn -0.257909 -0.962528 -0.083800
vn -0.159396 0.962528 -0.219390
vn -0.425919 0.689152 -0.586227
vn -0.425919 0.689152 -0.586227
vn -0.569582 0.246943 -0.783962
vn -0.569582 0.246943 -0.783962
vn -0.569582 -0.246943 -0.783962
vn -0.569582 -0.246943 -0.783962
vn -0.425919 -0.689152 -0.586227
vn -0.425919 -0.689152 -0.586227
vn -0.159396 -0.962528 -0.219390
vn 0.000000 0.962528 -0.271181
vn 0.000000 0.689152 -0.724617
vn 0.000000 0.689152 -0.724617
vn 0.000000 0.246943 -0.969030
vn 0.000000 0.246943 -0.969030
vn 0.000000 -0.246943 -0.969030
vn 0.000000 -0.246943 -0.969030
vn 0.000000 -0.689152 -0.724617
vn 0.000000 -0.689152 -0.724617
vn 0.000000 -0.962528 -0.271181
vn 0.159396 0.962528 -0.219390
vn 0.425919 0.689152 -0.586227
vn 0.425919 0.689152 -0.586227
vn 0.569582 0.246943 -0.783962
vn 0.569582 0.246943 -0.783962
vn 0.569582 -0.246943 -0.783962
vn 0.569582 -0.246943 -0.783962
vn 0.425919 -0.689152 -0.586227
vn 0.425919 -0.689152 -0.586227
vn 0.159396 -0.962528 -0.219390
vn 0.257909 0.962528 -0.083800
vn 0.689152 0.689152 -0.223919
vn 0.689152 0.689152 -0.223919
vn 0.921602 0.246943 -0.299447
vn 0.921602 0.246943 -0.299447
vn 0.921602 -0.246943 -0.299447
vn 0.921602 -0.246943 -0.299447
vn 0.689152 -0.689152 -0.223919
vn 0.689152 -0.689152 -0.223919
vn 0.257909 -0.962528 -0.083800
vn 0.257909 0.962528 0.083800
vn 0.689152 0.689152 0.223919
vn 0.689152 0.689152 0.223919
vn 0.921602 0.246943 0.299447
vn 0.921602 0.246943 0.299447
vn 0.921602 -0.246943 0.299447
vn 0.921602 -0.246943 0.299447
vn 0.689152 -0.689152 0.223919
vn 0.689152 -0.689152 0.223919
vn 0.257909 -0.962528 0.083800
vn 0.159396 0.962528 0.219390
vn 0.425919 0.689152 0.586227
vn 0.425919 0.689152 0.586227
vn 0.569582 0.246943 0.783962
vn 0.569582 0.246943 0.783962
vn 0.569582 -0.246943 0.783962
vn 0.569582 -0.246943 0.783962
vn 0.425919 -0.689152 0.586227
vn 0.425919 -0.689152 0.586227
vn 0.159396 -0.962528 0.219390
vn 0.000000 0.962528 0.271181
vn 0.000000 0.689152 0.724617
vn 0.000000 0.689152 0.724617
vn 0.000000 0.246943 0.969030
vn 0.000000 0.246943 0.969030
vn 0.000000 -0.246943 0.969030
vn 0.000000 -0.246943 0.969030
vn 0.000000 -0.689152 0.724617
vn 0.000000 -0.689152 0.724617
vn 0.000000 -0.962528 0.271181
vn -0.159396 0.962528 0.219390
vn -0.425919 0.689152 0.586227
vn -0.425919 0.689152 0.586227
vn -0.569582 0.246943 0.783962
vn -0.569582 0.246943 0.783962
vn -0.569582 -0.246943 0.783962
vn -0.569582 -0.246943 0.783962
vn -0.425919 -0.689152 0.586227
vn -0.425919 -0.689152 0.586227
vn -0.159396 -0.962528 0.219390
vn -0.257909 0.962528 0.083800
vn -0.689152 0.689152 0.223919
vn -0.689152 0.689152 0.223919
vn -0.921602 0.246943 0.299447
vn -0.921602 0.246943 0.299447
vn -0.921602 -0.246943 0.299447
vn -0.921602 -0.246943 0.299447
vn -0.689152 -0.689152 0.223919
vn -0.689152 -0.689152 0.223919
vn -0.257909 -0.962528 0.083800
vn -0.257909 0.962528 -0.083800
vn -0.689152 0.689152 -0.223919
vn -0.689152 0.689152 -0.223919
vn -0.921602 0.246943 -0.299447
vn -0.921602 0.246943 -0.299447
vn -0.921602 -0.246943 -0.299447
vn -0.921602 -0.246943 -0.299447
vn -0.689152 -0.689152 -0.223919
vn -0.689152 -0.689152 -0.223919
vn -0.257909 -0.962528 -0.083800
vn -0.159396 0.962528 -0.219390
vn -0.425919 0.689152 -0.586227
vn -0.425919 0.689152 -0.586227
vn -0.569582 0.246943 -0.783962
vn -0.569582 0.246943 -0.783962
vn -0.569582 -0.246943 -0.783962
vn -0.569582 -0.246943 -0.783962
vn -0.425919 -0.689152 -0.586227
vn -0.425919 -0.689152 -0.586227
vn -0.159396 -0.962528 -0.219390
vn 0.000000 0.962528 -0.271181
vn 0.000000 0.689152 -0.724617
vn 0.000000 0.689152 -0.724617
vn 0.000000 0.246943 -0.969030
vn 0.000000 0.246943 -0.969030
vn 0.000000 -0.246943 -0.969030
vn 0.000000 -0.246943 -0.969030
vn 0.000000 -0.689152 -0.724617
vn 0.000000 -0.689152 -0.724617
vn 0.000000 -0.962528 -0.271181
vn 0.159396 0.962528 -0.219390
vn 0.425919 0.689152 -0.586227
vn 0.425919 0.689152 -0.586227
vn 0.569582 0.246943 -0.783962
vn 0.569582 0.246943 -0.783962
vn 0.569582 -0.246943 -0.783962
vn 0.569582 -0.246943 -0.783962
vn 0.425919 -0.689152 -0.586227
vn 0.425919 -0.689152 -0.586227
vn 0.159396 -0.962528 -0.219390
vn 0.257909 0.962528 -0.083800
vn 0.689152 0.689152 -0.223919
vn 0.689152 0.689152 -0.223919
vn 0.921602 0.246943 -0.299447
vn 0.921602 0.246943 -0.299447
vn 0.921602 -0.246943 -0.299447
vn 0.921602 -0.246943 -0.299447
vn 0.689152 -0.689152 -0.223919
vn 0.689152 -0.689152 -0.223919
vn 0.257909 -0.962528 -0.083800
vn 0.257909 0.962528 0.083800
vn 0.689152 0.689152 0.223919
vn 0.689152 0.689152 0.223919
vn 0.921602 0.246943 0.299447
vn 0.921602 0.246943 0.299447
vn 0.921602 -0.246943 0.299447
vn 0.921602 -0.246943 0.299447
vn 0.689152 -0.689152 0.223919
vn 0.689152 -0.689152 0.223919
vn 0.257909 -0.962528 0.083800
vn 0.159396 0.962528 0.219390
vn 0.425919 0.689152 0.586227
vn 0.425919 0.689152 0.586227
vn 0.569582 0.246943 0.783962
vn 0.569582 0.246943 0.783962
vn 0.569582 -0.246943 0.783962
vn 0.569582 -0.246943 0.783962
vn 0.425919 -0.689152 0.586227
vn 0.425919 -0.689152 0.586227
vn 0.159396 -0.962528 0.219390
vn 0.000000 0.962528 0.271181
vn 0.000000 0.689152 0.724617
vn 0.000000 0.689152 0.724617
vn 0.000000 0.246943 0.969030
vn 0.000000 0.246943 0.969030
vn 0.000000 -0.246943 0.969030
vn 0.000000 -0.246943 0.969030
vn 0.000000 -0.689152 0.724617
vn 0.000000 -0.689152 0.724617
vn 0.000000 -0.962528 0.271181
vn -0.159396 0.962528 0.219390
vn -0.425919 0.689152 0.586227
vn -0.425919 0.689152 0.586227
vn -0.569582 0.246943 0.783962
vn -0.569582 0.246943 0.783962
vn -0.569582 -0.246943 0.783962
vn -0.569582 -0.246943 0.783962
vn -0.425919 -0.689152 0.586227
vn -0.425919 -0.689152 0.586227
vn -0.159396 -0.962528 0.219390
vn -0.257909 0.962528 0.083800
vn -0.689152 0.689152 0.223919
vn -0.689152 0.689152 0.223919
vn -0.921602 0.246943 0.299447
vn -0.921602 0.246943 0.299447
vn -0.921602 -0.246943 0.299447
vn -0.921602 -0.246943 0.299447
vn -0.689152 -0.689152 0.223919
vn -0.689152 -0.689152 0.223919
vn -0.257909 -0.962528 0.083800
vn -0.257909 0.962528 -0.083800
vn -0.689152 0.689152 -0.223919
vn -0.689152 0.689152 -0.223919
vn -0.921602 0.246943 -0.299447
vn -0.921602 0.246943 -0.299447
vn -0.921602 -0.246943 -0.299447
vn -0.921602 -0.246943 -0.299447
vn -0.689152 -0.689152 -0.223919
vn -0.689152 -0.689152 -0.223919
vn -0.257909 -0.962528 -0.083800
vn -0.159396 0.962528 -0.219390
vn -0.425919 0.689152 -0.586227
vn -0.425919 0.689152 -0.586227
vn -0.569582 0.246943 -0.783962
vn -0.569582 0.246943 -0.783962
vn -0.569582 -0.246943 -0.783962
vn -0.569582 -0.246943 -0.783962
vn -0.425919 -0.689152 -0.586227
vn -0.425919 -0.689152 -0.586227
vn -0.159396 -0.962528 -0.219390
vn 0.000000 0.962528 -0.271181
vn 0.000000 0.689152 -0.724617
vn -0.000000 0.689152 -0.724617
vn -0.000000 0.246943 -0.969030
vn 0.000000 0.246943 -0.969030
vn 0.000000 -0.246943 -0.969030
vn 0.000000 -0.246943 -0.969030
vn 0.000000 -0.689152 -0.724617
vn 0.000000 -0.689152 -0.724617
vn 0.000000 -0.962528 -0.271181
vn 0.159396 0.962528 -0.219390
vn 0.425919 0.689152 -0.586227
vn 0.425919 0.689152 -0.586227
vn 0.569582 0.246943 -0.783962
vn 0.569582 0.246943 -0.783962
vn 0.569582 -0.246943 -0.783962
vn 0.569582 -0.246943 -0.783962
vn 0.425919 -0.689152 -0.586227
vn 0.425919 -0.689152 -0.586227
vn 0.159396 -0.962528 -0.219390
vn 0.257909 0.962528 -0.083800
vn 0.689152 0.689152 -0.223919
vn 0.689152 0.689152 -0.223919
vn 0.921602 0.246943 -0.299447
vn 0.921602 0.246943 -0.299447
vn 0.921602 -0.246943 -0.299447
vn 0.921602 -0.246943 -0.299447
vn 0.689152 -0.689152 -0.223919
vn 0.689152 -0.689152 -0.223919
vn 0.257909 -0.962528 -0.083800
vn 0.257909 0.962528 0.083800
vn 0.689152 0.689152 0.223919
vn 0.689152 0.689152 0.223919
vn 0.921602 0.246943 0.299447
vn 0.921602 0.246943 0.299447
vn 0.921602 -0.246943 0.299447
vn 0.921602 -0.246943 0.299447
vn 0.689152 -0.689152 0.223919
vn 0.689152 -0.689152 0.223919
vn 0.257909 -0.962528 0.083800
vn 0.159396 0.962528 0.219390
vn 0.425919 0.689152 0.586227
vn 0.425919 0.689152 0.586227
vn 0.569582 0.246943 0.783962
vn 0.569582 0.246943 0.783962
vn 0.569582 -0.246943 0.783962
vn 0.569582 -0.246943 0.783962
vn 0.425919 -0.689152 0.586227
vn 0.425919 -0.689152 0.586227
vn 0.159396 -0.962528 0.219390
vn 0.000000 0.962528 0.271181
vn 0.000000 0.689152 0.724617
vn 0.000000 0.689152 0.724617
vn 0.000000 0.246943 0.969030
vn 0.000000 0.246943 0.969030
vn 0.000000 -0.246943 0.969030
vn 0.000000 -0.246943 0.969030
vn 0.000000 -0.689152 0.724617
vn 0.000000 -0.689152 0.724617
vn 0.000000 -0.962528 0.271181
vn -0.159396 0.962528 0.219390
vn -0.425919 0.689152 0.586227
vn -0.425919 0.689152 0.586227
vn -0.569582 0.246943 0.783962
vn -0.569582 0.246943 0.783962
vn -0.569582 -0.246943 0.783962
vn -0.569582 -0.246943 0.783962
vn -0.425919 -0.689152 0.586227
vn -0.425919 -0.689152 0.586227
vn -0.159396 -0.962528 0.219390
vn -0.257909 0.962528 0.083800
vn -0.689152 0.689152 0.223919
vn -0.689152 0.689152 0.223919
vn -0.921602 0.246943 0.299447
vn -0.921602 0.246943 0.299447
vn -0.921602 -0.246943 0.299447
vn -0.921602 -0.246943 0.299447
vn -0.689152 -0.689152 0.223919
vn -0.689152 -0.689152 0.223919
vn -0.257909 -0.962528 0.083800
vn -0.257909 0.962528 -0.083800
vn -0.689152 0.689152 -0.223919
vn -0.689152 0.689152 -0.223919
vn -0.921602 0.246943 -0.299447
vn -0.921602 0.246943 -0.299447
vn -0.921602 -0.246943 -0.299447
vn -0.921602 -0.246943 -0.299447
vn -0.689152 -0.689152 -0.223919
vn -0.689152 -0.689152 -0.223919
vn -0.257909 -0.962528 -0.083800
vn -0.159396 0.962528 -0.219390
vn -0.425919 0.689152 -0.586227
vn -0.425919 0.689152 -0.586227
vn -0.569582 0.246943 -0.783962
vn -0.569582 0.246943 -0.783962
vn -0.569582 -0.246943 -0.783962
vn -0.569582 -0.246943 -0.783962
vn -0.425919 -0.689152 -0.586227
vn -0.425919 -0.689152 -0.586227
vn -0.159396 -0.962528 -0.219390
vn 0.000000 0.962528 -0.271181
vn 0.000000 0.689152 -0.724617
vn -0.000000 0.689152 -0.724617
vn -0.000000 0.246943 -0.969030
vn 0.000000 0.246943 -0.969030
vn 0.000000 -0.246943 -0.969030
vn 0.000000 -0.246943 -0.969030
vn 0.000000 -0.689152 -0.724617
vn 0.000000 -0.689152 -0.724617
vn 0.000000 -0.962528 -0.271181
vn 0.159396 0.962528 -0.219390
vn 0.425919 0.689152 -0.586227
vn 0.425919 0.689152 -0.586227
vn 0.569582 0.246943 -0.783962
vn 0.569582 0.246943 -0.783962
vn 0.569582 -0.246943 -0.783962
vn 0.569582 -0.246943 -0.783962
vn 0.425919 -0.689152 -0.586227
vn 0.425919 -0.689152 -0.586227
vn 0.159396 -0.962528 -0.219390
vn 0.257909 0.962528 -0.083800
vn 0.689152 0.689152 -0.223919
vn 0.689152 0.689152 -0.223919
vn 0.921602 0.246943 -0.299447
vn 0.921602 0.246943 -0.299447
vn 0.921602 -0.246943 -0.299447
vn 0.921602 -0.246943 -0.299447
vn 0.689152 -0.689152 -0.223919
vn 0.689152 -0.689152 -0.223919
vn 0.257909 -0.962528 -0.083800
vn -0.861652 0.303121 -0.407030
vn -0.860164 0.309016 -0.405743
vn -0.539042 0.802983 -0.254269
vn -0.531981 0.809017 -0.249975
vn -0.000000 1.000000 -0.000000
vn -0.000000 1.000000 -0.000000
vn 0.540145 0.802780 0.252564
vn 0.532848 0.809016 0.248125
vn 0.863975 0.302801 0.402318
vn 0.862412 0.309016 0.400943
vn 0.864233 -0.302764 0.401789
vn 0.862164 -0.309016 0.401475
vn 0.540661 -0.802683 0.251764
vn 0.532454 -0.809017 0.248968
vn 0.000000 -1.000000 0.000000
vn 0.000000 -1.000000 0.000000
vn -0.539527 -0.802894 -0.253520
vn -0.531611 -0.809016 -0.250764
vn -0.861887 -0.303089 -0.406556
vn -0.859938 -0.309016 -0.406221
vn -0.584431 0.302806 -0.752827
vn -0.584815 0.299263 -0.753945
vn -0.365515 0.802713 -0.471223
vn -0.368125 0.798884 -0.475677
vn -0.000000 1.000000 -0.000000
vn -0.000000 1.000000 -0.000000
vn 0.364152 0.802871 0.472007
vn 0.366953 0.798659 0.476959
vn 0.581098 0.303060 0.755301
vn 0.581481 0.298928 0.756652
vn 0.580680 -0.303091 0.755610
vn 0.581885 -0.298969 0.756325
vn 0.363453 -0.802952 0.472409
vn 0.367505 -0.798765 0.476355
vn 0.000000 -1.000000 0.000000
vn 0.000000 -1.000000 0.000000
vn -0.364936 -0.802781 -0.471556
vn -0.368582 -0.798971 -0.475177
vn -0.584125 -0.302830 -0.753055
vn -0.585111 -0.299292 -0.753703
vn -0.268132 0.303726 -0.914252
vn -0.268123 0.305267 -0.913741
vn -0.167565 0.803633 -0.571048
vn -0.167169 0.805242 -0.568893
vn -0.000000 1.000000 -0.000000
vn -0.000000 1.000000 -0.000000
vn 0.168088 0.803583 0.570964
vn 0.167681 0.805285 0.568681
vn 0.269468 0.303647 0.913885
vn 0.269470 0.305334 0.913322
vn 0.269624 -0.303637 0.913842
vn 0.269316 -0.305327 0.913370
vn 0.168342 -0.803559 0.570924
vn 0.167445 -0.805265 0.568779
vn 0.000000 -1.000000 0.000000
vn 0.000000 -1.000000 0.000000
vn -0.167792 -0.803611 -0.571012
vn -0.166958 -0.805224 -0.568981
vn -0.268262 -0.303718 -0.914216
vn -0.267994 -0.305260 -0.913781
vn 0.000000 0.307868 -0.951429
vn 0.000000 0.307868 -0.951429
vn 0.000000 0.807864 -0.589368
vn 0.000000 0.807864 -0.589368
vn 0.000000 1.000000 -0.000000
vn 0.000000 1.000000 -0.000000
vn -0.000000 0.807864 0.589368
vn 0.000000 0.807864 0.589368
vn -0.000000 0.307868 0.951429
vn 0.000000 0.307868 0.951429
vn 0.000000 -0.307868 0.951429
vn 0.000000 -0.307868 0.951429
vn 0.000000 -0.807864 0.589368
vn 0.000000 -0.807864 0.589368
vn 0.000000 -1.000000 0.000000
vn 0.000000 -1.000000 0.000000
vn 0.000000 -0.807864 -0.589368
vn 0.000000 -0.807864 -0.589368
vn 0.000000 -0.307868 -0.951429
vn 0.000000 -0.307868 -0.951429
vn 0.267994 0.305260 -0.913781
vn 0.268262 0.303718 -0.914216
vn 0.166958 0.805224 -0.568981
vn 0.167792 0.803611 -0.571012
vn 0.000000 1.000000 -0.000000
vn 0.000000 1.000000 -0.000000
vn -0.167445 0.805265 0.568779
vn -0.168342 0.803559 0.570924
vn -0.269316 0.305327 0.913370
vn -0.269624 0.303637 0.913842
vn -0.269470 -0.305334 0.913322
vn -0.269468 -0.303647 0.913885
vn -0.167681 -0.805285 0.568681
vn -0.168088 -0.803583 0.570964
vn -0.000000 -1.000000 0.000000
vn -0.000000 -1.000000 0.000000
vn 0.167169 -0.805242 -0.568893
vn 0.167565 -0.803633 -0.571048
vn 0.268123 -0.305267 -0.913741
vn 0.268132 -0.303726 -0.914252
vn 0.585111 0.299292 -0.753703
vn 0.584125 0.302830 -0.753055
vn 0.368582 0.798971 -0.475177
vn 0.364936 0.802781 -0.471556
vn 0.000000 1.000000 -0.000000
vn 0.000000 1.000000 -0.000000
vn -0.367505 0.798765 0.476355
vn -0.363453 0.802952 0.472409
vn -0.581885 0.298969 0.756325
vn -0.580680 0.303091 0.755610
vn -0.581481 -0.298928 0.756652
vn -0.581098 -0.303060 0.755301
vn -0.366953 -0.798659 0.476959
vn -0.364152 -0.802871 0.472007
vn -0.000000 -1.000000 0.000000
vn -0.000000 -1.000000 0.000000
vn 0.368125 -0.798884 -0.475677
vn 0.365515 -0.802713 -0.471223
vn 0.584815 -0.299263 -0.753945
vn 0.584431 -0.302806 -0.752827
vn 0.859938 0.309016 -0.406221
vn 0.861887 0.303089 -0.406556
vn 0.531611 0.809016 -0.250764
vn 0.539527 0.802894 -0.253520
vn 0.000000 1.000000 -0.000000
vn 0.000000 1.000000 -0.000000
vn -0.532454 0.809017 0.248968
vn -0.540661 0.802683 0.251764
vn -0.862164 0.309016 0.401475
vn -0.864233 0.302764 0.401789
vn -0.862412 -0.309016 0.400943
vn -0.863975 -0.302801 0.402318
vn -0.532848 -0.809016 0.248125
vn -0.540145 -0.802780 0.252564
vn -0.000000 -1.000000 0.000000
vn -0.000000 -1.000000 0.000000
vn 0.531981 -0.809017 -0.249975
vn 0.539042 -0.802983 -0.254269
vn 0.860164 -0.309016 -0.405743
vn 0.861652 -0.303121 -0.407030
vn -0.424434 0.000000 0.905459
vn -0.424434 0.000000 0.905459
vn -0.424434 0.000000 0.905459
vn -0.424434 0.000000 0.905459
vn -0.424434 -0.000000 0.905459
vn -0.424434 0.000000 0.905459
vn -0.424434 -0.000000 0.905459
vn -0.424434 -0.000000 0.905459
vn -0.424434 -0.000000 0.905459
vn -0.424434 -0.000000 0.905459
vn 0.424434 -0.000000 0.905459
vn 0.424434 0.000000 0.905459
vn 0.424434 0.000000 0.905459
vn 0.424434 -0.000000 0.905459
vn 0.424434 0.000000 0.905459
vn 0.424434 -0.000000 0.905459
vn 0.424434 0.000000 0.905459
vn 0.424434 0.000000 0.905459
vn 0.424434 -0.000000 0.905459
vn 0.424434 0.000000 0.905459
vn 0.864233 0.302764 -0.401789
vn 0.862164 0.309016 -0.401475
vn 0.540661 0.802683 -0.251764
vn 0.532454 0.809017 -0.248968
vn 0.000000 1.000000 -0.000000
vn 0.000000 1.000000 -0.000000
vn -0.539527 0.802894 0.253520
vn -0.531611 0.809016 0.250764
vn -0.861887 0.303089 0.406556
vn -0.859938 0.309016 0.406221
vn -0.861652 -0.303121 0.407030
vn -0.860164 -0.309016 0.405743
vn -0.539042 -0.802983 0.254269
vn -0.531981 -0.809017 0.249975
vn -0.000000 -1.000000 0.000000
vn -0.000000 -1.000000 0.000000
vn 0.540145 -0.802780 -0.252564
vn 0.532848 -0.809016 -0.248125
vn 0.863975 -0.302801 -0.402318
vn 0.862412 -0.309016 -0.400943
vn 0.580680 0.303091 -0.755610
vn 0.581885 0.298969 -0.756325
vn 0.363453 0.802952 -0.472409
vn 0.367505 0.798765 -0.476355
vn 0.000000 1.000000 -0.000000
vn 0.000000 1.000000 -0.000000
vn -0.364936 0.802781 0.471556
vn -0.368582 0.798971 0.475177
vn -0.584125 0.302830 0.753055
vn -0.585111 0.299292 0.753703
vn -0.584431 -0.302806 0.752827
vn -0.584815 -0.299263 0.753945
vn -0.365515 -0.802713 0.471223
vn -0.368125 -0.798884 0.475677
vn -0.000000 -1.000000 0.000000
vn -0.000000 -1.000000 0.000000
vn 0.364152 -0.802871 -0.472007
vn 0.366953 -0.798659 -0.476959
vn 0.581098 -0.303060 -0.755301
vn 0.581481 -0.298928 -0.756652
vn 0.269624 0.303637 -0.913842
vn 0.269316 0.305327 -0.913370
vn 0.168342 0.803559 -0.570924
vn 0.167445 0.805265 -0.568779
vn 0.000000 1.000000 -0.000000
vn 0.000000 1.000000 -0.000000
vn -0.167792 0.803611 0.571012
vn -0.166958 0.805224 0.568981
vn -0.268262 0.303718 0.914216
vn -0.267994 0.305260 0.913781
vn -0.268132 -0.303726 0.914252
vn -0.268123 -0.305267 0.913741
vn -0.167565 -0.803633 0.571048
vn -0.167169 -0.805242 0.568893
vn -0.000000 -1.000000 0.000000
vn -0.000000 -1.000000 0.000000
vn 0.168088 -0.803583 -0.570964
vn 0.167681 -0.805285 -0.568681
vn 0.269468 -0.303647 -0.913885
vn 0.269470 -0.305334 -0.913322
vn 0.000000 0.307868 -0.951429
vn 0.000000 0.307868 -0.951429
vn 0.000000 0.807864 -0.589368
vn 0.000000 0.807864 -0.589368
vn 0.000000 1.000000 -0.000000
vn 0.000000 1.000000 -0.000000
vn -0.000000 0.807864 0.589368
vn 0.000000 0.807864 0.589368
vn -0.000000 0.307868 0.951429
vn 0.000000 0.307868 0.951429
vn 0.000000 -0.307868 0.951429
vn 0.000000 -0.307868 0.951429
vn 0.000000 -0.807864 0.589368
vn 0.000000 -0.807864 0.589368
vn 0.000000 -1.000000 0.000000
vn 0.000000 -1.000000 0.000000
vn 0.000000 -0.807864 -0.589368
vn 0.000000 -0.807864 -0.589368
vn 0.000000 -0.307868 -0.951429
vn 0.000000 -0.307868 -0.951429
vn -0.269470 0.305334 -0.913322
vn -0.269468 0.303647 -0.913885
vn -0.167681 0.805285 -0.568681
vn -0.168088 0.803583 -0.570964
vn -0.000000 1.000000 -0.000000
vn -0.000000 1.000000 -0.000000
vn 0.167169 0.805242 0.568893
vn 0.167565 0.803633 0.571048
vn 0.268123 0.305267 0.913741
vn 0.268132 0.303726 0.914252
vn 0.267994 -0.305260 0.913781
vn 0.268262 -0.303718 0.914216
vn 0.166958 -0.805224 0.568981
vn 0.167792 -0.803611 0.571012
vn 0.000000 -1.000000 0.000000
vn 0.000000 -1.000000 0.000000
vn -0.167445 -0.805265 -0.568779
vn -0.168342 -0.803559 -0.570924
vn -0.269316 -0.305327 -0.913370
vn -0.269624 -0.303637 -0.913842
vn -0.581481 0.298928 -0.756652
vn -0.581098 0.303060 -0.755301
vn -0.366953 0.798659 -0.476959
vn -0.364152 0.802871 -0.472007
vn -0.000000 1.000000 -0.000000
vn -0.000000 1.000000 -0.000000
vn 0.368125 0.798884 0.475677
vn 0.365515 0.802713 0.471223
vn 0.584815 0.299263 0.753945
vn 0.584431 0.302806 0.752827
vn 0.585111 -0.299292 0.753703
vn 0.584125 -0.302830 0.753055
vn 0.368582 -0.798971 0.475177
vn 0.364936 -0.802781 0.471556
vn 0.000000 -1.000000 0.000000
vn 0.000000 -1.000000 0.000000
vn -0.367505 -0.798765 -0.476355
vn -0.363453 -0.802952 -0.472409
vn -0.581885 -0.298969 -0.756325
vn -0.580680 -0.303091 -0.755610
vn -0.862412 0.309016 -0.400943
vn -0.863975 0.302801 -0.402318
vn -0.532848 0.809016 -0.248125
vn -0.540145 0.802780 -0.252564
vn -0.000000 1.000000 -0.000000
vn -0.000000 1.000000 -0.000000
vn 0.531981 0.809017 0.249975
vn 0.539042 0.802983 0.254269
vn 0.860164 0.309016 0.405743
vn 0.861652 0.303121 0.407030
vn 0.859938 -0.309016 0.406221
vn 0.861887 -0.303089 0.406556
vn 0.531611 -0.809016 0.250764
vn 0.539527 -0.802894 0.253520
vn 0.000000 -1.000000 0.000000
vn 0.000000 -1.000000 0.000000
vn -0.532454 -0.809017 -0.248968
vn -0.540661 -0.802683 -0.251764
vn -0.862164 -0.309016 -0.401475
vn -0.864233 -0.302764 -0.401789
vn -0.424434 -0.000000 -0.905459
vn -0.424434 0.000000 -0.905459
vn -0.424434 0.000000 -0.905459
vn -0.424434 0.000000 -0.905459
vn -0.424434 0.000000 -0.905459
vn -0.424434 -0.000000 -0.905459
vn -0.424434 -0.000000 -0.905459
vn -0.424434 -0.000000 -0.905459
vn -0.424434 0.000000 -0.905459
vn -0.424434 0.000000 -0.905459
vn 0.424434 0.000000 -0.905459
vn 0.424434 -0.000000 -0.905459
vn 0.424434 -0.000000 -0.905459
vn 0.424434 0.000000 -0.905459
vn 0.424434 -0.000000 -0.905459
vn 0.424434 0.000000 -0.905459
vn 0.424434 -0.000000 -0.905459
vn 0.424434 -0.000000 -0.905459
vn 0.424434 0.000000 -0.905459
vn 0.424434 -0.000000 -0.905459
vn 0.968288 0.064662 -0.241322
vn 0.935560 0.258576 -0.240553
vn 0.939797 0.241642 -0.241642
vn 0.681357 0.706994 -0.189505
vn 0.681237 0.707119 -0.189472
vn 0.247522 0.965926 -0.075632
vn -0.646338 0.737051 0.197492
vn -0.245728 0.965908 0.081487
vn -0.905381 0.300238 0.300238
vn -0.667700 0.706823 0.233617
vn -0.940219 0.088146 0.328966
vn -0.909929 0.258566 0.324305
vn -0.938173 -0.089594 0.334371
vn -0.911779 -0.258626 0.319016
vn -0.896280 -0.313593 0.313593
vn -0.671260 -0.707008 0.222600
vn -0.615268 -0.761457 0.204032
vn -0.247522 -0.965926 0.075632
vn 0.646338 -0.737051 -0.197492
vn 0.249428 -0.965905 -0.069373
vn 0.930600 -0.258827 -0.258827
vn 0.685176 -0.706751 -0.176174
vn 0.966349 -0.066577 -0.248469
vn 0.937342 -0.258489 -0.233610
vn -0.937342 0.258489 -0.233610
vn -0.966349 0.066577 -0.248469
vn -0.685176 0.706751 -0.176174
vn -0.930600 0.258827 -0.258827
vn -0.249428 0.965905 -0.069373
vn -0.646338 0.737051 -0.197492
vn 0.247522 0.965926 0.075632
vn 0.615268 0.761457 0.204032
vn 0.671260 0.707008 0.222600
vn 0.896280 0.313593 0.313593
vn 0.911779 0.258626 0.319016
vn 0.938173 0.089594 0.334371
vn 0.909929 -0.258566 0.324305
vn 0.940219 -0.088146 0.328966
vn 0.667700 -0.706823 0.233617
vn 0.905381 -0.300238 0.300238
vn 0.245728 -0.965908 0.081487
vn 0.646338 -0.737051 0.197492
vn -0.247522 -0.965926 -0.075632
vn -0.681237 -0.707119 -0.189472
vn -0.681357 -0.706994 -0.189505
vn -0.939797 -0.241642 -0.241642
vn -0.935560 -0.258576 -0.240553
vn -0.968288 -0.064662 -0.241322
vn -0.292219 0.000000 -0.956352
vn -0.292219 0.000000 -0.956352
vn -0.292219 0.000000 -0.956352
vn -0.292219 0.000000 -0.956352
vn -0.292219 0.000000 -0.956352
vn -0.292219 0.000000 -0.956352
vn -0.292219 -0.000000 -0.956352
vn -0.292219 -0.000000 -0.956352
vn -0.292219 -0.000000 -0.956352
vn -0.292219 -0.000000 -0.956352
vn -0.292219 -0.000000 -0.956352
vn -0.292219 -0.000000 -0.956352
vn 0.292219 -0.000000 -0.956352
vn 0.292219 0.000000 -0.956352
vn 0.292219 0.000000 -0.956352
vn 0.292219 0.000000 -0.956352
vn 0.292219 -0.000000 -0.956352
vn 0.292219 0.000000 -0.956352
vn 0.292219 -0.000000 -0.956352
vn 0.292219 0.000000 -0.956352
vn 0.292219 0.000000 -0.956352
vn 0.292219 0.000000 -0.956352
vn 0.292219 -0.000000 -0.956352
vn 0.292219 0.000000 -0.956352
vn 0.000000 0.258819 -0.965926
vn 0.000000 0.258819 -0.965926
vn 0.000000 0.707107 -0.707107
vn 0.000000 0.707107 -0.707107
vn 0.000000 0.965926 -0.258819
vn 0.000000 0.965926 -0.258819
vn -0.000000 0.965926 0.258819
vn 0.000000 0.965926 0.258819
vn -0.000000 0.707107 0.707107
vn 0.000000 0.707107 0.707107
vn -0.000000 0.258819 0.965926
vn 0.000000 0.258819 0.965926
vn 0.000000 -0.258819 0.965926
vn 0.000000 -0.258819 0.965926
vn 0.000000 -0.707107 0.707107
vn 0.000000 -0.707107 0.707107
vn 0.000000 -0.965926 0.258819
vn 0.000000 -0.965926 0.258819
vn 0.000000 -0.965926 -0.258819
vn 0.000000 -0.965926 -0.258819
vn 0.000000 -0.707107 -0.707107
vn 0.000000 -0.707107 -0.707107
vn 0.000000 -0.258819 -0.965926
vn 0.000000 -0.258819 -0.965926
vn -1.000000 0.000000 0.000000
vn -1.000000 0.000000 0.000000
vn -1.000000 0.000000 0.000000
vn -1.000000 0.000000 0.000000
vn -1.000000 0.000000 0.000000
vn -1.000000 0.000000 0.000000
vn -1.000000 0.000000 0.000000
vn -1.000000 0.000000 0.000000
vn -1.000000 0.000000 0.000000
vn -1.000000 -0.000000 0.000000
vn -1.000000 0.000000 0.000000
vn -1.000000 0.000000 -0.000000
vn 1.000000 0.000000 0.000000
vn 1.000000 0.000000 0.000000
vn 1.000000 -0.000000 0.000000
vn 1.000000 0.000000 0.000000
vn 1.000000 0.000000 0.000000
vn 1.000000 0.000000 0.000000
vn 1.000000 0.000000 -0.000000
vn 1.000000 0.000000 0.000000
vn 1.000000 0.000000 0.000000
vn 1.000000 0.000000 0.000000
vn 1.000000 0.000000 0.000000
vn 1.000000 0.000000 0.000000
vn 0.592675 0.239329 0.769063
vn 0.592261 0.258739 0.763073
vn 0.451551 0.676485 0.581782
vn 0.439195 0.707064 0.554228
vn 0.174628 0.959658 0.220367
vn 0.163894 0.965926 0.200315
vn -0.179207 0.959120 -0.219031
vn -0.167539 0.965915 -0.197329
vn -0.480995 0.669102 -0.566521
vn -0.466008 0.706908 -0.532089
vn -0.640740 0.232844 -0.731598
vn -0.640872 0.258629 -0.722769
vn -0.645317 -0.232162 -0.727782
vn -0.636423 -0.258683 -0.726670
vn -0.491292 -0.666302 -0.560958
vn -0.457692 -0.707048 -0.539074
vn -0.184617 -0.958454 -0.217444
vn -0.163894 -0.965926 -0.200315
vn 0.179207 -0.959120 0.219031
vn 0.160765 -0.965918 0.202872
vn 0.458316 -0.674869 0.578358
vn 0.433627 -0.706990 0.558688
vn 0.595371 -0.238997 0.767081
vn 0.589632 -0.258716 0.765115
vn -0.120529 0.241504 0.962886
vn -0.120506 0.241636 0.962855
vn -0.090993 0.680538 0.727041
vn -0.090925 0.680761 0.726841
vn -0.034408 0.960814 0.275050
vn -0.034360 0.960864 0.274883
vn 0.034383 0.960811 -0.275063
vn 0.034326 0.960867 -0.274875
vn 0.090799 0.680498 -0.727103
vn 0.090682 0.680808 -0.726827
vn 0.120141 0.241467 -0.962943
vn 0.120089 0.241675 -0.962898
vn 0.120096 -0.241463 -0.962950
vn 0.120135 -0.241671 -0.962893
vn 0.090720 -0.680481 -0.727128
vn 0.090765 -0.680792 -0.726831
vn 0.034351 -0.960808 -0.275079
vn 0.034360 -0.960864 -0.274883
vn -0.034383 -0.960811 0.275063
vn -0.034388 -0.960861 0.274889
vn -0.090952 -0.680529 0.727054
vn -0.090968 -0.680752 0.726843
vn -0.120510 -0.241502 0.962888
vn -0.120525 -0.241634 0.962853
vn -0.709570 0.247311 0.659809
vn -0.709741 0.246679 0.659861
vn -0.530284 0.689735 0.493016
vn -0.531115 0.688712 0.493551
vn -0.198340 0.962648 0.184311
vn -0.198967 0.962433 0.184755
vn 0.198387 0.962656 -0.184216
vn 0.199076 0.962423 -0.184691
vn 0.530721 0.689858 -0.492373
vn 0.531808 0.688568 -0.493005
vn 0.710553 0.247424 -0.658707
vn 0.710817 0.246557 -0.658748
vn 0.710653 -0.247435 -0.658596
vn 0.710713 -0.246569 -0.658855
vn 0.530878 -0.689901 -0.492142
vn 0.531589 -0.688614 -0.493178
vn 0.198443 -0.962666 -0.184104
vn 0.198967 -0.962433 -0.184755
vn -0.198387 -0.962656 0.184216
vn -0.198874 -0.962442 0.184808
vn -0.530383 -0.689763 0.492870
vn -0.530977 -0.688740 0.493660
vn -0.709622 -0.247317 0.659750
vn -0.709686 -0.246685 0.659918
vn -0.956744 0.251488 0.146269
vn -0.957480 0.248800 0.146051
vn -0.709649 0.696190 0.108247
vn -0.713815 0.691930 0.108166
vn -0.263245 0.963904 0.039890
vn -0.266386 0.963038 0.039958
vn 0.263213 0.963929 -0.039482
vn 0.266582 0.963002 -0.039519
vn 0.709737 0.696565 -0.105215
vn 0.714786 0.691428 -0.104923
vn 0.957509 0.251837 -0.140552
vn 0.958475 0.248367 -0.140144
vn 0.957579 -0.251870 -0.140013
vn 0.958386 -0.248407 -0.140681
vn 0.709766 -0.696691 -0.104186
vn 0.714489 -0.691583 -0.105919
vn 0.263176 -0.963959 -0.039015
vn 0.266386 -0.963038 -0.039958
vn -0.263213 -0.963929 0.039482
vn -0.266216 -0.963069 0.040340
vn -0.709671 -0.696278 0.107538
vn -0.713609 -0.692036 0.108851
vn -0.956788 -0.251508 0.145945
vn -0.957425 -0.248823 0.146373
vn -0.921756 0.247859 -0.298216
vn -0.920635 0.253124 -0.297253
vn -0.688332 0.690511 -0.222247
vn -0.681112 0.698773 -0.218637
vn -0.257433 0.962756 -0.082636
vn -0.251949 0.964415 -0.080165
vn 0.257836 0.962699 0.082039
vn 0.252033 0.964456 0.079396
vn 0.690639 0.689697 0.217567
vn 0.682232 0.699370 0.213169
vn 0.924888 0.247118 0.288989
vn 0.923537 0.253654 0.287644
vn 0.925167 -0.247050 0.288152
vn 0.923286 -0.253608 0.288488
vn 0.691392 -0.689426 0.216031
vn 0.681898 -0.699193 0.214814
vn 0.258289 -0.962635 0.081367
vn 0.251949 -0.964415 0.080165
vn -0.257836 -0.962699 -0.082039
vn -0.251873 -0.964377 -0.080851
vn -0.688884 -0.690319 -0.221132
vn -0.680864 -0.698639 -0.219836
vn -0.921942 -0.247816 -0.297675
vn -0.920467 -0.253093 -0.297799
vn -0.548520 0.227365 -0.804631
vn -0.547787 0.243589 -0.800371
vn -0.426015 0.656558 -0.622450
vn -0.415010 0.684613 -0.599226
vn -0.167991 0.955481 -0.242560
vn -0.157736 0.961865 -0.223460
vn 0.170957 0.955049 0.242189
vn 0.159622 0.962142 0.220917
vn 0.444564 0.650996 0.615278
vn 0.430584 0.688389 0.583710
vn 0.578723 0.222689 0.784531
vn 0.578456 0.246767 0.777492
vn 0.582000 -0.222157 0.782255
vn 0.575319 -0.246455 0.779916
vn 0.451753 -0.648750 0.612407
vn 0.425474 -0.687182 0.588857
vn 0.174656 -0.954497 0.241724
vn 0.157736 -0.961865 0.223460
vn -0.170957 -0.955049 -0.242189
vn -0.156198 -0.961633 -0.225531
vn -0.430036 -0.655380 -0.620923
vn -0.412080 -0.683871 -0.602089
vn -0.550037 -0.227139 -0.803658
vn -0.546328 -0.243431 -0.801416
vn 0.434423 0.224522 -0.872277
vn 0.434729 0.222988 -0.872517
vn 0.338124 0.652026 -0.678627
vn 0.339575 0.649160 -0.680647
vn 0.132763 0.954756 -0.266111
vn 0.134029 0.954034 -0.268058
vn -0.132934 0.954800 0.265868
vn -0.134424 0.953974 0.268076
vn -0.339637 0.652592 0.677325
vn -0.341976 0.648440 0.680130
vn -0.437702 0.225004 0.870512
vn -0.438377 0.222454 0.870827
vn -0.438107 -0.225064 0.870292
vn -0.437958 -0.222515 0.871022
vn -0.340285 -0.652834 0.676767
vn -0.341135 -0.648693 0.680312
vn -0.133157 -0.954857 0.265550
vn -0.134029 -0.954034 0.268058
vn 0.132934 -0.954800 -0.265868
vn 0.133728 -0.954080 -0.268045
vn 0.338434 -0.652142 -0.678360
vn 0.339173 -0.649280 -0.680733
vn 0.434570 -0.224544 -0.872198
vn 0.434577 -0.223010 -0.872587
vn 0.979437 0.193333 -0.057663
vn 0.971863 0.227622 -0.060579
vn 0.804947 0.591222 -0.050175
vn 0.749651 0.659571 -0.054678
vn 0.345395 0.938119 -0.025192
vn 0.288310 0.957178 -0.026210
vn -0.350147 0.936154 0.031832
vn -0.284475 0.958128 0.032623
vn -0.815132 0.571683 0.093478
vn -0.734034 0.671560 0.100998
vn -0.974601 0.179361 0.134098
vn -0.961097 0.237003 0.141851
vn -0.973571 -0.177519 0.143692
vn -0.962684 -0.235996 0.132458
vn -0.819049 -0.562546 0.112695
vn -0.739707 -0.667561 0.084829
vn -0.356595 -0.933364 0.040894
vn -0.288310 -0.957178 0.026210
vn 0.350147 -0.936154 -0.031832
vn 0.291267 -0.956406 -0.021244
vn 0.807142 -0.587414 -0.058871
vn 0.752089 -0.657392 -0.046880
vn 0.979349 -0.192741 -0.061046
vn 0.972164 -0.227203 -0.057234
vn 0.076454 0.258062 0.963099
vn 0.068998 0.180778 0.981101
vn 0.049667 0.706234 0.706234
vn 0.036020 0.554397 0.831472
vn 0.011211 0.965865 0.258803
vn 0.000000 0.920946 0.389690
vn 0.000000 0.965926 -0.258819
vn 0.021848 0.910864 -0.412128
vn 0.037460 0.706610 -0.706610
vn 0.087083 0.483983 -0.870734
vn 0.096156 0.257620 -0.961450
vn 0.117331 0.142429 -0.982826
vn 0.114554 -0.257115 -0.959567
vn 0.098440 -0.146595 -0.984286
vn 0.070543 -0.705345 -0.705345
vn 0.045567 -0.509028 -0.859543
vn 0.013719 -0.965835 -0.258795
vn 0.000000 -0.920946 -0.389690
vn 0.000000 -0.965926 0.258819
vn 0.016151 -0.927758 0.372833
vn 0.030618 -0.706775 0.706775
vn 0.057851 -0.565674 0.822597
vn 0.067774 -0.258224 0.963705
vn 0.077807 -0.182440 0.980133
vn 0.773957 0.000000 -0.633238
vn 0.773957 -0.000000 -0.633238
vn 0.773957 0.000000 -0.633238
vn 0.773957 0.000000 -0.633238
vn 0.773957 0.000000 -0.633238
vn 0.773957 -0.000000 -0.633238
vn 0.773957 0.000000 -0.633238
vn 0.773957 -0.000000 -0.633238
vn 0.773957 0.000000 -0.633238
vn 0.773957 0.000000 -0.633238
vn 0.773957 0.000000 -0.633238
vn 0.773957 -0.000000 -0.633238
vn -1.000000 0.000000 0.000000
vn -1.000000 0.000000 0.000000
vn -1.000000 0.000000 0.000000
vn -1.000000 0.000000 0.000000
vn -1.000000 0.000000 0.000000
vn -1.000000 0.000000 0.000000
vn -1.000000 0.000000 -0.000000
vn -1.000000 0.000000 0.000000
vn -1.000000 0.000000 0.000000
vn -1.000000 -0.000000 0.000000
vn -1.000000 0.000000 0.000000
vn -1.000000 0.000000 0.000000
vn 0.461243 0.240694 0.854003
vn 0.461477 0.258766 0.848575
vn 0.350821 0.678802 0.645099
vn 0.343013 0.707078 0.618371
vn 0.135482 0.960203 0.244242
vn 0.128410 0.965926 0.224718
vn -0.139272 0.959792 -0.243726
vn -0.131657 0.965919 -0.222860
vn -0.376139 0.673150 -0.636702
vn -0.366948 0.706984 -0.604585
vn -0.504230 0.235731 -0.830772
vn -0.505049 0.258703 -0.823407
vn -0.508175 -0.235240 -0.828505
vn -0.501184 -0.258735 -0.825754
vn -0.384649 -0.671122 -0.633751
vn -0.359678 -0.707070 -0.608838
vn -0.143630 -0.959302 -0.243126
vn -0.128410 -0.965926 -0.224718
vn 0.139272 -0.959792 0.243726
vn 0.125556 -0.965921 0.226347
vn 0.356773 -0.677524 0.643176
vn 0.337857 -0.707028 0.621260
vn 0.463736 -0.240425 0.852728
vn 0.459030 -0.258750 0.849906
vn -0.313526 0.245585 0.917273
vn -0.315679 0.235856 0.919086
vn -0.235985 0.687212 0.687059
vn -0.244185 0.670538 0.700538
vn -0.089573 0.962258 0.256975
vn -0.095917 0.958473 0.268569
vn 0.091315 0.962439 -0.255682
vn 0.099017 0.958093 -0.268799
vn 0.250240 0.689857 -0.679322
vn 0.264513 0.665656 -0.697807
vn 0.343373 0.248078 -0.905844
vn 0.348455 0.232009 -0.908158
vn 0.347005 -0.248366 -0.904379
vn 0.344743 -0.232461 -0.909458
vn 0.256246 -0.690918 -0.675996
vn 0.257415 -0.667398 -0.698798
vn 0.093568 -0.962666 -0.254006
vn 0.095917 -0.958473 -0.268569
vn -0.091315 -0.962439 0.255682
vn -0.093553 -0.958756 0.268392
vn -0.238935 -0.687774 0.685476
vn -0.240761 -0.671328 0.700966
vn -0.314885 -0.245704 0.916775
vn -0.314294 -0.236011 0.919521
vn -0.755988 0.246258 0.606497
vn -0.754329 0.252282 0.606086
vn -0.565731 0.687991 0.454552
vn -0.557604 0.697548 0.450005
vn -0.211801 0.962249 0.170931
vn -0.205814 0.964198 0.167224
vn 0.211455 0.962169 -0.171807
vn 0.205012 0.964256 -0.167867
vn 0.562339 0.686847 -0.460452
vn 0.552330 0.698390 -0.455174
vn 0.748153 0.245219 -0.616551
vn 0.745835 0.253025 -0.616205
vn 0.747403 -0.245118 -0.617500
vn 0.746617 -0.252959 -0.615285
vn 0.561174 -0.686449 -0.462462
vn 0.553955 -0.698135 -0.453587
vn 0.211057 -0.962076 -0.172817
vn 0.205814 -0.964198 -0.167224
vn -0.211455 -0.962169 0.171807
vn -0.206513 -0.964145 0.166663
vn -0.564943 -0.687727 0.455928
vn -0.558712 -0.697366 0.448912
vn -0.755550 -0.246200 0.607067
vn -0.754787 -0.252240 0.605534
vn -0.967784 0.247845 0.044351
vn -0.967885 0.247458 0.044312
vn -0.722517 0.690562 0.033079
vn -0.723113 0.689941 0.033012
vn -0.269912 0.962806 0.012322
vn -0.270370 0.962678 0.012290
vn 0.269899 0.962811 -0.012268
vn 0.270391 0.962673 -0.012229
vn 0.722475 0.690624 -0.032674
vn 0.723201 0.689870 -0.032569
vn 0.967804 0.247902 -0.043585
vn 0.967936 0.247398 -0.043518
vn 0.967806 -0.247908 -0.043512
vn 0.967932 -0.247403 -0.043591
vn 0.722461 -0.690646 -0.032536
vn 0.723174 -0.689892 -0.032706
vn 0.269884 -0.962816 -0.012206
vn 0.270370 -0.962678 -0.012290
vn -0.269899 -0.962811 0.012268
vn -0.270352 -0.962682 0.012342
vn -0.722507 -0.690576 0.032985
vn -0.723094 -0.689955 0.033105
vn -0.967785 -0.247848 0.044308
vn -0.967882 -0.247462 0.044355
vn -0.830731 0.250364 -0.497197
vn -0.830932 0.249155 -0.497468
vn -0.617355 0.694455 -0.369602
vn -0.618791 0.692543 -0.370786
vn -0.229445 0.963563 -0.137485
vn -0.230557 0.963176 -0.138334
vn 0.229331 0.963573 0.137599
vn 0.230507 0.963162 0.138510
vn 0.616624 0.694612 0.370525
vn 0.618286 0.692356 0.371975
vn 0.829557 0.250509 0.499080
vn 0.829787 0.248993 0.499455
vn 0.829449 -0.250522 0.499252
vn 0.829889 -0.249007 0.499279
vn 0.616382 -0.694664 0.370829
vn 0.618439 -0.692413 0.371615
vn 0.229203 -0.963586 0.137726
vn 0.230557 -0.963176 0.138334
vn -0.229331 -0.963573 -0.137599
vn -0.230601 -0.963188 -0.138178
vn -0.617181 -0.694492 -0.369821
vn -0.618900 -0.692584 -0.370527
vn -0.830662 -0.250372 -0.497306
vn -0.830996 -0.249164 -0.497356
vn -0.355245 0.235523 -0.904616
vn -0.355431 0.240398 -0.903259
vn -0.271613 0.670656 -0.690252
vn -0.270228 0.679075 -0.682521
vn -0.104696 0.958704 -0.264434
vn -0.103189 0.960626 -0.257972
vn 0.105789 0.958574 0.264472
vn 0.104189 0.960763 0.257060
vn 0.279240 0.668854 0.688955
vn 0.278029 0.680904 0.677547
vn 0.369097 0.233901 0.899476
vn 0.370022 0.241898 0.896978
vn 0.370787 -0.233699 0.898833
vn 0.368370 -0.241730 0.897703
vn 0.282479 -0.668075 0.688390
vn 0.275320 -0.680275 0.679283
vn 0.107213 -0.958402 0.264521
vn 0.103189 -0.960626 0.257972
vn -0.105789 -0.958574 -0.264472
vn -0.102417 -0.960519 -0.258676
vn -0.273184 -0.670288 -0.689988
vn -0.268901 -0.678758 -0.683359
vn -0.355875 -0.235450 -0.904387
vn -0.354814 -0.240333 -0.903519
vn 0.433987 0.258750 -0.862962
vn 0.438736 0.239388 -0.866143
vn 0.319559 0.707028 -0.630867
vn 0.338574 0.675797 -0.654726
vn 0.118895 0.965921 -0.229916
vn 0.132694 0.959422 -0.248801
vn -0.121797 0.965926 0.228370
vn -0.137097 0.958914 0.248371
vn -0.341729 0.707070 0.619091
vn -0.366762 0.669214 0.646249
vn -0.476770 0.258736 0.840087
vn -0.483782 0.234085 0.843303
vn -0.480667 -0.258704 0.837873
vn -0.479805 -0.234583 0.845434
vn -0.349072 -0.706985 0.615078
vn -0.358184 -0.671290 0.648902
vn -0.125087 -0.965919 0.226613
vn -0.132694 -0.959422 0.248801
vn 0.121797 -0.965926 -0.228370
vn 0.128852 -0.959849 -0.249172
vn 0.324815 -0.707078 -0.628120
vn 0.332522 -0.677122 -0.656457
vn 0.436484 -0.258765 -0.861697
vn 0.436194 -0.239665 -0.867350
vn 0.868243 0.000000 -0.496139
vn 0.868243 -0.000000 -0.496139
vn 0.868243 0.000000 -0.496139
vn 0.868243 0.000000 -0.496139
vn 0.868243 0.000000 -0.496139
vn 0.868243 -0.000000 -0.496139
vn 0.868243 0.000000 -0.496139
vn 0.868243 -0.000000 -0.496139
vn 0.868243 0.000000 -0.496139
vn 0.868243 0.000000 -0.496139
vn 0.868243 0.000000 -0.496139
vn 0.868243 -0.000000 -0.496139
vn 0.882353 0.000000 0.470588
vn 0.882353 -0.000000 0.470588
vn 0.882353 -0.000000 0.470588
vn 0.882353 -0.000000 0.470588
vn 0.882353 0.000000 0.470588
vn 0.882353 -0.000000 0.470588
vn 0.882353 0.000000 0.470588
vn 0.882353 0.000000 0.470588
vn 0.882353 0.000000 0.470588
vn 0.882353 0.000000 0.470588
vn 0.882353 0.000000 0.470588
vn 0.882353 -0.000000 0.470588
vn -0.923880 0.382683 0.000000
vn -0.923880 0.382683 0.000000
vn -0.382683 0.923880 0.000000
vn -0.382683 0.923880 0.000000
vn 0.382683 0.923880 0.000000
vn 0.382683 0.923880 0.000000
vn 0.923880 0.382683 0.000000
vn 0.923880 0.382683 0.000000
vn 0.923880 -0.382683 0.000000
vn 0.923880 -0.382683 0.000000
vn 0.382683 -0.923880 0.000000
vn 0.382683 -0.923880 0.000000
vn -0.382683 -0.923880 -0.000000
vn -0.382683 -0.923880 0.000000
vn -0.923880 -0.382683 -0.000000
vn -0.923880 -0.382683 0.000000
vn 0.000000 0.000000 1.000000
vn 0.000000 -0.000000 1.000000
vn 0.000000 0.000000 1.000000
vn 0.000000 0.000000 1.000000
vn -0.000000 0.000000 1.000000
vn 0.000000 0.000000 1.000000
vn 0.000000 0.000000 1.000000
vn 0.000000 0.000000 1.000000
vn 0.000000 0.000000 -1.000000
vn 0.000000 0.000000 -1.000000
vn 0.000000 0.000000 -1.000000
vn 0.000000 0.000000 -1.000000
vn 0.000000 0.000000 -1.000000
vn 0.000000 0.000000 -1.000000
vn 0.000000 -0.000000 -1.000000
vn -0.000000 0.000000 -1.000000
vn -0.923880 0.382683 0.000000
vn -0.923880 0.382683 0.000000
vn -0.382683 0.923880 0.000000
vn -0.382683 0.923880 0.000000
vn 0.382683 0.923880 0.000000
vn 0.382683 0.923880 0.000000
vn 0.923880 0.382683 0.000000
vn 0.923880 0.382683 0.000000
vn 0.923880 -0.382683 0.000000
vn 0.923880 -0.382683 0.000000
vn 0.382683 -0.923880 0.000000
vn 0.382683 -0.923880 0.000000
vn -0.382683 -0.923880 -0.000000
vn -0.382683 -0.923880 0.000000
vn -0.923880 -0.382683 -0.000000
vn -0.923880 -0.382683 0.000000
vn 0.000000 0.000000 1.000000
vn 0.000000 -0.000000 1.000000
vn 0.000000 0.000000 1.000000
vn 0.000000 0.000000 1.000000
vn -0.000000 0.000000 1.000000
vn 0.000000 0.000000 1.000000
vn 0.000000 0.000000 1.000000
vn 0.000000 0.000000 1.000000
vn 0.000000 0.000000 -1.000000
vn 0.000000 0.000000 -1.000000
vn 0.000000 0.000000 -1.000000
vn 0.000000 0.000000 -1.000000
vn 0.000000 0.000000 -1.000000
vn 0.000000 0.000000 -1.000000
vn 0.000000 -0.000000 -1.000000
vn -0.000000 0.000000 -1.000000
vn -0.923880 0.382683 0.000000
vn -0.923880 0.382683 0.000000
vn -0.382683 0.923880 0.000000
vn -0.382683 0.923880 0.000000
vn 0.382683 0.923880 0.000000
vn 0.382683 0.923880 0.000000
vn 0.923880 0.382683 0.000000
vn 0.923880 0.382683 0.000000
vn 0.923880 -0.382683 0.000000
vn 0.923880 -0.382683 0.000000
vn 0.382683 -0.923880 0.000000
vn 0.382683 -0.923880 0.000000
vn -0.382683 -0.923880 -0.000000
vn -0.382683 -0.923880 0.000000
vn -0.923880 -0.382683 -0.000000
vn -0.923880 -0.382683 0.000000
vn 0.000000 0.000000 1.000000
vn 0.000000 -0.000000 1.000000
vn 0.000000 0.000000 1.000000
vn 0.000000 0.000000 1.000000
vn -0.000000 0.000000 1.000000
vn 0.000000 0.000000 1.000000
vn 0.000000 0.000000 1.000000
vn 0.000000 0.000000 1.000000
vn 0.000000 0.000000 -1.000000
vn 0.000000 0.000000 -1.000000
vn 0.000000 0.000000 -1.000000
vn 0.000000 0.000000 -1.000000
vn 0.000000 0.000000 -1.000000
vn 0.000000 0.000000 -1.000000
vn 0.000000 -0.000000 -1.000000
vn -0.000000 0.000000 -1.000000
vn -0.923880 0.382683 0.000000
vn -0.923880 0.382683 0.000000
vn -0.382683 0.923880 0.000000
vn -0.382683 0.923880 0.000000
vn 0.382683 0.923880 0.000000
vn 0.382683 0.923880 0.000000
vn 0.923880 0.382683 0.000000
vn 0.923880 0.382683 0.000000
vn 0.923880 -0.382683 0.000000
vn 0.923880 -0.382683 0.000000
vn 0.382683 -0.923880 0.000000
vn 0.382683 -0.923880 0.000000
vn -0.382683 -0.923880 -0.000000
vn -0.382683 -0.923880 0.000000
vn -0.923880 -0.382683 -0.000000
vn -0.923880 -0.382683 0.000000
vn 0.000000 0.000000 1.000000
vn 0.000000 -0.000000 1.000000
vn 0.000000 0.000000 1.000000
vn 0.000000 0.000000 1.000000
vn -0.000000 0.000000 1.000000
vn 0.000000 0.000000 1.000000
vn 0.000000 0.000000 1.000000
vn 0.000000 0.000000 1.000000
vn 0.000000 0.000000 -1.000000
vn 0.000000 0.000000 -1.000000
vn 0.000000 0.000000 -1.000000
vn 0.000000 0.000000 -1.000000
vn 0.000000 0.000000 -1.000000
vn 0.000000 0.000000 -1.000000
vn 0.000000 -0.000000 -1.000000
vn -0.000000 0.000000 -1.000000
vn -0.568695 0.128675 0.812422
vn -0.568695 0.128675 0.812422
vn -0.568695 0.373429 0.732896
vn -0.568695 0.373429 0.732896
vn -0.568695 0.581630 0.581630
vn -0.568695 0.581630 0.581630
vn -0.568695 0.732896 0.373429
vn -0.568695 0.732896 0.373429
vn -0.568695 0.812422 0.128675
vn -0.568695 0.812422 0.128675
vn -0.568695 0.812422 -0.128675
vn -0.568695 0.812422 -0.128675
vn -0.568695 0.732896 -0.373429
vn -0.568695 0.732896 -0.373429
vn -0.568695 0.581630 -0.581630
vn -0.568695 0.581630 -0.581630
vn -0.568695 0.373429 -0.732896
vn -0.568695 0.373429 -0.732896
vn -0.568695 0.128675 -0.812422
vn -0.568695 0.128675 -0.812422
vn -0.568695 -0.128675 -0.812422
vn -0.568695 -0.128675 -0.812422
vn -0.568695 -0.373429 -0.732896
vn -0.568695 -0.373429 -0.732896
vn -0.568695 -0.581630 -0.581630
vn -0.568695 -0.581630 -0.581630
vn -0.568695 -0.732896 -0.373429
vn -0.568695 -0.732896 -0.373429
vn -0.568695 -0.812422 -0.128675
vn -0.568695 -0.812422 -0.128675
vn -0.568695 -0.812422 0.128675
vn -0.568695 -0.812422 0.128675
vn -0.568695 -0.732896 0.373429
vn -0.568695 -0.732896 0.373429
vn -0.568695 -0.581630 0.581630
vn -0.568695 -0.581630 0.581630
vn -0.568695 -0.373429 0.732896
vn -0.568695 -0.373429 0.732896
vn -0.568695 -0.128675 0.812422
vn -0.568695 -0.128675 0.812422
vn -0.635498 0.120784 0.762597
vn -0.635498 0.120784 0.762597
vn -0.635498 0.350527 0.687949
vn -0.635498 0.350527 0.687949
vn -0.635498 0.545959 0.545959
vn -0.635498 0.545959 0.545959
vn -0.635498 0.687949 0.350527
vn -0.635498 0.687949 0.350527
vn -0.635498 0.762597 0.120784
vn -0.635498 0.762597 0.120784
vn -0.635498 0.762597 -0.120784
vn -0.635498 0.762597 -0.120784
vn -0.635498 0.687949 -0.350527
vn -0.635498 0.687949 -0.350527
vn -0.635498 0.545959 -0.545959
vn -0.635498 0.545959 -0.545959
vn -0.635498 0.350527 -0.687949
vn -0.635498 0.350527 -0.687949
vn -0.635498 0.120784 -0.762597
vn -0.635498 0.120784 -0.762597
vn -0.635498 -0.120784 -0.762597
vn -0.635498 -0.120784 -0.762597
vn -0.635498 -0.350527 -0.687949
vn -0.635498 -0.350527 -0.687949
vn -0.635498 -0.545959 -0.545959
vn -0.635498 -0.545959 -0.545959
vn -0.635498 -0.687949 -0.350527
vn -0.635498 -0.687949 -0.350527
vn -0.635498 -0.762597 -0.120784
vn -0.635498 -0.762597 -0.120784
vn -0.635498 -0.762597 0.120784
vn -0.635498 -0.762597 0.120784
vn -0.635498 -0.687949 0.350527
vn -0.635498 -0.687949 0.350527
vn -0.635498 -0.545959 0.545959
vn -0.635498 -0.545959 0.545959
vn -0.635498 -0.350527 0.687949
vn -0.635498 -0.350527 0.687949
vn -0.635498 -0.120784 0.762597
vn -0.635498 -0.120784 0.762597
vn -0.367439 0.145492 0.918597
vn -0.367439 0.145492 0.918597
vn -0.367439 0.422233 0.828679
vn -0.367439 0.422233 0.828679
vn -0.367439 0.657643 0.657643
vn -0.367439 0.657643 0.657643
vn -0.367439 0.828679 0.422233
vn -0.367439 0.828679 0.422233
vn -0.367439 0.918597 0.145492
vn -0.367439 0.918597 0.145492
vn -0.367439 0.918597 -0.145492
vn -0.367439 0.918597 -0.145492
vn -0.367439 0.828679 -0.422233
vn -0.367439 0.828679 -0.422233
vn -0.367439 0.657643 -0.657643
vn -0.367439 0.657643 -0.657643
vn -0.367439 0.422233 -0.828679
vn -0.367439 0.422233 -0.828679
vn -0.367439 0.145492 -0.918597
vn -0.367439 0.145492 -0.918597
vn -0.367439 -0.145492 -0.918597
vn -0.367439 -0.145492 -0.918597
vn -0.367439 -0.422233 -0.828679
vn -0.367439 -0.422233 -0.828679
vn -0.367439 -0.657643 -0.657643
vn -0.367439 -0.657643 -0.657643
vn -0.367439 -0.828679 -0.422233
vn -0.367439 -0.828679 -0.422233
vn -0.367439 -0.918597 -0.145492
vn -0.367439 -0.918597 -0.145492
vn -0.367439 -0.918597 0.145492
vn -0.367439 -0.918597 0.145492
vn -0.367439 -0.828679 0.422233
vn -0.367439 -0.828679 0.422233
vn -0.367439 -0.657643 0.657643
vn -0.367439 -0.657643 0.657643
vn -0.367439 -0.422233 0.828679
vn -0.367439 -0.422233 0.828679
vn -0.367439 -0.145492 0.918597
vn -0.367439 -0.145492 0.918597
vn -0.000000 0.156434 0.987688
vn 0.000000 0.156434 0.987688
vn -0.000000 0.453990 0.891007
vn 0.000000 0.453990 0.891007
vn -0.000000 0.707107 0.707107
vn 0.000000 0.707107 0.707107
vn -0.000000 0.891007 0.453990
vn 0.000000 0.891007 0.453990
vn -0.000000 0.987688 0.156434
vn 0.000000 0.987688 0.156434
vn 0.000000 0.987688 -0.156434
vn 0.000000 0.987688 -0.156434
vn 0.000000 0.891007 -0.453990
vn 0.000000 0.891007 -0.453990
vn 0.000000 0.707107 -0.707107
vn 0.000000 0.707107 -0.707107
vn 0.000000 0.453990 -0.891007
vn 0.000000 0.453990 -0.891007
vn 0.000000 0.156434 -0.987688
vn 0.000000 0.156434 -0.987688
vn 0.000000 -0.156434 -0.987688
vn 0.000000 -0.156434 -0.987688
vn 0.000000 -0.453990 -0.891007
vn 0.000000 -0.453990 -0.891007
vn 0.000000 -0.707107 -0.707107
vn 0.000000 -0.707107 -0.707107
vn 0.000000 -0.891007 -0.453990
vn 0.000000 -0.891007 -0.453990
vn 0.000000 -0.987688 -0.156434
vn 0.000000 -0.987688 -0.156434
vn 0.000000 -0.987688 0.156434
vn 0.000000 -0.987688 0.156434
vn 0.000000 -0.891007 0.453990
vn 0.000000 -0.891007 0.453990
vn 0.000000 -0.707107 0.707107
vn 0.000000 -0.707107 0.707107
vn 0.000000 -0.453990 0.891007
vn 0.000000 -0.453990 0.891007
vn 0.000000 -0.156434 0.987688
vn 0.000000 -0.156434 0.987688
vn 0.764302 0.100878 0.636919
vn 0.764302 0.100878 0.636919
vn 0.764302 0.292759 0.574573
vn 0.764302 0.292759 0.574573
vn 0.764302 0.455983 0.455983
vn 0.764302 0.455983 0.455983
vn 0.764302 0.574573 0.292759
vn 0.764302 0.574573 0.292759
vn 0.764302 0.636919 0.100878
vn 0.764302 0.636919 0.100878
vn 0.764302 0.636919 -0.100878
vn 0.764302 0.636919 -0.100878
vn 0.764302 0.574573 -0.292759
vn 0.764302 0.574573 -0.292759
vn 0.764302 0.455983 -0.455983
vn 0.764302 0.455983 -0.455983
vn 0.764302 0.292759 -0.574573
vn 0.764302 0.292759 -0.574573
vn 0.764302 0.100878 -0.636919
vn 0.764302 0.100878 -0.636919
vn 0.764302 -0.100878 -0.636919
vn 0.764302 -0.100878 -0.636919
vn 0.764302 -0.292759 -0.574573
vn 0.764302 -0.292759 -0.574573
vn 0.764302 -0.455983 -0.455983
vn 0.764302 -0.455983 -0.455983
vn 0.764302 -0.574573 -0.292759
vn 0.764302 -0.574573 -0.292759
vn 0.764302 -0.636919 -0.100878
vn 0.764302 -0.636919 -0.100878
vn 0.764302 -0.636919 0.100878
vn 0.764302 -0.636919 0.100878
vn 0.764302 -0.574573 0.292759
vn 0.764302 -0.574573 0.292759
vn 0.764302 -0.455983 0.455983
vn 0.764302 -0.455983 0.455983
vn 0.764302 -0.292759 0.574573
vn 0.764302 -0.292759 0.574573
vn 0.764302 -0.100878 0.636919
vn 0.764302 -0.100878 0.636919
vn -0.000000 0.156434 0.987688
vn 0.000000 0.156434 0.987688
vn -0.000000 0.453990 0.891007
vn 0.000000 0.453990 0.891007
vn -0.000000 0.707107 0.707107
vn 0.000000 0.707107 0.707107
vn -0.000000 0.891007 0.453990
vn 0.000000 0.891007 0.453990
vn -0.000000 0.987688 0.156434
vn 0.000000 0.987688 0.156434
vn 0.000000 0.987688 -0.156434
vn 0.000000 0.987688 -0.156434
vn 0.000000 0.891007 -0.453990
vn 0.000000 0.891007 -0.453990
vn 0.000000 0.707107 -0.707107
vn 0.000000 0.707107 -0.707107
vn 0.000000 0.453990 -0.891007
vn 0.000000 0.453990 -0.891007
vn 0.000000 0.156434 -0.987688
vn 0.000000 0.156434 -0.987688
vn 0.000000 -0.156434 -0.987688
vn 0.000000 -0.156434 -0.987688
vn 0.000000 -0.453990 -0.891007
vn 0.000000 -0.453990 -0.891007
vn 0.000000 -0.707107 -0.707107
vn 0.000000 -0.707107 -0.707107
vn 0.000000 -0.891007 -0.453990
vn 0.000000 -0.891007 -0.453990
vn 0.000000 -0.987688 -0.156434
vn 0.000000 -0.987688 -0.156434
vn 0.000000 -0.987688 0.156434
vn 0.000000 -0.987688 0.156434
vn 0.000000 -0.891007 0.453990
vn 0.000000 -0.891007 0.453990
vn 0.000000 -0.707107 0.707107
vn 0.000000 -0.707107 0.707107
vn 0.000000 -0.453990 0.891007
vn 0.000000 -0.453990 0.891007
vn 0.000000 -0.156434 0.987688
vn 0.000000 -0.156434 0.987688
vn -0.892192 0.070655 0.446096
vn -0.892192 0.070655 0.446096
vn -0.892192 0.205048 0.402429
vn -0.892192 0.205048 0.402429
vn -0.892192 0.319369 0.319369
vn -0.892192 0.319369 0.319369
vn -0.892192 0.402429 0.205048
vn -0.892192 0.402429 0.205048
vn -0.892192 0.446096 0.070655
vn -0.892192 0.446096 0.070655
vn -0.892192 0.446096 -0.070655
vn -0.892192 0.446096 -0.070655
vn -0.892192 0.402429 -0.205048
vn -0.892192 0.402429 -0.205048
vn -0.892192 0.319369 -0.319369
vn -0.892192 0.319369 -0.319369
vn -0.892192 0.205048 -0.402429
vn -0.892192 0.205048 -0.402429
vn -0.892192 0.070655 -0.446096
vn -0.892192 0.070655 -0.446096
vn -0.892192 -0.070655 -0.446096
vn -0.892192 -0.070655 -0.446096
vn -0.892192 -0.205048 -0.402429
vn -0.892192 -0.205048 -0.402429
vn -0.892192 -0.319369 -0.319369
vn -0.892192 -0.319369 -0.319369
vn -0.892192 -0.402429 -0.205048
vn -0.892192 -0.402429 -0.205048
vn -0.892192 -0.446096 -0.070655
vn -0.892192 -0.446096 -0.070655
vn -0.892192 -0.446096 0.070655
vn -0.892192 -0.446096 0.070655
vn -0.892192 -0.402429 0.205048
vn -0.892192 -0.402429 0.205048
vn -0.892192 -0.319369 0.319369
vn -0.892192 -0.319369 0.319369
vn -0.892192 -0.205048 0.402429
vn -0.892192 -0.205048 0.402429
vn -0.892192 -0.070655 0.446096
vn -0.892192 -0.070655 0.446096
vn -0.000000 0.156434 0.987688
vn 0.000000 0.156434 0.987688
vn -0.000000 0.453990 0.891007
vn 0.000000 0.453990 0.891007
vn -0.000000 0.707107 0.707107
vn 0.000000 0.707107 0.707107
vn -0.000000 0.891007 0.453990
vn 0.000000 0.891007 0.453990
vn -0.000000 0.987688 0.156434
vn 0.000000 0.987688 0.156434
vn 0.000000 0.987688 -0.156434
vn 0.000000 0.987688 -0.156434
vn 0.000000 0.891007 -0.453990
vn 0.000000 0.891007 -0.453990
vn 0.000000 0.707107 -0.707107
vn 0.000000 0.707107 -0.707107
vn 0.000000 0.453990 -0.891007
vn 0.000000 0.453990 -0.891007
vn 0.000000 0.156434 -0.987688
vn 0.000000 0.156434 -0.987688
vn 0.000000 -0.156434 -0.987688
vn 0.000000 -0.156434 -0.987688
vn 0.000000 -0.453990 -0.891007
vn 0.000000 -0.453990 -0.891007
vn 0.000000 -0.707107 -0.707107
vn 0.000000 -0.707107 -0.707107
vn 0.000000 -0.891007 -0.453990
vn 0.000000 -0.891007 -0.453990
vn 0.000000 -0.987688 -0.156434
vn 0.000000 -0.987688 -0.156434
vn 0.000000 -0.987688 0.156434
vn 0.000000 -0.987688 0.156434
vn 0.000000 -0.891007 0.453990
vn 0.000000 -0.891007 0.453990
vn 0.000000 -0.707107 0.707107
vn 0.000000 -0.707107 0.707107
vn 0.000000 -0.453990 0.891007
vn 0.000000 -0.453990 0.891007
vn 0.000000 -0.156434 0.987688
vn 0.000000 -0.156434 0.987688
vn 0.875382 0.075626 0.477481
vn 0.875382 0.075626 0.477481
vn 0.875382 0.219474 0.430742
vn 0.875382 0.219474 0.430742
vn 0.875382 0.341839 0.341839
vn 0.875382 0.341839 0.341839
vn 0.875382 0.430742 0.219474
vn 0.875382 0.430742 0.219474
vn 0.875382 0.477481 0.075626
vn 0.875382 0.477481 0.075626
vn 0.875382 0.477481 -0.075626
vn 0.875382 0.477481 -0.075626
vn 0.875382 0.430742 -0.219474
vn 0.875382 0.430742 -0.219474
vn 0.875382 0.341839 -0.341839
vn 0.875382 0.341839 -0.341839
vn 0.875382 0.219474 -0.430742
vn 0.875382 0.219474 -0.430742
vn 0.875382 0.075626 -0.477481
vn 0.875382 0.075626 -0.477481
vn 0.875382 -0.075626 -0.477481
vn 0.875382 -0.075626 -0.477481
vn 0.875382 -0.219474 -0.430742
vn 0.875382 -0.219474 -0.430742
vn 0.875382 -0.341839 -0.341839
vn 0.875382 -0.341839 -0.341839
vn 0.875382 -0.430742 -0.219474
vn 0.875382 -0.430742 -0.219474
vn 0.875382 -0.477481 -0.075626
vn 0.875382 -0.477481 -0.075626
vn 0.875382 -0.477481 0.075626
vn 0.875382 -0.477481 0.075626
vn 0.875382 -0.430742 0.219474
vn 0.875382 -0.430742 0.219474
vn 0.875382 -0.341839 0.341839
vn 0.875382 -0.341839 0.341839
vn 0.875382 -0.219474 0.430742
vn 0.875382 -0.219474 0.430742
vn 0.875382 -0.075626 0.477481
vn 0.875382 -0.075626 0.477481
vn 0.098291 0.155677 0.982906
vn 0.098291 0.155677 0.982906
vn 0.098291 0.451792 0.886692
vn 0.098291 0.451792 0.886692
vn 0.098291 0.703683 0.703683
vn 0.098291 0.703683 0.703683
vn 0.098291 0.886692 0.451792
vn 0.098291 0.886692 0.451792
vn 0.098291 0.982906 0.155677
vn 0.098291 0.982906 0.155677
vn 0.098291 0.982906 -0.155677
vn 0.098291 0.982906 -0.155677
vn 0.098291 0.886692 -0.451792
vn 0.098291 0.886692 -0.451792
vn 0.098291 0.703683 -0.703683
vn 0.098291 0.703683 -0.703683
vn 0.098291 0.451792 -0.886692
vn 0.098291 0.451792 -0.886692
vn 0.098291 0.155677 -0.982906
vn 0.098291 0.155677 -0.982906
vn 0.098291 -0.155677 -0.982906
vn 0.098291 -0.155677 -0.982906
vn 0.098291 -0.451792 -0.886692
vn 0.098291 -0.451792 -0.886692
vn 0.098291 -0.703683 -0.703683
vn 0.098291 -0.703683 -0.703683
vn 0.098291 -0.886692 -0.451792
vn 0.098291 -0.886692 -0.451792
vn 0.098291 -0.982906 -0.155677
vn 0.098291 -0.982906 -0.155677
vn 0.098291 -0.982906 0.155677
vn 0.098291 -0.982906 0.155677
vn 0.098291 -0.886692 0.451792
vn 0.098291 -0.886692 0.451792
vn 0.098291 -0.703683 0.703683
vn 0.098291 -0.703683 0.703683
vn 0.098291 -0.451792 0.886692
vn 0.098291 -0.451792 0.886692
vn 0.098291 -0.155677 0.982906
vn 0.098291 -0.155677 0.982906
vn 0.166942 0.154239 0.973828
vn 0.166942 0.154239 0.973828
vn 0.166942 0.447620 0.878503
vn 0.166942 0.447620 0.878503
vn 0.166942 0.697184 0.697184
vn 0.166942 0.697184 0.697184
vn 0.166942 0.878503 0.447620
vn 0.166942 0.878503 0.447620
vn 0.166942 0.973828 0.154239
vn 0.166942 0.973828 0.154239
vn 0.166942 0.973828 -0.154239
vn 0.166942 0.973828 -0.154239
vn 0.166942 0.878503 -0.447620
vn 0.166942 0.878503 -0.447620
vn 0.166942 0.697184 -0.697184
vn 0.166942 0.697184 -0.697184
vn 0.166942 0.447620 -0.878503
vn 0.166942 0.447620 -0.878503
vn 0.166942 0.154239 -0.973828
vn 0.166942 0.154239 -0.973828
vn 0.166942 -0.154239 -0.973828
vn 0.166942 -0.154239 -0.973828
vn 0.166942 -0.447620 -0.878503
vn 0.166942 -0.447620 -0.878503
vn 0.166942 -0.697184 -0.697184
vn 0.166942 -0.697184 -0.697184
vn 0.166942 -0.878503 -0.447620
vn 0.166942 -0.878503 -0.447620
vn 0.166942 -0.973828 -0.154239
vn 0.166942 -0.973828 -0.154239
vn 0.166942 -0.973828 0.154239
vn 0.166942 -0.973828 0.154239
vn 0.166942 -0.878503 0.447620
vn 0.166942 -0.878503 0.447620
vn 0.166942 -0.697184 0.697184
vn 0.166942 -0.697184 0.697184
vn 0.166942 -0.447620 0.878503
vn 0.166942 -0.447620 0.878503
vn 0.166942 -0.154239 0.973828
vn 0.166942 -0.154239 0.973828
vn -0.000000 0.156434 0.987688
vn 0.000000 0.156434 0.987688
vn -0.000000 0.453990 0.891007
vn 0.000000 0.453990 0.891007
vn -0.000000 0.707107 0.707107
vn 0.000000 0.707107 0.707107
vn -0.000000 0.891007 0.453990
vn 0.000000 0.891007 0.453990
vn -0.000000 0.987688 0.156434
vn 0.000000 0.987688 0.156434
vn 0.000000 0.987688 -0.156434
vn 0.000000 0.987688 -0.156434
vn 0.000000 0.891007 -0.453990
vn 0.000000 0.891007 -0.453990
vn 0.000000 0.707107 -0.707107
vn 0.000000 0.707107 -0.707107
vn 0.000000 0.453990 -0.891007
vn 0.000000 0.453990 -0.891007
vn 0.000000 0.156434 -0.987688
vn 0.000000 0.156434 -0.987688
vn 0.000000 -0.156434 -0.987688
vn 0.000000 -0.156434 -0.987688
vn 0.000000 -0.453990 -0.891007
vn 0.000000 -0.453990 -0.891007
vn 0.000000 -0.707107 -0.707107
vn 0.000000 -0.707107 -0.707107
vn 0.000000 -0.891007 -0.453990
vn 0.000000 -0.891007 -0.453990
vn 0.000000 -0.987688 -0.156434
vn 0.000000 -0.987688 -0.156434
vn 0.000000 -0.987688 0.156434
vn 0.000000 -0.987688 0.156434
vn 0.000000 -0.891007 0.453990
vn 0.000000 -0.891007 0.453990
vn 0.000000 -0.707107 0.707107
vn 0.000000 -0.707107 0.707107
vn 0.000000 -0.453990 0.891007
vn 0.000000 -0.453990 0.891007
vn 0.000000 -0.156434 0.987688
vn 0.000000 -0.156434 0.987688
vn -0.110435 0.155478 0.981647
vn -0.110435 0.155478 0.981647
vn -0.110435 0.451214 0.885557
vn -0.110435 0.451214 0.885557
vn -0.110435 0.702782 0.702782
vn -0.110435 0.702782 0.702782
vn -0.110435 0.885557 0.451214
vn -0.110435 0.885557 0.451214
vn -0.110435 0.981647 0.155478
vn -0.110435 0.981647 0.155478
vn -0.110435 0.981647 -0.155478
vn -0.110435 0.981647 -0.155478
vn -0.110435 0.885557 -0.451214
vn -0.110435 0.885557 -0.451214
vn -0.110435 0.702782 -0.702782
vn -0.110435 0.702782 -0.702782
vn -0.110435 0.451214 -0.885557
vn -0.110435 0.451214 -0.885557
vn -0.110435 0.155478 -0.981647
vn -0.110435 0.155478 -0.981647
vn -0.110435 -0.155478 -0.981647
vn -0.110435 -0.155478 -0.981647
vn -0.110435 -0.451214 -0.885557
vn -0.110435 -0.451214 -0.885557
vn -0.110435 -0.702782 -0.702782
vn -0.110435 -0.702782 -0.702782
vn -0.110435 -0.885557 -0.451214
vn -0.110435 -0.885557 -0.451214
vn -0.110435 -0.981647 -0.155478
vn -0.110435 -0.981647 -0.155478
vn -0.110435 -0.981647 0.155478
vn -0.110435 -0.981647 0.155478
vn -0.110435 -0.885557 0.451214
vn -0.110435 -0.885557 0.451214
vn -0.110435 -0.702782 0.702782
vn -0.110435 -0.702782 0.702782
vn -0.110435 -0.451214 0.885557
vn -0.110435 -0.451214 0.885557
vn -0.110435 -0.155478 0.981647
vn -0.110435 -0.155478 0.981647
vn -0.470601 0.138029 0.871483
vn -0.470601 0.138029 0.871483
vn -0.470601 0.400577 0.786176
vn -0.470601 0.400577 0.786176
vn -0.470601 0.623913 0.623913
vn -0.470601 0.623913 0.623913
vn -0.470601 0.786176 0.400577
vn -0.470601 0.786176 0.400577
vn -0.470601 0.871483 0.138029
vn -0.470601 0.871483 0.138029
vn -0.470601 0.871483 -0.138029
vn -0.470601 0.871483 -0.138029
vn -0.470601 0.786176 -0.400577
vn -0.470601 0.786176 -0.400577
vn -0.470601 0.623913 -0.623913
vn -0.470601 0.623913 -0.623913
vn -0.470601 0.400577 -0.786176
vn -0.470601 0.400577 -0.786176
vn -0.470601 0.138029 -0.871483
vn -0.470601 0.138029 -0.871483
vn -0.470601 -0.138029 -0.871483
vn -0.470601 -0.138029 -0.871483
vn -0.470601 -0.400577 -0.786176
vn -0.470601 -0.400577 -0.786176
vn -0.470601 -0.623913 -0.623913
vn -0.470601 -0.623913 -0.623913
vn -0.470601 -0.786176 -0.400577
vn -0.470601 -0.786176 -0.400577
vn -0.470601 -0.871483 -0.138029
vn -0.470601 -0.871483 -0.138029
vn -0.470601 -0.871483 0.138029
vn -0.470601 -0.871483 0.138029
vn -0.470601 -0.786176 0.400577
vn -0.470601 -0.786176 0.400577
vn -0.470601 -0.623913 0.623913
vn -0.470601 -0.623913 0.623913
vn -0.470601 -0.400577 0.786176
vn -0.470601 -0.400577 0.786176
vn -0.470601 -0.138029 0.871483
vn -0.470601 -0.138029 0.871483
vn -0.000000 0.156434 0.987688
vn 0.000000 0.156434 0.987688
vn -0.000000 0.453990 0.891007
vn 0.000000 0.453990 0.891007
vn -0.000000 0.707107 0.707107
vn 0.000000 0.707107 0.707107
vn -0.000000 0.891007 0.453990
vn 0.000000 0.891007 0.453990
vn -0.000000 0.987688 0.156434
vn 0.000000 0.987688 0.156434
vn 0.000000 0.987688 -0.156434
vn 0.000000 0.987688 -0.156434
vn 0.000000 0.891007 -0.453990
vn 0.000000 0.891007 -0.453990
vn 0.000000 0.707107 -0.707107
vn 0.000000 0.707107 -0.707107
vn 0.000000 0.453990 -0.891007
vn 0.000000 0.453990 -0.891007
vn 0.000000 0.156434 -0.987688
vn 0.000000 0.156434 -0.987688
vn 0.000000 -0.156434 -0.987688
vn 0.000000 -0.156434 -0.987688
vn 0.000000 -0.453990 -0.891007
vn 0.000000 -0.453990 -0.891007
vn 0.000000 -0.707107 -0.707107
vn 0.000000 -0.707107 -0.707107
vn 0.000000 -0.891007 -0.453990
vn 0.000000 -0.891007 -0.453990
vn 0.000000 -0.987688 -0.156434
vn 0.000000 -0.987688 -0.156434
vn 0.000000 -0.987688 0.156434
vn 0.000000 -0.987688 0.156434
vn 0.000000 -0.891007 0.453990
vn 0.000000 -0.891007 0.453990
vn 0.000000 -0.707107 0.707107
vn 0.000000 -0.707107 0.707107
vn 0.000000 -0.453990 0.891007
vn 0.000000 -0.453990 0.891007
vn 0.000000 -0.156434 0.987688
vn 0.000000 -0.156434 0.987688
vn 0.702714 0.111299 0.702714
vn 0.702714 0.111299 0.702714
vn 0.702714 0.323002 0.633927
vn 0.702714 0.323002 0.633927
vn 0.702714 0.503087 0.503087
vn 0.702714 0.503087 0.503087
vn 0.702714 0.633927 0.323002
vn 0.702714 0.633927 0.323002
vn 0.702714 0.702714 0.111299
vn 0.702714 0.702714 0.111299
vn 0.702714 0.702714 -0.111299
vn 0.702714 0.702714 -0.111299
vn 0.702714 0.633927 -0.323002
vn 0.702714 0.633927 -0.323002
vn 0.702714 0.503087 -0.503087
vn 0.702714 0.503087 -0.503087
vn 0.702714 0.323002 -0.633927
vn 0.702714 0.323002 -0.633927
vn 0.702714 0.111299 -0.702714
vn 0.702714 0.111299 -0.702714
vn 0.702714 -0.111299 -0.702714
vn 0.702714 -0.111299 -0.702714
vn 0.702714 -0.323002 -0.633927
vn 0.702714 -0.323002 -0.633927
vn 0.702714 -0.503087 -0.503087
vn 0.702714 -0.503087 -0.503087
vn 0.702714 -0.633927 -0.323002
vn 0.702714 -0.633927 -0.323002
vn 0.702714 -0.702714 -0.111299
vn 0.702714 -0.702714 -0.111299
vn 0.702714 -0.702714 0.111299
vn 0.702714 -0.702714 0.111299
vn 0.702714 -0.633927 0.323002
vn 0.702714 -0.633927 0.323002
vn 0.702714 -0.503087 0.503087
vn 0.702714 -0.503087 0.503087
vn 0.702714 -0.323002 0.633927
vn 0.702714 -0.323002 0.633927
vn 0.702714 -0.111299 0.702714
vn 0.702714 -0.111299 0.702714
vn -0.000000 0.156434 0.987688
vn 0.000000 0.156434 0.987688
vn -0.000000 0.453990 0.891007
vn 0.000000 0.453990 0.891007
vn -0.000000 0.707107 0.707107
vn 0.000000 0.707107 0.707107
vn -0.000000 0.891007 0.453990
vn 0.000000 0.891007 0.453990
vn -0.000000 0.987688 0.156434
vn 0.000000 0.987688 0.156434
vn 0.000000 0.987688 -0.156434
vn 0.000000 0.987688 -0.156434
vn 0.000000 0.891007 -0.453990
vn 0.000000 0.891007 -0.453990
vn 0.000000 0.707107 -0.707107
vn 0.000000 0.707107 -0.707107
vn 0.000000 0.453990 -0.891007
vn 0.000000 0.453990 -0.891007
vn 0.000000 0.156434 -0.987688
vn 0.000000 0.156434 -0.987688
vn 0.000000 -0.156434 -0.987688
vn 0.000000 -0.156434 -0.987688
vn 0.000000 -0.453990 -0.891007
vn 0.000000 -0.453990 -0.891007
vn 0.000000 -0.707107 -0.707107
vn 0.000000 -0.707107 -0.707107
vn 0.000000 -0.891007 -0.453990
vn 0.000000 -0.891007 -0.453990
vn 0.000000 -0.987688 -0.156434
vn 0.000000 -0.987688 -0.156434
vn 0.000000 -0.987688 0.156434
vn 0.000000 -0.987688 0.156434
vn 0.000000 -0.891007 0.453990
vn 0.000000 -0.891007 0.453990
vn 0.000000 -0.707107 0.707107
vn 0.000000 -0.707107 0.707107
vn 0.000000 -0.453990 0.891007
vn 0.000000 -0.453990 0.891007
vn 0.000000 -0.156434 0.987688
vn 0.000000 -0.156434 0.987688
vn -0.810307 0.091671 0.578791
vn -0.810307 0.091671 0.578791
vn -0.810307 0.266041 0.522135
vn -0.810307 0.266041 0.522135
vn -0.810307 0.414368 0.414368
vn -0.810307 0.414368 0.414368
vn -0.810307 0.522135 0.266041
vn -0.810307 0.522135 0.266041
vn -0.810307 0.578791 0.091671
vn -0.810307 0.578791 0.091671
vn -0.810307 0.578791 -0.091671
vn -0.810307 0.578791 -0.091671
vn -0.810307 0.522135 -0.266041
vn -0.810307 0.522135 -0.266041
vn -0.810307 0.414368 -0.414368
vn -0.810307 0.414368 -0.414368
vn -0.810307 0.266041 -0.522135
vn -0.810307 0.266041 -0.522135
vn -0.810307 0.091671 -0.578791
vn -0.810307 0.091671 -0.578791
vn -0.810307 -0.091671 -0.578791
vn -0.810307 -0.091671 -0.578791
vn -0.810307 -0.266041 -0.522135
vn -0.810307 -0.266041 -0.522135
vn -0.810307 -0.414368 -0.414368
vn -0.810307 -0.414368 -0.414368
vn -0.810307 -0.522135 -0.266041
vn -0.810307 -0.522135 -0.266041
vn -0.810307 -0.578791 -0.091671
vn -0.810307 -0.578791 -0.091671
vn -0.810307 -0.578791 0.091671
vn -0.810307 -0.578791 0.091671
vn -0.810307 -0.522135 0.266041
vn -0.810307 -0.522135 0.266041
vn -0.810307 -0.414368 0.414368
vn -0.810307 -0.414368 0.414368
vn -0.810307 -0.266041 0.522135
vn -0.810307 -0.266041 0.522135
vn -0.810307 -0.091671 0.578791
vn -0.810307 -0.091671 0.578791
vn -0.000000 0.156434 0.987688
vn 0.000000 0.156434 0.987688
vn -0.000000 0.453990 0.891007
vn 0.000000 0.453990 0.891007
vn -0.000000 0.707107 0.707107
vn 0.000000 0.707107 0.707107
vn -0.000000 0.891007 0.453990
vn 0.000000 0.891007 0.453990
vn -0.000000 0.987688 0.156434
vn 0.000000 0.987688 0.156434
vn 0.000000 0.987688 -0.156434
vn 0.000000 0.987688 -0.156434
vn 0.000000 0.891007 -0.453990
vn 0.000000 0.891007 -0.453990
vn 0.000000 0.707107 -0.707107
vn 0.000000 0.707107 -0.707107
vn 0.000000 0.453990 -0.891007
vn 0.000000 0.453990 -0.891007
vn 0.000000 0.156434 -0.987688
vn 0.000000 0.156434 -0.987688
vn 0.000000 -0.156434 -0.987688
vn 0.000000 -0.156434 -0.987688
vn 0.000000 -0.453990 -0.891007
vn 0.000000 -0.453990 -0.891007
vn 0.000000 -0.707107 -0.707107
vn 0.000000 -0.707107 -0.707107
vn 0.000000 -0.891007 -0.453990
vn 0.000000 -0.891007 -0.453990
vn 0.000000 -0.987688 -0.156434
vn 0.000000 -0.987688 -0.156434
vn 0.000000 -0.987688 0.156434
vn 0.000000 -0.987688 0.156434
vn 0.000000 -0.891007 0.453990
vn 0.000000 -0.891007 0.453990
vn 0.000000 -0.707107 0.707107
vn 0.000000 -0.707107 0.707107
vn 0.000000 -0.453990 0.891007
vn 0.000000 -0.453990 0.891007
vn 0.000000 -0.156434 0.987688
vn 0.000000 -0.156434 0.987688
vn 0.796412 0.094604 0.597309
vn 0.796412 0.094604 0.597309
vn 0.796412 0.274553 0.538840
vn 0.796412 0.274553 0.538840
vn 0.796412 0.427626 0.427626
vn 0.796412 0.427626 0.427626
vn 0.796412 0.538840 0.274553
vn 0.796412 0.538840 0.274553
vn 0.796412 0.597309 0.094604
vn 0.796412 0.597309 0.094604
vn 0.796412 0.597309 -0.094604
vn 0.796412 0.597309 -0.094604
vn 0.796412 0.538840 -0.274553
vn 0.796412 0.538840 -0.274553
vn 0.796412 0.427626 -0.427626
vn 0.796412 0.427626 -0.427626
vn 0.796412 0.274553 -0.538840
vn 0.796412 0.274553 -0.538840
vn 0.796412 0.094604 -0.597309
vn 0.796412 0.094604 -0.597309
vn 0.796412 -0.094604 -0.597309
vn 0.796412 -0.094604 -0.597309
vn 0.796412 -0.274553 -0.538840
vn 0.796412 -0.274553 -0.538840
vn 0.796412 -0.427626 -0.427626
vn 0.796412 -0.427626 -0.427626
vn 0.796412 -0.538840 -0.274553
vn 0.796412 -0.538840 -0.274553
vn 0.796412 -0.597309 -0.094604
vn 0.796412 -0.597309 -0.094604
vn 0.796412 -0.597309 0.094604
vn 0.796412 -0.597309 0.094604
vn 0.796412 -0.538840 0.274553
vn 0.796412 -0.538840 0.274553
vn 0.796412 -0.427626 0.427626
vn 0.796412 -0.427626 0.427626
vn 0.796412 -0.274553 0.538840
vn 0.796412 -0.274553 0.538840
vn 0.796412 -0.094604 0.597309
vn 0.796412 -0.094604 0.597309
vn 0.012345 0.156423 0.987613
vn 0.012345 0.156423 0.987613
vn 0.012345 0.453956 0.890939
vn 0.012345 0.453956 0.890939
vn 0.012345 0.707053 0.707053
vn 0.012345 0.707053 0.707053
vn 0.012345 0.890939 0.453956
vn 0.012345 0.890939 0.453956
vn 0.012345 0.987613 0.156423
vn 0.012345 0.987613 0.156423
vn 0.012345 0.987613 -0.156423
vn 0.012345 0.987613 -0.156423
vn 0.012345 0.890939 -0.453956
vn 0.012345 0.890939 -0.453956
vn 0.012345 0.707053 -0.707053
vn 0.012345 0.707053 -0.707053
vn 0.012345 0.453956 -0.890939
vn 0.012345 0.453956 -0.890939
vn 0.012345 0.156423 -0.987613
vn 0.012345 0.156423 -0.987613
vn 0.012345 -0.156423 -0.987613
vn 0.012345 -0.156423 -0.987613
vn 0.012345 -0.453956 -0.890939
vn 0.012345 -0.453956 -0.890939
vn 0.012345 -0.707053 -0.707053
vn 0.012345 -0.707053 -0.707053
vn 0.012345 -0.890939 -0.453956
vn 0.012345 -0.890939 -0.453956
vn 0.012345 -0.987613 -0.156423
vn 0.012345 -0.987613 -0.156423
vn 0.012345 -0.987613 0.156423
vn 0.012345 -0.987613 0.156423
vn 0.012345 -0.890939 0.453956
vn 0.012345 -0.890939 0.453956
vn 0.012345 -0.707053 0.707053
vn 0.012345 -0.707053 0.707053
vn 0.012345 -0.453956 0.890939
vn 0.012345 -0.453956 0.890939
vn 0.012345 -0.156423 0.987613
vn 0.012345 -0.156423 0.987613
vn 0.017635 0.156410 0.987535
vn 0.017635 0.156410 0.987535
vn 0.017635 0.453920 0.890868
vn 0.017635 0.453920 0.890868
vn 0.017635 0.706997 0.706997
vn 0.017635 0.706997 0.706997
vn 0.017635 0.890868 0.453920
vn 0.017635 0.890868 0.453920
vn 0.017635 0.987535 0.156410
vn 0.017635 0.987535 0.156410
vn 0.017635 0.987535 -0.156410
vn 0.017635 0.987535 -0.156410
vn 0.017635 0.890868 -0.453920
vn 0.017635 0.890868 -0.453920
vn 0.017635 0.706997 -0.706997
vn 0.017635 0.706997 -0.706997
vn 0.017635 0.453920 -0.890868
vn 0.017635 0.453920 -0.890868
vn 0.017635 0.156410 -0.987535
vn 0.017635 0.156410 -0.987535
vn 0.017635 -0.156410 -0.987535
vn 0.017635 -0.156410 -0.987535
vn 0.017635 -0.453920 -0.890868
vn 0.017635 -0.453920 -0.890868
vn 0.017635 -0.706997 -0.706997
vn 0.017635 -0.706997 -0.706997
vn 0.017635 -0.890868 -0.453920
vn 0.017635 -0.890868 -0.453920
vn 0.017635 -0.987535 -0.156410
vn 0.017635 -0.987535 -0.156410
vn 0.017635 -0.987535 0.156410
vn 0.017635 -0.987535 0.156410
vn 0.017635 -0.890868 0.453920
vn 0.017635 -0.890868 0.453920
vn 0.017635 -0.706997 0.706997
vn 0.017635 -0.706997 0.706997
vn 0.017635 -0.453920 0.890868
vn 0.017635 -0.453920 0.890868
vn 0.017635 -0.156410 0.987535
vn 0.017635 -0.156410 0.987535
vn 0.332656 0.147525 0.931438
vn 0.332656 0.147525 0.931438
vn 0.332656 0.428135 0.840262
vn 0.332656 0.428135 0.840262
vn 0.332656 0.666836 0.666836
vn 0.332656 0.666836 0.666836
vn 0.332656 0.840262 0.428135
vn 0.332656 0.840262 0.428135
vn 0.332656 0.931438 0.147525
vn 0.332656 0.931438 0.147525
vn 0.332656 0.931438 -0.147525
vn 0.332656 0.931438 -0.147525
vn 0.332656 0.840262 -0.428135
vn 0.332656 0.840262 -0.428135
vn 0.332656 0.666836 -0.666836
vn 0.332656 0.666836 -0.666836
vn 0.332656 0.428135 -0.840262
vn 0.332656 0.428135 -0.840262
vn 0.332656 0.147525 -0.931438
vn 0.332656 0.147525 -0.931438
vn 0.332656 -0.147525 -0.931438
vn 0.332656 -0.147525 -0.931438
vn 0.332656 -0.428135 -0.840262
vn 0.332656 -0.428135 -0.840262
vn 0.332656 -0.666836 -0.666836
vn 0.332656 -0.666836 -0.666836
vn 0.332656 -0.840262 -0.428135
vn 0.332656 -0.840262 -0.428135
vn 0.332656 -0.931438 -0.147525
vn 0.332656 -0.931438 -0.147525
vn 0.332656 -0.931438 0.147525
vn 0.332656 -0.931438 0.147525
vn 0.332656 -0.840262 0.428135
vn 0.332656 -0.840262 0.428135
vn 0.332656 -0.666836 0.666836
vn 0.332656 -0.666836 0.666836
vn 0.332656 -0.428135 0.840262
vn 0.332656 -0.428135 0.840262
vn 0.332656 -0.147525 0.931438
vn 0.332656 -0.147525 0.931438
vn -1.000000 0.000000 0.000000
vn -1.000000 0.000000 0.000000
vn -1.000000 0.000000 0.000000
vn -1.000000 0.000000 0.000000
vn -1.000000 0.000000 0.000000
vn -1.000000 0.000000 0.000000
vn -1.000000 0.000000 0.000000
vn -1.000000 0.000000 0.000000
vn -1.000000 0.000000 0.000000
vn -1.000000 0.000000 0.000000
vn -1.000000 0.000000 -0.000000
vn -1.000000 0.000000 0.000000
vn -1.000000 0.000000 0.000000
vn -1.000000 0.000000 0.000000
vn -1.000000 0.000000 0.000000
vn -1.000000 -0.000000 0.000000
vn -1.000000 0.000000 0.000000
vn -1.000000 0.000000 0.000000
vn -1.000000 0.000000 0.000000
vn -1.000000 0.000000 0.000000
vn 1.000000 0.000000 0.000000
vn 1.000000 0.000000 0.000000
vn 1.000000 0.000000 0.000000
vn 1.000000 0.000000 0.000000
vn 1.000000 0.000000 0.000000
vn 1.000000 -0.000000 0.000000
vn 1.000000 0.000000 0.000000
vn 1.000000 0.000000 0.000000
vn 1.000000 0.000000 0.000000
vn 1.000000 0.000000 0.000000
vn 1.000000 0.000000 0.000000
vn 1.000000 0.000000 0.000000
vn 1.000000 0.000000 0.000000
vn 1.000000 0.000000 0.000000
vn 1.000000 0.000000 0.000000
vn 1.000000 0.000000 0.000000
vn 1.000000 0.000000 0.000000
vn 1.000000 0.000000 0.000000
vn 1.000000 0.000000 0.000000
vn 1.000000 0.000000 -0.000000
vn 0.306516 0.943360 0.126963
vn 0.767092 0.557325 0.317740
vn 0.767092 0.557325 0.317740
vn 0.923880 0.000000 0.382683
vn 0.923880 0.000000 0.382683
vn 0.767092 -0.557325 0.317740
vn 0.767092 -0.557325 0.317740
vn 0.306516 -0.943360 0.126963
vn 0.126963 0.943360 0.306516
vn 0.317740 0.557325 0.767092
vn 0.317740 0.557325 0.767092
vn 0.382683 0.000000 0.923880
vn 0.382683 0.000000 0.923880
vn 0.317740 -0.557325 0.767092
vn 0.317740 -0.557325 0.767092
vn 0.126963 -0.943360 0.306516
vn -0.126963 0.943360 0.306516
vn -0.317740 0.557325 0.767092
vn -0.317740 0.557325 0.767092
vn -0.382683 0.000000 0.923880
vn -0.382683 0.000000 0.923880
vn -0.317740 -0.557325 0.767092
vn -0.317740 -0.557325 0.767092
vn -0.126963 -0.943360 0.306516
vn -0.306516 0.943360 0.126963
vn -0.767092 0.557325 0.317740
vn -0.767092 0.557325 0.317740
vn -0.923880 0.000000 0.382683
vn -0.923880 0.000000 0.382683
vn -0.767092 -0.557325 0.317740
vn -0.767092 -0.557325 0.317740
vn -0.306516 -0.943360 0.126963
vn -0.306516 0.943360 -0.126963
vn -0.767092 0.557325 -0.317740
vn -0.767092 0.557325 -0.317740
vn -0.923880 0.000000 -0.382683
vn -0.923880 -0.000000 -0.382683
vn -0.767092 -0.557325 -0.317740
vn -0.767092 -0.557325 -0.317740
vn -0.306516 -0.943360 -0.126963
vn -0.126963 0.943360 -0.306516
vn -0.317740 0.557325 -0.767092
vn -0.317740 0.557325 -0.767092
vn -0.382683 0.000000 -0.923880
vn -0.382683 -0.000000 -0.923880
vn -0.317740 -0.557325 -0.767092
vn -0.317740 -0.557325 -0.767092
vn -0.126963 -0.943360 -0.306516
vn 0.126963 0.943360 -0.306516
vn 0.317740 0.557325 -0.767092
vn 0.317740 0.557325 -0.767092
vn 0.382683 0.000000 -0.923880
vn 0.382683 0.000000 -0.923880
vn 0.317740 -0.557325 -0.767092
vn 0.317740 -0.557325 -0.767092
vn 0.126963 -0.943360 -0.306516
vn 0.306516 0.943360 -0.126963
vn 0.767092 0.557325 -0.317740
vn 0.767092 0.557325 -0.317740
vn 0.923880 0.000000 -0.382683
vn 0.923880 0.000000 -0.382683
vn 0.767092 -0.557325 -0.317740
vn 0.767092 -0.557325 -0.317740
vn 0.306516 -0.943360 -0.126963
vn 0.306516 0.943360 0.126963
vn 0.767092 0.557325 0.317740
vn 0.767092 0.557325 0.317740
vn 0.923880 0.000000 0.382683
vn 0.923880 0.000000 0.382683
vn 0.767092 -0.557325 0.317740
vn 0.767092 -0.557325 0.317740
vn 0.306516 -0.943360 0.126963
vn 0.126963 0.943360 0.306516
vn 0.317740 0.557325 0.767092
vn 0.317740 0.557325 0.767092
vn 0.382683 0.000000 0.923880
vn 0.382683 0.000000 0.923880
vn 0.317740 -0.557325 0.767092
vn 0.317740 -0.557325 0.767092
vn 0.126963 -0.943360 0.306516
vn -0.126963 0.943360 0.306516
vn -0.317740 0.557325 0.767092
vn -0.317740 0.557325 0.767092
vn -0.382683 0.000000 0.923880
vn -0.382683 0.000000 0.923880
vn -0.317740 -0.557325 0.767092
vn -0.317740 -0.557325 0.767092
vn -0.126963 -0.943360 0.306516
vn -0.306516 0.943360 0.126963
vn -0.767092 0.557325 0.317740
vn -0.767092 0.557325 0.317740
vn -0.923880 0.000000 0.382683
vn -0.923880 0.000000 0.382683
vn -0.767092 -0.557325 0.317740
vn -0.767092 -0.557325 0.317740
vn -0.306516 -0.943360 0.126963
vn -0.306516 0.943360 -0.126963
vn -0.767092 0.557325 -0.317740
vn -0.767092 0.557325 -0.317740
vn -0.923880 0.000000 -0.382683
vn -0.923880 -0.000000 -0.382683
vn -0.767092 -0.557325 -0.317740
vn -0.767092 -0.557325 -0.317740
vn -0.306516 -0.943360 -0.126963
vn -0.126963 0.943360 -0.306516
vn -0.317740 0.557325 -0.767092
vn -0.317740 0.557325 -0.767092
vn -0.382683 0.000000 -0.923880
vn -0.382683 -0.000000 -0.923880
vn -0.317740 -0.557325 -0.767092
vn -0.317740 -0.557325 -0.767092
vn -0.126963 -0.943360 -0.306516
vn 0.126963 0.943360 -0.306516
vn 0.317740 0.557325 -0.767092
vn 0.317740 0.557325 -0.767092
vn 0.382683 0.000000 -0.923880
vn 0.382683 0.000000 -0.923880
vn 0.317740 -0.557325 -0.767092
vn 0.317740 -0.557325 -0.767092
vn 0.126963 -0.943360 -0.306516
vn 0.306516 0.943360 -0.126963
vn 0.767092 0.557325 -0.317740
vn 0.767092 0.557325 -0.317740
vn 0.923880 0.000000 -0.382683
vn 0.923880 0.000000 -0.382683
vn 0.767092 -0.557325 -0.317740
vn 0.767092 -0.557325 -0.317740
vn 0.306516 -0.943360 -0.126963
vn 0.306516 0.943360 0.126963
vn 0.767092 0.557325 0.317740
vn 0.767092 0.557325 0.317740
vn 0.923880 0.000000 0.382683
vn 0.923880 0.000000 0.382683
vn 0.767092 -0.557325 0.317740
vn 0.767092 -0.557325 0.317740
vn 0.306516 -0.943360 0.126963
vn 0.126963 0.943360 0.306516
vn 0.317740 0.557325 0.767092
vn 0.317740 0.557325 0.767092
vn 0.382683 0.000000 0.923880
vn 0.382683 0.000000 0.923880
vn 0.317740 -0.557325 0.767092
vn 0.317740 -0.557325 0.767092
vn 0.126963 -0.943360 0.306516
vn -0.126963 0.943360 0.306516
vn -0.317740 0.557325 0.767092
vn -0.317740 0.557325 0.767092
vn -0.382683 0.000000 0.923880
vn -0.382683 0.000000 0.923880
vn -0.317740 -0.557325 0.767092
vn -0.317740 -0.557325 0.767092
vn -0.126963 -0.943360 0.306516
vn -0.306516 0.943360 0.126963
vn -0.767092 0.557325 0.317740
vn -0.767092 0.557325 0.317740
vn -0.923880 0.000000 0.382683
vn -0.923880 0.000000 0.382683
vn -0.767092 -0.557325 0.317740
vn -0.767092 -0.557325 0.317740
vn -0.306516 -0.943360 0.126963
vn -0.306516 0.943360 -0.126963
vn -0.767092 0.557325 -0.317740
vn -0.767092 0.557325 -0.317740
vn -0.923880 0.000000 -0.382683
vn -0.923880 -0.000000 -0.382683
vn -0.767092 -0.557325 -0.317740
vn -0.767092 -0.557325 -0.317740
vn -0.306516 -0.943360 -0.126963
vn -0.126963 0.943360 -0.306516
vn -0.317740 0.557325 -0.767092
vn -0.317740 0.557325 -0.767092
vn -0.382683 0.000000 -0.923880
vn -0.382683 -0.000000 -0.923880
vn -0.317740 -0.557325 -0.767092
vn -0.317740 -0.557325 -0.767092
vn -0.126963 -0.943360 -0.306516
vn 0.126963 0.943360 -0.306516
vn 0.317740 0.557325 -0.767092
vn 0.317740 0.557325 -0.767092
vn 0.382683 0.000000 -0.923880
vn 0.382683 0.000000 -0.923880
vn 0.317740 -0.557325 -0.767092
vn 0.317740 -0.557325 -0.767092
vn 0.126963 -0.943360 -0.306516
vn 0.306516 0.943360 -0.126963
vn 0.767092 0.557325 -0.317740
vn 0.767092 0.557325 -0.317740
vn 0.923880 0.000000 -0.382683
vn 0.923880 0.000000 -0.382683
vn 0.767092 -0.557325 -0.317740
vn 0.767092 -0.557325 -0.317740
vn 0.306516 -0.943360 -0.126963
vn 0.306516 0.943360 0.126963
vn 0.767092 0.557325 0.317740
vn 0.767092 0.557325 0.317740
vn 0.923880 0.000000 0.382683
vn 0.923880 0.000000 0.382683
vn 0.767092 -0.557325 0.317740
vn 0.767092 -0.557325 0.317740
vn 0.306516 -0.943360 0.126963
vn 0.126963 0.943360 0.306516
vn 0.317740 0.557325 0.767092
vn 0.317740 0.557325 0.767092
vn 0.382683 0.000000 0.923880
vn 0.382683 0.000000 0.923880
vn 0.317740 -0.557325 0.767092
vn 0.317740 -0.557325 0.767092
vn 0.126963 -0.943360 0.306516
vn -0.126963 0.943360 0.306516
vn -0.317740 0.557325 0.767092
vn -0.317740 0.557325 0.767092
vn -0.382683 0.000000 0.923880
vn -0.382683 0.000000 0.923880
vn -0.317740 -0.557325 0.767092
vn -0.317740 -0.557325 0.767092
vn -0.126963 -0.943360 0.306516
vn -0.306516 0.943360 0.126963
vn -0.767092 0.557325 0.317740
vn -0.767092 0.557325 0.317740
vn -0.923880 0.000000 0.382683
vn -0.923880 0.000000 0.382683
vn -0.767092 -0.557325 0.317740
vn -0.767092 -0.557325 0.317740
vn -0.306516 -0.943360 0.126963
vn -0.306516 0.943360 -0.126963
vn -0.767092 0.557325 -0.317740
vn -0.767092 0.557325 -0.317740
vn -0.923880 0.000000 -0.382683
vn -0.923880 -0.000000 -0.382683
vn -0.767092 -0.557325 -0.317740
vn -0.767092 -0.557325 -0.317740
vn -0.306516 -0.943360 -0.126963
vn -0.126963 0.943360 -0.306516
vn -0.317740 0.557325 -0.767092
vn -0.317740 0.557325 -0.767092
vn -0.382683 0.000000 -0.923880
vn -0.382683 -0.000000 -0.923880
vn -0.317740 -0.557325 -0.767092
vn -0.317740 -0.557325 -0.767092
vn -0.126963 -0.943360 -0.306516
vn 0.126963 0.943360 -0.306516
vn 0.317740 0.557325 -0.767092
vn 0.317740 0.557325 -0.767092
vn 0.382683 0.000000 -0.923880
vn 0.382683 0.000000 -0.923880
vn 0.317740 -0.557325 -0.767092
vn 0.317740 -0.557325 -0.767092
vn 0.126963 -0.943360 -0.306516
vn 0.306516 0.943360 -0.126963
vn 0.767092 0.557325 -0.317740
vn 0.767092 0.557325 -0.317740
vn 0.923880 0.000000 -0.382683
vn 0.923880 0.000000 -0.382683
vn 0.767092 -0.557325 -0.317740
vn 0.767092 -0.557325 -0.317740
vn 0.306516 -0.943360 -0.126963
vn 0.000000 0.000000 -1.000000
vn 0.000000 0.000000 -1.000000
vn -0.000000 0.507294 0.861773
vn 0.000000 0.507294 0.861773
vn 0.000000 -0.507294 0.861773
vn 0.000000 -0.507294 0.861773
vn -1.000000 -0.000000 0.000000
vn -1.000000 0.000000 -0.000000
vn 0.983258 0.182217 0.000000
vn 0.983258 0.182217 0.000000
vn 0.983258 -0.182217 0.000000
vn 0.983258 -0.182217 0.000000
vn 0.000000 0.000000 1.000000
vn 0.000000 0.000000 1.000000
vn 0.000000 0.507294 -0.861773
vn 0.000000 0.507294 -0.861773
vn 0.000000 -0.507294 -0.861773
vn 0.000000 -0.507294 -0.861773
vn 1.000000 0.000000 0.000000
vn 1.000000 0.000000 -0.000000
vn -0.983258 0.182217 0.000000
vn -0.983258 0.182217 0.000000
vn -0.983258 -0.182217 -0.000000
vn -0.983258 -0.182217 0.000000
vn 0.000000 1.000000 0.000000
vn 0.000000 -1.000000 0.000000
vn 0.000000 1.000000 0.000000
vn 0.000000 -1.000000 -0.000000
vn 0.000000 0.000000 -1.000000
vn 0.000000 0.000000 -1.000000
vn -0.000000 0.584025 0.811736
vn 0.000000 0.584025 0.811736
vn 0.000000 -0.584025 0.811736
vn 0.000000 -0.584025 0.811736
vn -1.000000 -0.000000 0.000000
vn -1.000000 0.000000 -0.000000
vn 0.983258 0.182217 0.000000
vn 0.983258 0.182217 0.000000
vn 0.983258 -0.182217 0.000000
vn 0.983258 -0.182217 0.000000
vn 0.000000 0.000000 1.000000
vn 0.000000 0.000000 1.000000
vn 0.000000 0.584025 -0.811736
vn 0.000000 0.584025 -0.811736
vn 0.000000 -0.584025 -0.811736
vn 0.000000 -0.584025 -0.811736
vn 1.000000 0.000000 0.000000
vn 1.000000 0.000000 -0.000000
vn -0.983258 0.182217 0.000000
vn -0.983258 0.182217 0.000000
vn -0.983258 -0.182217 -0.000000
vn -0.983258 -0.182217 0.000000
vn 0.000000 1.000000 0.000000
vn 0.000000 -1.000000 0.000000
vn 0.000000 1.000000 0.000000
vn 0.000000 -1.000000 -0.000000
vn 0.000000 0.000000 -1.000000
vn 0.000000 0.000000 -1.000000
vn -0.000000 0.455988 0.889986
vn 0.000000 0.455988 0.889986
vn 0.000000 -0.455988 0.889986
vn 0.000000 -0.455988 0.889986
vn -1.000000 -0.000000 0.000000
vn -1.000000 0.000000 -0.000000
vn 0.979217 0.202817 0.000000
vn 0.979217 0.202817 0.000000
vn 0.979217 -0.202817 0.000000
vn 0.979217 -0.202817 0.000000
vn 0.000000 0.000000 1.000000
vn 0.000000 0.000000 1.000000
vn 0.000000 0.455988 -0.889986
vn 0.000000 0.455988 -0.889986
vn 0.000000 -0.455988 -0.889986
vn 0.000000 -0.455988 -0.889986
vn 1.000000 0.000000 0.000000
vn 1.000000 0.000000 -0.000000
vn -0.979217 0.202817 0.000000
vn -0.979217 0.202817 0.000000
vn -0.979217 -0.202817 -0.000000
vn -0.979217 -0.202817 0.000000
vn 0.000000 1.000000 0.000000
vn 0.000000 -1.000000 0.000000
vn 0.000000 1.000000 0.000000
vn 0.000000 -1.000000 -0.000000
vn 0.257909 0.962528 0.083800
vn 0.689152 0.689152 0.223919
vn 0.689152 0.689152 0.223919
vn 0.921602 0.246943 0.299447
vn 0.921602 0.246943 0.299447
vn 0.921602 -0.246943 0.299447
vn 0.921602 -0.246943 0.299447
vn 0.689152 -0.689152 0.223919
vn 0.689152 -0.689152 0.223919
vn 0.257909 -0.962528 0.083800
vn 0.159396 0.962528 0.219390
vn 0.425919 0.689152 0.586227
vn 0.425919 0.689152 0.586227
vn 0.569582 0.246943 0.783962
vn 0.569582 0.246943 0.783962
vn 0.569582 -0.246943 0.783962
vn 0.569582 -0.246943 0.783962
vn 0.425919 -0.689152 0.586227
vn 0.425919 -0.689152 0.586227
vn 0.159396 -0.962528 0.219390
vn 0.000000 0.962528 0.271181
vn 0.000000 0.689152 0.724617
vn 0.000000 0.689152 0.724617
vn 0.000000 0.246943 0.969030
vn 0.000000 0.246943 0.969030
vn 0.000000 -0.246943 0.969030
vn 0.000000 -0.246943 0.969030
vn 0.000000 -0.689152 0.724617
vn 0.000000 -0.689152 0.724617
vn 0.000000 -0.962528 0.271181
vn -0.159396 0.962528 0.219390
vn -0.425919 0.689152 0.586227
vn -0.425919 0.689152 0.586227
vn -0.569582 0.246943 0.783962
vn -0.569582 0.246943 0.783962
vn -0.569582 -0.246943 0.783962
vn -0.569582 -0.246943 0.783962
vn -0.425919 -0.689152 0.586227
vn -0.425919 -0.689152 0.586227
vn -0.159396 -0.962528 0.219390
vn -0.257909 0.962528 0.083800
vn -0.689152 0.689152 0.223919
vn -0.689152 0.689152 0.223919
vn -0.921602 0.246943 0.299447
vn -0.921602 0.246943 0.299447
vn -0.921602 -0.246943 0.299447
vn -0.921602 -0.246943 0.299447
vn -0.689152 -0.689152 0.223919
vn -0.689152 -0.689152 0.223919
vn -0.257909 -0.962528 0.083800
vn -0.257909 0.962528 -0.083800
vn -0.689152 0.689152 -0.223919
vn -0.689152 0.689152 -0.223919
vn -0.921602 0.246943 -0.299447
vn -0.921602 0.246943 -0.299447
vn -0.921602 -0.246943 -0.299447
vn -0.921602 -0.246943 -0.299447
vn -0.689152 -0.689152 -0.223919
vn -0.689152 -0.689152 -0.223919
vn -0.257909 -0.962528 -0.083800
vn -0.159396 0.962528 -0.219390
vn -0.425919 0.689152 -0.586227
vn -0.425919 0.689152 -0.586227
vn -0.569582 0.246943 -0.783962
vn -0.569582 0.246943 -0.783962
vn -0.569582 -0.246943 -0.783962
vn -0.569582 -0.246943 -0.783962
vn -0.425919 -0.689152 -0.586227
vn -0.425919 -0.689152 -0.586227
vn -0.159396 -0.962528 -0.219390
vn 0.000000 0.962528 -0.271181
vn 0.000000 0.689152 -0.724617
vn 0.000000 0.689152 -0.724617
vn 0.000000 0.246943 -0.969030
vn 0.000000 0.246943 -0.969030
vn 0.000000 -0.246943 -0.969030
vn 0.000000 -0.246943 -0.969030
vn 0.000000 -0.689152 -0.724617
vn 0.000000 -0.689152 -0.724617
vn 0.000000 -0.962528 -0.271181
vn 0.159396 0.962528 -0.219390
vn 0.425919 0.689152 -0.586227
vn 0.425919 0.689152 -0.586227
vn 0.569582 0.246943 -0.783962
vn 0.569582 0.246943 -0.783962
vn 0.569582 -0.246943 -0.783962
vn 0.569582 -0.246943 -0.783962
vn 0.425919 -0.689152 -0.586227
vn 0.425919 -0.689152 -0.586227
vn 0.159396 -0.962528 -0.219390
vn 0.257909 0.962528 -0.083800
vn 0.689152 0.689152 -0.223919
vn 0.689152 0.689152 -0.223919
vn 0.921602 0.246943 -0.299447
vn 0.921602 0.246943 -0.299447
vn 0.921602 -0.246943 -0.299447
vn 0.921602 -0.246943 -0.299447
vn 0.689152 -0.689152 -0.223919
vn 0.689152 -0.689152 -0.223919
vn 0.257909 -0.962528 -0.083800
vn 0.257909 0.962528 0.083800
vn 0.689152 0.689152 0.223919
vn 0.689152 0.689152 0.223919
vn 0.921602 0.246943 0.299447
vn 0.921602 0.246943 0.299447
vn 0.921602 -0.246943 0.299447
vn 0.921602 -0.246943 0.299447
vn 0.689152 -0.689152 0.223919
vn 0.689152 -0.689152 0.223919
vn 0.257909 -0.962528 0.083800
vn 0.159396 0.962528 0.219390
vn 0.425919 0.689152 0.586227
vn 0.425919 0.689152 0.586227
vn 0.569582 0.246943 0.783962
vn 0.569582 0.246943 0.783962
vn 0.569582 -0.246943 0.783962
vn 0.569582 -0.246943 0.783962
vn 0.425919 -0.689152 0.586227
vn 0.425919 -0.689152 0.586227
vn 0.159396 -0.962528 0.219390
vn 0.000000 0.962528 0.271181
vn 0.000000 0.689152 0.724617
vn 0.000000 0.689152 0.724617
vn 0.000000 0.246943 0.969030
vn 0.000000 0.246943 0.969030
vn 0.000000 -0.246943 0.969030
vn 0.000000 -0.246943 0.969030
vn 0.000000 -0.689152 0.724617
vn 0.000000 -0.689152 0.724617
vn 0.000000 -0.962528 0.271181
vn -0.159396 0.962528 0.219390
vn -0.425919 0.689152 0.586227
vn -0.425919 0.689152 0.586227
vn -0.569582 0.246943 0.783962
vn -0.569582 0.246943 0.783962
vn -0.569582 -0.246943 0.783962
vn -0.569582 -0.246943 0.783962
vn -0.425919 -0.689152 0.586227
vn -0.425919 -0.689152 0.586227
vn -0.159396 -0.962528 0.219390
vn -0.257909 0.962528 0.083800
vn -0.689152 0.689152 0.223919
vn -0.689152 0.689152 0.223919
vn -0.921602 0.246943 0.299447
vn -0.921602 0.246943 0.299447
vn -0.921602 -0.246943 0.299447
vn -0.921602 -0.246943 0.299447
vn -0.689152 -0.689152 0.223919
vn -0.689152 -0.689152 0.223919
vn -0.257909 -0.962528 0.083800
vn -0.257909 0.962528 -0.083800
vn -0.689152 0.689152 -0.223919
vn -0.689152 0.689152 -0.223919
vn -0.921602 0.246943 -0.299447
vn -0.921602 0.246943 -0.299447
vn -0.921602 -0.246943 -0.299447
vn -0.921602 -0.246943 -0.299447
vn -0.689152 -0.689152 -0.223919
vn -0.689152 -0.689152 -0.223919
vn -0.257909 -0.962528 -0.083800
vn -0.159396 0.962528 -0.219390
vn -0.425919 0.689152 -0.586227
vn -0.425919 0.689152 -0.586227
vn -0.569582 0.246943 -0.783962
vn -0.569582 0.246943 -0.783962
vn -0.569582 -0.246943 -0.783962
vn -0.569582 -0.246943 -0.783962
vn -0.425919 -0.689152 -0.586227
vn -0.425919 -0.689152 -0.586227
vn -0.159396 -0.962528 -0.219390
vn 0.000000 0.962528 -0.271181
vn 0.000000 0.689152 -0.724617
vn 0.000000 0.689152 -0.724617
vn 0.000000 0.246943 -0.969030
vn 0.000000 0.246943 -0.969030
vn 0.000000 -0.246943 -0.969030
vn 0.000000 -0.246943 -0.969030
vn 0.000000 -0.689152 -0.724617
vn 0.000000 -0.689152 -0.724617
vn 0.000000 -0.962528 -0.271181
vn 0.159396 0.962528 -0.219390
vn 0.425919 0.689152 -0.586227
vn 0.425919 0.689152 -0.586227
vn 0.569582 0.246943 -0.783962
vn 0.569582 0.246943 -0.783962
vn 0.569582 -0.246943 -0.783962
vn 0.569582 -0.246943 -0.783962
vn 0.425919 -0.689152 -0.586227
vn 0.425919 -0.689152 -0.586227
vn 0.159396 -0.962528 -0.219390
vn 0.257909 0.962528 -0.083800
vn 0.689152 0.689152 -0.223919
vn 0.689152 0.689152 -0.223919
vn 0.921602 0.246943 -0.299447
vn 0.921602 0.246943 -0.299447
vn 0.921602 -0.246943 -0.299447
vn 0.921602 -0.246943 -0.299447
vn 0.689152 -0.689152 -0.223919
vn 0.689152 -0.689152 -0.223919
vn 0.257909 -0.962528 -0.083800
vn 0.257909 0.962528 0.083800
vn 0.689152 0.689152 0.223919
vn 0.689152 0.689152 0.223919
vn 0.921602 0.246943 0.299447
vn 0.921602 0.246943 0.299447
vn 0.921602 -0.246943 0.299447
vn 0.921602 -0.246943 0.299447
vn 0.689152 -0.689152 0.223919
vn 0.689152 -0.689152 0.223919
vn 0.257909 -0.962528 0.083800
vn 0.159396 0.962528 0.219390
vn 0.425919 0.689152 0.586227
vn 0.425919 0.689152 0.586227
vn 0.569582 0.246943 0.783962
vn 0.569582 0.246943 0.783962
vn 0.569582 -0.246943 0.783962
vn 0.569582 -0.246943 0.783962
vn 0.425919 -0.689152 0.586227
vn 0.425919 -0.689152 0.586227
vn 0.159396 -0.962528 0.219390
vn 0.000000 0.962528 0.271181
vn 0.000000 0.689152 0.724617
vn 0.000000 0.689152 0.724617
vn 0.000000 0.246943 0.969030
vn 0.000000 0.246943 0.969030
vn 0.000000 -0.246943 0.969030
vn 0.000000 -0.246943 0.969030
vn 0.000000 -0.689152 0.724617
vn 0.000000 -0.689152 0.724617
vn 0.000000 -0.962528 0.271181
vn -0.159396 0.962528 0.219390
vn -0.425919 0.689152 0.586227
vn -0.425919 0.689152 0.586227
vn -0.569582 0.246943 0.783962
vn -0.569582 0.246943 0.783962
vn -0.569582 -0.246943 0.783962
vn -0.569582 -0.246943 0.783962
vn -0.425919 -0.689152 0.586227
vn -0.425919 -0.689152 0.586227
vn -0.159396 -0.962528 0.219390
vn -0.257909 0.962528 0.083800
vn -0.689152 0.689152 0.223919
vn -0.689152 0.689152 0.223919
vn -0.921602 0.246943 0.299447
vn -0.921602 0.246943 0.299447
vn -0.921602 -0.246943 0.299447
vn -0.921602 -0.246943 0.299447
vn -0.689152 -0.689152 0.223919
vn -0.689152 -0.689152 0.223919
vn -0.257909 -0.962528 0.083800
vn -0.257909 0.962528 -0.083800
vn -0.689152 0.689152 -0.223919
vn -0.689152 0.689152 -0.223919
vn -0.921602 0.246943 -0.299447
vn -0.921602 0.246943 -0.299447
vn -0.921602 -0.246943 -0.299447
vn -0.921602 -0.246943 -0.299447
vn -0.689152 -0.689152 -0.223919
vn -0.689152 -0.689152 -0.223919
vn -0.257909 -0.962528 -0.083800
vn -0.159396 0.962528 -0.219390
vn -0.425919 0.689152 -0.586227
vn -0.425919 0.689152 -0.586227
vn -0.569582 0.246943 -0.783962
vn -0.569582 0.246943 -0.783962
vn -0.569582 -0.246943 -0.783962
vn -0.569582 -0.246943 -0.783962
vn -0.425919 -0.689152 -0.586227
vn -0.425919 -0.689152 -0.586227
vn -0.159396 -0.962528 -0.219390
vn 0.000000 0.962528 -0.271181
vn 0.000000 0.689152 -0.724617
vn 0.000000 0.689152 -0.724617
vn 0.000000 0.246943 -0.969030
vn 0.000000 0.246943 -0.969030
vn 0.000000 -0.246943 -0.969030
vn 0.000000 -0.246943 -0.969030
vn 0.000000 -0.689152 -0.724617
vn 0.000000 -0.689152 -0.724617
vn 0.000000 -0.962528 -0.271181
vn 0.159396 0.962528 -0.219390
vn 0.425919 0.689152 -0.586227
vn 0.425919 0.689152 -0.586227
vn 0.569582 0.246943 -0.783962
vn 0.569582 0.246943 -0.783962
vn 0.569582 -0.246943 -0.783962
vn 0.569582 -0.246943 -0.783962
vn 0.425919 -0.689152 -0.586227
vn 0.425919 -0.689152 -0.586227
vn 0.159396 -0.962528 -0.219390
vn 0.257909 0.962528 -0.083800
vn 0.689152 0.689152 -0.223919
vn 0.689152 0.689152 -0.223919
vn 0.921602 0.246943 -0.299447
vn 0.921602 0.246943 -0.299447
vn 0.921602 -0.246943 -0.299447
vn 0.921602 -0.246943 -0.299447
vn 0.689152 -0.689152 -0.223919
vn 0.689152 -0.689152 -0.223919
vn 0.257909 -0.962528 -0.083800
vn 0.257909 0.962528 0.083800
vn 0.689152 0.689152 0.223919
vn 0.689152 0.689152 0.223919
vn 0.921602 0.246943 0.299447
vn 0.921602 0.246943 0.299447
vn 0.921602 -0.246943 0.299447
vn 0.921602 -0.246943 0.299447
vn 0.689152 -0.689152 0.223919
vn 0.689152 -0.689152 0.223919
vn 0.257909 -0.962528 0.083800
vn 0.159396 0.962528 0.219390
vn 0.425919 0.689152 0.586227
vn 0.425919 0.689152 0.586227
vn 0.569582 0.246943 0.783962
vn 0.569582 0.246943 0.783962
vn 0.569582 -0.246943 0.783962
vn 0.569582 -0.246943 0.783962
vn 0.425919 -0.689152 0.586227
vn 0.425919 -0.689152 0.586227
vn 0.159396 -0.962528 0.219390
vn 0.000000 0.962528 0.271181
vn 0.000000 0.689152 0.724617
vn 0.000000 0.689152 0.724617
vn 0.000000 0.246943 0.969030
vn 0.000000 0.246943 0.969030
vn 0.000000 -0.246943 0.969030
vn 0.000000 -0.246943 0.969030
vn 0.000000 -0.689152 0.724617
vn 0.000000 -0.689152 0.724617
vn 0.000000 -0.962528 0.271181
vn -0.159396 0.962528 0.219390
vn -0.425919 0.689152 0.586227
vn -0.425919 0.689152 0.586227
vn -0.569582 0.246943 0.783962
vn -0.569582 0.246943 0.783962
vn -0.569582 -0.246943 0.783962
vn -0.569582 -0.246943 0.783962
vn -0.425919 -0.689152 0.586227
vn -0.425919 -0.689152 0.586227
vn -0.159396 -0.962528 0.219390
vn -0.257909 0.962528 0.083800
vn -0.689152 0.689152 0.223919
vn -0.689152 0.689152 0.223919
vn -0.921602 0.246943 0.299447
vn -0.921602 0.246943 0.299447
vn -0.921602 -0.246943 0.299447
vn -0.921602 -0.246943 0.299447
vn -0.689152 -0.689152 0.223919
vn -0.689152 -0.689152 0.223919
vn -0.257909 -0.962528 0.083800
vn -0.257909 0.962528 -0.083800
vn -0.689152 0.689152 -0.223919
vn -0.689152 0.689152 -0.223919
vn -0.921602 0.246943 -0.299447
vn -0.921602 0.246943 -0.299447
vn -0.921602 -0.246943 -0.299447
vn -0.921602 -0.246943 -0.299447
vn -0.689152 -0.689152 -0.223919
vn -0.689152 -0.689152 -0.223919
vn -0.257909 -0.962528 -0.083800
vn -0.159396 0.962528 -0.219390
vn -0.425919 0.689152 -0.586227
vn -0.425919 0.689152 -0.586227
vn -0.569582 0.246943 -0.783962
vn -0.569582 0.246943 -0.783962
vn -0.569582 -0.246943 -0.783962
vn -0.569582 -0.246943 -0.783962
vn -0.425919 -0.689152 -0.586227
vn -0.425919 -0.689152 -0.586227
vn -0.159396 -0.962528 -0.219390
vn 0.000000 0.962528 -0.271181
vn 0.000000 0.689152 -0.724617
vn 0.000000 0.689152 -0.724617
vn 0.000000 0.246943 -0.969030
vn 0.000000 0.246943 -0.969030
vn 0.000000 -0.246943 -0.969030
vn 0.000000 -0.246943 -0.969030
vn 0.000000 -0.689152 -0.724617
vn 0.000000 -0.689152 -0.724617
vn 0.000000 -0.962528 -0.271181
vn 0.159396 0.962528 -0.219390
vn 0.425919 0.689152 -0.586227
vn 0.425919 0.689152 -0.586227
vn 0.569582 0.246943 -0.783962
vn 0.569582 0.246943 -0.783962
vn 0.569582 -0.246943 -0.783962
vn 0.569582 -0.246943 -0.783962
vn 0.425919 -0.689152 -0.586227
vn 0.425919 -0.689152 -0.586227
vn 0.159396 -0.962528 -0.219390
vn 0.257909 0.962528 -0.083800
vn 0.689152 0.689152 -0.223919
vn 0.689152 0.689152 -0.223919
vn 0.921602 0.246943 -0.299447
vn 0.921602 0.246943 -0.299447
vn 0.921602 -0.246943 -0.299447
vn 0.921602 -0.246943 -0.299447
vn 0.689152 -0.689152 -0.223919
vn 0.689152 -0.689152 -0.223919
vn 0.257909 -0.962528 -0.083800
vn 0.257909 0.962528 0.083800
vn 0.689152 0.689152 0.223919
vn 0.689152 0.689152 0.223919
vn 0.921602 0.246943 0.299447
vn 0.921602 0.246943 0.299447
vn 0.921602 -0.246943 0.299447
vn 0.921602 -0.246943 0.299447
vn 0.689152 -0.689152 0.223919
vn 0.689152 -0.689152 0.223919
vn 0.257909 -0.962528 0.083800
vn 0.159396 0.962528 0.219390
vn 0.425919 0.689152 0.586227
vn 0.425919 0.689152 0.586227
vn 0.569582 0.246943 0.783962
vn 0.569582 0.246943 0.783962
vn 0.569582 -0.246943 0.783962
vn 0.569582 -0.246943 0.783962
vn 0.425919 -0.689152 0.586227
vn 0.425919 -0.689152 0.586227
vn 0.159396 -0.962528 0.219390
vn 0.000000 0.962528 0.271181
vn 0.000000 0.689152 0.724617
vn 0.000000 0.689152 0.724617
vn 0.000000 0.246943 0.969030
vn 0.000000 0.246943 0.969030
vn 0.000000 -0.246943 0.969030
vn 0.000000 -0.246943 0.969030
vn 0.000000 -0.689152 0.724617
vn 0.000000 -0.689152 0.724617
vn 0.000000 -0.962528 0.271181
vn -0.159396 0.962528 0.219390
vn -0.425919 0.689152 0.586227
vn -0.425919 0.689152 0.586227
vn -0.569582 0.246943 0.783962
vn -0.569582 0.246943 0.783962
vn -0.569582 -0.246943 0.783962
vn -0.569582 -0.246943 0.783962
vn -0.425919 -0.689152 0.586227
vn -0.425919 -0.689152 0.586227
vn -0.159396 -0.962528 0.219390
vn -0.257909 0.962528 0.083800
vn -0.689152 0.689152 0.223919
vn -0.689152 0.689152 0.223919
vn -0.921602 0.246943 0.299447
vn -0.921602 0.246943 0.299447
vn -0.921602 -0.246943 0.299447
vn -0.921602 -0.246943 0.299447
vn -0.689152 -0.689152 0.223919
vn -0.689152 -0.689152 0.223919
vn -0.257909 -0.962528 0.083800
vn -0.257909 0.962528 -0.083800
vn -0.689152 0.689152 -0.223919
vn -0.689152 0.689152 -0.223919
vn -0.921602 0.246943 -0.299447
vn -0.921602 0.246943 -0.299447
vn -0.921602 -0.246943 -0.299447
vn -0.921602 -0.246943 -0.299447
vn -0.689152 -0.689152 -0.223919
vn -0.689152 -0.689152 -0.223919
vn -0.257909 -0.962528 -0.083800
vn -0.159396 0.962528 -0.219390
vn -0.425919 0.689152 -0.586227
vn -0.425919 0.689152 -0.586227
vn -0.569582 0.246943 -0.783962
vn -0.569582 0.246943 -0.783962
vn -0.569582 -0.246943 -0.783962
vn -0.569582 -0.246943 -0.783962
vn -0.425919 -0.689152 -0.586227
vn -0.425919 -0.689152 -0.586227
vn -0.159396 -0.962528 -0.219390
vn 0.000000 0.962528 -0.271181
vn 0.000000 0.689152 -0.724617
vn 0.000000 0.689152 -0.724617
vn 0.000000 0.246943 -0.969030
vn 0.000000 0.246943 -0.969030
vn 0.000000 -0.246943 -0.969030
vn 0.000000 -0.246943 -0.969030
vn 0.000000 -0.689152 -0.724617
vn 0.000000 -0.689152 -0.724617
vn 0.000000 -0.962528 -0.271181
vn 0.159396 0.962528 -0.219390
vn 0.425919 0.689152 -0.586227
vn 0.425919 0.689152 -0.586227
vn 0.569582 0.246943 -0.783962
vn 0.569582 0.246943 -0.783962
vn 0.569582 -0.246943 -0.783962
vn 0.569582 -0.246943 -0.783962
vn 0.425919 -0.689152 -0.586227
vn 0.425919 -0.689152 -0.586227
vn 0.159396 -0.962528 -0.219390
vn 0.257909 0.962528 -0.083800
vn 0.689152 0.689152 -0.223919
vn 0.689152 0.689152 -0.223919
vn 0.921602 0.246943 -0.299447
vn 0.921602 0.246943 -0.299447
vn 0.921602 -0.246943 -0.299447
vn 0.921602 -0.246943 -0.299447
vn 0.689152 -0.689152 -0.223919
vn 0.689152 -0.689152 -0.223919
vn 0.257909 -0.962528 -0.083800
vn 0.257909 0.962528 0.083800
vn 0.689152 0.689152 0.223919
vn 0.689152 0.689152 0.223919
vn 0.921602 0.246943 0.299447
vn 0.921602 0.246943 0.299447
vn 0.921602 -0.246943 0.299447
vn 0.921602 -0.246943 0.299447
vn 0.689152 -0.689152 0.223919
vn 0.689152 -0.689152 0.223919
vn 0.257909 -0.962528 0.083800
vn 0.159396 0.962528 0.219390
vn 0.425919 0.689152 0.586227
vn 0.425919 0.689152 0.586227
vn 0.569582 0.246943 0.783962
vn 0.569582 0.246943 0.783962
vn 0.569582 -0.246943 0.783962
vn 0.569582 -0.246943 0.783962
vn 0.425919 -0.689152 0.586227
vn 0.425919 -0.689152 0.586227
vn 0.159396 -0.962528 0.219390
vn 0.000000 0.962528 0.271181
vn 0.000000 0.689152 0.724617
vn 0.000000 0.689152 0.724617
vn 0.000000 0.246943 0.969030
vn 0.000000 0.246943 0.969030
vn 0.000000 -0.246943 0.969030
vn 0.000000 -0.246943 0.969030
vn 0.000000 -0.689152 0.724617
vn 0.000000 -0.689152 0.724617
vn 0.000000 -0.962528 0.271181
vn -0.159396 0.962528 0.219390
vn -0.425919 0.689152 0.586227
vn -0.425919 0.689152 0.586227
vn -0.569582 0.246943 0.783962
vn -0.569582 0.246943 0.783962
vn -0.569582 -0.246943 0.783962
vn -0.569582 -0.246943 0.783962
vn -0.425919 -0.689152 0.586227
vn -0.425919 -0.689152 0.586227
vn -0.159396 -0.962528 0.219390
vn -0.257909 0.962528 0.083800
vn -0.689152 0.689152 0.223919
vn -0.689152 0.689152 0.223919
vn -0.921602 0.246943 0.299447
vn -0.921602 0.246943 0.299447
vn -0.921602 -0.246943 0.299447
vn -0.921602 -0.246943 0.299447
vn -0.689152 -0.689152 0.223919
vn -0.689152 -0.689152 0.223919
vn -0.257909 -0.962528 0.083800
vn -0.257909 0.962528 -0.083800
vn -0.689152 0.689152 -0.223919
vn -0.689152 0.689152 -0.223919
vn -0.921602 0.246943 -0.299447
vn -0.921602 0.246943 -0.299447
vn -0.921602 -0.246943 -0.299447
vn -0.921602 -0.246943 -0.299447
vn -0.689152 -0.689152 -0.223919
vn -0.689152 -0.689152 -0.223919
vn -0.257909 -0.962528 -0.083800
vn -0.159396 0.962528 -0.219390
vn -0.425919 0.689152 -0.586227
vn -0.425919 0.689152 -0.586227
vn -0.569582 0.246943 -0.783962
vn -0.569582 0.246943 -0.783962
vn -0.569582 -0.246943 -0.783962
vn -0.569582 -0.246943 -0.783962
vn -0.425919 -0.689152 -0.586227
vn -0.425919 -0.689152 -0.586227
vn -0.159396 -0.962528 -0.219390
vn 0.000000 0.962528 -0.271181
vn 0.000000 0.689152 -0.724617
vn 0.000000 0.689152 -0.724617
vn 0.000000 0.246943 -0.969030
vn 0.000000 0.246943 -0.969030
vn 0.000000 -0.246943 -0.969030
vn 0.000000 -0.246943 -0.969030
vn 0.000000 -0.689152 -0.724617
vn 0.000000 -0.689152 -0.724617
vn 0.000000 -0.962528 -0.271181
vn 0.159396 0.962528 -0.219390
vn 0.425919 0.689152 -0.586227
vn 0.425919 0.689152 -0.586227
vn 0.569582 0.246943 -0.783962
vn 0.569582 0.246943 -0.783962
vn 0.569582 -0.246943 -0.783962
vn 0.569582 -0.246943 -0.783962
vn 0.425919 -0.689152 -0.586227
vn 0.425919 -0.689152 -0.586227
vn 0.159396 -0.962528 -0.219390
vn 0.257909 0.962528 -0.083800
vn 0.689152 0.689152 -0.223919
vn 0.689152 0.689152 -0.223919
vn 0.921602 0.246943 -0.299447
vn 0.921602 0.246943 -0.299447
vn 0.921602 -0.246943 -0.299447
vn 0.921602 -0.246943 -0.299447
vn 0.689152 -0.689152 -0.223919
vn 0.689152 -0.689152 -0.223919
vn 0.257909 -0.962528 -0.083800
f 1/1/1 18/1/1 17/1/1
f 1/1/2 2/1/2 18/1/2
f 2/1/3 19/1/3 18/1/3
f 2/1/4 3/1/4 19/1/4
f 3/1/5 20/1/5 19/1/5
f 3/1/6 4/1/6 20/1/6
f 4/1/7 21/1/7 20/1/7
f 4/1/8 5/1/8 21/1/8
f 5/1/9 22/1/9 21/1/9
f 5/1/10 6/1/10 22/1/10
f 6/1/11 23/1/11 22/1/11
f 6/1/12 7/1/12 23/1/12
f 7/1/13 24/1/13 23/1/13
f 7/1/14 24/1/14 8/1/14
f 8/1/15 24/1/15 25/1/15
f 8/1/16 25/1/16 9/1/16
f 9/1/17 25/1/17 26/1/17
f 9/1/18 26/1/18 10/1/18
f 10/1/19 26/1/19 27/1/19
f 10/1/20 11/1/20 27/1/20
f 11/1/21 28/1/21 27/1/21
f 11/1/22 12/1/22 28/1/22
f 12/1/23 29/1/23 28/1/23
f 12/1/24 13/1/24 29/1/24
f 13/1/25 30/1/25 29/1/25
f 13/1/26 14/1/26 30/1/26
f 14/1/27 31/1/27 30/1/27
f 14/1/28 15/1/28 31/1/28
f 15/1/29 32/1/29 31/1/29
f 15/1/30 16/1/30 32/1/30
f 16/1/31 17/1/31 32/1/31
f 16/1/32 1/1/32 17/1/32
f 17/1/33 34/1/33 33/1/33
f 17/1/34 18/1/34 34/1/34
f 18/1/35 35/1/35 34/1/35
f 18/1/36 19/1/36 35/1/36
f 19/1/37 36/1/37 35/1/37
f 19/1/38 20/1/38 36/1/38
f 20/1/39 37/1/39 36/1/39
f 20/1/40 21/1/40 37/1/40
f 21/1/41 38/1/41 37/1/41
f 21/1/42 22/1/42 38/1/42
f 22/1/43 39/1/43 38/1/43
f 22/1/44 23/1/44 39/1/44
f 23/1/45 40/1/45 39/1/45
f 23/1/46 24/1/46 40/1/46
f 24/1/47 41/1/47 40/1/47
f 24/1/48 25/1/48 41/1/48
f 25/1/49 42/1/49 41/1/49
f 25/1/50 26/1/50 42/1/50
f 26/1/51 43/1/51 42/1/51
f 26/1/52 27/1/52 43/1/52
f 27/1/53 44/1/53 43/1/53
f 27/1/54 28/1/54 44/1/54
f 28/1/55 45/1/55 44/1/55
f 28/1/56 29/1/56 45/1/56
f 29/1/57 46/1/57 45/1/57
f 29/1/58 30/1/58 46/1/58
f 30/1/59 47/1/59 46/1/59
f 30/1/60 31/1/60 47/1/60
f 31/1/61 48/1/61 47/1/61
f 31/1/62 32/1/62 48/1/62
f 32/1/63 33/1/63 48/1/63
f 32/1/64 17/1/64 33/1/64
f 33/1/65 50/1/65 49/1/65
f 33/1/66 34/1/66 50/1/66
f 34/1/67 51/1/67 50/1/67
f 34/1/68 35/1/68 51/1/68
f 35/1/69 52/1/69 51/1/69
f 35/1/70 36/1/70 52/1/70
f 36/1/71 53/1/71 52/1/71
f 36/1/72 37/1/72 53/1/72
f 37/1/73 54/1/73 53/1/73
f 37/1/74 38/1/74 54/1/74
f 38/1/75 55/1/75 54/1/75
f 38/1/76 39/1/76 55/1/76
f 39/1/77 56/1/77 55/1/77
f 39/1/78 40/1/78 56/1/78
f 40/1/79 57/1/79 56/1/79
f 40/1/80 41/1/80 57/1/80
f 41/1/81 58/1/81 57/1/81
f 41/1/82 42/1/82 58/1/82
f 42/1/83 59/1/83 58/1/83
f 42/1/84 43/1/84 59/1/84
f 43/1/85 60/1/85 59/1/85
f 43/1/86 44/1/86 60/1/86
f 44/1/87 61/1/87 60/1/87
f 44/1/88 45/1/88 61/1/88
f 45/1/89 62/1/89 61/1/89
f 45/1/90 46/1/90 62/1/90
f 46/1/91 63/1/91 62/1/91
f 46/1/92 47/1/92 63/1/92
f 47/1/93 64/1/93 63/1/93
f 47/1/94 48/1/94 64/1/94
f 48/1/95 49/1/95 64/1/95
f 48/1/96 33/1/96 49/1/96
f 49/1/97 66/1/97 65/1/97
f 49/1/98 50/1/98 66/1/98
f 50/1/99 67/1/99 66/1/99
f 50/1/100 51/1/100 67/1/100
f 51/1/101 68/1/101 67/1/101
f 51/1/102 52/1/102 68/1/102
f 52/1/103 69/1/103 68/1/103
f 52/1/104 53/1/104 69/1/104
f 53/1/105 70/1/105 69/1/105
f 53/1/106 54/1/106 70/1/106
f 54/1/107 71/1/107 70/1/107
f 54/1/108 55/1/108 71/1/108
f 55/1/109 72/1/109 71/1/109
f 55/1/110 56/1/110 72/1/110
f 56/1/111 73/1/111 72/1/111
f 56/1/112 57/1/112 73/1/112
f 57/1/113 74/1/113 73/1/113
f 57/1/114 58/1/114 74/1/114
f 58/1/115 75/1/115 74/1/115
f 58/1/116 59/1/116 75/1/116
f 59/1/117 76/1/117 75/1/117
f 59/1/118 60/1/118 76/1/118
f 60/1/119 77/1/119 76/1/119
f 60/1/120 61/1/120 77/1/120
f 61/1/121 78/1/121 77/1/121
f 61/1/122 62/1/122 78/1/122
f 62/1/123 79/1/123 78/1/123
f 62/1/124 63/1/124 79/1/124
f 63/1/125 80/1/125 79/1/125
f 63/1/126 64/1/126 80/1/126
f 64/1/127 65/1/127 80/1/127
f 64/1/128 49/1/128 65/1/128
f 65/1/129 82/1/129 81/1/129
f 65/1/130 66/1/130 82/1/130
f 66/1/131 83/1/131 82/1/131
f 66/1/132 67/1/132 83/1/132
f 67/1/133 84/1/133 83/1/133
f 67/1/134 68/1/134 84/1/134
f 68/1/135 85/1/135 84/1/135
f 68/1/136 69/1/136 85/1/136
f 69/1/137 86/1/137 85/1/137
f 69/1/138 70/1/138 86/1/138
f 70/1/139 87/1/139 86/1/139
f 70/1/140 71/1/140 87/1/140
f 71/1/141 88/1/141 87/1/141
f 71/1/142 72/1/142 88/1/142
f 72/1/143 89/1/143 88/1/143
f 72/1/144 73/1/144 89/1/144
f 73/1/145 90/1/145 89/1/145
f 73/1/146 74/1/146 90/1/146
f 74/1/147 91/1/147 90/1/147
f 74/1/148 75/1/148 91/1/148
f 75/1/149 92/1/149 91/1/149
f 75/1/150 76/1/150 92/1/150
f 76/1/151 93/1/151 92/1/151
f 76/1/152 77/1/152 93/1/152
f 77/1/153 94/1/153 93/1/153
f 77/1/154 78/1/154 94/1/154
f 78/1/155 95/1/155 94/1/155
f 78/1/156 79/1/156 95/1/156
f 79/1/157 96/1/157 95/1/157
f 79/1/158 80/1/158 96/1/158
f 80/1/159 81/1/159 96/1/159
f 80/1/160 65/1/160 81/1/160
f 81/1/161 98/1/161 97/1/161
f 81/1/162 82/1/162 98/1/162
f 82/1/163 99/1/163 98/1/163
f 82/1/164 83/1/164 99/1/164
f 83/1/165 100/1/165 99/1/165
f 83/1/166 84/1/166 100/1/166
f 84/1/167 101/1/167 100/1/167
f 84/1/168 85/1/168 101/1/168
f 85/1/169 102/1/169 101/1/169
f 85/1/170 86/1/170 102/1/170
f 86/1/171 103/1/171 102/1/171
f 86/1/172 87/1/172 103/1/172
f 87/1/173 104/1/173 103/1/173
f 87/1/174 88/1/174 104/1/174
f 88/1/175 105/1/175 104/1/175
f 88/1/176 89/1/176 105/1/176
f 89/1/177 106/1/177 105/1/177
f 89/1/178 90/1/178 106/1/178
f 90/1/179 107/1/179 106/1/179
f 90/1/180 91/1/180 107/1/180
f 91/1/181 108/1/181 107/1/181
f 91/1/182 92/1/182 108/1/182
f 92/1/183 109/1/183 108/1/183
f 92/1/184 93/1/184 109/1/184
f 93/1/185 110/1/185 109/1/185
f 93/1/186 94/1/186 110/1/186
f 94/1/187 111/1/187 110/1/187
f 94/1/188 95/1/188 111/1/188
f 95/1/189 112/1/189 111/1/189
f 95/1/190 96/1/190 112/1/190
f 96/1/191 97/1/191 112/1/191
f 96/1/192 81/1/192 97/1/192
f 97/1/193 114/1/193 113/1/193
f 97/1/194 98/1/194 114/1/194
f 98/1/195 115/1/195 114/1/195
f 98/1/196 99/1/196 115/1/196
f 99/1/197 116/1/197 115/1/197
f 99/1/198 100/1/198 116/1/198
f 100/1/199 117/1/199 116/1/199
f 100/1/200 101/1/200 117/1/200
f 101/1/201 118/1/201 117/1/201
f 101/1/202 102/1/202 118/1/202
f 102/1/203 119/1/203 118/1/203
f 102/1/204 103/1/204 119/1/204
f 103/1/205 120/1/205 119/1/205
f 103/1/206 104/1/206 120/1/206
f 104/1/207 121/1/207 120/1/207
f 104/1/208 105/1/208 121/1/208
f 105/1/209 122/1/209 121/1/209
f 105/1/210 106/1/210 122/1/210
f 106/1/211 123/1/211 122/1/211
f 106/1/212 107/1/212 123/1/212
f 107/1/213 124/1/213 123/1/213
f 107/1/214 108/1/214 124/1/214
f 108/1/215 125/1/215 124/1/215
f 108/1/216 109/1/216 125/1/216
f 109/1/217 126/1/217 125/1/217
f 109/1/218 110/1/218 126/1/218
f 110/1/219 127/1/219 126/1/219
f 110/1/220 111/1/220 127/1/220
f 111/1/221 128/1/221 127/1/221
f 111/1/222 112/1/222 128/1/222
f 112/1/223 113/1/223 128/1/223
f 112/1/224 97/1/224 113/1/224
f 113/1/225 130/1/225 129/1/225
f 113/1/226 114/1/226 130/1/226
f 114/1/227 131/1/227 130/1/227
f 114/1/228 115/1/228 131/1/228
f 115/1/229 132/1/229 131/1/229
f 115/1/230 116/1/230 132/1/230
f 116/1/231 133/1/231 132/1/231
f 116/1/232 117/1/232 133/1/232
f 117/1/233 134/1/233 133/1/233
f 117/1/234 118/1/234 134/1/234
f 118/1/235 135/1/235 134/1/235
f 118/1/236 119/1/236 135/1/236
f 119/1/237 136/1/237 135/1/237
f 119/1/238 120/1/238 136/1/238
f 120/1/239 137/1/239 136/1/239
f 120/1/240 121/1/240 137/1/240
f 121/1/241 138/1/241 137/1/241
f 121/1/242 122/1/242 138/1/242
f 122/1/243 139/1/243 138/1/243
f 122/1/244 123/1/244 139/1/244
f 123/1/245 140/1/245 139/1/245
f 123/1/246 124/1/246 140/1/246
f 124/1/247 141/1/247 140/1/247
f 124/1/248 125/1/248 141/1/248
f 125/1/249 142/1/249 141/1/249
f 125/1/250 126/1/250 142/1/250
f 126/1/251 143/1/251 142/1/251
f 126/1/252 127/1/252 143/1/252
f 127/1/253 144/1/253 143/1/253
f 127/1/254 128/1/254 144/1/254
f 128/1/255 129/1/255 144/1/255
f 128/1/256 113/1/256 129/1/256
f 129/1/257 146/1/257 145/1/257
f 129/1/258 130/1/258 146/1/258
f 130/1/259 147/1/259 146/1/259
f 130/1/260 131/1/260 147/1/260
f 131/1/261 148/1/261 147/1/261
f 131/1/262 132/1/262 148/1/262
f 132/1/263 149/1/263 148/1/263
f 132/1/264 133/1/264 149/1/264
f 133/1/265 150/1/265 149/1/265
f 133/1/266 134/1/266 150/1/266
f 134/1/267 151/1/267 150/1/267
f 134/1/268 135/1/268 151/1/268
f 135/1/269 152/1/269 151/1/269
f 135/1/270 136/1/270 152/1/270
f 136/1/271 153/1/271 152/1/271
f 136/1/272 137/1/272 153/1/272
f 137/1/273 154/1/273 153/1/273
f 137/1/274 138/1/274 154/1/274
f 138/1/275 155/1/275 154/1/275
f 138/1/276 139/1/276 155/1/276
f 139/1/277 156/1/277 155/1/277
f 139/1/278 140/1/278 156/1/278
f 140/1/279 157/1/279 156/1/279
f 140/1/280 141/1/280 157/1/280
f 141/1/281 158/1/281 157/1/281
f 141/1/282 142/1/282 158/1/282
f 142/1/283 159/1/283 158/1/283
f 142/1/284 143/1/284 159/1/284
f 143/1/285 160/1/285 159/1/285
f 143/1/286 144/1/286 160/1/286
f 144/1/287 145/1/287 160/1/287
f 144/1/288 129/1/288 145/1/288
f 145/1/289 162/1/289 161/1/289
f 145/1/290 146/1/290 162/1/290
f 146/1/291 163/1/291 162/1/291
f 146/1/292 147/1/292 163/1/292
f 147/1/293 164/1/293 163/1/293
f 147/1/294 148/1/294 164/1/294
f 148/1/295 165/1/295 164/1/295
f 148/1/296 149/1/296 165/1/296
f 149/1/297 166/1/297 165/1/297
f 149/1/298 150/1/298 166/1/298
f 150/1/299 167/1/299 166/1/299
f 150/1/300 151/1/300 167/1/300
f 151/1/301 168/1/301 167/1/301
f 151/1/302 152/1/302 168/1/302
f 152/1/303 169/1/303 168/1/303
f 152/1/304 153/1/304 169/1/304
f 153/1/305 170/1/305 169/1/305
f 153/1/306 154/1/306 170/1/306
f 154/1/307 171/1/307 170/1/307
f 154/1/308 155/1/308 171/1/308
f 155/1/309 172/1/309 171/1/309
f 155/1/310 156/1/310 172/1/310
f 156/1/311 173/1/311 172/1/311
f 156/1/312 157/1/312 173/1/312
f 157/1/313 174/1/313 173/1/313
f 157/1/314 158/1/314 174/1/314
f 158/1/315 175/1/315 174/1/315
f 158/1/316 159/1/316 175/1/316
f 159/1/317 176/1/317 175/1/317
f 159/1/318 160/1/318 176/1/318
f 160/1/319 161/1/319 176/1/319
f 160/1/320 145/1/320 161/1/320
f 161/1/321 178/1/321 177/1/321
f 161/1/322 162/1/322 178/1/322
f 162/1/323 179/1/323 178/1/323
f 162/1/324 163/1/324 179/1/324
f 163/1/325 180/1/325 179/1/325
f 163/1/326 164/1/326 180/1/326
f 164/1/327 181/1/327 180/1/327
f 164/1/328 165/1/328 181/1/328
f 165/1/329 182/1/329 181/1/329
f 165/1/330 166/1/330 182/1/330
f 166/1/331 183/1/331 182/1/331
f 166/1/332 167/1/332 183/1/332
f 167/1/333 184/1/333 183/1/333
f 167/1/334 168/1/334 184/1/334
f 168/1/335 185/1/335 184/1/335
f 168/1/336 169/1/336 185/1/336
f 169/1/337 186/1/337 185/1/337
f 169/1/338 170/1/338 186/1/338
f 170/1/339 187/1/339 186/1/339
f 170/1/340 171/1/340 187/1/340
f 171/1/341 188/1/341 187/1/341
f 171/1/342 172/1/342 188/1/342
f 172/1/343 189/1/343 188/1/343
f 172/1/344 173/1/344 189/1/344
f 173/1/345 190/1/345 189/1/345
f 173/1/346 174/1/346 190/1/346
f 174/1/347 191/1/347 190/1/347
f 174/1/348 175/1/348 191/1/348
f 175/1/349 192/1/349 191/1/349
f 175/1/350 176/1/350 192/1/350
f 176/1/351 177/1/351 192/1/351
f 176/1/352 161/1/352 177/1/352
f 177/1/353 194/1/353 193/1/353
f 177/1/354 178/1/354 194/1/354
f 178/1/355 195/1/355 194/1/355
f 178/1/356 179/1/356 195/1/356
f 179/1/357 196/1/357 195/1/357
f 179/1/358 180/1/358 196/1/358
f 180/1/359 197/1/359 196/1/359
f 180/1/360 181/1/360 197/1/360
f 181/1/361 198/1/361 197/1/361
f 181/1/362 182/1/362 198/1/362
f 182/1/363 199/1/363 198/1/363
f 182/1/364 183/1/364 199/1/364
f 183/1/365 200/1/365 199/1/365
f 183/1/366 184/1/366 200/1/366
f 184/1/367 201/1/367 200/1/367
f 184/1/368 185/1/368 201/1/368
f 185/1/369 202/1/369 201/1/369
f 185/1/370 186/1/370 202/1/370
f 186/1/371 203/1/371 202/1/371
f 186/1/372 187/1/372 203/1/372
f 187/1/373 204/1/373 203/1/373
f 187/1/374 188/1/374 204/1/374
f 188/1/375 205/1/375 204/1/375
f 188/1/376 189/1/376 205/1/376
f 189/1/377 206/1/377 205/1/377
f 189/1/378 190/1/378 206/1/378
f 190/1/379 207/1/379 206/1/379
f 190/1/380 191/1/380 207/1/380
f 191/1/381 208/1/381 207/1/381
f 191/1/382 192/1/382 208/1/382
f 192/1/383 193/1/383 208/1/383
f 192/1/384 177/1/384 193/1/384
f 193/1/385 210/1/385 209/1/385
f 193/1/386 194/1/386 210/1/386
f 194/1/387 211/1/387 210/1/387
f 194/1/388 195/1/388 211/1/388
f 195/1/389 212/1/389 211/1/389
f 195/1/390 196/1/390 212/1/390
f 196/1/391 213/1/391 212/1/391
f 196/1/392 197/1/392 213/1/392
f 197/1/393 214/1/393 213/1/393
f 197/1/394 198/1/394 214/1/394
f 198/1/395 215/1/395 214/1/395
f 198/1/396 199/1/396 215/1/396
f 199/1/397 216/1/397 215/1/397
f 199/1/398 200/1/398 216/1/398
f 200/1/399 217/1/399 216/1/399
f 200/1/400 201/1/400 217/1/400
f 201/1/401 218/1/401 217/1/401
f 201/1/402 202/1/402 218/1/402
f 202/1/403 219/1/403 218/1/403
f 202/1/404 203/1/404 219/1/404
f 203/1/405 220/1/405 219/1/405
f 203/1/406 204/1/406 220/1/406
f 204/1/407 221/1/407 220/1/407
f 204/1/408 205/1/408 221/1/408
f 205/1/409 222/1/409 221/1/409
f 205/1/410 206/1/410 222/1/410
f 206/1/411 223/1/411 222/1/411
f 206/1/412 207/1/412 223/1/412
f 207/1/413 224/1/413 223/1/413
f 207/1/414 208/1/414 224/1/414
f 208/1/415 209/1/415 224/1/415
f 208/1/416 193/1/416 209/1/416
f 209/1/417 226/1/417 225/1/417
f 209/1/418 210/1/418 226/1/418
f 210/1/419 227/1/419 226/1/419
f 210/1/420 211/1/420 227/1/420
f 211/1/421 228/1/421 227/1/421
f 211/1/422 212/1/422 228/1/422
f 212/1/423 229/1/423 228/1/423
f 212/1/424 213/1/424 229/1/424
f 213/1/425 230/1/425 229/1/425
f 213/1/426 214/1/426 230/1/426
f 214/1/427 231/1/427 230/1/427
f 214/1/428 215/1/428 231/1/428
f 215/1/429 232/1/429 231/1/429
f 215/1/430 216/1/430 232/1/430
f 216/1/431 233/1/431 232/1/431
f 216/1/432 217/1/432 233/1/432
f 217/1/433 234/1/433 233/1/433
f 217/1/434 218/1/434 234/1/434
f 218/1/435 235/1/435 234/1/435
f 218/1/436 219/1/436 235/1/436
f 219/1/437 236/1/437 235/1/437
f 219/1/438 220/1/438 236/1/438
f 220/1/439 237/1/439 236/1/439
f 220/1/440 221/1/440 237/1/440
f 221/1/441 238/1/441 237/1/441
f 221/1/442 222/1/442 238/1/442
f 222/1/443 239/1/443 238/1/443
f 222/1/444 223/1/444 239/1/444
f 223/1/445 240/1/445 239/1/445
f 223/1/446 224/1/446 240/1/446
f 224/1/447 225/1/447 240/1/447
f 224/1/448 209/1/448 225/1/448
f 225/1/449 242/1/449 241/1/449
f 225/1/450 226/1/450 242/1/450
f 226/1/451 243/1/451 242/1/451
f 226/1/452 227/1/452 243/1/452
f 227/1/453 244/1/453 243/1/453
f 227/1/454 228/1/454 244/1/454
f 228/1/455 245/1/455 244/1/455
f 228/1/456 229/1/456 245/1/456
f 229/1/457 246/1/457 245/1/457
f 229/1/458 230/1/458 246/1/458
f 230/1/459 247/1/459 246/1/459
f 230/1/460 231/1/460 247/1/460
f 231/1/461 248/1/461 247/1/461
f 231/1/462 232/1/462 248/1/462
f 232/1/463 249/1/463 248/1/463
f 232/1/464 233/1/464 249/1/464
f 233/1/465 250/1/465 249/1/465
f 233/1/466 234/1/466 250/1/466
f 234/1/467 251/1/467 250/1/467
f 234/1/468 235/1/468 251/1/468
f 235/1/469 252/1/469 251/1/469
f 235/1/470 236/1/470 252/1/470
f 236/1/471 253/1/471 252/1/471
f 236/1/472 237/1/472 253/1/472
f 237/1/473 254/1/473 253/1/473
f 237/1/474 238/1/474 254/1/474
f 238/1/475 255/1/475 254/1/475
f 238/1/476 239/1/476 255/1/476
f 239/1/477 256/1/477 255/1/477
f 239/1/478 240/1/478 256/1/478
f 240/1/479 241/1/479 256/1/479
f 240/1/480 225/1/480 241/1/480
f 241/1/481 258/1/481 257/1/481
f 241/1/482 242/1/482 258/1/482
f 242/1/483 259/1/483 258/1/483
f 242/1/484 243/1/484 259/1/484
f 243/1/485 260/1/485 259/1/485
f 243/1/486 244/1/486 260/1/486
f 244/1/487 261/1/487 260/1/487
f 244/1/488 245/1/488 261/1/488
f 245/1/489 262/1/489 261/1/489
f 245/1/490 246/1/490 262/1/490
f 246/1/491 263/1/491 262/1/491
f 246/1/492 247/1/492 263/1/492
f 247/1/493 264/1/493 263/1/493
f 247/1/494 248/1/494 264/1/494
f 248/1/495 265/1/495 264/1/495
f 248/1/496 249/1/496 265/1/496
f 249/1/497 266/1/497 265/1/497
f 249/1/498 250/1/498 266/1/498
f 250/1/499 267/1/499 266/1/499
f 250/1/500 251/1/500 267/1/500
f 251/1/501 268/1/501 267/1/501
f 251/1/502 252/1/502 268/1/502
f 252/1/503 269/1/503 268/1/503
f 252/1/504 253/1/504 269/1/504
f 253/1/505 270/1/505 269/1/505
f 253/1/506 254/1/506 270/1/506
f 254/1/507 271/1/507 270/1/507
f 254/1/508 255/1/508 271/1/508
f 255/1/509 272/1/509 271/1/509
f 255/1/510 256/1/510 272/1/510
f 256/1/511 257/1/511 272/1/511
f 256/1/512 241/1/512 257/1/512
f 257/1/513 274/1/513 273/1/513
f 257/1/514 258/1/514 274/1/514
f 258/1/515 275/1/515 274/1/515
f 258/1/516 259/1/516 275/1/516
f 259/1/517 276/1/517 275/1/517
f 259/1/518 260/1/518 276/1/518
f 260/1/519 277/1/519 276/1/519
f 260/1/520 261/1/520 277/1/520
f 261/1/521 278/1/521 277/1/521
f 261/1/522 262/1/522 278/1/522
f 262/1/523 279/1/523 278/1/523
f 262/1/524 263/1/524 279/1/524
f 263/1/525 280/1/525 279/1/525
f 263/1/526 264/1/526 280/1/526
f 264/1/527 281/1/527 280/1/527
f 264/1/528 265/1/528 281/1/528
f 265/1/529 282/1/529 281/1/529
f 265/1/530 266/1/530 282/1/530
f 266/1/531 283/1/531 282/1/531
f 266/1/532 267/1/532 283/1/532
f 267/1/533 284/1/533 283/1/533
f 267/1/534 268/1/534 284/1/534
f 268/1/535 285/1/535 284/1/535
f 268/1/536 269/1/536 285/1/536
f 269/1/537 286/1/537 285/1/537
f 269/1/538 270/1/538 286/1/538
f 270/1/539 287/1/539 286/1/539
f 270/1/540 271/1/540 287/1/540
f 271/1/541 288/1/541 287/1/541
f 271/1/542 272/1/542 288/1/542
f 272/1/543 273/1/543 288/1/543
f 272/1/544 257/1/544 273/1/544
f 273/1/545 290/1/545 289/1/545
f 273/1/546 274/1/546 290/1/546
f 274/1/547 291/1/547 290/1/547
f 274/1/548 275/1/548 291/1/548
f 275/1/549 292/1/549 291/1/549
f 275/1/550 276/1/550 292/1/550
f 276/1/551 293/1/551 292/1/551
f 276/1/552 277/1/552 293/1/552
f 277/1/553 294/1/553 293/1/553
f 277/1/554 278/1/554 294/1/554
f 278/1/555 295/1/555 294/1/555
f 278/1/556 279/1/556 295/1/556
f 279/1/557 296/1/557 295/1/557
f 279/1/558 280/1/558 296/1/558
f 280/1/559 296/1/559 297/1/559
f 280/1/560 297/1/560 281/1/560
f 281/1/561 297/1/561 298/1/561
f 281/1/562 298/1/562 282/1/562
f 282/1/563 298/1/563 299/1/563
f 282/1/564 283/1/564 299/1/564
f 283/1/565 300/1/565 299/1/565
f 283/1/566 284/1/566 300/1/566
f 284/1/567 301/1/567 300/1/567
f 284/1/568 285/1/568 301/1/568
f 285/1/569 302/1/569 301/1/569
f 285/1/570 286/1/570 302/1/570
f 286/1/571 303/1/571 302/1/571
f 286/1/572 287/1/572 303/1/572
f 287/1/573 304/1/573 303/1/573
f 287/1/574 288/1/574 304/1/574
f 288/1/575 289/1/575 304/1/575
f 288/1/576 273/1/576 289/1/576
f 289/1/577 306/1/577 305/1/577
f 289/1/578 290/1/578 306/1/578
f 290/1/579 307/1/579 306/1/579
f 290/1/580 291/1/580 307/1/580
f 291/1/581 308/1/581 307/1/581
f 291/1/582 292/1/582 308/1/582
f 292/1/583 309/1/583 308/1/583
f 292/1/584 293/1/584 309/1/584
f 293/1/585 310/1/585 309/1/585
f 293/1/586 294/1/586 310/1/586
f 294/1/587 311/1/587 310/1/587
f 294/1/588 295/1/588 311/1/588
f 295/1/589 312/1/589 311/1/589
f 295/1/590 296/1/590 312/1/590
f 296/1/591 313/1/591 312/1/591
f 296/1/592 297/1/592 313/1/592
f 297/1/593 314/1/593 313/1/593
f 297/1/594 298/1/594 314/1/594
f 298/1/595 315/1/595 314/1/595
f 298/1/596 299/1/596 315/1/596
f 299/1/597 316/1/597 315/1/597
f 299/1/598 300/1/598 316/1/598
f 300/1/599 317/1/599 316/1/599
f 300/1/600 301/1/600 317/1/600
f 301/1/601 318/1/601 317/1/601
f 301/1/602 302/1/602 318/1/602
f 302/1/603 319/1/603 318/1/603
f 302/1/604 303/1/604 319/1/604
f 303/1/605 320/1/605 319/1/605
f 303/1/606 304/1/606 320/1/606
f 304/1/607 305/1/607 320/1/607
f 304/1/608 289/1/608 305/1/608
f 305/1/609 322/1/609 321/1/609
f 305/1/610 306/1/610 322/1/610
f 306/1/611 323/1/611 322/1/611
f 306/1/612 307/1/612 323/1/612
f 307/1/613 324/1/613 323/1/613
f 307/1/614 308/1/614 324/1/614
f 308/1/615 325/1/615 324/1/615
f 308/1/616 309/1/616 325/1/616
f 309/1/617 326/1/617 325/1/617
f 309/1/618 310/1/618 326/1/618
f 310/1/619 327/1/619 326/1/619
f 310/1/620 311/1/620 327/1/620
f 311/1/621 328/1/621 327/1/621
f 311/1/622 312/1/622 328/1/622
f 312/1/623 329/1/623 328/1/623
f 312/1/624 313/1/624 329/1/624
f 313/1/625 330/1/625 329/1/625
f 313/1/626 314/1/626 330/1/626
f 314/1/627 331/1/627 330/1/627
f 314/1/628 315/1/628 331/1/628
f 315/1/629 332/1/629 331/1/629
f 315/1/630 316/1/630 332/1/630
f 316/1/631 333/1/631 332/1/631
f 316/1/632 317/1/632 333/1/632
f 317/1/633 334/1/633 333/1/633
f 317/1/634 318/1/634 334/1/634
f 318/1/635 335/1/635 334/1/635
f 318/1/636 319/1/636 335/1/636
f 319/1/637 336/1/637 335/1/637
f 319/1/638 320/1/638 336/1/638
f 320/1/639 321/1/639 336/1/639
f 320/1/640 305/1/640 321/1/640
f 321/1/641 338/1/641 337/1/641
f 321/1/642 322/1/642 338/1/642
f 322/1/643 339/1/643 338/1/643
f 322/1/644 323/1/644 339/1/644
f 323/1/645 340/1/645 339/1/645
f 323/1/646 324/1/646 340/1/646
f 324/1/647 341/1/647 340/1/647
f 324/1/648 325/1/648 341/1/648
f 325/1/649 342/1/649 341/1/649
f 325/1/650 326/1/650 342/1/650
f 326/1/651 343/1/651 342/1/651
f 326/1/652 327/1/652 343/1/652
f 327/1/653 344/1/653 343/1/653
f 327/1/654 328/1/654 344/1/654
f 328/1/655 345/1/655 344/1/655
f 328/1/656 329/1/656 345/1/656
f 329/1/657 346/1/657 345/1/657
f 329/1/658 330/1/658 346/1/658
f 330/1/659 347/1/659 346/1/659
f 330/1/660 331/1/660 347/1/660
f 331/1/661 348/1/661 347/1/661
f 331/1/662 332/1/662 348/1/662
f 332/1/663 349/1/663 348/1/663
f 332/1/664 333/1/664 349/1/664
f 333/1/665 350/1/665 349/1/665
f 333/1/666 334/1/666 350/1/666
f 334/1/667 351/1/667 350/1/667
f 334/1/668 335/1/668 351/1/668
f 335/1/669 352/1/669 351/1/669
f 335/1/670 336/1/670 352/1/670
f 336/1/671 337/1/671 352/1/671
f 336/1/672 321/1/672 337/1/672
f 337/1/673 354/1/673 353/1/673
f 337/1/674 338/1/674 354/1/674
f 338/1/675 355/1/675 354/1/675
f 338/1/676 339/1/676 355/1/676
f 339/1/677 356/1/677 355/1/677
f 339/1/678 340/1/678 356/1/678
f 340/1/679 357/1/679 356/1/679
f 340/1/680 341/1/680 357/1/680
f 341/1/681 358/1/681 357/1/681
f 341/1/682 342/1/682 358/1/682
f 342/1/683 359/1/683 358/1/683
f 342/1/684 343/1/684 359/1/684
f 343/1/685 360/1/685 359/1/685
f 343/1/686 344/1/686 360/1/686
f 344/1/687 361/1/687 360/1/687
f 344/1/688 345/1/688 361/1/688
f 345/1/689 362/1/689 361/1/689
f 345/1/690 346/1/690 362/1/690
f 346/1/691 363/1/691 362/1/691
f 346/1/692 347/1/692 363/1/692
f 347/1/693 364/1/693 363/1/693
f 347/1/694 348/1/694 364/1/694
f 348/1/695 365/1/695 364/1/695
f 348/1/696 349/1/696 365/1/696
f 349/1/697 366/1/697 365/1/697
f 349/1/698 350/1/698 366/1/698
f 350/1/699 367/1/699 366/1/699
f 350/1/700 351/1/700 367/1/700
f 351/1/701 368/1/701 367/1/701
f 351/1/702 352/1/702 368/1/702
f 352/1/703 353/1/703 368/1/703
f 352/1/704 337/1/704 353/1/704
f 353/1/705 370/1/705 369/1/705
f 353/1/706 354/1/706 370/1/706
f 354/1/707 371/1/707 370/1/707
f 354/1/708 355/1/708 371/1/708
f 355/1/709 372/1/709 371/1/709
f 355/1/710 356/1/710 372/1/710
f 356/1/711 373/1/711 372/1/711
f 356/1/712 357/1/712 373/1/712
f 357/1/713 374/1/713 373/1/713
f 357/1/714 358/1/714 374/1/714
f 358/1/715 375/1/715 374/1/715
f 358/1/716 359/1/716 375/1/716
f 359/1/717 376/1/717 375/1/717
f 359/1/718 360/1/718 376/1/718
f 360/1/719 377/1/719 376/1/719
f 360/1/720 361/1/720 377/1/720
f 361/1/721 378/1/721 377/1/721
f 361/1/722 362/1/722 378/1/722
f 362/1/723 379/1/723 378/1/723
f 362/1/724 363/1/724 379/1/724
f 363/1/725 380/1/725 379/1/725
f 363/1/726 364/1/726 380/1/726
f 364/1/727 381/1/727 380/1/727
f 364/1/728 365/1/728 381/1/728
f 365/1/729 382/1/729 381/1/729
f 365/1/730 366/1/730 382/1/730
f 366/1/731 383/1/731 382/1/731
f 366/1/732 367/1/732 383/1/732
f 367/1/733 384/1/733 383/1/733
f 367/1/734 368/1/734 384/1/734
f 368/1/735 369/1/735 384/1/735
f 368/1/736 353/1/736 369/1/736
f 369/1/737 386/1/737 385/1/737
f 369/1/738 370/1/738 386/1/738
f 370/1/739 387/1/739 386/1/739
f 370/1/740 371/1/740 387/1/740
f 371/1/741 388/1/741 387/1/741
f 371/1/742 372/1/742 388/1/742
f 372/1/743 389/1/743 388/1/743
f 372/1/744 373/1/744 389/1/744
f 373/1/745 390/1/745 389/1/745
f 373/1/746 374/1/746 390/1/746
f 374/1/747 391/1/747 390/1/747
f 374/1/748 375/1/748 391/1/748
f 375/1/749 392/1/749 391/1/749
f 375/1/750 376/1/750 392/1/750
f 376/1/751 393/1/751 392/1/751
f 376/1/752 377/1/752 393/1/752
f 377/1/753 394/1/753 393/1/753
f 377/1/754 378/1/754 394/1/754
f 378/1/755 395/1/755 394/1/755
f 378/1/756 379/1/756 395/1/756
f 379/1/757 396/1/757 395/1/757
f 379/1/758 380/1/758 396/1/758
f 380/1/759 397/1/759 396/1/759
f 380/1/760 381/1/760 397/1/760
f 381/1/761 398/1/761 397/1/761
f 381/1/762 382/1/762 398/1/762
f 382/1/763 399/1/763 398/1/763
f 382/1/764 383/1/764 399/1/764
f 383/1/765 400/1/765 399/1/765
f 383/1/766 384/1/766 400/1/766
f 384/1/767 385/1/767 400/1/767
f 384/1/768 369/1/768 385/1/768
f 385/1/769 402/1/769 401/1/769
f 385/1/770 386/1/770 402/1/770
f 386/1/771 403/1/771 402/1/771
f 386/1/772 387/1/772 403/1/772
f 387/1/773 404/1/773 403/1/773
f 387/1/774 388/1/774 404/1/774
f 388/1/775 405/1/775 404/1/775
f 388/1/776 389/1/776 405/1/776
f 389/1/777 406/1/777 405/1/777
f 389/1/778 390/1/778 406/1/778
f 390/1/779 407/1/779 406/1/779
f 390/1/780 391/1/780 407/1/780
f 391/1/781 408/1/781 407/1/781
f 391/1/782 392/1/782 408/1/782
f 392/1/783 409/1/783 408/1/783
f 392/1/784 393/1/784 409/1/784
f 393/1/785 410/1/785 409/1/785
f 393/1/786 394/1/786 410/1/786
f 394/1/787 411/1/787 410/1/787
f 394/1/788 395/1/788 411/1/788
f 395/1/789 412/1/789 411/1/789
f 395/1/790 396/1/790 412/1/790
f 396/1/791 413/1/791 412/1/791
f 396/1/792 397/1/792 413/1/792
f 397/1/793 414/1/793 413/1/793
f 397/1/794 398/1/794 414/1/794
f 398/1/795 415/1/795 414/1/795
f 398/1/796 399/1/796 415/1/796
f 399/1/797 416/1/797 415/1/797
f 399/1/798 400/1/798 416/1/798
f 400/1/799 401/1/799 416/1/799
f 400/1/800 385/1/800 401/1/800
f 401/1/801 418/1/801 417/1/801
f 401/1/802 402/1/802 418/1/802
f 402/1/803 419/1/803 418/1/803
f 402/1/804 403/1/804 419/1/804
f 403/1/805 420/1/805 419/1/805
f 403/1/806 404/1/806 420/1/806
f 404/1/807 421/1/807 420/1/807
f 404/1/808 405/1/808 421/1/808
f 405/1/809 422/1/809 421/1/809
f 405/1/810 406/1/810 422/1/810
f 406/1/811 423/1/811 422/1/811
f 406/1/812 407/1/812 423/1/812
f 407/1/813 424/1/813 423/1/813
f 407/1/814 408/1/814 424/1/814
f 408/1/815 425/1/815 424/1/815
f 408/1/816 409/1/816 425/1/816
f 409/1/817 426/1/817 425/1/817
f 409/1/818 410/1/818 426/1/818
f 410/1/819 427/1/819 426/1/819
f 410/1/820 411/1/820 427/1/820
f 411/1/821 428/1/821 427/1/821
f 411/1/822 412/1/822 428/1/822
f 412/1/823 429/1/823 428/1/823
f 412/1/824 413/1/824 429/1/824
f 413/1/825 430/1/825 429/1/825
f 413/1/826 414/1/826 430/1/826
f 414/1/827 431/1/827 430/1/827
f 414/1/828 415/1/828 431/1/828
f 415/1/829 432/1/829 431/1/829
f 415/1/830 416/1/830 432/1/830
f 416/1/831 417/1/831 432/1/831
f 416/1/832 401/1/832 417/1/832
f 417/1/833 434/1/833 433/1/833
f 417/1/834 418/1/834 434/1/834
f 418/1/835 435/1/835 434/1/835
f 418/1/836 419/1/836 435/1/836
f 419/1/837 436/1/837 435/1/837
f 419/1/838 420/1/838 436/1/838
f 420/1/839 437/1/839 436/1/839
f 420/1/840 421/1/840 437/1/840
f 421/1/841 438/1/841 437/1/841
f 421/1/842 422/1/842 438/1/842
f 422/1/843 439/1/843 438/1/843
f 422/1/844 423/1/844 439/1/844
f 423/1/845 440/1/845 439/1/845
f 423/1/846 424/1/846 440/1/846
f 424/1/847 441/1/847 440/1/847
f 424/1/848 425/1/848 441/1/848
f 425/1/849 442/1/849 441/1/849
f 425/1/850 426/1/850 442/1/850
f 426/1/851 443/1/851 442/1/851
f 426/1/852 427/1/852 443/1/852
f 427/1/853 444/1/853 443/1/853
f 427/1/854 428/1/854 444/1/854
f 428/1/855 445/1/855 444/1/855
f 428/1/856 429/1/856 445/1/856
f 429/1/857 446/1/857 445/1/857
f 429/1/858 430/1/858 446/1/858
f 430/1/859 447/1/859 446/1/859
f 430/1/860 431/1/860 447/1/860
f 431/1/861 448/1/861 447/1/861
f 431/1/862 432/1/862 448/1/862
f 432/1/863 433/1/863 448/1/863
f 432/1/864 417/1/864 433/1/864
f 433/1/865 450/1/865 449/1/865
f 433/1/866 434/1/866 450/1/866
f 434/1/867 451/1/867 450/1/867
f 434/1/868 435/1/868 451/1/868
f 435/1/869 452/1/869 451/1/869
f 435/1/870 436/1/870 452/1/870
f 436/1/871 453/1/871 452/1/871
f 436/1/872 437/1/872 453/1/872
f 437/1/873 454/1/873 453/1/873
f 437/1/874 438/1/874 454/1/874
f 438/1/875 455/1/875 454/1/875
f 438/1/876 439/1/876 455/1/876
f 439/1/877 456/1/877 455/1/877
f 439/1/878 440/1/878 456/1/878
f 440/1/879 457/1/879 456/1/879
f 440/1/880 441/1/880 457/1/880
f 441/1/881 458/1/881 457/1/881
f 441/1/882 442/1/882 458/1/882
f 442/1/883 459/1/883 458/1/883
f 442/1/884 443/1/884 459/1/884
f 443/1/885 460/1/885 459/1/885
f 443/1/886 444/1/886 460/1/886
f 444/1/887 461/1/887 460/1/887
f 444/1/888 445/1/888 461/1/888
f 445/1/889 462/1/889 461/1/889
f 445/1/890 446/1/890 462/1/890
f 446/1/891 463/1/891 462/1/891
f 446/1/892 447/1/892 463/1/892
f 447/1/893 464/1/893 463/1/893
f 447/1/894 448/1/894 464/1/894
f 448/1/895 449/1/895 464/1/895
f 448/1/896 433/1/896 449/1/896
f 449/1/897 466/1/897 465/1/897
f 449/1/898 450/1/898 466/1/898
f 450/1/899 467/1/899 466/1/899
f 450/1/900 451/1/900 467/1/900
f 451/1/901 468/1/901 467/1/901
f 451/1/902 452/1/902 468/1/902
f 452/1/903 469/1/903 468/1/903
f 452/1/904 453/1/904 469/1/904
f 453/1/905 470/1/905 469/1/905
f 453/1/906 454/1/906 470/1/906
f 454/1/907 471/1/907 470/1/907
f 454/1/908 455/1/908 471/1/908
f 455/1/909 472/1/909 471/1/909
f 455/1/910 456/1/910 472/1/910
f 456/1/911 473/1/911 472/1/911
f 456/1/912 457/1/912 473/1/912
f 457/1/913 474/1/913 473/1/913
f 457/1/914 458/1/914 474/1/914
f 458/1/915 475/1/915 474/1/915
f 458/1/916 459/1/916 475/1/916
f 459/1/917 476/1/917 475/1/917
f 459/1/918 460/1/918 476/1/918
f 460/1/919 477/1/919 476/1/919
f 460/1/920 461/1/920 477/1/920
f 461/1/921 478/1/921 477/1/921
f 461/1/922 462/1/922 478/1/922
f 462/1/923 479/1/923 478/1/923
f 462/1/924 463/1/924 479/1/924
f 463/1/925 480/1/925 479/1/925
f 463/1/926 464/1/926 480/1/926
f 464/1/927 465/1/927 480/1/927
f 464/1/928 449/1/928 465/1/928
f 465/1/929 482/1/929 481/1/929
f 465/1/930 466/1/930 482/1/930
f 466/1/931 483/1/931 482/1/931
f 466/1/932 467/1/932 483/1/932
f 467/1/933 484/1/933 483/1/933
f 467/1/934 468/1/934 484/1/934
f 468/1/935 485/1/935 484/1/935
f 468/1/936 469/1/936 485/1/936
f 469/1/937 486/1/937 485/1/937
f 469/1/938 470/1/938 486/1/938
f 470/1/939 487/1/939 486/1/939
f 470/1/940 471/1/940 487/1/940
f 471/1/941 488/1/941 487/1/941
f 471/1/942 472/1/942 488/1/942
f 472/1/943 489/1/943 488/1/943
f 472/1/944 473/1/944 489/1/944
f 473/1/945 490/1/945 489/1/945
f 473/1/946 474/1/946 490/1/946
f 474/1/947 491/1/947 490/1/947
f 474/1/948 475/1/948 491/1/948
f 475/1/949 492/1/949 491/1/949
f 475/1/950 476/1/950 492/1/950
f 476/1/951 493/1/951 492/1/951
f 476/1/952 477/1/952 493/1/952
f 477/1/953 494/1/953 493/1/953
f 477/1/954 478/1/954 494/1/954
f 478/1/955 495/1/955 494/1/955
f 478/1/956 479/1/956 495/1/956
f 479/1/957 496/1/957 495/1/957
f 479/1/958 480/1/958 496/1/958
f 480/1/959 481/1/959 496/1/959
f 480/1/960 465/1/960 481/1/960
f 481/1/961 498/1/961 497/1/961
f 481/1/962 482/1/962 498/1/962
f 482/1/963 499/1/963 498/1/963
f 482/1/964 483/1/964 499/1/964
f 483/1/965 500/1/965 499/1/965
f 483/1/966 484/1/966 500/1/966
f 484/1/967 501/1/967 500/1/967
f 484/1/968 485/1/968 501/1/968
f 485/1/969 502/1/969 501/1/969
f 485/1/970 486/1/970 502/1/970
f 486/1/971 503/1/971 502/1/971
f 486/1/972 487/1/972 503/1/972
f 487/1/973 504/1/973 503/1/973
f 487/1/974 488/1/974 504/1/974
f 488/1/975 505/1/975 504/1/975
f 488/1/976 489/1/976 505/1/976
f 489/1/977 506/1/977 505/1/977
f 489/1/978 490/1/978 506/1/978
f 490/1/979 507/1/979 506/1/979
f 490/1/980 491/1/980 507/1/980
f 491/1/981 508/1/981 507/1/981
f 491/1/982 492/1/982 508/1/982
f 492/1/983 509/1/983 508/1/983
f 492/1/984 493/1/984 509/1/984
f 493/1/985 510/1/985 509/1/985
f 493/1/986 494/1/986 510/1/986
f 494/1/987 511/1/987 510/1/987
f 494/1/988 495/1/988 511/1/988
f 495/1/989 512/1/989 511/1/989
f 495/1/990 496/1/990 512/1/990
f 496/1/991 497/1/991 512/1/991
f 496/1/992 481/1/992 497/1/992
f 497/1/993 514/1/993 513/1/993
f 497/1/994 498/1/994 514/1/994
f 498/1/995 515/1/995 514/1/995
f 498/1/996 499/1/996 515/1/996
f 499/1/997 516/1/997 515/1/997
f 499/1/998 500/1/998 516/1/998
f 500/1/999 517/1/999 516/1/999
f 500/1/1000 501/1/1000 517/1/1000
f 501/1/1001 518/1/1001 517/1/1001
f 501/1/1002 502/1/1002 518/1/1002
f 502/1/1003 519/1/1003 518/1/1003
f 502/1/1004 503/1/1004 519/1/1004
f 503/1/1005 520/1/1005 519/1/1005
f 503/1/1006 504/1/1006 520/1/1006
f 504/1/1007 521/1/1007 520/1/1007
f 504/1/1008 505/1/1008 521/1/1008
f 505/1/1009 522/1/1009 521/1/1009
f 505/1/1010 506/1/1010 522/1/1010
f 506/1/1011 523/1/1011 522/1/1011
f 506/1/1012 507/1/1012 523/1/1012
f 507/1/1013 524/1/1013 523/1/1013
f 507/1/1014 508/1/1014 524/1/1014
f 508/1/1015 525/1/1015 524/1/1015
f 508/1/1016 509/1/1016 525/1/1016
f 509/1/1017 526/1/1017 525/1/1017
f 509/1/1018 510/1/1018 526/1/1018
f 510/1/1019 527/1/1019 526/1/1019
f 510/1/1020 511/1/1020 527/1/1020
f 511/1/1021 528/1/1021 527/1/1021
f 511/1/1022 512/1/1022 528/1/1022
f 512/1/1023 513/1/1023 528/1/1023
f 512/1/1024 497/1/1024 513/1/1024
f 513/1/1025 530/1/1025 529/1/1025
f 513/1/1026 514/1/1026 530/1/1026
f 514/1/1027 531/1/1027 530/1/1027
f 514/1/1028 515/1/1028 531/1/1028
f 515/1/1029 532/1/1029 531/1/1029
f 515/1/1030 516/1/1030 532/1/1030
f 516/1/1031 533/1/1031 532/1/1031
f 516/1/1032 517/1/1032 533/1/1032
f 517/1/1033 534/1/1033 533/1/1033
f 517/1/1034 518/1/1034 534/1/1034
f 518/1/1035 535/1/1035 534/1/1035
f 518/1/1036 519/1/1036 535/1/1036
f 519/1/1037 536/1/1037 535/1/1037
f 519/1/1038 520/1/1038 536/1/1038
f 520/1/1039 537/1/1039 536/1/1039
f 520/1/1040 521/1/1040 537/1/1040
f 521/1/1041 538/1/1041 537/1/1041
f 521/1/1042 522/1/1042 538/1/1042
f 522/1/1043 539/1/1043 538/1/1043
f 522/1/1044 523/1/1044 539/1/1044
f 523/1/1045 540/1/1045 539/1/1045
f 523/1/1046 524/1/1046 540/1/1046
f 524/1/1047 541/1/1047 540/1/1047
f 524/1/1048 525/1/1048 541/1/1048
f 525/1/1049 542/1/1049 541/1/1049
f 525/1/1050 526/1/1050 542/1/1050
f 526/1/1051 543/1/1051 542/1/1051
f 526/1/1052 527/1/1052 543/1/1052
f 527/1/1053 544/1/1053 543/1/1053
f 527/1/1054 528/1/1054 544/1/1054
f 528/1/1055 529/1/1055 544/1/1055
f 528/1/1056 513/1/1056 529/1/1056
f 529/1/1057 546/1/1057 545/1/1057
f 529/1/1058 530/1/1058 546/1/1058
f 530/1/1059 547/1/1059 546/1/1059
f 530/1/1060 531/1/1060 547/1/1060
f 531/1/1061 548/1/1061 547/1/1061
f 531/1/1062 532/1/1062 548/1/1062
f 532/1/1063 549/1/1063 548/1/1063
f 532/1/1064 533/1/1064 549/1/1064
f 533/1/1065 550/1/1065 549/1/1065
f 533/1/1066 534/1/1066 550/1/1066
f 534/1/1067 551/1/1067 550/1/1067
f 534/1/1068 535/1/1068 551/1/1068
f 535/1/1069 552/1/1069 551/1/1069
f 535/1/1070 536/1/1070 552/1/1070
f 536/1/1071 553/1/1071 552/1/1071
f 536/1/1072 537/1/1072 553/1/1072
f 537/1/1073 554/1/1073 553/1/1073
f 537/1/1074 538/1/1074 554/1/1074
f 538/1/1075 555/1/1075 554/1/1075
f 538/1/1076 539/1/1076 555/1/1076
f 539/1/1077 556/1/1077 555/1/1077
f 539/1/1078 540/1/1078 556/1/1078
f 540/1/1079 557/1/1079 556/1/1079
f 540/1/1080 541/1/1080 557/1/1080
f 541/1/1081 558/1/1081 557/1/1081
f 541/1/1082 542/1/1082 558/1/1082
f 542/1/1083 559/1/1083 558/1/1083
f 542/1/1084 543/1/1084 559/1/1084
f 543/1/1085 560/1/1085 559/1/1085
f 543/1/1086 544/1/1086 560/1/1086
f 544/1/1087 545/1/1087 560/1/1087
f 544/1/1088 529/1/1088 545/1/1088
f 545/1/1089 562/1/1089 561/1/1089
f 545/1/1090 546/1/1090 562/1/1090
f 546/1/1091 563/1/1091 562/1/1091
f 546/1/1092 547/1/1092 563/1/1092
f 547/1/1093 564/1/1093 563/1/1093
f 547/1/1094 548/1/1094 564/1/1094
f 548/1/1095 565/1/1095 564/1/1095
f 548/1/1096 549/1/1096 565/1/1096
f 549/1/1097 566/1/1097 565/1/1097
f 549/1/1098 550/1/1098 566/1/1098
f 550/1/1099 567/1/1099 566/1/1099
f 550/1/1100 551/1/1100 567/1/1100
f 551/1/1101 568/1/1101 567/1/1101
f 551/1/1102 552/1/1102 568/1/1102
f 552/1/1103 569/1/1103 568/1/1103
f 552/1/1104 553/1/1104 569/1/1104
f 553/1/1105 570/1/1105 569/1/1105
f 553/1/1106 554/1/1106 570/1/1106
f 554/1/1107 571/1/1107 570/1/1107
f 554/1/1108 555/1/1108 571/1/1108
f 555/1/1109 572/1/1109 571/1/1109
f 555/1/1110 556/1/1110 572/1/1110
f 556/1/1111 573/1/1111 572/1/1111
f 556/1/1112 557/1/1112 573/1/1112
f 557/1/1113 574/1/1113 573/1/1113
f 557/1/1114 558/1/1114 574/1/1114
f 558/1/1115 575/1/1115 574/1/1115
f 558/1/1116 559/1/1116 575/1/1116
f 559/1/1117 576/1/1117 575/1/1117
f 559/1/1118 560/1/1118 576/1/1118
f 560/1/1119 561/1/1119 576/1/1119
f 560/1/1120 545/1/1120 561/1/1120
f 561/1/1121 578/1/1121 577/1/1121
f 561/1/1122 562/1/1122 578/1/1122
f 562/1/1123 579/1/1123 578/1/1123
f 562/1/1124 563/1/1124 579/1/1124
f 563/1/1125 580/1/1125 579/1/1125
f 563/1/1126 564/1/1126 580/1/1126
f 564/1/1127 581/1/1127 580/1/1127
f 564/1/1128 565/1/1128 581/1/1128
f 565/1/1129 582/1/1129 581/1/1129
f 565/1/1130 566/1/1130 582/1/1130
f 566/1/1131 583/1/1131 582/1/1131
f 566/1/1132 567/1/1132 583/1/1132
f 567/1/1133 584/1/1133 583/1/1133
f 567/1/1134 568/1/1134 584/1/1134
f 568/1/1135 585/1/1135 584/1/1135
f 568/1/1136 569/1/1136 585/1/1136
f 569/1/1137 586/1/1137 585/1/1137
f 569/1/1138 570/1/1138 586/1/1138
f 570/1/1139 587/1/1139 586/1/1139
f 570/1/1140 571/1/1140 587/1/1140
f 571/1/1141 588/1/1141 587/1/1141
f 571/1/1142 572/1/1142 588/1/1142
f 572/1/1143 589/1/1143 588/1/1143
f 572/1/1144 573/1/1144 589/1/1144
f 573/1/1145 590/1/1145 589/1/1145
f 573/1/1146 574/1/1146 590/1/1146
f 574/1/1147 591/1/1147 590/1/1147
f 574/1/1148 575/1/1148 591/1/1148
f 575/1/1149 592/1/1149 591/1/1149
f 575/1/1150 576/1/1150 592/1/1150
f 576/1/1151 577/1/1151 592/1/1151
f 576/1/1152 561/1/1152 577/1/1152
f 577/1/1153 594/1/1153 593/1/1153
f 577/1/1154 578/1/1154 594/1/1154
f 578/1/1155 595/1/1155 594/1/1155
f 578/1/1156 579/1/1156 595/1/1156
f 579/1/1157 596/1/1157 595/1/1157
f 579/1/1158 580/1/1158 596/1/1158
f 580/1/1159 597/1/1159 596/1/1159
f 580/1/1160 581/1/1160 597/1/1160
f 581/1/1161 598/1/1161 597/1/1161
f 581/1/1162 582/1/1162 598/1/1162
f 582/1/1163 599/1/1163 598/1/1163
f 582/1/1164 583/1/1164 599/1/1164
f 583/1/1165 600/1/1165 599/1/1165
f 583/1/1166 584/1/1166 600/1/1166
f 584/1/1167 601/1/1167 600/1/1167
f 584/1/1168 585/1/1168 601/1/1168
f 585/1/1169 602/1/1169 601/1/1169
f 585/1/1170 586/1/1170 602/1/1170
f 586/1/1171 603/1/1171 602/1/1171
f 586/1/1172 587/1/1172 603/1/1172
f 587/1/1173 604/1/1173 603/1/1173
f 587/1/1174 588/1/1174 604/1/1174
f 588/1/1175 605/1/1175 604/1/1175
f 588/1/1176 589/1/1176 605/1/1176
f 589/1/1177 606/1/1177 605/1/1177
f 589/1/1178 590/1/1178 606/1/1178
f 590/1/1179 607/1/1179 606/1/1179
f 590/1/1180 591/1/1180 607/1/1180
f 591/1/1181 608/1/1181 607/1/1181
f 591/1/1182 592/1/1182 608/1/1182
f 592/1/1183 593/1/1183 608/1/1183
f 592/1/1184 577/1/1184 593/1/1184
f 593/1/1185 610/1/1185 609/1/1185
f 593/1/1186 594/1/1186 610/1/1186
f 594/1/1187 611/1/1187 610/1/1187
f 594/1/1188 595/1/1188 611/1/1188
f 595/1/1189 612/1/1189 611/1/1189
f 595/1/1190 596/1/1190 612/1/1190
f 596/1/1191 613/1/1191 612/1/1191
f 596/1/1192 597/1/1192 613/1/1192
f 597/1/1193 614/1/1193 613/1/1193
f 597/1/1194 598/1/1194 614/1/1194
f 598/1/1195 615/1/1195 614/1/1195
f 598/1/1196 599/1/1196 615/1/1196
f 599/1/1197 616/1/1197 615/1/1197
f 599/1/1198 600/1/1198 616/1/1198
f 600/1/1199 617/1/1199 616/1/1199
f 600/1/1200 601/1/1200 617/1/1200
f 601/1/1201 618/1/1201 617/1/1201
f 601/1/1202 602/1/1202 618/1/1202
f 602/1/1203 619/1/1203 618/1/1203
f 602/1/1204 603/1/1204 619/1/1204
f 603/1/1205 620/1/1205 619/1/1205
f 603/1/1206 604/1/1206 620/1/1206
f 604/1/1207 621/1/1207 620/1/1207
f 604/1/1208 605/1/1208 621/1/1208
f 605/1/1209 622/1/1209 621/1/1209
f 605/1/1210 606/1/1210 622/1/1210
f 606/1/1211 623/1/1211 622/1/1211
f 606/1/1212 607/1/1212 623/1/1212
f 607/1/1213 624/1/1213 623/1/1213
f 607/1/1214 608/1/1214 624/1/1214
f 608/1/1215 609/1/1215 624/1/1215
f 608/1/1216 593/1/1216 609/1/1216
f 609/1/1217 626/1/1217 625/1/1217
f 609/1/1218 610/1/1218 626/1/1218
f 610/1/1219 627/1/1219 626/1/1219
f 610/1/1220 611/1/1220 627/1/1220
f 611/1/1221 628/1/1221 627/1/1221
f 611/1/1222 612/1/1222 628/1/1222
f 612/1/1223 629/1/1223 628/1/1223
f 612/1/1224 613/1/1224 629/1/1224
f 613/1/1225 630/1/1225 629/1/1225
f 613/1/1226 614/1/1226 630/1/1226
f 614/1/1227 631/1/1227 630/1/1227
f 614/1/1228 615/1/1228 631/1/1228
f 615/1/1229 632/1/1229 631/1/1229
f 615/1/1230 616/1/1230 632/1/1230
f 616/1/1231 633/1/1231 632/1/1231
f 616/1/1232 617/1/1232 633/1/1232
f 617/1/1233 634/1/1233 633/1/1233
f 617/1/1234 618/1/1234 634/1/1234
f 618/1/1235 635/1/1235 634/1/1235
f 618/1/1236 619/1/1236 635/1/1236
f 619/1/1237 636/1/1237 635/1/1237
f 619/1/1238 620/1/1238 636/1/1238
f 620/1/1239 637/1/1239 636/1/1239
f 620/1/1240 621/1/1240 637/1/1240
f 621/1/1241 638/1/1241 637/1/1241
f 621/1/1242 622/1/1242 638/1/1242
f 622/1/1243 639/1/1243 638/1/1243
f 622/1/1244 623/1/1244 639/1/1244
f 623/1/1245 640/1/1245 639/1/1245
f 623/1/1246 624/1/1246 640/1/1246
f 624/1/1247 625/1/1247 640/1/1247
f 624/1/1248 609/1/1248 625/1/1248
f 625/1/1249 642/1/1249 641/1/1249
f 625/1/1250 626/1/1250 642/1/1250
f 626/1/1251 643/1/1251 642/1/1251
f 626/1/1252 627/1/1252 643/1/1252
f 627/1/1253 644/1/1253 643/1/1253
f 627/1/1254 628/1/1254 644/1/1254
f 628/1/1255 645/1/1255 644/1/1255
f 628/1/1256 629/1/1256 645/1/1256
f 629/1/1257 646/1/1257 645/1/1257
f 629/1/1258 630/1/1258 646/1/1258
f 630/1/1259 647/1/1259 646/1/1259
f 630/1/1260 631/1/1260 647/1/1260
f 631/1/1261 648/1/1261 647/1/1261
f 631/1/1262 632/1/1262 648/1/1262
f 632/1/1263 649/1/1263 648/1/1263
f 632/1/1264 633/1/1264 649/1/1264
f 633/1/1265 650/1/1265 649/1/1265
f 633/1/1266 634/1/1266 650/1/1266
f 634/1/1267 651/1/1267 650/1/1267
f 634/1/1268 635/1/1268 651/1/1268
f 635/1/1269 652/1/1269 651/1/1269
f 635/1/1270 636/1/1270 652/1/1270
f 636/1/1271 653/1/1271 652/1/1271
f 636/1/1272 637/1/1272 653/1/1272
f 637/1/1273 654/1/1273 653/1/1273
f 637/1/1274 638/1/1274 654/1/1274
f 638/1/1275 655/1/1275 654/1/1275
f 638/1/1276 639/1/1276 655/1/1276
f 639/1/1277 656/1/1277 655/1/1277
f 639/1/1278 640/1/1278 656/1/1278
f 640/1/1279 641/1/1279 656/1/1279
f 640/1/1280 625/1/1280 641/1/1280
f 641/1/1281 658/1/1281 657/1/1281
f 641/1/1282 642/1/1282 658/1/1282
f 642/1/1283 659/1/1283 658/1/1283
f 642/1/1284 643/1/1284 659/1/1284
f 643/1/1285 660/1/1285 659/1/1285
f 643/1/1286 644/1/1286 660/1/1286
f 644/1/1287 661/1/1287 660/1/1287
f 644/1/1288 645/1/1288 661/1/1288
f 645/1/1289 662/1/1289 661/1/1289
f 645/1/1290 646/1/1290 662/1/1290
f 646/1/1291 663/1/1291 662/1/1291
f 646/1/1292 647/1/1292 663/1/1292
f 647/1/1293 664/1/1293 663/1/1293
f 647/1/1294 648/1/1294 664/1/1294
f 648/1/1295 665/1/1295 664/1/1295
f 648/1/1296 649/1/1296 665/1/1296
f 649/1/1297 666/1/1297 665/1/1297
f 649/1/1298 650/1/1298 666/1/1298
f 650/1/1299 667/1/1299 666/1/1299
f 650/1/1300 651/1/1300 667/1/1300
f 651/1/1301 668/1/1301 667/1/1301
f 651/1/1302 652/1/1302 668/1/1302
f 652/1/1303 669/1/1303 668/1/1303
f 652/1/1304 653/1/1304 669/1/1304
f 653/1/1305 670/1/1305 669/1/1305
f 653/1/1306 654/1/1306 670/1/1306
f 654/1/1307 671/1/1307 670/1/1307
f 654/1/1308 655/1/1308 671/1/1308
f 655/1/1309 672/1/1309 671/1/1309
f 655/1/1310 656/1/1310 672/1/1310
f 656/1/1311 657/1/1311 672/1/1311
f 656/1/1312 641/1/1312 657/1/1312
f 657/1/1313 674/1/1313 673/1/1313
f 657/1/1314 658/1/1314 674/1/1314
f 658/1/1315 675/1/1315 674/1/1315
f 658/1/1316 659/1/1316 675/1/1316
f 659/1/1317 676/1/1317 675/1/1317
f 659/1/1318 660/1/1318 676/1/1318
f 660/1/1319 677/1/1319 676/1/1319
f 660/1/1320 661/1/1320 677/1/1320
f 661/1/1321 678/1/1321 677/1/1321
f 661/1/1322 662/1/1322 678/1/1322
f 662/1/1323 679/1/1323 678/1/1323
f 662/1/1324 663/1/1324 679/1/1324
f 663/1/1325 680/1/1325 679/1/1325
f 663/1/1326 664/1/1326 680/1/1326
f 664/1/1327 681/1/1327 680/1/1327
f 664/1/1328 665/1/1328 681/1/1328
f 665/1/1329 682/1/1329 681/1/1329
f 665/1/1330 666/1/1330 682/1/1330
f 666/1/1331 683/1/1331 682/1/1331
f 666/1/1332 667/1/1332 683/1/1332
f 667/1/1333 684/1/1333 683/1/1333
f 667/1/1334 668/1/1334 684/1/1334
f 668/1/1335 685/1/1335 684/1/1335
f 668/1/1336 669/1/1336 685/1/1336
f 669/1/1337 686/1/1337 685/1/1337
f 669/1/1338 670/1/1338 686/1/1338
f 670/1/1339 687/1/1339 686/1/1339
f 670/1/1340 671/1/1340 687/1/1340
f 671/1/1341 688/1/1341 687/1/1341
f 671/1/1342 672/1/1342 688/1/1342
f 672/1/1343 673/1/1343 688/1/1343
f 672/1/1344 657/1/1344 673/1/1344
f 673/1/1345 690/1/1345 689/1/1345
f 673/1/1346 674/1/1346 690/1/1346
f 674/1/1347 691/1/1347 690/1/1347
f 674/1/1348 675/1/1348 691/1/1348
f 675/1/1349 692/1/1349 691/1/1349
f 675/1/1350 676/1/1350 692/1/1350
f 676/1/1351 693/1/1351 692/1/1351
f 676/1/1352 677/1/1352 693/1/1352
f 677/1/1353 694/1/1353 693/1/1353
f 677/1/1354 678/1/1354 694/1/1354
f 678/1/1355 695/1/1355 694/1/1355
f 678/1/1356 679/1/1356 695/1/1356
f 679/1/1357 696/1/1357 695/1/1357
f 679/1/1358 680/1/1358 696/1/1358
f 680/1/1359 697/1/1359 696/1/1359
f 680/1/1360 681/1/1360 697/1/1360
f 681/1/1361 698/1/1361 697/1/1361
f 681/1/1362 682/1/1362 698/1/1362
f 682/1/1363 699/1/1363 698/1/1363
f 682/1/1364 683/1/1364 699/1/1364
f 683/1/1365 700/1/1365 699/1/1365
f 683/1/1366 684/1/1366 700/1/1366
f 684/1/1367 701/1/1367 700/1/1367
f 684/1/1368 685/1/1368 701/1/1368
f 685/1/1369 702/1/1369 701/1/1369
f 685/1/1370 686/1/1370 702/1/1370
f 686/1/1371 703/1/1371 702/1/1371
f 686/1/1372 687/1/1372 703/1/1372
f 687/1/1373 704/1/1373 703/1/1373
f 687/1/1374 688/1/1374 704/1/1374
f 688/1/1375 689/1/1375 704/1/1375
f 688/1/1376 673/1/1376 689/1/1376
f 689/1/1377 706/1/1377 705/1/1377
f 689/1/1378 690/1/1378 706/1/1378
f 690/1/1379 707/1/1379 706/1/1379
f 690/1/1380 691/1/1380 707/1/1380
f 691/1/1381 708/1/1381 707/1/1381
f 691/1/1382 692/1/1382 708/1/1382
f 692/1/1383 709/1/1383 708/1/1383
f 692/1/1384 693/1/1384 709/1/1384
f 693/1/1385 710/1/1385 709/1/1385
f 693/1/1386 694/1/1386 710/1/1386
f 694/1/1387 711/1/1387 710/1/1387
f 694/1/1388 695/1/1388 711/1/1388
f 695/1/1389 712/1/1389 711/1/1389
f 695/1/1390 696/1/1390 712/1/1390
f 696/1/1391 713/1/1391 712/1/1391
f 696/1/1392 697/1/1392 713/1/1392
f 697/1/1393 714/1/1393 713/1/1393
f 697/1/1394 698/1/1394 714/1/1394
f 698/1/1395 715/1/1395 714/1/1395
f 698/1/1396 699/1/1396 715/1/1396
f 699/1/1397 716/1/1397 715/1/1397
f 699/1/1398 700/1/1398 716/1/1398
f 700/1/1399 717/1/1399 716/1/1399
f 700/1/1400 701/1/1400 717/1/1400
f 701/1/1401 718/1/1401 717/1/1401
f 701/1/1402 702/1/1402 718/1/1402
f 702/1/1403 719/1/1403 718/1/1403
f 702/1/1404 703/1/1404 719/1/1404
f 703/1/1405 720/1/1405 719/1/1405
f 703/1/1406 704/1/1406 720/1/1406
f 704/1/1407 705/1/1407 720/1/1407
f 704/1/1408 689/1/1408 705/1/1408
f 705/1/1409 722/1/1409 721/1/1409
f 705/1/1410 706/1/1410 722/1/1410
f 706/1/1411 723/1/1411 722/1/1411
f 706/1/1412 707/1/1412 723/1/1412
f 707/1/1413 724/1/1413 723/1/1413
f 707/1/1414 708/1/1414 724/1/1414
f 708/1/1415 725/1/1415 724/1/1415
f 708/1/1416 709/1/1416 725/1/1416
f 709/1/1417 726/1/1417 725/1/1417
f 709/1/1418 710/1/1418 726/1/1418
f 710/1/1419 727/1/1419 726/1/1419
f 710/1/1420 711/1/1420 727/1/1420
f 711/1/1421 728/1/1421 727/1/1421
f 711/1/1422 712/1/1422 728/1/1422
f 712/1/1423 729/1/1423 728/1/1423
f 712/1/1424 713/1/1424 729/1/1424
f 713/1/1425 730/1/1425 729/1/1425
f 713/1/1426 714/1/1426 730/1/1426
f 714/1/1427 731/1/1427 730/1/1427
f 714/1/1428 715/1/1428 731/1/1428
f 715/1/1429 732/1/1429 731/1/1429
f 715/1/1430 716/1/1430 732/1/1430
f 716/1/1431 733/1/1431 732/1/1431
f 716/1/1432 717/1/1432 733/1/1432
f 717/1/1433 734/1/1433 733/1/1433
f 717/1/1434 718/1/1434 734/1/1434
f 718/1/1435 735/1/1435 734/1/1435
f 718/1/1436 719/1/1436 735/1/1436
f 719/1/1437 736/1/1437 735/1/1437
f 719/1/1438 720/1/1438 736/1/1438
f 720/1/1439 721/1/1439 736/1/1439
f 720/1/1440 705/1/1440 721/1/1440
f 721/1/1441 738/1/1441 737/1/1441
f 721/1/1442 722/1/1442 738/1/1442
f 722/1/1443 739/1/1443 738/1/1443
f 722/1/1444 723/1/1444 739/1/1444
f 723/1/1445 740/1/1445 739/1/1445
f 723/1/1446 724/1/1446 740/1/1446
f 724/1/1447 741/1/1447 740/1/1447
f 724/1/1448 725/1/1448 741/1/1448
f 725/1/1449 742/1/1449 741/1/1449
f 725/1/1450 726/1/1450 742/1/1450
f 726/1/1451 743/1/1451 742/1/1451
f 726/1/1452 727/1/1452 743/1/1452
f 727/1/1453 744/1/1453 743/1/1453
f 727/1/1454 728/1/1454 744/1/1454
f 728/1/1455 745/1/1455 744/1/1455
f 728/1/1456 729/1/1456 745/1/1456
f 729/1/1457 746/1/1457 745/1/1457
f 729/1/1458 730/1/1458 746/1/1458
f 730/1/1459 747/1/1459 746/1/1459
f 730/1/1460 731/1/1460 747/1/1460
f 731/1/1461 748/1/1461 747/1/1461
f 731/1/1462 732/1/1462 748/1/1462
f 732/1/1463 749/1/1463 748/1/1463
f 732/1/1464 733/1/1464 749/1/1464
f 733/1/1465 750/1/1465 749/1/1465
f 733/1/1466 734/1/1466 750/1/1466
f 734/1/1467 751/1/1467 750/1/1467
f 734/1/1468 735/1/1468 751/1/1468
f 735/1/1469 752/1/1469 751/1/1469
f 735/1/1470 736/1/1470 752/1/1470
f 736/1/1471 737/1/1471 752/1/1471
f 736/1/1472 721/1/1472 737/1/1472
f 737/1/1473 754/1/1473 753/1/1473
f 737/1/1474 738/1/1474 754/1/1474
f 738/1/1475 755/1/1475 754/1/1475
f 738/1/1476 739/1/1476 755/1/1476
f 739/1/1477 756/1/1477 755/1/1477
f 739/1/1478 740/1/1478 756/1/1478
f 740/1/1479 757/1/1479 756/1/1479
f 740/1/1480 741/1/1480 757/1/1480
f 741/1/1481 758/1/1481 757/1/1481
f 741/1/1482 742/1/1482 758/1/1482
f 742/1/1483 759/1/1483 758/1/1483
f 742/1/1484 743/1/1484 759/1/1484
f 743/1/1485 760/1/1485 759/1/1485
f 743/1/1486 744/1/1486 760/1/1486
f 744/1/1487 761/1/1487 760/1/1487
f 744/1/1488 745/1/1488 761/1/1488
f 745/1/1489 762/1/1489 761/1/1489
f 745/1/1490 746/1/1490 762/1/1490
f 746/1/1491 763/1/1491 762/1/1491
f 746/1/1492 747/1/1492 763/1/1492
f 747/1/1493 764/1/1493 763/1/1493
f 747/1/1494 748/1/1494 764/1/1494
f 748/1/1495 765/1/1495 764/1/1495
f 748/1/1496 749/1/1496 765/1/1496
f 749/1/1497 766/1/1497 765/1/1497
f 749/1/1498 750/1/1498 766/1/1498
f 750/1/1499 767/1/1499 766/1/1499
f 750/1/1500 751/1/1500 767/1/1500
f 751/1/1501 768/1/1501 767/1/1501
f 751/1/1502 752/1/1502 768/1/1502
f 752/1/1503 753/1/1503 768/1/1503
f 752/1/1504 737/1/1504 753/1/1504
f 753/1/1505 770/1/1505 769/1/1505
f 753/1/1506 754/1/1506 770/1/1506
f 754/1/1507 771/1/1507 770/1/1507
f 754/1/1508 755/1/1508 771/1/1508
f 755/1/1509 772/1/1509 771/1/1509
f 755/1/1510 756/1/1510 772/1/1510
f 756/1/1511 773/1/1511 772/1/1511
f 756/1/1512 757/1/1512 773/1/1512
f 757/1/1513 774/1/1513 773/1/1513
f 757/1/1514 758/1/1514 774/1/1514
f 758/1/1515 775/1/1515 774/1/1515
f 758/1/1516 759/1/1516 775/1/1516
f 759/1/1517 776/1/1517 775/1/1517
f 759/1/1518 760/1/1518 776/1/1518
f 760/1/1519 777/1/1519 776/1/1519
f 760/1/1520 761/1/1520 777/1/1520
f 761/1/1521 778/1/1521 777/1/1521
f 761/1/1522 762/1/1522 778/1/1522
f 762/1/1523 779/1/1523 778/1/1523
f 762/1/1524 763/1/1524 779/1/1524
f 763/1/1525 780/1/1525 779/1/1525
f 763/1/1526 764/1/1526 780/1/1526
f 764/1/1527 781/1/1527 780/1/1527
f 764/1/1528 765/1/1528 781/1/1528
f 765/1/1529 782/1/1529 781/1/1529
f 765/1/1530 766/1/1530 782/1/1530
f 766/1/1531 783/1/1531 782/1/1531
f 766/1/1532 767/1/1532 783/1/1532
f 767/1/1533 784/1/1533 783/1/1533
f 767/1/1534 768/1/1534 784/1/1534
f 768/1/1535 769/1/1535 784/1/1535
f 768/1/1536 753/1/1536 769/1/1536
f 769/1/1537 786/1/1537 785/1/1537
f 769/1/1538 770/1/1538 786/1/1538
f 770/1/1539 787/1/1539 786/1/1539
f 770/1/1540 771/1/1540 787/1/1540
f 771/1/1541 788/1/1541 787/1/1541
f 771/1/1542 772/1/1542 788/1/1542
f 772/1/1543 789/1/1543 788/1/1543
f 772/1/1544 773/1/1544 789/1/1544
f 773/1/1545 790/1/1545 789/1/1545
f 773/1/1546 774/1/1546 790/1/1546
f 774/1/1547 791/1/1547 790/1/1547
f 774/1/1548 775/1/1548 791/1/1548
f 775/1/1549 792/1/1549 791/1/1549
f 775/1/1550 776/1/1550 792/1/1550
f 776/1/1551 793/1/1551 792/1/1551
f 776/1/1552 777/1/1552 793/1/1552
f 777/1/1553 794/1/1553 793/1/1553
f 777/1/1554 778/1/1554 794/1/1554
f 778/1/1555 795/1/1555 794/1/1555
f 778/1/1556 779/1/1556 795/1/1556
f 779/1/1557 796/1/1557 795/1/1557
f 779/1/1558 780/1/1558 796/1/1558
f 780/1/1559 797/1/1559 796/1/1559
f 780/1/1560 781/1/1560 797/1/1560
f 781/1/1561 798/1/1561 797/1/1561
f 781/1/1562 782/1/1562 798/1/1562
f 782/1/1563 799/1/1563 798/1/1563
f 782/1/1564 783/1/1564 799/1/1564
f 783/1/1565 800/1/1565 799/1/1565
f 783/1/1566 784/1/1566 800/1/1566
f 784/1/1567 785/1/1567 800/1/1567
f 784/1/1568 769/1/1568 785/1/1568
f 785/1/1569 802/1/1569 801/1/1569
f 785/1/1570 786/1/1570 802/1/1570
f 786/1/1571 803/1/1571 802/1/1571
f 786/1/1572 787/1/1572 803/1/1572
f 787/1/1573 804/1/1573 803/1/1573
f 787/1/1574 788/1/1574 804/1/1574
f 788/1/1575 805/1/1575 804/1/1575
f 788/1/1576 789/1/1576 805/1/1576
f 789/1/1577 806/1/1577 805/1/1577
f 789/1/1578 790/1/1578 806/1/1578
f 790/1/1579 807/1/1579 806/1/1579
f 790/1/1580 791/1/1580 807/1/1580
f 791/1/1581 808/1/1581 807/1/1581
f 791/1/1582 792/1/1582 808/1/1582
f 792/1/1583 809/1/1583 808/1/1583
f 792/1/1584 793/1/1584 809/1/1584
f 793/1/1585 810/1/1585 809/1/1585
f 793/1/1586 794/1/1586 810/1/1586
f 794/1/1587 811/1/1587 810/1/1587
f 794/1/1588 795/1/1588 811/1/1588
f 795/1/1589 812/1/1589 811/1/1589
f 795/1/1590 796/1/1590 812/1/1590
f 796/1/1591 813/1/1591 812/1/1591
f 796/1/1592 797/1/1592 813/1/1592
f 797/1/1593 814/1/1593 813/1/1593
f 797/1/1594 798/1/1594 814/1/1594
f 798/1/1595 815/1/1595 814/1/1595
f 798/1/1596 799/1/1596 815/1/1596
f 799/1/1597 816/1/1597 815/1/1597
f 799/1/1598 800/1/1598 816/1/1598
f 800/1/1599 801/1/1599 816/1/1599
f 800/1/1600 785/1/1600 801/1/1600
f 801/1/1601 818/1/1601 817/1/1601
f 801/1/1602 802/1/1602 818/1/1602
f 802/1/1603 819/1/1603 818/1/1603
f 802/1/1604 803/1/1604 819/1/1604
f 803/1/1605 820/1/1605 819/1/1605
f 803/1/1606 804/1/1606 820/1/1606
f 804/1/1607 821/1/1607 820/1/1607
f 804/1/1608 805/1/1608 821/1/1608
f 805/1/1609 822/1/1609 821/1/1609
f 805/1/1610 806/1/1610 822/1/1610
f 806/1/1611 823/1/1611 822/1/1611
f 806/1/1612 807/1/1612 823/1/1612
f 807/1/1613 824/1/1613 823/1/1613
f 807/1/1614 808/1/1614 824/1/1614
f 808/1/1615 825/1/1615 824/1/1615
f 808/1/1616 809/1/1616 825/1/1616
f 809/1/1617 826/1/1617 825/1/1617
f 809/1/1618 810/1/1618 826/1/1618
f 810/1/1619 827/1/1619 826/1/1619
f 810/1/1620 811/1/1620 827/1/1620
f 811/1/1621 828/1/1621 827/1/1621
f 811/1/1622 812/1/1622 828/1/1622
f 812/1/1623 829/1/1623 828/1/1623
f 812/1/1624 813/1/1624 829/1/1624
f 813/1/1625 830/1/1625 829/1/1625
f 813/1/1626 814/1/1626 830/1/1626
f 814/1/1627 831/1/1627 830/1/1627
f 814/1/1628 815/1/1628 831/1/1628
f 815/1/1629 832/1/1629 831/1/1629
f 815/1/1630 816/1/1630 832/1/1630
f 816/1/1631 817/1/1631 832/1/1631
f 816/1/1632 801/1/1632 817/1/1632
f 817/1/1633 834/1/1633 833/1/1633
f 817/1/1634 818/1/1634 834/1/1634
f 818/1/1635 835/1/1635 834/1/1635
f 818/1/1636 819/1/1636 835/1/1636
f 819/1/1637 836/1/1637 835/1/1637
f 819/1/1638 820/1/1638 836/1/1638
f 820/1/1639 837/1/1639 836/1/1639
f 820/1/1640 821/1/1640 837/1/1640
f 821/1/1641 838/1/1641 837/1/1641
f 821/1/1642 822/1/1642 838/1/1642
f 822/1/1643 839/1/1643 838/1/1643
f 822/1/1644 823/1/1644 839/1/1644
f 823/1/1645 840/1/1645 839/1/1645
f 823/1/1646 824/1/1646 840/1/1646
f 824/1/1647 841/1/1647 840/1/1647
f 824/1/1648 825/1/1648 841/1/1648
f 825/1/1649 842/1/1649 841/1/1649
f 825/1/1650 826/1/1650 842/1/1650
f 826/1/1651 843/1/1651 842/1/1651
f 826/1/1652 827/1/1652 843/1/1652
f 827/1/1653 844/1/1653 843/1/1653
f 827/1/1654 828/1/1654 844/1/1654
f 828/1/1655 845/1/1655 844/1/1655
f 828/1/1656 829/1/1656 845/1/1656
f 829/1/1657 846/1/1657 845/1/1657
f 829/1/1658 830/1/1658 846/1/1658
f 830/1/1659 847/1/1659 846/1/1659
f 830/1/1660 831/1/1660 847/1/1660
f 831/1/1661 848/1/1661 847/1/1661
f 831/1/1662 832/1/1662 848/1/1662
f 832/1/1663 833/1/1663 848/1/1663
f 832/1/1664 817/1/1664 833/1/1664
f 833/1/1665 850/1/1665 849/1/1665
f 833/1/1666 834/1/1666 850/1/1666
f 834/1/1667 851/1/1667 850/1/1667
f 834/1/1668 835/1/1668 851/1/1668
f 835/1/1669 852/1/1669 851/1/1669
f 835/1/1670 836/1/1670 852/1/1670
f 836/1/1671 853/1/1671 852/1/1671
f 836/1/1672 837/1/1672 853/1/1672
f 837/1/1673 854/1/1673 853/1/1673
f 837/1/1674 838/1/1674 854/1/1674
f 838/1/1675 855/1/1675 854/1/1675
f 838/1/1676 839/1/1676 855/1/1676
f 839/1/1677 856/1/1677 855/1/1677
f 839/1/1678 840/1/1678 856/1/1678
f 840/1/1679 857/1/1679 856/1/1679
f 840/1/1680 841/1/1680 857/1/1680
f 841/1/1681 858/1/1681 857/1/1681
f 841/1/1682 842/1/1682 858/1/1682
f 842/1/1683 859/1/1683 858/1/1683
f 842/1/1684 843/1/1684 859/1/1684
f 843/1/1685 860/1/1685 859/1/1685
f 843/1/1686 844/1/1686 860/1/1686
f 844/1/1687 861/1/1687 860/1/1687
f 844/1/1688 845/1/1688 861/1/1688
f 845/1/1689 862/1/1689 861/1/1689
f 845/1/1690 846/1/1690 862/1/1690
f 846/1/1691 863/1/1691 862/1/1691
f 846/1/1692 847/1/1692 863/1/1692
f 847/1/1693 864/1/1693 863/1/1693
f 847/1/1694 848/1/1694 864/1/1694
f 848/1/1695 849/1/1695 864/1/1695
f 848/1/1696 833/1/1696 849/1/1696
f 849/1/1697 866/1/1697 865/1/1697
f 849/1/1698 850/1/1698 866/1/1698
f 850/1/1699 867/1/1699 866/1/1699
f 850/1/1700 851/1/1700 867/1/1700
f 851/1/1701 868/1/1701 867/1/1701
f 851/1/1702 852/1/1702 868/1/1702
f 852/1/1703 869/1/1703 868/1/1703
f 852/1/1704 853/1/1704 869/1/1704
f 853/1/1705 870/1/1705 869/1/1705
f 853/1/1706 854/1/1706 870/1/1706
f 854/1/1707 871/1/1707 870/1/1707
f 854/1/1708 855/1/1708 871/1/1708
f 855/1/1709 872/1/1709 871/1/1709
f 855/1/1710 856/1/1710 872/1/1710
f 856/1/1711 873/1/1711 872/1/1711
f 856/1/1712 857/1/1712 873/1/1712
f 857/1/1713 874/1/1713 873/1/1713
f 857/1/1714 858/1/1714 874/1/1714
f 858/1/1715 875/1/1715 874/1/1715
f 858/1/1716 859/1/1716 875/1/1716
f 859/1/1717 876/1/1717 875/1/1717
f 859/1/1718 860/1/1718 876/1/1718
f 860/1/1719 877/1/1719 876/1/1719
f 860/1/1720 861/1/1720 877/1/1720
f 861/1/1721 878/1/1721 877/1/1721
f 861/1/1722 862/1/1722 878/1/1722
f 862/1/1723 879/1/1723 878/1/1723
f 862/1/1724 863/1/1724 879/1/1724
f 863/1/1725 880/1/1725 879/1/1725
f 863/1/1726 864/1/1726 880/1/1726
f 864/1/1727 865/1/1727 880/1/1727
f 864/1/1728 849/1/1728 865/1/1728
f 865/1/1729 882/1/1729 881/1/1729
f 865/1/1730 866/1/1730 882/1/1730
f 866/1/1731 883/1/1731 882/1/1731
f 866/1/1732 867/1/1732 883/1/1732
f 867/1/1733 884/1/1733 883/1/1733
f 867/1/1734 868/1/1734 884/1/1734
f 868/1/1735 885/1/1735 884/1/1735
f 868/1/1736 869/1/1736 885/1/1736
f 869/1/1737 886/1/1737 885/1/1737
f 869/1/1738 870/1/1738 886/1/1738
f 870/1/1739 887/1/1739 886/1/1739
f 870/1/1740 871/1/1740 887/1/1740
f 871/1/1741 888/1/1741 887/1/1741
f 871/1/1742 888/1/1742 872/1/1742
f 872/1/1743 888/1/1743 889/1/1743
f 872/1/1744 889/1/1744 873/1/1744
f 873/1/1745 889/1/1745 890/1/1745
f 873/1/1746 890/1/1746 874/1/1746
f 874/1/1747 891/1/1747 890/1/1747
f 874/1/1748 875/1/1748 891/1/1748
f 875/1/1749 892/1/1749 891/1/1749
f 875/1/1750 876/1/1750 892/1/1750
f 876/1/1751 893/1/1751 892/1/1751
f 876/1/1752 877/1/1752 893/1/1752
f 877/1/1753 894/1/1753 893/1/1753
f 877/1/1754 878/1/1754 894/1/1754
f 878/1/1755 895/1/1755 894/1/1755
f 878/1/1756 879/1/1756 895/1/1756
f 879/1/1757 896/1/1757 895/1/1757
f 879/1/1758 880/1/1758 896/1/1758
f 880/1/1759 881/1/1759 896/1/1759
f 880/1/1760 865/1/1760 881/1/1760
f 881/1/1761 898/1/1761 897/1/1761
f 881/1/1762 882/1/1762 898/1/1762
f 882/1/1763 899/1/1763 898/1/1763
f 882/1/1764 883/1/1764 899/1/1764
f 883/1/1765 900/1/1765 899/1/1765
f 883/1/1766 884/1/1766 900/1/1766
f 884/1/1767 901/1/1767 900/1/1767
f 884/1/1768 885/1/1768 901/1/1768
f 885/1/1769 902/1/1769 901/1/1769
f 885/1/1770 886/1/1770 902/1/1770
f 886/1/1771 903/1/1771 902/1/1771
f 886/1/1772 887/1/1772 903/1/1772
f 887/1/1773 904/1/1773 903/1/1773
f 887/1/1774 888/1/1774 904/1/1774
f 888/1/1775 905/1/1775 904/1/1775
f 888/1/1776 889/1/1776 905/1/1776
f 889/1/1777 906/1/1777 905/1/1777
f 889/1/1778 890/1/1778 906/1/1778
f 890/1/1779 907/1/1779 906/1/1779
f 890/1/1780 891/1/1780 907/1/1780
f 891/1/1781 908/1/1781 907/1/1781
f 891/1/1782 892/1/1782 908/1/1782
f 892/1/1783 909/1/1783 908/1/1783
f 892/1/1784 893/1/1784 909/1/1784
f 893/1/1785 910/1/1785 909/1/1785
f 893/1/1786 894/1/1786 910/1/1786
f 894/1/1787 911/1/1787 910/1/1787
f 894/1/1788 895/1/1788 911/1/1788
f 895/1/1789 912/1/1789 911/1/1789
f 895/1/1790 896/1/1790 912/1/1790
f 896/1/1791 897/1/1791 912/1/1791
f 896/1/1792 881/1/1792 897/1/1792
f 897/1/1793 914/1/1793 913/1/1793
f 897/1/1794 898/1/1794 914/1/1794
f 898/1/1795 915/1/1795 914/1/1795
f 898/1/1796 899/1/1796 915/1/1796
f 899/1/1797 916/1/1797 915/1/1797
f 899/1/1798 900/1/1798 916/1/1798
f 900/1/1799 917/1/1799 916/1/1799
f 900/1/1800 901/1/1800 917/1/1800
f 901/1/1801 918/1/1801 917/1/1801
f 901/1/1802 902/1/1802 918/1/1802
f 902/1/1803 919/1/1803 918/1/1803
f 902/1/1804 903/1/1804 919/1/1804
f 903/1/1805 920/1/1805 919/1/1805
f 903/1/1806 904/1/1806 920/1/1806
f 904/1/1807 921/1/1807 920/1/1807
f 904/1/1808 905/1/1808 921/1/1808
f 905/1/1809 922/1/1809 921/1/1809
f 905/1/1810 906/1/1810 922/1/1810
f 906/1/1811 923/1/1811 922/1/1811
f 906/1/1812 907/1/1812 923/1/1812
f 907/1/1813 924/1/1813 923/1/1813
f 907/1/1814 908/1/1814 924/1/1814
f 908/1/1815 925/1/1815 924/1/1815
f 908/1/1816 909/1/1816 925/1/1816
f 909/1/1817 926/1/1817 925/1/1817
f 909/1/1818 910/1/1818 926/1/1818
f 910/1/1819 927/1/1819 926/1/1819
f 910/1/1820 911/1/1820 927/1/1820
f 911/1/1821 928/1/1821 927/1/1821
f 911/1/1822 912/1/1822 928/1/1822
f 912/1/1823 913/1/1823 928/1/1823
f 912/1/1824 897/1/1824 913/1/1824
f 913/1/1825 930/1/1825 929/1/1825
f 913/1/1826 914/1/1826 930/1/1826
f 914/1/1827 931/1/1827 930/1/1827
f 914/1/1828 915/1/1828 931/1/1828
f 915/1/1829 932/1/1829 931/1/1829
f 915/1/1830 916/1/1830 932/1/1830
f 916/1/1831 933/1/1831 932/1/1831
f 916/1/1832 917/1/1832 933/1/1832
f 917/1/1833 934/1/1833 933/1/1833
f 917/1/1834 918/1/1834 934/1/1834
f 918/1/1835 935/1/1835 934/1/1835
f 918/1/1836 919/1/1836 935/1/1836
f 919/1/1837 936/1/1837 935/1/1837
f 919/1/1838 920/1/1838 936/1/1838
f 920/1/1839 937/1/1839 936/1/1839
f 920/1/1840 921/1/1840 937/1/1840
f 921/1/1841 938/1/1841 937/1/1841
f 921/1/1842 922/1/1842 938/1/1842
f 922/1/1843 939/1/1843 938/1/1843
f 922/1/1844 923/1/1844 939/1/1844
f 923/1/1845 940/1/1845 939/1/1845
f 923/1/1846 924/1/1846 940/1/1846
f 924/1/1847 941/1/1847 940/1/1847
f 924/1/1848 925/1/1848 941/1/1848
f 925/1/1849 942/1/1849 941/1/1849
f 925/1/1850 926/1/1850 942/1/1850
f 926/1/1851 943/1/1851 942/1/1851
f 926/1/1852 927/1/1852 943/1/1852
f 927/1/1853 944/1/1853 943/1/1853
f 927/1/1854 928/1/1854 944/1/1854
f 928/1/1855 929/1/1855 944/1/1855
f 928/1/1856 913/1/1856 929/1/1856
f 929/1/1857 946/1/1857 945/1/1857
f 929/1/1858 930/1/1858 946/1/1858
f 930/1/1859 947/1/1859 946/1/1859
f 930/1/1860 931/1/1860 947/1/1860
f 931/1/1861 948/1/1861 947/1/1861
f 931/1/1862 932/1/1862 948/1/1862
f 932/1/1863 949/1/1863 948/1/1863
f 932/1/1864 933/1/1864 949/1/1864
f 933/1/1865 950/1/1865 949/1/1865
f 933/1/1866 934/1/1866 950/1/1866
f 934/1/1867 951/1/1867 950/1/1867
f 934/1/1868 935/1/1868 951/1/1868
f 935/1/1869 952/1/1869 951/1/1869
f 935/1/1870 936/1/1870 952/1/1870
f 936/1/1871 953/1/1871 952/1/1871
f 936/1/1872 937/1/1872 953/1/1872
f 937/1/1873 954/1/1873 953/1/1873
f 937/1/1874 938/1/1874 954/1/1874
f 938/1/1875 955/1/1875 954/1/1875
f 938/1/1876 939/1/1876 955/1/1876
f 939/1/1877 956/1/1877 955/1/1877
f 939/1/1878 940/1/1878 956/1/1878
f 940/1/1879 957/1/1879 956/1/1879
f 940/1/1880 941/1/1880 957/1/1880
f 941/1/1881 958/1/1881 957/1/1881
f 941/1/1882 942/1/1882 958/1/1882
f 942/1/1883 959/1/1883 958/1/1883
f 942/1/1884 943/1/1884 959/1/1884
f 943/1/1885 960/1/1885 959/1/1885
f 943/1/1886 944/1/1886 960/1/1886
f 944/1/1887 945/1/1887 960/1/1887
f 944/1/1888 929/1/1888 945/1/1888
f 945/1/1889 962/1/1889 961/1/1889
f 945/1/1890 946/1/1890 962/1/1890
f 946/1/1891 963/1/1891 962/1/1891
f 946/1/1892 947/1/1892 963/1/1892
f 947/1/1893 964/1/1893 963/1/1893
f 947/1/1894 948/1/1894 964/1/1894
f 948/1/1895 965/1/1895 964/1/1895
f 948/1/1896 949/1/1896 965/1/1896
f 949/1/1897 966/1/1897 965/1/1897
f 949/1/1898 950/1/1898 966/1/1898
f 950/1/1899 967/1/1899 966/1/1899
f 950/1/1900 951/1/1900 967/1/1900
f 951/1/1901 968/1/1901 967/1/1901
f 951/1/1902 952/1/1902 968/1/1902
f 952/1/1903 969/1/1903 968/1/1903
f 952/1/1904 953/1/1904 969/1/1904
f 953/1/1905 970/1/1905 969/1/1905
f 953/1/1906 954/1/1906 970/1/1906
f 954/1/1907 971/1/1907 970/1/1907
f 954/1/1908 955/1/1908 971/1/1908
f 955/1/1909 972/1/1909 971/1/1909
f 955/1/1910 956/1/1910 972/1/1910
f 956/1/1911 973/1/1911 972/1/1911
f 956/1/1912 957/1/1912 973/1/1912
f 957/1/1913 974/1/1913 973/1/1913
f 957/1/1914 958/1/1914 974/1/1914
f 958/1/1915 975/1/1915 974/1/1915
f 958/1/1916 959/1/1916 975/1/1916
f 959/1/1917 976/1/1917 975/1/1917
f 959/1/1918 960/1/1918 976/1/1918
f 960/1/1919 961/1/1919 976/1/1919
f 960/1/1920 945/1/1920 961/1/1920
f 961/1/1921 978/1/1921 977/1/1921
f 961/1/1922 962/1/1922 978/1/1922
f 962/1/1923 979/1/1923 978/1/1923
f 962/1/1924 963/1/1924 979/1/1924
f 963/1/1925 980/1/1925 979/1/1925
f 963/1/1926 964/1/1926 980/1/1926
f 964/1/1927 981/1/1927 980/1/1927
f 964/1/1928 965/1/1928 981/1/1928
f 965/1/1929 982/1/1929 981/1/1929
f 965/1/1930 966/1/1930 982/1/1930
f 966/1/1931 983/1/1931 982/1/1931
f 966/1/1932 967/1/1932 983/1/1932
f 967/1/1933 984/1/1933 983/1/1933
f 967/1/1934 968/1/1934 984/1/1934
f 968/1/1935 985/1/1935 984/1/1935
f 968/1/1936 969/1/1936 985/1/1936
f 969/1/1937 986/1/1937 985/1/1937
f 969/1/1938 970/1/1938 986/1/1938
f 970/1/1939 987/1/1939 986/1/1939
f 970/1/1940 971/1/1940 987/1/1940
f 971/1/1941 988/1/1941 987/1/1941
f 971/1/1942 972/1/1942 988/1/1942
f 972/1/1943 989/1/1943 988/1/1943
f 972/1/1944 973/1/1944 989/1/1944
f 973/1/1945 990/1/1945 989/1/1945
f 973/1/1946 974/1/1946 990/1/1946
f 974/1/1947 991/1/1947 990/1/1947
f 974/1/1948 975/1/1948 991/1/1948
f 975/1/1949 992/1/1949 991/1/1949
f 975/1/1950 976/1/1950 992/1/1950
f 976/1/1951 977/1/1951 992/1/1951
f 976/1/1952 961/1/1952 977/1/1952
f 977/1/1953 994/1/1953 993/1/1953
f 977/1/1954 978/1/1954 994/1/1954
f 978/1/1955 995/1/1955 994/1/1955
f 978/1/1956 979/1/1956 995/1/1956
f 979/1/1957 996/1/1957 995/1/1957
f 979/1/1958 980/1/1958 996/1/1958
f 980/1/1959 997/1/1959 996/1/1959
f 980/1/1960 981/1/1960 997/1/1960
f 981/1/1961 998/1/1961 997/1/1961
f 981/1/1962 982/1/1962 998/1/1962
f 982/1/1963 999/1/1963 998/1/1963
f 982/1/1964 983/1/1964 999/1/1964
f 983/1/1965 1000/1/1965 999/1/1965
f 983/1/1966 984/1/1966 1000/1/1966
f 984/1/1967 1001/1/1967 1000/1/1967
f 984/1/1968 985/1/1968 1001/1/1968
f 985/1/1969 1002/1/1969 1001/1/1969
f 985/1/1970 986/1/1970 1002/1/1970
f 986/1/1971 1003/1/1971 1002/1/1971
f 986/1/1972 987/1/1972 1003/1/1972
f 987/1/1973 1004/1/1973 1003/1/1973
f 987/1/1974 988/1/1974 1004/1/1974
f 988/1/1975 1005/1/1975 1004/1/1975
f 988/1/1976 989/1/1976 1005/1/1976
f 989/1/1977 1006/1/1977 1005/1/1977
f 989/1/1978 990/1/1978 1006/1/1978
f 990/1/1979 1007/1/1979 1006/1/1979
f 990/1/1980 991/1/1980 1007/1/1980
f 991/1/1981 1008/1/1981 1007/1/1981
f 991/1/1982 992/1/1982 1008/1/1982
f 992/1/1983 993/1/1983 1008/1/1983
f 992/1/1984 977/1/1984 993/1/1984
f 993/1/1985 1010/1/1985 1009/1/1985
f 993/1/1986 994/1/1986 1010/1/1986
f 994/1/1987 1011/1/1987 1010/1/1987
f 994/1/1988 995/1/1988 1011/1/1988
f 995/1/1989 1012/1/1989 1011/1/1989
f 995/1/1990 996/1/1990 1012/1/1990
f 996/1/1991 1013/1/1991 1012/1/1991
f 996/1/1992 997/1/1992 1013/1/1992
f 997/1/1993 1014/1/1993 1013/1/1993
f 997/1/1994 998/1/1994 1014/1/1994
f 998/1/1995 1015/1/1995 1014/1/1995
f 998/1/1996 999/1/1996 1015/1/1996
f 999/1/1997 1016/1/1997 1015/1/1997
f 999/1/1998 1000/1/1998 1016/1/1998
f 1000/1/1999 1017/1/1999 1016/1/1999
f 1000/1/2000 1001/1/2000 1017/1/2000
f 1001/1/2001 1018/1/2001 1017/1/2001
f 1001/1/2002 1002/1/2002 1018/1/2002
f 1002/1/2003 1019/1/2003 1018/1/2003
f 1002/1/2004 1003/1/2004 1019/1/2004
f 1003/1/2005 1020/1/2005 1019/1/2005
f 1003/1/2006 1004/1/2006 1020/1/2006
f 1004/1/2007 1021/1/2007 1020/1/2007
f 1004/1/2008 1005/1/2008 1021/1/2008
f 1005/1/2009 1022/1/2009 1021/1/2009
f 1005/1/2010 1006/1/2010 1022/1/2010
f 1006/1/2011 1023/1/2011 1022/1/2011
f 1006/1/2012 1007/1/2012 1023/1/2012
f 1007/1/2013 1024/1/2013 1023/1/2013
f 1007/1/2014 1008/1/2014 1024/1/2014
f 1008/1/2015 1009/1/2015 1024/1/2015
f 1008/1/2016 993/1/2016 1009/1/2016
f 1009/1/2017 1026/1/2017 1025/1/2017
f 1009/1/2018 1010/1/2018 1026/1/2018
f 1010/1/2019 1027/1/2019 1026/1/2019
f 1010/1/2020 1011/1/2020 1027/1/2020
f 1011/1/2021 1028/1/2021 1027/1/2021
f 1011/1/2022 1012/1/2022 1028/1/2022
f 1012/1/2023 1029/1/2023 1028/1/2023
f 1012/1/2024 1013/1/2024 1029/1/2024
f 1013/1/2025 1030/1/2025 1029/1/2025
f 1013/1/2026 1014/1/2026 1030/1/2026
f 1014/1/2027 1031/1/2027 1030/1/2027
f 1014/1/2028 1015/1/2028 1031/1/2028
f 1015/1/2029 1032/1/2029 1031/1/2029
f 1015/1/2030 1016/1/2030 1032/1/2030
f 1016/1/2031 1033/1/2031 1032/1/2031
f 1016/1/2032 1017/1/2032 1033/1/2032
f 1017/1/2033 1034/1/2033 1033/1/2033
f 1017/1/2034 1018/1/2034 1034/1/2034
f 1018/1/2035 1035/1/2035 1034/1/2035
f 1018/1/2036 1019/1/2036 1035/1/2036
f 1019/1/2037 1036/1/2037 1035/1/2037
f 1019/1/2038 1020/1/2038 1036/1/2038
f 1020/1/2039 1037/1/2039 1036/1/2039
f 1020/1/2040 1021/1/2040 1037/1/2040
f 1021/1/2041 1038/1/2041 1037/1/2041
f 1021/1/2042 1022/1/2042 1038/1/2042
f 1022/1/2043 1039/1/2043 1038/1/2043
f 1022/1/2044 1023/1/2044 1039/1/2044
f 1023/1/2045 1040/1/2045 1039/1/2045
f 1023/1/2046 1024/1/2046 1040/1/2046
f 1024/1/2047 1025/1/2047 1040/1/2047
f 1024/1/2048 1009/1/2048 1025/1/2048
f 1025/1/2049 1042/1/2049 1041/1/2049
f 1025/1/2050 1026/1/2050 1042/1/2050
f 1026/1/2051 1043/1/2051 1042/1/2051
f 1026/1/2052 1027/1/2052 1043/1/2052
f 1027/1/2053 1044/1/2053 1043/1/2053
f 1027/1/2054 1028/1/2054 1044/1/2054
f 1028/1/2055 1045/1/2055 1044/1/2055
f 1028/1/2056 1029/1/2056 1045/1/2056
f 1029/1/2057 1046/1/2057 1045/1/2057
f 1029/1/2058 1030/1/2058 1046/1/2058
f 1030/1/2059 1047/1/2059 1046/1/2059
f 1030/1/2060 1031/1/2060 1047/1/2060
f 1031/1/2061 1048/1/2061 1047/1/2061
f 1031/1/2062 1032/1/2062 1048/1/2062
f 1032/1/2063 1049/1/2063 1048/1/2063
f 1032/1/2064 1033/1/2064 1049/1/2064
f 1033/1/2065 1050/1/2065 1049/1/2065
f 1033/1/2066 1034/1/2066 1050/1/2066
f 1034/1/2067 1051/1/2067 1050/1/2067
f 1034/1/2068 1035/1/2068 1051/1/2068
f 1035/1/2069 1052/1/2069 1051/1/2069
f 1035/1/2070 1036/1/2070 1052/1/2070
f 1036/1/2071 1053/1/2071 1052/1/2071
f 1036/1/2072 1037/1/2072 1053/1/2072
f 1037/1/2073 1054/1/2073 1053/1/2073
f 1037/1/2074 1038/1/2074 1054/1/2074
f 1038/1/2075 1055/1/2075 1054/1/2075
f 1038/1/2076 1039/1/2076 1055/1/2076
f 1039/1/2077 1056/1/2077 1055/1/2077
f 1039/1/2078 1040/1/2078 1056/1/2078
f 1040/1/2079 1041/1/2079 1056/1/2079
f 1040/1/2080 1025/1/2080 1041/1/2080
f 1041/1/2081 1058/1/2081 1057/1/2081
f 1041/1/2082 1042/1/2082 1058/1/2082
f 1042/1/2083 1059/1/2083 1058/1/2083
f 1042/1/2084 1043/1/2084 1059/1/2084
f 1043/1/2085 1060/1/2085 1059/1/2085
f 1043/1/2086 1044/1/2086 1060/1/2086
f 1044/1/2087 1061/1/2087 1060/1/2087
f 1044/1/2088 1045/1/2088 1061/1/2088
f 1045/1/2089 1062/1/2089 1061/1/2089
f 1045/1/2090 1046/1/2090 1062/1/2090
f 1046/1/2091 1063/1/2091 1062/1/2091
f 1046/1/2092 1047/1/2092 1063/1/2092
f 1047/1/2093 1064/1/2093 1063/1/2093
f 1047/1/2094 1048/1/2094 1064/1/2094
f 1048/1/2095 1065/1/2095 1064/1/2095
f 1048/1/2096 1049/1/2096 1065/1/2096
f 1049/1/2097 1066/1/2097 1065/1/2097
f 1049/1/2098 1050/1/2098 1066/1/2098
f 1050/1/2099 1067/1/2099 1066/1/2099
f 1050/1/2100 1051/1/2100 1067/1/2100
f 1051/1/2101 1068/1/2101 1067/1/2101
f 1051/1/2102 1052/1/2102 1068/1/2102
f 1052/1/2103 1069/1/2103 1068/1/2103
f 1052/1/2104 1053/1/2104 1069/1/2104
f 1053/1/2105 1070/1/2105 1069/1/2105
f 1053/1/2106 1054/1/2106 1070/1/2106
f 1054/1/2107 1071/1/2107 1070/1/2107
f 1054/1/2108 1055/1/2108 1071/1/2108
f 1055/1/2109 1072/1/2109 1071/1/2109
f 1055/1/2110 1056/1/2110 1072/1/2110
f 1056/1/2111 1057/1/2111 1072/1/2111
f 1056/1/2112 1041/1/2112 1057/1/2112
f 1057/1/2113 1074/1/2113 1073/1/2113
f 1057/1/2114 1058/1/2114 1074/1/2114
f 1058/1/2115 1075/1/2115 1074/1/2115
f 1058/1/2116 1059/1/2116 1075/1/2116
f 1059/1/2117 1076/1/2117 1075/1/2117
f 1059/1/2118 1060/1/2118 1076/1/2118
f 1060/1/2119 1077/1/2119 1076/1/2119
f 1060/1/2120 1061/1/2120 1077/1/2120
f 1061/1/2121 1078/1/2121 1077/1/2121
f 1061/1/2122 1062/1/2122 1078/1/2122
f 1062/1/2123 1079/1/2123 1078/1/2123
f 1062/1/2124 1063/1/2124 1079/1/2124
f 1063/1/2125 1080/1/2125 1079/1/2125
f 1063/1/2126 1064/1/2126 1080/1/2126
f 1064/1/2127 1081/1/2127 1080/1/2127
f 1064/1/2128 1065/1/2128 1081/1/2128
f 1065/1/2129 1082/1/2129 1081/1/2129
f 1065/1/2130 1066/1/2130 1082/1/2130
f 1066/1/2131 1083/1/2131 1082/1/2131
f 1066/1/2132 1067/1/2132 1083/1/2132
f 1067/1/2133 1084/1/2133 1083/1/2133
f 1067/1/2134 1068/1/2134 1084/1/2134
f 1068/1/2135 1085/1/2135 1084/1/2135
f 1068/1/2136 1069/1/2136 1085/1/2136
f 1069/1/2137 1086/1/2137 1085/1/2137
f 1069/1/2138 1070/1/2138 1086/1/2138
f 1070/1/2139 1087/1/2139 1086/1/2139
f 1070/1/2140 1071/1/2140 1087/1/2140
f 1071/1/2141 1088/1/2141 1087/1/2141
f 1071/1/2142 1072/1/2142 1088/1/2142
f 1072/1/2143 1073/1/2143 1088/1/2143
f 1072/1/2144 1057/1/2144 1073/1/2144
f 1073/1/2145 1090/1/2145 1089/1/2145
f 1073/1/2146 1074/1/2146 1090/1/2146
f 1074/1/2147 1091/1/2147 1090/1/2147
f 1074/1/2148 1075/1/2148 1091/1/2148
f 1075/1/2149 1092/1/2149 1091/1/2149
f 1075/1/2150 1076/1/2150 1092/1/2150
f 1076/1/2151 1093/1/2151 1092/1/2151
f 1076/1/2152 1077/1/2152 1093/1/2152
f 1077/1/2153 1094/1/2153 1093/1/2153
f 1077/1/2154 1078/1/2154 1094/1/2154
f 1078/1/2155 1095/1/2155 1094/1/2155
f 1078/1/2156 1079/1/2156 1095/1/2156
f 1079/1/2157 1096/1/2157 1095/1/2157
f 1079/1/2158 1080/1/2158 1096/1/2158
f 1080/1/2159 1097/1/2159 1096/1/2159
f 1080/1/2160 1081/1/2160 1097/1/2160
f 1081/1/2161 1098/1/2161 1097/1/2161
f 1081/1/2162 1082/1/2162 1098/1/2162
f 1082/1/2163 1099/1/2163 1098/1/2163
f 1082/1/2164 1083/1/2164 1099/1/2164
f 1083/1/2165 1100/1/2165 1099/1/2165
f 1083/1/2166 1084/1/2166 1100/1/2166
f 1084/1/2167 1101/1/2167 1100/1/2167
f 1084/1/2168 1085/1/2168 1101/1/2168
f 1085/1/2169 1102/1/2169 1101/1/2169
f 1085/1/2170 1086/1/2170 1102/1/2170
f 1086/1/2171 1103/1/2171 1102/1/2171
f 1086/1/2172 1087/1/2172 1103/1/2172
f 1087/1/2173 1104/1/2173 1103/1/2173
f 1087/1/2174 1088/1/2174 1104/1/2174
f 1088/1/2175 1089/1/2175 1104/1/2175
f 1088/1/2176 1073/1/2176 1089/1/2176
f 1089/1/2177 1106/1/2177 1105/1/2177
f 1089/1/2178 1090/1/2178 1106/1/2178
f 1090/1/2179 1107/1/2179 1106/1/2179
f 1090/1/2180 1091/1/2180 1107/1/2180
f 1091/1/2181 1108/1/2181 1107/1/2181
f 1091/1/2182 1092/1/2182 1108/1/2182
f 1092/1/2183 1109/1/2183 1108/1/2183
f 1092/1/2184 1093/1/2184 1109/1/2184
f 1093/1/2185 1110/1/2185 1109/1/2185
f 1093/1/2186 1094/1/2186 1110/1/2186
f 1094/1/2187 1111/1/2187 1110/1/2187
f 1094/1/2188 1095/1/2188 1111/1/2188
f 1095/1/2189 1112/1/2189 1111/1/2189
f 1095/1/2190 1096/1/2190 1112/1/2190
f 1096/1/2191 1113/1/2191 1112/1/2191
f 1096/1/2192 1097/1/2192 1113/1/2192
f 1097/1/2193 1114/1/2193 1113/1/2193
f 1097/1/2194 1098/1/2194 1114/1/2194
f 1098/1/2195 1115/1/2195 1114/1/2195
f 1098/1/2196 1099/1/2196 1115/1/2196
f 1099/1/2197 1116/1/2197 1115/1/2197
f 1099/1/2198 1100/1/2198 1116/1/2198
f 1100/1/2199 1117/1/2199 1116/1/2199
f 1100/1/2200 1101/1/2200 1117/1/2200
f 1101/1/2201 1118/1/2201 1117/1/2201
f 1101/1/2202 1102/1/2202 1118/1/2202
f 1102/1/2203 1119/1/2203 1118/1/2203
f 1102/1/2204 1103/1/2204 1119/1/2204
f 1103/1/2205 1120/1/2205 1119/1/2205
f 1103/1/2206 1104/1/2206 1120/1/2206
f 1104/1/2207 1105/1/2207 1120/1/2207
f 1104/1/2208 1089/1/2208 1105/1/2208
f 1105/1/2209 1122/1/2209 1121/1/2209
f 1105/1/2210 1106/1/2210 1122/1/2210
f 1106/1/2211 1123/1/2211 1122/1/2211
f 1106/1/2212 1107/1/2212 1123/1/2212
f 1107/1/2213 1124/1/2213 1123/1/2213
f 1107/1/2214 1108/1/2214 1124/1/2214
f 1108/1/2215 1125/1/2215 1124/1/2215
f 1108/1/2216 1109/1/2216 1125/1/2216
f 1109/1/2217 1126/1/2217 1125/1/2217
f 1109/1/2218 1110/1/2218 1126/1/2218
f 1110/1/2219 1127/1/2219 1126/1/2219
f 1110/1/2220 1111/1/2220 1127/1/2220
f 1111/1/2221 1128/1/2221 1127/1/2221
f 1111/1/2222 1112/1/2222 1128/1/2222
f 1112/1/2223 1129/1/2223 1128/1/2223
f 1112/1/2224 1113/1/2224 1129/1/2224
f 1113/1/2225 1130/1/2225 1129/1/2225
f 1113/1/2226 1114/1/2226 1130/1/2226
f 1114/1/2227 1131/1/2227 1130/1/2227
f 1114/1/2228 1115/1/2228 1131/1/2228
f 1115/1/2229 1132/1/2229 1131/1/2229
f 1115/1/2230 1116/1/2230 1132/1/2230
f 1116/1/2231 1133/1/2231 1132/1/2231
f 1116/1/2232 1117/1/2232 1133/1/2232
f 1117/1/2233 1134/1/2233 1133/1/2233
f 1117/1/2234 1118/1/2234 1134/1/2234
f 1118/1/2235 1135/1/2235 1134/1/2235
f 1118/1/2236 1119/1/2236 1135/1/2236
f 1119/1/2237 1136/1/2237 1135/1/2237
f 1119/1/2238 1120/1/2238 1136/1/2238
f 1120/1/2239 1121/1/2239 1136/1/2239
f 1120/1/2240 1105/1/2240 1121/1/2240
f 1121/1/2241 1138/1/2241 1137/1/2241
f 1121/1/2242 1122/1/2242 1138/1/2242
f 1122/1/2243 1139/1/2243 1138/1/2243
f 1122/1/2244 1123/1/2244 1139/1/2244
f 1123/1/2245 1140/1/2245 1139/1/2245
f 1123/1/2246 1124/1/2246 1140/1/2246
f 1124/1/2247 1141/1/2247 1140/1/2247
f 1124/1/2248 1125/1/2248 1141/1/2248
f 1125/1/2249 1142/1/2249 1141/1/2249
f 1125/1/2250 1126/1/2250 1142/1/2250
f 1126/1/2251 1143/1/2251 1142/1/2251
f 1126/1/2252 1127/1/2252 1143/1/2252
f 1127/1/2253 1144/1/2253 1143/1/2253
f 1127/1/2254 1128/1/2254 1144/1/2254
f 1128/1/2255 1145/1/2255 1144/1/2255
f 1128/1/2256 1129/1/2256 1145/1/2256
f 1129/1/2257 1146/1/2257 1145/1/2257
f 1129/1/2258 1130/1/2258 1146/1/2258
f 1130/1/2259 1147/1/2259 1146/1/2259
f 1130/1/2260 1131/1/2260 1147/1/2260
f 1131/1/2261 1148/1/2261 1147/1/2261
f 1131/1/2262 1132/1/2262 1148/1/2262
f 1132/1/2263 1149/1/2263 1148/1/2263
f 1132/1/2264 1133/1/2264 1149/1/2264
f 1133/1/2265 1150/1/2265 1149/1/2265
f 1133/1/2266 1134/1/2266 1150/1/2266
f 1134/1/2267 1151/1/2267 1150/1/2267
f 1134/1/2268 1135/1/2268 1151/1/2268
f 1135/1/2269 1152/1/2269 1151/1/2269
f 1135/1/2270 1136/1/2270 1152/1/2270
f 1136/1/2271 1137/1/2271 1152/1/2271
f 1136/1/2272 1121/1/2272 1137/1/2272
f 1137/1/2273 1154/1/2273 1153/1/2273
f 1137/1/2274 1138/1/2274 1154/1/2274
f 1138/1/2275 1155/1/2275 1154/1/2275
f 1138/1/2276 1139/1/2276 1155/1/2276
f 1139/1/2277 1156/1/2277 1155/1/2277
f 1139/1/2278 1140/1/2278 1156/1/2278
f 1140/1/2279 1157/1/2279 1156/1/2279
f 1140/1/2280 1141/1/2280 1157/1/2280
f 1141/1/2281 1158/1/2281 1157/1/2281
f 1141/1/2282 1142/1/2282 1158/1/2282
f 1142/1/2283 1159/1/2283 1158/1/2283
f 1142/1/2284 1143/1/2284 1159/1/2284
f 1143/1/2285 1160/1/2285 1159/1/2285
f 1143/1/2286 1160/1/2286 1144/1/2286
f 1144/1/2287 1160/1/2287 1161/1/2287
f 1144/1/2288 1161/1/2288 1145/1/2288
f 1145/1/2289 1161/1/2289 1162/1/2289
f 1145/1/2290 1162/1/2290 1146/1/2290
f 1146/1/2291 1162/1/2291 1163/1/2291
f 1146/1/2292 1147/1/2292 1163/1/2292
f 1147/1/2293 1164/1/2293 1163/1/2293
f 1147/1/2294 1148/1/2294 1164/1/2294
f 1148/1/2295 1165/1/2295 1164/1/2295
f 1148/1/2296 1149/1/2296 1165/1/2296
f 1149/1/2297 1166/1/2297 1165/1/2297
f 1149/1/2298 1150/1/2298 1166/1/2298
f 1150/1/2299 1167/1/2299 1166/1/2299
f 1150/1/2300 1151/1/2300 1167/1/2300
f 1151/1/2301 1168/1/2301 1167/1/2301
f 1151/1/2302 1152/1/2302 1168/1/2302
f 1152/1/2303 1153/1/2303 1168/1/2303
f 1152/1/2304 1137/1/2304 1153/1/2304
f 1153/1/2305 1170/1/2305 1169/1/2305
f 1153/1/2306 1154/1/2306 1170/1/2306
f 1154/1/2307 1171/1/2307 1170/1/2307
f 1154/1/2308 1155/1/2308 1171/1/2308
f 1155/1/2309 1172/1/2309 1171/1/2309
f 1155/1/2310 1156/1/2310 1172/1/2310
f 1156/1/2311 1173/1/2311 1172/1/2311
f 1156/1/2312 1157/1/2312 1173/1/2312
f 1157/1/2313 1174/1/2313 1173/1/2313
f 1157/1/2314 1158/1/2314 1174/1/2314
f 1158/1/2315 1175/1/2315 1174/1/2315
f 1158/1/2316 1159/1/2316 1175/1/2316
f 1159/1/2317 1176/1/2317 1175/1/2317
f 1159/1/2318 1176/1/2318 1160/1/2318
f 1160/1/2319 1176/1/2319 1177/1/2319
f 1160/1/2320 1177/1/2320 1161/1/2320
f 1161/1/2321 1177/1/2321 1178/1/2321
f 1161/1/2322 1178/1/2322 1162/1/2322
f 1162/1/2323 1178/1/2323 1179/1/2323
f 1162/1/2324 1163/1/2324 1179/1/2324
f 1163/1/2325 1180/1/2325 1179/1/2325
f 1163/1/2326 1164/1/2326 1180/1/2326
f 1164/1/2327 1181/1/2327 1180/1/2327
f 1164/1/2328 1165/1/2328 1181/1/2328
f 1165/1/2329 1182/1/2329 1181/1/2329
f 1165/1/2330 1166/1/2330 1182/1/2330
f 1166/1/2331 1183/1/2331 1182/1/2331
f 1166/1/2332 1167/1/2332 1183/1/2332
f 1167/1/2333 1184/1/2333 1183/1/2333
f 1167/1/2334 1168/1/2334 1184/1/2334
f 1168/1/2335 1169/1/2335 1184/1/2335
f 1168/1/2336 1153/1/2336 1169/1/2336
f 1169/1/2337 1186/1/2337 1185/1/2337
f 1169/1/2338 1170/1/2338 1186/1/2338
f 1170/1/2339 1187/1/2339 1186/1/2339
f 1170/1/2340 1171/1/2340 1187/1/2340
f 1171/1/2341 1188/1/2341 1187/1/2341
f 1171/1/2342 1172/1/2342 1188/1/2342
f 1172/1/2343 1189/1/2343 1188/1/2343
f 1172/1/2344 1173/1/2344 1189/1/2344
f 1173/1/2345 1190/1/2345 1189/1/2345
f 1173/1/2346 1174/1/2346 1190/1/2346
f 1174/1/2347 1191/1/2347 1190/1/2347
f 1174/1/2348 1175/1/2348 1191/1/2348
f 1175/1/2349 1192/1/2349 1191/1/2349
f 1175/1/2350 1176/1/2350 1192/1/2350
f 1176/1/2351 1193/1/2351 1192/1/2351
f 1176/1/2352 1177/1/2352 1193/1/2352
f 1177/1/2353 1194/1/2353 1193/1/2353
f 1177/1/2354 1178/1/2354 1194/1/2354
f 1178/1/2355 1195/1/2355 1194/1/2355
f 1178/1/2356 1179/1/2356 1195/1/2356
f 1179/1/2357 1196/1/2357 1195/1/2357
f 1179/1/2358 1180/1/2358 1196/1/2358
f 1180/1/2359 1197/1/2359 1196/1/2359
f 1180/1/2360 1181/1/2360 1197/1/2360
f 1181/1/2361 1198/1/2361 1197/1/2361
f 1181/1/2362 1182/1/2362 1198/1/2362
f 1182/1/2363 1199/1/2363 1198/1/2363
f 1182/1/2364 1183/1/2364 1199/1/2364
f 1183/1/2365 1200/1/2365 1199/1/2365
f 1183/1/2366 1184/1/2366 1200/1/2366
f 1184/1/2367 1185/1/2367 1200/1/2367
f 1184/1/2368 1169/1/2368 1185/1/2368
f 1185/1/2369 1202/1/2369 1201/1/2369
f 1185/1/2370 1186/1/2370 1202/1/2370
f 1186/1/2371 1203/1/2371 1202/1/2371
f 1186/1/2372 1187/1/2372 1203/1/2372
f 1187/1/2373 1204/1/2373 1203/1/2373
f 1187/1/2374 1188/1/2374 1204/1/2374
f 1188/1/2375 1205/1/2375 1204/1/2375
f 1188/1/2376 1189/1/2376 1205/1/2376
f 1189/1/2377 1206/1/2377 1205/1/2377
f 1189/1/2378 1190/1/2378 1206/1/2378
f 1190/1/2379 1207/1/2379 1206/1/2379
f 1190/1/2380 1191/1/2380 1207/1/2380
f 1191/1/2381 1208/1/2381 1207/1/2381
f 1191/1/2382 1192/1/2382 1208/1/2382
f 1192/1/2383 1209/1/2383 1208/1/2383
f 1192/1/2384 1193/1/2384 1209/1/2384
f 1193/1/2385 1210/1/2385 1209/1/2385
f 1193/1/2386 1194/1/2386 1210/1/2386
f 1194/1/2387 1211/1/2387 1210/1/2387
f 1194/1/2388 1195/1/2388 1211/1/2388
f 1195/1/2389 1212/1/2389 1211/1/2389
f 1195/1/2390 1196/1/2390 1212/1/2390
f 1196/1/2391 1213/1/2391 1212/1/2391
f 1196/1/2392 1197/1/2392 1213/1/2392
f 1197/1/2393 1214/1/2393 1213/1/2393
f 1197/1/2394 1198/1/2394 1214/1/2394
f 1198/1/2395 1215/1/2395 1214/1/2395
f 1198/1/2396 1199/1/2396 1215/1/2396
f 1199/1/2397 1216/1/2397 1215/1/2397
f 1199/1/2398 1200/1/2398 1216/1/2398
f 1200/1/2399 1201/1/2399 1216/1/2399
f 1200/1/2400 1185/1/2400 1201/1/2400
f 1201/1/2401 1218/1/2401 1217/1/2401
f 1201/1/2402 1202/1/2402 1218/1/2402
f 1202/1/2403 1219/1/2403 1218/1/2403
f 1202/1/2404 1203/1/2404 1219/1/2404
f 1203/1/2405 1220/1/2405 1219/1/2405
f 1203/1/2406 1204/1/2406 1220/1/2406
f 1204/1/2407 1221/1/2407 1220/1/2407
f 1204/1/2408 1205/1/2408 1221/1/2408
f 1205/1/2409 1222/1/2409 1221/1/2409
f 1205/1/2410 1206/1/2410 1222/1/2410
f 1206/1/2411 1223/1/2411 1222/1/2411
f 1206/1/2412 1207/1/2412 1223/1/2412
f 1207/1/2413 1224/1/2413 1223/1/2413
f 1207/1/2414 1208/1/2414 1224/1/2414
f 1208/1/2415 1225/1/2415 1224/1/2415
f 1208/1/2416 1209/1/2416 1225/1/2416
f 1209/1/2417 1226/1/2417 1225/1/2417
f 1209/1/2418 1210/1/2418 1226/1/2418
f 1210/1/2419 1227/1/2419 1226/1/2419
f 1210/1/2420 1211/1/2420 1227/1/2420
f 1211/1/2421 1228/1/2421 1227/1/2421
f 1211/1/2422 1212/1/2422 1228/1/2422
f 1212/1/2423 1229/1/2423 1228/1/2423
f 1212/1/2424 1213/1/2424 1229/1/2424
f 1213/1/2425 1230/1/2425 1229/1/2425
f 1213/1/2426 1214/1/2426 1230/1/2426
f 1214/1/2427 1231/1/2427 1230/1/2427
f 1214/1/2428 1215/1/2428 1231/1/2428
f 1215/1/2429 1232/1/2429 1231/1/2429
f 1215/1/2430 1216/1/2430 1232/1/2430
f 1216/1/2431 1217/1/2431 1232/1/2431
f 1216/1/2432 1201/1/2432 1217/1/2432
f 1217/1/2433 1234/1/2433 1233/1/2433
f 1217/1/2434 1218/1/2434 1234/1/2434
f 1218/1/2435 1235/1/2435 1234/1/2435
f 1218/1/2436 1219/1/2436 1235/1/2436
f 1219/1/2437 1236/1/2437 1235/1/2437
f 1219/1/2438 1220/1/2438 1236/1/2438
f 1220/1/2439 1237/1/2439 1236/1/2439
f 1220/1/2440 1221/1/2440 1237/1/2440
f 1221/1/2441 1238/1/2441 1237/1/2441
f 1221/1/2442 1222/1/2442 1238/1/2442
f 1222/1/2443 1239/1/2443 1238/1/2443
f 1222/1/2444 1223/1/2444 1239/1/2444
f 1223/1/2445 1240/1/2445 1239/1/2445
f 1223/1/2446 1224/1/2446 1240/1/2446
f 1224/1/2447 1241/1/2447 1240/1/2447
f 1224/1/2448 1225/1/2448 1241/1/2448
f 1225/1/2449 1242/1/2449 1241/1/2449
f 1225/1/2450 1226/1/2450 1242/1/2450
f 1226/1/2451 1243/1/2451 1242/1/2451
f 1226/1/2452 1227/1/2452 1243/1/2452
f 1227/1/2453 1244/1/2453 1243/1/2453
f 1227/1/2454 1228/1/2454 1244/1/2454
f 1228/1/2455 1245/1/2455 1244/1/2455
f 1228/1/2456 1229/1/2456 1245/1/2456
f 1229/1/2457 1246/1/2457 1245/1/2457
f 1229/1/2458 1230/1/2458 1246/1/2458
f 1230/1/2459 1247/1/2459 1246/1/2459
f 1230/1/2460 1231/1/2460 1247/1/2460
f 1231/1/2461 1248/1/2461 1247/1/2461
f 1231/1/2462 1232/1/2462 1248/1/2462
f 1232/1/2463 1233/1/2463 1248/1/2463
f 1232/1/2464 1217/1/2464 1233/1/2464
f 1233/1/2465 1250/1/2465 1249/1/2465
f 1233/1/2466 1234/1/2466 1250/1/2466
f 1234/1/2467 1251/1/2467 1250/1/2467
f 1234/1/2468 1235/1/2468 1251/1/2468
f 1235/1/2469 1252/1/2469 1251/1/2469
f 1235/1/2470 1236/1/2470 1252/1/2470
f 1236/1/2471 1253/1/2471 1252/1/2471
f 1236/1/2472 1237/1/2472 1253/1/2472
f 1237/1/2473 1254/1/2473 1253/1/2473
f 1237/1/2474 1238/1/2474 1254/1/2474
f 1238/1/2475 1255/1/2475 1254/1/2475
f 1238/1/2476 1239/1/2476 1255/1/2476
f 1239/1/2477 1256/1/2477 1255/1/2477
f 1239/1/2478 1240/1/2478 1256/1/2478
f 1240/1/2479 1257/1/2479 1256/1/2479
f 1240/1/2480 1241/1/2480 1257/1/2480
f 1241/1/2481 1258/1/2481 1257/1/2481
f 1241/1/2482 1242/1/2482 1258/1/2482
f 1242/1/2483 1259/1/2483 1258/1/2483
f 1242/1/2484 1243/1/2484 1259/1/2484
f 1243/1/2485 1260/1/2485 1259/1/2485
f 1243/1/2486 1244/1/2486 1260/1/2486
f 1244/1/2487 1261/1/2487 1260/1/2487
f 1244/1/2488 1245/1/2488 1261/1/2488
f 1245/1/2489 1262/1/2489 1261/1/2489
f 1245/1/2490 1246/1/2490 1262/1/2490
f 1246/1/2491 1263/1/2491 1262/1/2491
f 1246/1/2492 1247/1/2492 1263/1/2492
f 1247/1/2493 1264/1/2493 1263/1/2493
f 1247/1/2494 1248/1/2494 1264/1/2494
f 1248/1/2495 1249/1/2495 1264/1/2495
f 1248/1/2496 1233/1/2496 1249/1/2496
f 1249/1/2497 1266/1/2497 1265/1/2497
f 1249/1/2498 1250/1/2498 1266/1/2498
f 1250/1/2499 1267/1/2499 1266/1/2499
f 1250/1/2500 1251/1/2500 1267/1/2500
f 1251/1/2501 1268/1/2501 1267/1/2501
f 1251/1/2502 1252/1/2502 1268/1/2502
f 1252/1/2503 1269/1/2503 1268/1/2503
f 1252/1/2504 1253/1/2504 1269/1/2504
f 1253/1/2505 1270/1/2505 1269/1/2505
f 1253/1/2506 1254/1/2506 1270/1/2506
f 1254/1/2507 1271/1/2507 1270/1/2507
f 1254/1/2508 1255/1/2508 1271/1/2508
f 1255/1/2509 1272/1/2509 1271/1/2509
f 1255/1/2510 1256/1/2510 1272/1/2510
f 1256/1/2511 1273/1/2511 1272/1/2511
f 1256/1/2512 1257/1/2512 1273/1/2512
f 1257/1/2513 1274/1/2513 1273/1/2513
f 1257/1/2514 1258/1/2514 1274/1/2514
f 1258/1/2515 1275/1/2515 1274/1/2515
f 1258/1/2516 1259/1/2516 1275/1/2516
f 1259/1/2517 1276/1/2517 1275/1/2517
f 1259/1/2518 1260/1/2518 1276/1/2518
f 1260/1/2519 1277/1/2519 1276/1/2519
f 1260/1/2520 1261/1/2520 1277/1/2520
f 1261/1/2521 1278/1/2521 1277/1/2521
f 1261/1/2522 1262/1/2522 1278/1/2522
f 1262/1/2523 1279/1/2523 1278/1/2523
f 1262/1/2524 1263/1/2524 1279/1/2524
f 1263/1/2525 1280/1/2525 1279/1/2525
f 1263/1/2526 1264/1/2526 1280/1/2526
f 1264/1/2527 1265/1/2527 1280/1/2527
f 1264/1/2528 1249/1/2528 1265/1/2528
f 1265/1/2529 1282/1/2529 1281/1/2529
f 1265/1/2530 1266/1/2530 1282/1/2530
f 1266/1/2531 1283/1/2531 1282/1/2531
f 1266/1/2532 1267/1/2532 1283/1/2532
f 1267/1/2533 1284/1/2533 1283/1/2533
f 1267/1/2534 1268/1/2534 1284/1/2534
f 1268/1/2535 1285/1/2535 1284/1/2535
f 1268/1/2536 1269/1/2536 1285/1/2536
f 1269/1/2537 1286/1/2537 1285/1/2537
f 1269/1/2538 1270/1/2538 1286/1/2538
f 1270/1/2539 1287/1/2539 1286/1/2539
f 1270/1/2540 1271/1/2540 1287/1/2540
f 1271/1/2541 1288/1/2541 1287/1/2541
f 1271/1/2542 1272/1/2542 1288/1/2542
f 1272/1/2543 1289/1/2543 1288/1/2543
f 1272/1/2544 1273/1/2544 1289/1/2544
f 1273/1/2545 1290/1/2545 1289/1/2545
f 1273/1/2546 1274/1/2546 1290/1/2546
f 1274/1/2547 1291/1/2547 1290/1/2547
f 1274/1/2548 1275/1/2548 1291/1/2548
f 1275/1/2549 1292/1/2549 1291/1/2549
f 1275/1/2550 1276/1/2550 1292/1/2550
f 1276/1/2551 1293/1/2551 1292/1/2551
f 1276/1/2552 1277/1/2552 1293/1/2552
f 1277/1/2553 1294/1/2553 1293/1/2553
f 1277/1/2554 1278/1/2554 1294/1/2554
f 1278/1/2555 1295/1/2555 1294/1/2555
f 1278/1/2556 1279/1/2556 1295/1/2556
f 1279/1/2557 1296/1/2557 1295/1/2557
f 1279/1/2558 1280/1/2558 1296/1/2558
f 1280/1/2559 1281/1/2559 1296/1/2559
f 1280/1/2560 1265/1/2560 1281/1/2560
f 1281/1/2561 1298/1/2561 1297/1/2561
f 1281/1/2562 1282/1/2562 1298/1/2562
f 1282/1/2563 1299/1/2563 1298/1/2563
f 1282/1/2564 1283/1/2564 1299/1/2564
f 1283/1/2565 1300/1/2565 1299/1/2565
f 1283/1/2566 1284/1/2566 1300/1/2566
f 1284/1/2567 1301/1/2567 1300/1/2567
f 1284/1/2568 1285/1/2568 1301/1/2568
f 1285/1/2569 1302/1/2569 1301/1/2569
f 1285/1/2570 1286/1/2570 1302/1/2570
f 1286/1/2571 1303/1/2571 1302/1/2571
f 1286/1/2572 1287/1/2572 1303/1/2572
f 1287/1/2573 1304/1/2573 1303/1/2573
f 1287/1/2574 1288/1/2574 1304/1/2574
f 1288/1/2575 1305/1/2575 1304/1/2575
f 1288/1/2576 1289/1/2576 1305/1/2576
f 1289/1/2577 1306/1/2577 1305/1/2577
f 1289/1/2578 1290/1/2578 1306/1/2578
f 1290/1/2579 1307/1/2579 1306/1/2579
f 1290/1/2580 1291/1/2580 1307/1/2580
f 1291/1/2581 1308/1/2581 1307/1/2581
f 1291/1/2582 1292/1/2582 1308/1/2582
f 1292/1/2583 1309/1/2583 1308/1/2583
f 1292/1/2584 1293/1/2584 1309/1/2584
f 1293/1/2585 1310/1/2585 1309/1/2585
f 1293/1/2586 1294/1/2586 1310/1/2586
f 1294/1/2587 1311/1/2587 1310/1/2587
f 1294/1/2588 1295/1/2588 1311/1/2588
f 1295/1/2589 1312/1/2589 1311/1/2589
f 1295/1/2590 1296/1/2590 1312/1/2590
f 1296/1/2591 1297/1/2591 1312/1/2591
f 1296/1/2592 1281/1/2592 1297/1/2592
f 1297/1/2593 1314/1/2593 1313/1/2593
f 1297/1/2594 1298/1/2594 1314/1/2594
f 1298/1/2595 1315/1/2595 1314/1/2595
f 1298/1/2596 1299/1/2596 1315/1/2596
f 1299/1/2597 1316/1/2597 1315/1/2597
f 1299/1/2598 1300/1/2598 1316/1/2598
f 1300/1/2599 1317/1/2599 1316/1/2599
f 1300/1/2600 1301/1/2600 1317/1/2600
f 1301/1/2601 1318/1/2601 1317/1/2601
f 1301/1/2602 1302/1/2602 1318/1/2602
f 1302/1/2603 1319/1/2603 1318/1/2603
f 1302/1/2604 1303/1/2604 1319/1/2604
f 1303/1/2605 1320/1/2605 1319/1/2605
f 1303/1/2606 1304/1/2606 1320/1/2606
f 1304/1/2607 1321/1/2607 1320/1/2607
f 1304/1/2608 1305/1/2608 1321/1/2608
f 1305/1/2609 1322/1/2609 1321/1/2609
f 1305/1/2610 1306/1/2610 1322/1/2610
f 1306/1/2611 1323/1/2611 1322/1/2611
f 1306/1/2612 1307/1/2612 1323/1/2612
f 1307/1/2613 1324/1/2613 1323/1/2613
f 1307/1/2614 1308/1/2614 1324/1/2614
f 1308/1/2615 1325/1/2615 1324/1/2615
f 1308/1/2616 1309/1/2616 1325/1/2616
f 1309/1/2617 1326/1/2617 1325/1/2617
f 1309/1/2618 1310/1/2618 1326/1/2618
f 1310/1/2619 1327/1/2619 1326/1/2619
f 1310/1/2620 1311/1/2620 1327/1/2620
f 1311/1/2621 1328/1/2621 1327/1/2621
f 1311/1/2622 1312/1/2622 1328/1/2622
f 1312/1/2623 1313/1/2623 1328/1/2623
f 1312/1/2624 1297/1/2624 1313/1/2624
f 1313/1/2625 1330/1/2625 1329/1/2625
f 1313/1/2626 1314/1/2626 1330/1/2626
f 1314/1/2627 1331/1/2627 1330/1/2627
f 1314/1/2628 1315/1/2628 1331/1/2628
f 1315/1/2629 1332/1/2629 1331/1/2629
f 1315/1/2630 1316/1/2630 1332/1/2630
f 1316/1/2631 1333/1/2631 1332/1/2631
f 1316/1/2632 1317/1/2632 1333/1/2632
f 1317/1/2633 1334/1/2633 1333/1/2633
f 1317/1/2634 1318/1/2634 1334/1/2634
f 1318/1/2635 1335/1/2635 1334/1/2635
f 1318/1/2636 1319/1/2636 1335/1/2636
f 1319/1/2637 1336/1/2637 1335/1/2637
f 1319/1/2638 1320/1/2638 1336/1/2638
f 1320/1/2639 1337/1/2639 1336/1/2639
f 1320/1/2640 1321/1/2640 1337/1/2640
f 1321/1/2641 1338/1/2641 1337/1/2641
f 1321/1/2642 1322/1/2642 1338/1/2642
f 1322/1/2643 1339/1/2643 1338/1/2643
f 1322/1/2644 1323/1/2644 1339/1/2644
f 1323/1/2645 1340/1/2645 1339/1/2645
f 1323/1/2646 1324/1/2646 1340/1/2646
f 1324/1/2647 1341/1/2647 1340/1/2647
f 1324/1/2648 1325/1/2648 1341/1/2648
f 1325/1/2649 1342/1/2649 1341/1/2649
f 1325/1/2650 1326/1/2650 1342/1/2650
f 1326/1/2651 1343/1/2651 1342/1/2651
f 1326/1/2652 1327/1/2652 1343/1/2652
f 1327/1/2653 1344/1/2653 1343/1/2653
f 1327/1/2654 1328/1/2654 1344/1/2654
f 1328/1/2655 1329/1/2655 1344/1/2655
f 1328/1/2656 1313/1/2656 1329/1/2656
f 1329/1/2657 1346/1/2657 1345/1/2657
f 1329/1/2658 1330/1/2658 1346/1/2658
f 1330/1/2659 1347/1/2659 1346/1/2659
f 1330/1/2660 1331/1/2660 1347/1/2660
f 1331/1/2661 1348/1/2661 1347/1/2661
f 1331/1/2662 1332/1/2662 1348/1/2662
f 1332/1/2663 1349/1/2663 1348/1/2663
f 1332/1/2664 1333/1/2664 1349/1/2664
f 1333/1/2665 1350/1/2665 1349/1/2665
f 1333/1/2666 1334/1/2666 1350/1/2666
f 1334/1/2667 1351/1/2667 1350/1/2667
f 1334/1/2668 1335/1/2668 1351/1/2668
f 1335/1/2669 1352/1/2669 1351/1/2669
f 1335/1/2670 1336/1/2670 1352/1/2670
f 1336/1/2671 1353/1/2671 1352/1/2671
f 1336/1/2672 1337/1/2672 1353/1/2672
f 1337/1/2673 1354/1/2673 1353/1/2673
f 1337/1/2674 1338/1/2674 1354/1/2674
f 1338/1/2675 1355/1/2675 1354/1/2675
f 1338/1/2676 1339/1/2676 1355/1/2676
f 1339/1/2677 1356/1/2677 1355/1/2677
f 1339/1/2678 1340/1/2678 1356/1/2678
f 1340/1/2679 1357/1/2679 1356/1/2679
f 1340/1/2680 1341/1/2680 1357/1/2680
f 1341/1/2681 1358/1/2681 1357/1/2681
f 1341/1/2682 1342/1/2682 1358/1/2682
f 1342/1/2683 1359/1/2683 1358/1/2683
f 1342/1/2684 1343/1/2684 1359/1/2684
f 1343/1/2685 1360/1/2685 1359/1/2685
f 1343/1/2686 1344/1/2686 1360/1/2686
f 1344/1/2687 1345/1/2687 1360/1/2687
f 1344/1/2688 1329/1/2688 1345/1/2688
f 1345/1/2689 1362/1/2689 1361/1/2689
f 1345/1/2690 1346/1/2690 1362/1/2690
f 1346/1/2691 1363/1/2691 1362/1/2691
f 1346/1/2692 1347/1/2692 1363/1/2692
f 1347/1/2693 1364/1/2693 1363/1/2693
f 1347/1/2694 1348/1/2694 1364/1/2694
f 1348/1/2695 1365/1/2695 1364/1/2695
f 1348/1/2696 1349/1/2696 1365/1/2696
f 1349/1/2697 1366/1/2697 1365/1/2697
f 1349/1/2698 1350/1/2698 1366/1/2698
f 1350/1/2699 1367/1/2699 1366/1/2699
f 1350/1/2700 1351/1/2700 1367/1/2700
f 1351/1/2701 1368/1/2701 1367/1/2701
f 1351/1/2702 1352/1/2702 1368/1/2702
f 1352/1/2703 1369/1/2703 1368/1/2703
f 1352/1/2704 1353/1/2704 1369/1/2704
f 1353/1/2705 1370/1/2705 1369/1/2705
f 1353/1/2706 1354/1/2706 1370/1/2706
f 1354/1/2707 1371/1/2707 1370/1/2707
f 1354/1/2708 1355/1/2708 1371/1/2708
f 1355/1/2709 1372/1/2709 1371/1/2709
f 1355/1/2710 1356/1/2710 1372/1/2710
f 1356/1/2711 1373/1/2711 1372/1/2711
f 1356/1/2712 1357/1/2712 1373/1/2712
f 1357/1/2713 1374/1/2713 1373/1/2713
f 1357/1/2714 1358/1/2714 1374/1/2714
f 1358/1/2715 1375/1/2715 1374/1/2715
f 1358/1/2716 1359/1/2716 1375/1/2716
f 1359/1/2717 1376/1/2717 1375/1/2717
f 1359/1/2718 1360/1/2718 1376/1/2718
f 1360/1/2719 1361/1/2719 1376/1/2719
f 1360/1/2720 1345/1/2720 1361/1/2720
f 1361/1/2721 1378/1/2721 1377/1/2721
f 1361/1/2722 1362/1/2722 1378/1/2722
f 1362/1/2723 1379/1/2723 1378/1/2723
f 1362/1/2724 1363/1/2724 1379/1/2724
f 1363/1/2725 1380/1/2725 1379/1/2725
f 1363/1/2726 1364/1/2726 1380/1/2726
f 1364/1/2727 1381/1/2727 1380/1/2727
f 1364/1/2728 1365/1/2728 1381/1/2728
f 1365/1/2729 1382/1/2729 1381/1/2729
f 1365/1/2730 1366/1/2730 1382/1/2730
f 1366/1/2731 1383/1/2731 1382/1/2731
f 1366/1/2732 1367/1/2732 1383/1/2732
f 1367/1/2733 1384/1/2733 1383/1/2733
f 1367/1/2734 1368/1/2734 1384/1/2734
f 1368/1/2735 1385/1/2735 1384/1/2735
f 1368/1/2736 1369/1/2736 1385/1/2736
f 1369/1/2737 1386/1/2737 1385/1/2737
f 1369/1/2738 1370/1/2738 1386/1/2738
f 1370/1/2739 1387/1/2739 1386/1/2739
f 1370/1/2740 1371/1/2740 1387/1/2740
f 1371/1/2741 1388/1/2741 1387/1/2741
f 1371/1/2742 1372/1/2742 1388/1/2742
f 1372/1/2743 1389/1/2743 1388/1/2743
f 1372/1/2744 1373/1/2744 1389/1/2744
f 1373/1/2745 1390/1/2745 1389/1/2745
f 1373/1/2746 1374/1/2746 1390/1/2746
f 1374/1/2747 1391/1/2747 1390/1/2747
f 1374/1/2748 1375/1/2748 1391/1/2748
f 1375/1/2749 1392/1/2749 1391/1/2749
f 1375/1/2750 1376/1/2750 1392/1/2750
f 1376/1/2751 1377/1/2751 1392/1/2751
f 1376/1/2752 1361/1/2752 1377/1/2752
f 1377/1/2753 1394/1/2753 1393/1/2753
f 1377/1/2754 1378/1/2754 1394/1/2754
f 1378/1/2755 1395/1/2755 1394/1/2755
f 1378/1/2756 1379/1/2756 1395/1/2756
f 1379/1/2757 1396/1/2757 1395/1/2757
f 1379/1/2758 1380/1/2758 1396/1/2758
f 1380/1/2759 1397/1/2759 1396/1/2759
f 1380/1/2760 1381/1/2760 1397/1/2760
f 1381/1/2761 1398/1/2761 1397/1/2761
f 1381/1/2762 1382/1/2762 1398/1/2762
f 1382/1/2763 1399/1/2763 1398/1/2763
f 1382/1/2764 1383/1/2764 1399/1/2764
f 1383/1/2765 1400/1/2765 1399/1/2765
f 1383/1/2766 1384/1/2766 1400/1/2766
f 1384/1/2767 1401/1/2767 1400/1/2767
f 1384/1/2768 1385/1/2768 1401/1/2768
f 1385/1/2769 1402/1/2769 1401/1/2769
f 1385/1/2770 1386/1/2770 1402/1/2770
f 1386/1/2771 1403/1/2771 1402/1/2771
f 1386/1/2772 1387/1/2772 1403/1/2772
f 1387/1/2773 1404/1/2773 1403/1/2773
f 1387/1/2774 1388/1/2774 1404/1/2774
f 1388/1/2775 1405/1/2775 1404/1/2775
f 1388/1/2776 1389/1/2776 1405/1/2776
f 1389/1/2777 1406/1/2777 1405/1/2777
f 1389/1/2778 1390/1/2778 1406/1/2778
f 1390/1/2779 1407/1/2779 1406/1/2779
f 1390/1/2780 1391/1/2780 1407/1/2780
f 1391/1/2781 1408/1/2781 1407/1/2781
f 1391/1/2782 1392/1/2782 1408/1/2782
f 1392/1/2783 1393/1/2783 1408/1/2783
f 1392/1/2784 1377/1/2784 1393/1/2784
f 1393/1/2785 1410/1/2785 1409/1/2785
f 1393/1/2786 1394/1/2786 1410/1/2786
f 1394/1/2787 1411/1/2787 1410/1/2787
f 1394/1/2788 1395/1/2788 1411/1/2788
f 1395/1/2789 1412/1/2789 1411/1/2789
f 1395/1/2790 1396/1/2790 1412/1/2790
f 1396/1/2791 1413/1/2791 1412/1/2791
f 1396/1/2792 1397/1/2792 1413/1/2792
f 1397/1/2793 1414/1/2793 1413/1/2793
f 1397/1/2794 1398/1/2794 1414/1/2794
f 1398/1/2795 1415/1/2795 1414/1/2795
f 1398/1/2796 1399/1/2796 1415/1/2796
f 1399/1/2797 1416/1/2797 1415/1/2797
f 1399/1/2798 1400/1/2798 1416/1/2798
f 1400/1/2799 1417/1/2799 1416/1/2799
f 1400/1/2800 1401/1/2800 1417/1/2800
f 1401/1/2801 1418/1/2801 1417/1/2801
f 1401/1/2802 1402/1/2802 1418/1/2802
f 1402/1/2803 1419/1/2803 1418/1/2803
f 1402/1/2804 1403/1/2804 1419/1/2804
f 1403/1/2805 1420/1/2805 1419/1/2805
f 1403/1/2806 1404/1/2806 1420/1/2806
f 1404/1/2807 1421/1/2807 1420/1/2807
f 1404/1/2808 1405/1/2808 1421/1/2808
f 1405/1/2809 1422/1/2809 1421/1/2809
f 1405/1/2810 1406/1/2810 1422/1/2810
f 1406/1/2811 1423/1/2811 1422/1/2811
f 1406/1/2812 1407/1/2812 1423/1/2812
f 1407/1/2813 1424/1/2813 1423/1/2813
f 1407/1/2814 1408/1/2814 1424/1/2814
f 1408/1/2815 1409/1/2815 1424/1/2815
f 1408/1/2816 1393/1/2816 1409/1/2816
f 1409/1/2817 1426/1/2817 1425/1/2817
f 1409/1/2818 1410/1/2818 1426/1/2818
f 1410/1/2819 1427/1/2819 1426/1/2819
f 1410/1/2820 1411/1/2820 1427/1/2820
f 1411/1/2821 1428/1/2821 1427/1/2821
f 1411/1/2822 1412/1/2822 1428/1/2822
f 1412/1/2823 1429/1/2823 1428/1/2823
f 1412/1/2824 1413/1/2824 1429/1/2824
f 1413/1/2825 1430/1/2825 1429/1/2825
f 1413/1/2826 1414/1/2826 1430/1/2826
f 1414/1/2827 1431/1/2827 1430/1/2827
f 1414/1/2828 1415/1/2828 1431/1/2828
f 1415/1/2829 1432/1/2829 1431/1/2829
f 1415/1/2830 1416/1/2830 1432/1/2830
f 1416/1/2831 1433/1/2831 1432/1/2831
f 1416/1/2832 1417/1/2832 1433/1/2832
f 1417/1/2833 1434/1/2833 1433/1/2833
f 1417/1/2834 1418/1/2834 1434/1/2834
f 1418/1/2835 1435/1/2835 1434/1/2835
f 1418/1/2836 1419/1/2836 1435/1/2836
f 1419/1/2837 1436/1/2837 1435/1/2837
f 1419/1/2838 1420/1/2838 1436/1/2838
f 1420/1/2839 1437/1/2839 1436/1/2839
f 1420/1/2840 1421/1/2840 1437/1/2840
f 1421/1/2841 1438/1/2841 1437/1/2841
f 1421/1/2842 1422/1/2842 1438/1/2842
f 1422/1/2843 1439/1/2843 1438/1/2843
f 1422/1/2844 1423/1/2844 1439/1/2844
f 1423/1/2845 1440/1/2845 1439/1/2845
f 1423/1/2846 1424/1/2846 1440/1/2846
f 1424/1/2847 1425/1/2847 1440/1/2847
f 1424/1/2848 1409/1/2848 1425/1/2848
f 1425/1/2849 1442/1/2849 1441/1/2849
f 1425/1/2850 1426/1/2850 1442/1/2850
f 1426/1/2851 1443/1/2851 1442/1/2851
f 1426/1/2852 1427/1/2852 1443/1/2852
f 1427/1/2853 1444/1/2853 1443/1/2853
f 1427/1/2854 1428/1/2854 1444/1/2854
f 1428/1/2855 1445/1/2855 1444/1/2855
f 1428/1/2856 1429/1/2856 1445/1/2856
f 1429/1/2857 1446/1/2857 1445/1/2857
f 1429/1/2858 1430/1/2858 1446/1/2858
f 1430/1/2859 1447/1/2859 1446/1/2859
f 1430/1/2860 1431/1/2860 1447/1/2860
f 1431/1/2861 1448/1/2861 1447/1/2861
f 1431/1/2862 1432/1/2862 1448/1/2862
f 1432/1/2863 1448/1/2863 1449/1/2863
f 1432/1/2864 1449/1/2864 1433/1/2864
f 1433/1/2865 1449/1/2865 1450/1/2865
f 1433/1/2866 1450/1/2866 1434/1/2866
f 1434/1/2867 1450/1/2867 1451/1/2867
f 1434/1/2868 1435/1/2868 1451/1/2868
f 1435/1/2869 1452/1/2869 1451/1/2869
f 1435/1/2870 1436/1/2870 1452/1/2870
f 1436/1/2871 1453/1/2871 1452/1/2871
f 1436/1/2872 1437/1/2872 1453/1/2872
f 1437/1/2873 1454/1/2873 1453/1/2873
f 1437/1/2874 1438/1/2874 1454/1/2874
f 1438/1/2875 1455/1/2875 1454/1/2875
f 1438/1/2876 1439/1/2876 1455/1/2876
f 1439/1/2877 1456/1/2877 1455/1/2877
f 1439/1/2878 1440/1/2878 1456/1/2878
f 1440/1/2879 1441/1/2879 1456/1/2879
f 1440/1/2880 1425/1/2880 1441/1/2880
f 1441/1/2881 1458/1/2881 1457/1/2881
f 1441/1/2882 1442/1/2882 1458/1/2882
f 1442/1/2883 1459/1/2883 1458/1/2883
f 1442/1/2884 1443/1/2884 1459/1/2884
f 1443/1/2885 1460/1/2885 1459/1/2885
f 1443/1/2886 1444/1/2886 1460/1/2886
f 1444/1/2887 1461/1/2887 1460/1/2887
f 1444/1/2888 1445/1/2888 1461/1/2888
f 1445/1/2889 1462/1/2889 1461/1/2889
f 1445/1/2890 1446/1/2890 1462/1/2890
f 1446/1/2891 1463/1/2891 1462/1/2891
f 1446/1/2892 1447/1/2892 1463/1/2892
f 1447/1/2893 1464/1/2893 1463/1/2893
f 1447/1/2894 1448/1/2894 1464/1/2894
f 1448/1/2895 1465/1/2895 1464/1/2895
f 1448/1/2896 1449/1/2896 1465/1/2896
f 1449/1/2897 1466/1/2897 1465/1/2897
f 1449/1/2898 1450/1/2898 1466/1/2898
f 1450/1/2899 1467/1/2899 1466/1/2899
f 1450/1/2900 1451/1/2900 1467/1/2900
f 1451/1/2901 1468/1/2901 1467/1/2901
f 1451/1/2902 1452/1/2902 1468/1/2902
f 1452/1/2903 1469/1/2903 1468/1/2903
f 1452/1/2904 1453/1/2904 1469/1/2904
f 1453/1/2905 1470/1/2905 1469/1/2905
f 1453/1/2906 1454/1/2906 1470/1/2906
f 1454/1/2907 1471/1/2907 1470/1/2907
f 1454/1/2908 1455/1/2908 1471/1/2908
f 1455/1/2909 1472/1/2909 1471/1/2909
f 1455/1/2910 1456/1/2910 1472/1/2910
f 1456/1/2911 1457/1/2911 1472/1/2911
f 1456/1/2912 1441/1/2912 1457/1/2912
f 1457/1/2913 1474/1/2913 1473/1/2913
f 1457/1/2914 1458/1/2914 1474/1/2914
f 1458/1/2915 1475/1/2915 1474/1/2915
f 1458/1/2916 1459/1/2916 1475/1/2916
f 1459/1/2917 1476/1/2917 1475/1/2917
f 1459/1/2918 1460/1/2918 1476/1/2918
f 1460/1/2919 1477/1/2919 1476/1/2919
f 1460/1/2920 1461/1/2920 1477/1/2920
f 1461/1/2921 1478/1/2921 1477/1/2921
f 1461/1/2922 1462/1/2922 1478/1/2922
f 1462/1/2923 1479/1/2923 1478/1/2923
f 1462/1/2924 1463/1/2924 1479/1/2924
f 1463/1/2925 1480/1/2925 1479/1/2925
f 1463/1/2926 1464/1/2926 1480/1/2926
f 1464/1/2927 1481/1/2927 1480/1/2927
f 1464/1/2928 1465/1/2928 1481/1/2928
f 1465/1/2929 1482/1/2929 1481/1/2929
f 1465/1/2930 1466/1/2930 1482/1/2930
f 1466/1/2931 1483/1/2931 1482/1/2931
f 1466/1/2932 1467/1/2932 1483/1/2932
f 1467/1/2933 1484/1/2933 1483/1/2933
f 1467/1/2934 1468/1/2934 1484/1/2934
f 1468/1/2935 1485/1/2935 1484/1/2935
f 1468/1/2936 1469/1/2936 1485/1/2936
f 1469/1/2937 1486/1/2937 1485/1/2937
f 1469/1/2938 1470/1/2938 1486/1/2938
f 1470/1/2939 1487/1/2939 1486/1/2939
f 1470/1/2940 1471/1/2940 1487/1/2940
f 1471/1/2941 1488/1/2941 1487/1/2941
f 1471/1/2942 1472/1/2942 1488/1/2942
f 1472/1/2943 1473/1/2943 1488/1/2943
f 1472/1/2944 1457/1/2944 1473/1/2944
f 1473/1/2945 1490/1/2945 1489/1/2945
f 1473/1/2946 1474/1/2946 1490/1/2946
f 1474/1/2947 1491/1/2947 1490/1/2947
f 1474/1/2948 1475/1/2948 1491/1/2948
f 1475/1/2949 1492/1/2949 1491/1/2949
f 1475/1/2950 1476/1/2950 1492/1/2950
f 1476/1/2951 1493/1/2951 1492/1/2951
f 1476/1/2952 1477/1/2952 1493/1/2952
f 1477/1/2953 1494/1/2953 1493/1/2953
f 1477/1/2954 1478/1/2954 1494/1/2954
f 1478/1/2955 1495/1/2955 1494/1/2955
f 1478/1/2956 1479/1/2956 1495/1/2956
f 1479/1/2957 1496/1/2957 1495/1/2957
f 1479/1/2958 1480/1/2958 1496/1/2958
f 1480/1/2959 1497/1/2959 1496/1/2959
f 1480/1/2960 1481/1/2960 1497/1/2960
f 1481/1/2961 1498/1/2961 1497/1/2961
f 1481/1/2962 1482/1/2962 1498/1/2962
f 1482/1/2963 1499/1/2963 1498/1/2963
f 1482/1/2964 1483/1/2964 1499/1/2964
f 1483/1/2965 1500/1/2965 1499/1/2965
f 1483/1/2966 1484/1/2966 1500/1/2966
f 1484/1/2967 1501/1/2967 1500/1/2967
f 1484/1/2968 1485/1/2968 1501/1/2968
f 1485/1/2969 1502/1/2969 1501/1/2969
f 1485/1/2970 1486/1/2970 1502/1/2970
f 1486/1/2971 1503/1/2971 1502/1/2971
f 1486/1/2972 1487/1/2972 1503/1/2972
f 1487/1/2973 1504/1/2973 1503/1/2973
f 1487/1/2974 1488/1/2974 1504/1/2974
f 1488/1/2975 1489/1/2975 1504/1/2975
f 1488/1/2976 1473/1/2976 1489/1/2976
f 1489/1/2977 1506/1/2977 1505/1/2977
f 1489/1/2978 1490/1/2978 1506/1/2978
f 1490/1/2979 1507/1/2979 1506/1/2979
f 1490/1/2980 1491/1/2980 1507/1/2980
f 1491/1/2981 1508/1/2981 1507/1/2981
f 1491/1/2982 1492/1/2982 1508/1/2982
f 1492/1/2983 1509/1/2983 1508/1/2983
f 1492/1/2984 1493/1/2984 1509/1/2984
f 1493/1/2985 1510/1/2985 1509/1/2985
f 1493/1/2986 1494/1/2986 1510/1/2986
f 1494/1/2987 1511/1/2987 1510/1/2987
f 1494/1/2988 1495/1/2988 1511/1/2988
f 1495/1/2989 1512/1/2989 1511/1/2989
f 1495/1/2990 1496/1/2990 1512/1/2990
f 1496/1/2991 1513/1/2991 1512/1/2991
f 1496/1/2992 1497/1/2992 1513/1/2992
f 1497/1/2993 1514/1/2993 1513/1/2993
f 1497/1/2994 1498/1/2994 1514/1/2994
f 1498/1/2995 1515/1/2995 1514/1/2995
f 1498/1/2996 1499/1/2996 1515/1/2996
f 1499/1/2997 1516/1/2997 1515/1/2997
f 1499/1/2998 1500/1/2998 1516/1/2998
f 1500/1/2999 1517/1/2999 1516/1/2999
f 1500/1/3000 1501/1/3000 1517/1/3000
f 1501/1/3001 1518/1/3001 1517/1/3001
f 1501/1/3002 1502/1/3002 1518/1/3002
f 1502/1/3003 1519/1/3003 1518/1/3003
f 1502/1/3004 1503/1/3004 1519/1/3004
f 1503/1/3005 1520/1/3005 1519/1/3005
f 1503/1/3006 1504/1/3006 1520/1/3006
f 1504/1/3007 1505/1/3007 1520/1/3007
f 1504/1/3008 1489/1/3008 1505/1/3008
f 1505/1/3009 1522/1/3009 1521/1/3009
f 1505/1/3010 1506/1/3010 1522/1/3010
f 1506/1/3011 1523/1/3011 1522/1/3011
f 1506/1/3012 1507/1/3012 1523/1/3012
f 1507/1/3013 1524/1/3013 1523/1/3013
f 1507/1/3014 1508/1/3014 1524/1/3014
f 1508/1/3015 1525/1/3015 1524/1/3015
f 1508/1/3016 1509/1/3016 1525/1/3016
f 1509/1/3017 1526/1/3017 1525/1/3017
f 1509/1/3018 1510/1/3018 1526/1/3018
f 1510/1/3019 1527/1/3019 1526/1/3019
f 1510/1/3020 1511/1/3020 1527/1/3020
f 1511/1/3021 1528/1/3021 1527/1/3021
f 1511/1/3022 1512/1/3022 1528/1/3022
f 1512/1/3023 1529/1/3023 1528/1/3023
f 1512/1/3024 1513/1/3024 1529/1/3024
f 1513/1/3025 1530/1/3025 1529/1/3025
f 1513/1/3026 1514/1/3026 1530/1/3026
f 1514/1/3027 1531/1/3027 1530/1/3027
f 1514/1/3028 1515/1/3028 1531/1/3028
f 1515/1/3029 1532/1/3029 1531/1/3029
f 1515/1/3030 1516/1/3030 1532/1/3030
f 1516/1/3031 1533/1/3031 1532/1/3031
f 1516/1/3032 1517/1/3032 1533/1/3032
f 1517/1/3033 1534/1/3033 1533/1/3033
f 1517/1/3034 1518/1/3034 1534/1/3034
f 1518/1/3035 1535/1/3035 1534/1/3035
f 1518/1/3036 1519/1/3036 1535/1/3036
f 1519/1/3037 1536/1/3037 1535/1/3037
f 1519/1/3038 1520/1/3038 1536/1/3038
f 1520/1/3039 1521/1/3039 1536/1/3039
f 1520/1/3040 1505/1/3040 1521/1/3040
f 1521/1/3041 1538/1/3041 1537/1/3041
f 1521/1/3042 1522/1/3042 1538/1/3042
f 1522/1/3043 1539/1/3043 1538/1/3043
f 1522/1/3044 1523/1/3044 1539/1/3044
f 1523/1/3045 1540/1/3045 1539/1/3045
f 1523/1/3046 1524/1/3046 1540/1/3046
f 1524/1/3047 1541/1/3047 1540/1/3047
f 1524/1/3048 1525/1/3048 1541/1/3048
f 1525/1/3049 1542/1/3049 1541/1/3049
f 1525/1/3050 1526/1/3050 1542/1/3050
f 1526/1/3051 1543/1/3051 1542/1/3051
f 1526/1/3052 1527/1/3052 1543/1/3052
f 1527/1/3053 1544/1/3053 1543/1/3053
f 1527/1/3054 1528/1/3054 1544/1/3054
f 1528/1/3055 1545/1/3055 1544/1/3055
f 1528/1/3056 1529/1/3056 1545/1/3056
f 1529/1/3057 1546/1/3057 1545/1/3057
f 1529/1/3058 1530/1/3058 1546/1/3058
f 1530/1/3059 1547/1/3059 1546/1/3059
f 1530/1/3060 1531/1/3060 1547/1/3060
f 1531/1/3061 1548/1/3061 1547/1/3061
f 1531/1/3062 1532/1/3062 1548/1/3062
f 1532/1/3063 1549/1/3063 1548/1/3063
f 1532/1/3064 1533/1/3064 1549/1/3064
f 1533/1/3065 1550/1/3065 1549/1/3065
f 1533/1/3066 1534/1/3066 1550/1/3066
f 1534/1/3067 1551/1/3067 1550/1/3067
f 1534/1/3068 1535/1/3068 1551/1/3068
f 1535/1/3069 1552/1/3069 1551/1/3069
f 1535/1/3070 1536/1/3070 1552/1/3070
f 1536/1/3071 1537/1/3071 1552/1/3071
f 1536/1/3072 1521/1/3072 1537/1/3072
f 1537/1/3073 1554/1/3073 1553/1/3073
f 1537/1/3074 1538/1/3074 1554/1/3074
f 1538/1/3075 1555/1/3075 1554/1/3075
f 1538/1/3076 1539/1/3076 1555/1/3076
f 1539/1/3077 1556/1/3077 1555/1/3077
f 1539/1/3078 1540/1/3078 1556/1/3078
f 1540/1/3079 1557/1/3079 1556/1/3079
f 1540/1/3080 1541/1/3080 1557/1/3080
f 1541/1/3081 1558/1/3081 1557/1/3081
f 1541/1/3082 1542/1/3082 1558/1/3082
f 1542/1/3083 1559/1/3083 1558/1/3083
f 1542/1/3084 1543/1/3084 1559/1/3084
f 1543/1/3085 1560/1/3085 1559/1/3085
f 1543/1/3086 1544/1/3086 1560/1/3086
f 1544/1/3087 1561/1/3087 1560/1/3087
f 1544/1/3088 1545/1/3088 1561/1/3088
f 1545/1/3089 1562/1/3089 1561/1/3089
f 1545/1/3090 1546/1/3090 1562/1/3090
f 1546/1/3091 1563/1/3091 1562/1/3091
f 1546/1/3092 1547/1/3092 1563/1/3092
f 1547/1/3093 1564/1/3093 1563/1/3093
f 1547/1/3094 1548/1/3094 1564/1/3094
f 1548/1/3095 1565/1/3095 1564/1/3095
f 1548/1/3096 1549/1/3096 1565/1/3096
f 1549/1/3097 1566/1/3097 1565/1/3097
f 1549/1/3098 1550/1/3098 1566/1/3098
f 1550/1/3099 1567/1/3099 1566/1/3099
f 1550/1/3100 1551/1/3100 1567/1/3100
f 1551/1/3101 1568/1/3101 1567/1/3101
f 1551/1/3102 1552/1/3102 1568/1/3102
f 1552/1/3103 1553/1/3103 1568/1/3103
f 1552/1/3104 1537/1/3104 1553/1/3104
f 1553/1/3105 1570/1/3105 1569/1/3105
f 1553/1/3106 1554/1/3106 1570/1/3106
f 1554/1/3107 1571/1/3107 1570/1/3107
f 1554/1/3108 1555/1/3108 1571/1/3108
f 1555/1/3109 1572/1/3109 1571/1/3109
f 1555/1/3110 1556/1/3110 1572/1/3110
f 1556/1/3111 1573/1/3111 1572/1/3111
f 1556/1/3112 1557/1/3112 1573/1/3112
f 1557/1/3113 1574/1/3113 1573/1/3113
f 1557/1/3114 1558/1/3114 1574/1/3114
f 1558/1/3115 1575/1/3115 1574/1/3115
f 1558/1/3116 1559/1/3116 1575/1/3116
f 1559/1/3117 1576/1/3117 1575/1/3117
f 1559/1/3118 1560/1/3118 1576/1/3118
f 1560/1/3119 1577/1/3119 1576/1/3119
f 1560/1/3120 1561/1/3120 1577/1/3120
f 1561/1/3121 1578/1/3121 1577/1/3121
f 1561/1/3122 1562/1/3122 1578/1/3122
f 1562/1/3123 1579/1/3123 1578/1/3123
f 1562/1/3124 1563/1/3124 1579/1/3124
f 1563/1/3125 1580/1/3125 1579/1/3125
f 1563/1/3126 1564/1/3126 1580/1/3126
f 1564/1/3127 1581/1/3127 1580/1/3127
f 1564/1/3128 1565/1/3128 1581/1/3128
f 1565/1/3129 1582/1/3129 1581/1/3129
f 1565/1/3130 1566/1/3130 1582/1/3130
f 1566/1/3131 1583/1/3131 1582/1/3131
f 1566/1/3132 1567/1/3132 1583/1/3132
f 1567/1/3133 1584/1/3133 1583/1/3133
f 1567/1/3134 1568/1/3134 1584/1/3134
f 1568/1/3135 1569/1/3135 1584/1/3135
f 1568/1/3136 1553/1/3136 1569/1/3136
f 1569/1/3137 1586/1/3137 1585/1/3137
f 1569/1/3138 1570/1/3138 1586/1/3138
f 1570/1/3139 1587/1/3139 1586/1/3139
f 1570/1/3140 1571/1/3140 1587/1/3140
f 1571/1/3141 1588/1/3141 1587/1/3141
f 1571/1/3142 1572/1/3142 1588/1/3142
f 1572/1/3143 1589/1/3143 1588/1/3143
f 1572/1/3144 1573/1/3144 1589/1/3144
f 1573/1/3145 1590/1/3145 1589/1/3145
f 1573/1/3146 1574/1/3146 1590/1/3146
f 1574/1/3147 1591/1/3147 1590/1/3147
f 1574/1/3148 1575/1/3148 1591/1/3148
f 1575/1/3149 1592/1/3149 1591/1/3149
f 1575/1/3150 1576/1/3150 1592/1/3150
f 1576/1/3151 1593/1/3151 1592/1/3151
f 1576/1/3152 1577/1/3152 1593/1/3152
f 1577/1/3153 1594/1/3153 1593/1/3153
f 1577/1/3154 1578/1/3154 1594/1/3154
f 1578/1/3155 1595/1/3155 1594/1/3155
f 1578/1/3156 1579/1/3156 1595/1/3156
f 1579/1/3157 1596/1/3157 1595/1/3157
f 1579/1/3158 1580/1/3158 1596/1/3158
f 1580/1/3159 1597/1/3159 1596/1/3159
f 1580/1/3160 1581/1/3160 1597/1/3160
f 1581/1/3161 1598/1/3161 1597/1/3161
f 1581/1/3162 1582/1/3162 1598/1/3162
f 1582/1/3163 1599/1/3163 1598/1/3163
f 1582/1/3164 1583/1/3164 1599/1/3164
f 1583/1/3165 1600/1/3165 1599/1/3165
f 1583/1/3166 1584/1/3166 1600/1/3166
f 1584/1/3167 1585/1/3167 1600/1/3167
f 1584/1/3168 1569/1/3168 1585/1/3168
f 1585/1/3169 1602/1/3169 1601/1/3169
f 1585/1/3170 1586/1/3170 1602/1/3170
f 1586/1/3171 1603/1/3171 1602/1/3171
f 1586/1/3172 1587/1/3172 1603/1/3172
f 1587/1/3173 1604/1/3173 1603/1/3173
f 1587/1/3174 1588/1/3174 1604/1/3174
f 1588/1/3175 1605/1/3175 1604/1/3175
f 1588/1/3176 1589/1/3176 1605/1/3176
f 1589/1/3177 1606/1/3177 1605/1/3177
f 1589/1/3178 1590/1/3178 1606/1/3178
f 1590/1/3179 1607/1/3179 1606/1/3179
f 1590/1/3180 1591/1/3180 1607/1/3180
f 1591/1/3181 1608/1/3181 1607/1/3181
f 1591/1/3182 1592/1/3182 1608/1/3182
f 1592/1/3183 1609/1/3183 1608/1/3183
f 1592/1/3184 1593/1/3184 1609/1/3184
f 1593/1/3185 1610/1/3185 1609/1/3185
f 1593/1/3186 1594/1/3186 1610/1/3186
f 1594/1/3187 1611/1/3187 1610/1/3187
f 1594/1/3188 1595/1/3188 1611/1/3188
f 1595/1/3189 1612/1/3189 1611/1/3189
f 1595/1/3190 1596/1/3190 1612/1/3190
f 1596/1/3191 1613/1/3191 1612/1/3191
f 1596/1/3192 1597/1/3192 1613/1/3192
f 1597/1/3193 1614/1/3193 1613/1/3193
f 1597/1/3194 1598/1/3194 1614/1/3194
f 1598/1/3195 1615/1/3195 1614/1/3195
f 1598/1/3196 1599/1/3196 1615/1/3196
f 1599/1/3197 1616/1/3197 1615/1/3197
f 1599/1/3198 1600/1/3198 1616/1/3198
f 1600/1/3199 1601/1/3199 1616/1/3199
f 1600/1/3200 1585/1/3200 1601/1/3200
f 1601/1/3201 1618/1/3201 1617/1/3201
f 1601/1/3202 1602/1/3202 1618/1/3202
f 1602/1/3203 1619/1/3203 1618/1/3203
f 1602/1/3204 1603/1/3204 1619/1/3204
f 1603/1/3205 1620/1/3205 1619/1/3205
f 1603/1/3206 1604/1/3206 1620/1/3206
f 1604/1/3207 1621/1/3207 1620/1/3207
f 1604/1/3208 1605/1/3208 1621/1/3208
f 1605/1/3209 1622/1/3209 1621/1/3209
f 1605/1/3210 1606/1/3210 1622/1/3210
f 1606/1/3211 1623/1/3211 1622/1/3211
f 1606/1/3212 1607/1/3212 1623/1/3212
f 1607/1/3213 1624/1/3213 1623/1/3213
f 1607/1/3214 1608/1/3214 1624/1/3214
f 1608/1/3215 1625/1/3215 1624/1/3215
f 1608/1/3216 1609/1/3216 1625/1/3216
f 1609/1/3217 1626/1/3217 1625/1/3217
f 1609/1/3218 1610/1/3218 1626/1/3218
f 1610/1/3219 1627/1/3219 1626/1/3219
f 1610/1/3220 1611/1/3220 1627/1/3220
f 1611/1/3221 1628/1/3221 1627/1/3221
f 1611/1/3222 1612/1/3222 1628/1/3222
f 1612/1/3223 1629/1/3223 1628/1/3223
f 1612/1/3224 1613/1/3224 1629/1/3224
f 1613/1/3225 1630/1/3225 1629/1/3225
f 1613/1/3226 1614/1/3226 1630/1/3226
f 1614/1/3227 1631/1/3227 1630/1/3227
f 1614/1/3228 1615/1/3228 1631/1/3228
f 1615/1/3229 1632/1/3229 1631/1/3229
f 1615/1/3230 1616/1/3230 1632/1/3230
f 1616/1/3231 1617/1/3231 1632/1/3231
f 1616/1/3232 1601/1/3232 1617/1/3232
f 1617/1/3233 1634/1/3233 1633/1/3233
f 1617/1/3234 1618/1/3234 1634/1/3234
f 1618/1/3235 1635/1/3235 1634/1/3235
f 1618/1/3236 1619/1/3236 1635/1/3236
f 1619/1/3237 1636/1/3237 1635/1/3237
f 1619/1/3238 1620/1/3238 1636/1/3238
f 1620/1/3239 1637/1/3239 1636/1/3239
f 1620/1/3240 1621/1/3240 1637/1/3240
f 1621/1/3241 1638/1/3241 1637/1/3241
f 1621/1/3242 1622/1/3242 1638/1/3242
f 1622/1/3243 1639/1/3243 1638/1/3243
f 1622/1/3244 1623/1/3244 1639/1/3244
f 1623/1/3245 1640/1/3245 1639/1/3245
f 1623/1/3246 1624/1/3246 1640/1/3246
f 1624/1/3247 1641/1/3247 1640/1/3247
f 1624/1/3248 1625/1/3248 1641/1/3248
f 1625/1/3249 1642/1/3249 1641/1/3249
f 1625/1/3250 1626/1/3250 1642/1/3250
f 1626/1/3251 1643/1/3251 1642/1/3251
f 1626/1/3252 1627/1/3252 1643/1/3252
f 1627/1/3253 1644/1/3253 1643/1/3253
f 1627/1/3254 1628/1/3254 1644/1/3254
f 1628/1/3255 1645/1/3255 1644/1/3255
f 1628/1/3256 1629/1/3256 1645/1/3256
f 1629/1/3257 1646/1/3257 1645/1/3257
f 1629/1/3258 1630/1/3258 1646/1/3258
f 1630/1/3259 1647/1/3259 1646/1/3259
f 1630/1/3260 1631/1/3260 1647/1/3260
f 1631/1/3261 1648/1/3261 1647/1/3261
f 1631/1/3262 1632/1/3262 1648/1/3262
f 1632/1/3263 1633/1/3263 1648/1/3263
f 1632/1/3264 1617/1/3264 1633/1/3264
f 1633/1/3265 1650/1/3265 1649/1/3265
f 1633/1/3266 1634/1/3266 1650/1/3266
f 1634/1/3267 1651/1/3267 1650/1/3267
f 1634/1/3268 1635/1/3268 1651/1/3268
f 1635/1/3269 1652/1/3269 1651/1/3269
f 1635/1/3270 1636/1/3270 1652/1/3270
f 1636/1/3271 1653/1/3271 1652/1/3271
f 1636/1/3272 1637/1/3272 1653/1/3272
f 1637/1/3273 1654/1/3273 1653/1/3273
f 1637/1/3274 1638/1/3274 1654/1/3274
f 1638/1/3275 1655/1/3275 1654/1/3275
f 1638/1/3276 1639/1/3276 1655/1/3276
f 1639/1/3277 1656/1/3277 1655/1/3277
f 1639/1/3278 1640/1/3278 1656/1/3278
f 1640/1/3279 1657/1/3279 1656/1/3279
f 1640/1/3280 1641/1/3280 1657/1/3280
f 1641/1/3281 1658/1/3281 1657/1/3281
f 1641/1/3282 1642/1/3282 1658/1/3282
f 1642/1/3283 1659/1/3283 1658/1/3283
f 1642/1/3284 1643/1/3284 1659/1/3284
f 1643/1/3285 1660/1/3285 1659/1/3285
f 1643/1/3286 1644/1/3286 1660/1/3286
f 1644/1/3287 1661/1/3287 1660/1/3287
f 1644/1/3288 1645/1/3288 1661/1/3288
f 1645/1/3289 1662/1/3289 1661/1/3289
f 1645/1/3290 1646/1/3290 1662/1/3290
f 1646/1/3291 1663/1/3291 1662/1/3291
f 1646/1/3292 1647/1/3292 1663/1/3292
f 1647/1/3293 1664/1/3293 1663/1/3293
f 1647/1/3294 1648/1/3294 1664/1/3294
f 1648/1/3295 1649/1/3295 1664/1/3295
f 1648/1/3296 1633/1/3296 1649/1/3296
f 1649/1/3297 1666/1/3297 1665/1/3297
f 1649/1/3298 1650/1/3298 1666/1/3298
f 1650/1/3299 1667/1/3299 1666/1/3299
f 1650/1/3300 1651/1/3300 1667/1/3300
f 1651/1/3301 1668/1/3301 1667/1/3301
f 1651/1/3302 1652/1/3302 1668/1/3302
f 1652/1/3303 1669/1/3303 1668/1/3303
f 1652/1/3304 1653/1/3304 1669/1/3304
f 1653/1/3305 1670/1/3305 1669/1/3305
f 1653/1/3306 1654/1/3306 1670/1/3306
f 1654/1/3307 1671/1/3307 1670/1/3307
f 1654/1/3308 1655/1/3308 1671/1/3308
f 1655/1/3309 1672/1/3309 1671/1/3309
f 1655/1/3310 1656/1/3310 1672/1/3310
f 1656/1/3311 1673/1/3311 1672/1/3311
f 1656/1/3312 1657/1/3312 1673/1/3312
f 1657/1/3313 1674/1/3313 1673/1/3313
f 1657/1/3314 1658/1/3314 1674/1/3314
f 1658/1/3315 1675/1/3315 1674/1/3315
f 1658/1/3316 1659/1/3316 1675/1/3316
f 1659/1/3317 1676/1/3317 1675/1/3317
f 1659/1/3318 1660/1/3318 1676/1/3318
f 1660/1/3319 1677/1/3319 1676/1/3319
f 1660/1/3320 1661/1/3320 1677/1/3320
f 1661/1/3321 1678/1/3321 1677/1/3321
f 1661/1/3322 1662/1/3322 1678/1/3322
f 1662/1/3323 1679/1/3323 1678/1/3323
f 1662/1/3324 1663/1/3324 1679/1/3324
f 1663/1/3325 1680/1/3325 1679/1/3325
f 1663/1/3326 1664/1/3326 1680/1/3326
f 1664/1/3327 1665/1/3327 1680/1/3327
f 1664/1/3328 1649/1/3328 1665/1/3328
f 1665/1/3329 1682/1/3329 1681/1/3329
f 1665/1/3330 1666/1/3330 1682/1/3330
f 1666/1/3331 1683/1/3331 1682/1/3331
f 1666/1/3332 1667/1/3332 1683/1/3332
f 1667/1/3333 1684/1/3333 1683/1/3333
f 1667/1/3334 1668/1/3334 1684/1/3334
f 1668/1/3335 1685/1/3335 1684/1/3335
f 1668/1/3336 1669/1/3336 1685/1/3336
f 1669/1/3337 1686/1/3337 1685/1/3337
f 1669/1/3338 1670/1/3338 1686/1/3338
f 1670/1/3339 1687/1/3339 1686/1/3339
f 1670/1/3340 1671/1/3340 1687/1/3340
f 1671/1/3341 1688/1/3341 1687/1/3341
f 1671/1/3342 1672/1/3342 1688/1/3342
f 1672/1/3343 1689/1/3343 1688/1/3343
f 1672/1/3344 1673/1/3344 1689/1/3344
f 1673/1/3345 1690/1/3345 1689/1/3345
f 1673/1/3346 1674/1/3346 1690/1/3346
f 1674/1/3347 1691/1/3347 1690/1/3347
f 1674/1/3348 1675/1/3348 1691/1/3348
f 1675/1/3349 1692/1/3349 1691/1/3349
f 1675/1/3350 1676/1/3350 1692/1/3350
f 1676/1/3351 1693/1/3351 1692/1/3351
f 1676/1/3352 1677/1/3352 1693/1/3352
f 1677/1/3353 1694/1/3353 1693/1/3353
f 1677/1/3354 1678/1/3354 1694/1/3354
f 1678/1/3355 1695/1/3355 1694/1/3355
f 1678/1/3356 1679/1/3356 1695/1/3356
f 1679/1/3357 1696/1/3357 1695/1/3357
f 1679/1/3358 1680/1/3358 1696/1/3358
f 1680/1/3359 1681/1/3359 1696/1/3359
f 1680/1/3360 1665/1/3360 1681/1/3360
f 1681/1/3361 1698/1/3361 1697/1/3361
f 1681/1/3362 1682/1/3362 1698/1/3362
f 1682/1/3363 1699/1/3363 1698/1/3363
f 1682/1/3364 1683/1/3364 1699/1/3364
f 1683/1/3365 1700/1/3365 1699/1/3365
f 1683/1/3366 1684/1/3366 1700/1/3366
f 1684/1/3367 1701/1/3367 1700/1/3367
f 1684/1/3368 1685/1/3368 1701/1/3368
f 1685/1/3369 1702/1/3369 1701/1/3369
f 1685/1/3370 1686/1/3370 1702/1/3370
f 1686/1/3371 1703/1/3371 1702/1/3371
f 1686/1/3372 1687/1/3372 1703/1/3372
f 1687/1/3373 1704/1/3373 1703/1/3373
f 1687/1/3374 1688/1/3374 1704/1/3374
f 1688/1/3375 1705/1/3375 1704/1/3375
f 1688/1/3376 1689/1/3376 1705/1/3376
f 1689/1/3377 1706/1/3377 1705/1/3377
f 1689/1/3378 1690/1/3378 1706/1/3378
f 1690/1/3379 1707/1/3379 1706/1/3379
f 1690/1/3380 1691/1/3380 1707/1/3380
f 1691/1/3381 1708/1/3381 1707/1/3381
f 1691/1/3382 1692/1/3382 1708/1/3382
f 1692/1/3383 1709/1/3383 1708/1/3383
f 1692/1/3384 1693/1/3384 1709/1/3384
f 1693/1/3385 1710/1/3385 1709/1/3385
f 1693/1/3386 1694/1/3386 1710/1/3386
f 1694/1/3387 1711/1/3387 1710/1/3387
f 1694/1/3388 1695/1/3388 1711/1/3388
f 1695/1/3389 1712/1/3389 1711/1/3389
f 1695/1/3390 1696/1/3390 1712/1/3390
f 1696/1/3391 1697/1/3391 1712/1/3391
f 1696/1/3392 1681/1/3392 1697/1/3392
f 1697/1/3393 1714/1/3393 1713/1/3393
f 1697/1/3394 1698/1/3394 1714/1/3394
f 1698/1/3395 1715/1/3395 1714/1/3395
f 1698/1/3396 1699/1/3396 1715/1/3396
f 1699/1/3397 1716/1/3397 1715/1/3397
f 1699/1/3398 1700/1/3398 1716/1/3398
f 1700/1/3399 1717/1/3399 1716/1/3399
f 1700/1/3400 1701/1/3400 1717/1/3400
f 1701/1/3401 1718/1/3401 1717/1/3401
f 1701/1/3402 1702/1/3402 1718/1/3402
f 1702/1/3403 1719/1/3403 1718/1/3403
f 1702/1/3404 1703/1/3404 1719/1/3404
f 1703/1/3405 1720/1/3405 1719/1/3405
f 1703/1/3406 1704/1/3406 1720/1/3406
f 1704/1/3407 1721/1/3407 1720/1/3407
f 1704/1/3408 1705/1/3408 1721/1/3408
f 1705/1/3409 1722/1/3409 1721/1/3409
f 1705/1/3410 1706/1/3410 1722/1/3410
f 1706/1/3411 1723/1/3411 1722/1/3411
f 1706/1/3412 1707/1/3412 1723/1/3412
f 1707/1/3413 1724/1/3413 1723/1/3413
f 1707/1/3414 1708/1/3414 1724/1/3414
f 1708/1/3415 1725/1/3415 1724/1/3415
f 1708/1/3416 1709/1/3416 1725/1/3416
f 1709/1/3417 1726/1/3417 1725/1/3417
f 1709/1/3418 1710/1/3418 1726/1/3418
f 1710/1/3419 1727/1/3419 1726/1/3419
f 1710/1/3420 1711/1/3420 1727/1/3420
f 1711/1/3421 1728/1/3421 1727/1/3421
f 1711/1/3422 1712/1/3422 1728/1/3422
f 1712/1/3423 1713/1/3423 1728/1/3423
f 1712/1/3424 1697/1/3424 1713/1/3424
f 1713/1/3425 1730/1/3425 1729/1/3425
f 1713/1/3426 1714/1/3426 1730/1/3426
f 1714/1/3427 1731/1/3427 1730/1/3427
f 1714/1/3428 1715/1/3428 1731/1/3428
f 1715/1/3429 1732/1/3429 1731/1/3429
f 1715/1/3430 1716/1/3430 1732/1/3430
f 1716/1/3431 1733/1/3431 1732/1/3431
f 1716/1/3432 1717/1/3432 1733/1/3432
f 1717/1/3433 1734/1/3433 1733/1/3433
f 1717/1/3434 1718/1/3434 1734/1/3434
f 1718/1/3435 1735/1/3435 1734/1/3435
f 1718/1/3436 1719/1/3436 1735/1/3436
f 1719/1/3437 1736/1/3437 1735/1/3437
f 1719/1/3438 1720/1/3438 1736/1/3438
f 1720/1/3439 1737/1/3439 1736/1/3439
f 1720/1/3440 1721/1/3440 1737/1/3440
f 1721/1/3441 1738/1/3441 1737/1/3441
f 1721/1/3442 1722/1/3442 1738/1/3442
f 1722/1/3443 1739/1/3443 1738/1/3443
f 1722/1/3444 1723/1/3444 1739/1/3444
f 1723/1/3445 1740/1/3445 1739/1/3445
f 1723/1/3446 1724/1/3446 1740/1/3446
f 1724/1/3447 1741/1/3447 1740/1/3447
f 1724/1/3448 1725/1/3448 1741/1/3448
f 1725/1/3449 1742/1/3449 1741/1/3449
f 1725/1/3450 1726/1/3450 1742/1/3450
f 1726/1/3451 1743/1/3451 1742/1/3451
f 1726/1/3452 1727/1/3452 1743/1/3452
f 1727/1/3453 1744/1/3453 1743/1/3453
f 1727/1/3454 1728/1/3454 1744/1/3454
f 1728/1/3455 1729/1/3455 1744/1/3455
f 1728/1/3456 1713/1/3456 1729/1/3456
f 1729/1/3457 1746/1/3457 1745/1/3457
f 1729/1/3458 1730/1/3458 1746/1/3458
f 1730/1/3459 1747/1/3459 1746/1/3459
f 1730/1/3460 1731/1/3460 1747/1/3460
f 1731/1/3461 1748/1/3461 1747/1/3461
f 1731/1/3462 1732/1/3462 1748/1/3462
f 1732/1/3463 1749/1/3463 1748/1/3463
f 1732/1/3464 1733/1/3464 1749/1/3464
f 1733/1/3465 1750/1/3465 1749/1/3465
f 1733/1/3466 1734/1/3466 1750/1/3466
f 1734/1/3467 1751/1/3467 1750/1/3467
f 1734/1/3468 1735/1/3468 1751/1/3468
f 1735/1/3469 1752/1/3469 1751/1/3469
f 1735/1/3470 1736/1/3470 1752/1/3470
f 1736/1/3471 1753/1/3471 1752/1/3471
f 1736/1/3472 1737/1/3472 1753/1/3472
f 1737/1/3473 1754/1/3473 1753/1/3473
f 1737/1/3474 1738/1/3474 1754/1/3474
f 1738/1/3475 1755/1/3475 1754/1/3475
f 1738/1/3476 1739/1/3476 1755/1/3476
f 1739/1/3477 1756/1/3477 1755/1/3477
f 1739/1/3478 1740/1/3478 1756/1/3478
f 1740/1/3479 1757/1/3479 1756/1/3479
f 1740/1/3480 1741/1/3480 1757/1/3480
f 1741/1/3481 1758/1/3481 1757/1/3481
f 1741/1/3482 1742/1/3482 1758/1/3482
f 1742/1/3483 1759/1/3483 1758/1/3483
f 1742/1/3484 1743/1/3484 1759/1/3484
f 1743/1/3485 1760/1/3485 1759/1/3485
f 1743/1/3486 1744/1/3486 1760/1/3486
f 1744/1/3487 1745/1/3487 1760/1/3487
f 1744/1/3488 1729/1/3488 1745/1/3488
f 1745/1/3489 1762/1/3489 1761/1/3489
f 1745/1/3490 1746/1/3490 1762/1/3490
f 1746/1/3491 1763/1/3491 1762/1/3491
f 1746/1/3492 1747/1/3492 1763/1/3492
f 1747/1/3493 1764/1/3493 1763/1/3493
f 1747/1/3494 1748/1/3494 1764/1/3494
f 1748/1/3495 1765/1/3495 1764/1/3495
f 1748/1/3496 1749/1/3496 1765/1/3496
f 1749/1/3497 1766/1/3497 1765/1/3497
f 1749/1/3498 1750/1/3498 1766/1/3498
f 1750/1/3499 1767/1/3499 1766/1/3499
f 1750/1/3500 1751/1/3500 1767/1/3500
f 1751/1/3501 1768/1/3501 1767/1/3501
f 1751/1/3502 1752/1/3502 1768/1/3502
f 1752/1/3503 1769/1/3503 1768/1/3503
f 1752/1/3504 1753/1/3504 1769/1/3504
f 1753/1/3505 1770/1/3505 1769/1/3505
f 1753/1/3506 1754/1/3506 1770/1/3506
f 1754/1/3507 1771/1/3507 1770/1/3507
f 1754/1/3508 1755/1/3508 1771/1/3508
f 1755/1/3509 1772/1/3509 1771/1/3509
f 1755/1/3510 1756/1/3510 1772/1/3510
f 1756/1/3511 1773/1/3511 1772/1/3511
f 1756/1/3512 1757/1/3512 1773/1/3512
f 1757/1/3513 1774/1/3513 1773/1/3513
f 1757/1/3514 1758/1/3514 1774/1/3514
f 1758/1/3515 1775/1/3515 1774/1/3515
f 1758/1/3516 1759/1/3516 1775/1/3516
f 1759/1/3517 1776/1/3517 1775/1/3517
f 1759/1/3518 1760/1/3518 1776/1/3518
f 1760/1/3519 1761/1/3519 1776/1/3519
f 1760/1/3520 1745/1/3520 1761/1/3520
f 1761/1/3521 1778/1/3521 1777/1/3521
f 1761/1/3522 1762/1/3522 1778/1/3522
f 1762/1/3523 1779/1/3523 1778/1/3523
f 1762/1/3524 1763/1/3524 1779/1/3524
f 1763/1/3525 1780/1/3525 1779/1/3525
f 1763/1/3526 1764/1/3526 1780/1/3526
f 1764/1/3527 1781/1/3527 1780/1/3527
f 1764/1/3528 1765/1/3528 1781/1/3528
f 1765/1/3529 1782/1/3529 1781/1/3529
f 1765/1/3530 1766/1/3530 1782/1/3530
f 1766/1/3531 1783/1/3531 1782/1/3531
f 1766/1/3532 1767/1/3532 1783/1/3532
f 1767/1/3533 1784/1/3533 1783/1/3533
f 1767/1/3534 1768/1/3534 1784/1/3534
f 1768/1/3535 1785/1/3535 1784/1/3535
f 1768/1/3536 1769/1/3536 1785/1/3536
f 1769/1/3537 1786/1/3537 1785/1/3537
f 1769/1/3538 1770/1/3538 1786/1/3538
f 1770/1/3539 1787/1/3539 1786/1/3539
f 1770/1/3540 1771/1/3540 1787/1/3540
f 1771/1/3541 1788/1/3541 1787/1/3541
f 1771/1/3542 1772/1/3542 1788/1/3542
f 1772/1/3543 1789/1/3543 1788/1/3543
f 1772/1/3544 1773/1/3544 1789/1/3544
f 1773/1/3545 1790/1/3545 1789/1/3545
f 1773/1/3546 1774/1/3546 1790/1/3546
f 1774/1/3547 1791/1/3547 1790/1/3547
f 1774/1/3548 1775/1/3548 1791/1/3548
f 1775/1/3549 1792/1/3549 1791/1/3549
f 1775/1/3550 1776/1/3550 1792/1/3550
f 1776/1/3551 1777/1/3551 1792/1/3551
f 1776/1/3552 1761/1/3552 1777/1/3552
f 1777/1/3553 1794/1/3553 1793/1/3553
f 1777/1/3554 1778/1/3554 1794/1/3554
f 1778/1/3555 1795/1/3555 1794/1/3555
f 1778/1/3556 1779/1/3556 1795/1/3556
f 1779/1/3557 1796/1/3557 1795/1/3557
f 1779/1/3558 1780/1/3558 1796/1/3558
f 1780/1/3559 1797/1/3559 1796/1/3559
f 1780/1/3560 1781/1/3560 1797/1/3560
f 1781/1/3561 1798/1/3561 1797/1/3561
f 1781/1/3562 1782/1/3562 1798/1/3562
f 1782/1/3563 1799/1/3563 1798/1/3563
f 1782/1/3564 1783/1/3564 1799/1/3564
f 1783/1/3565 1800/1/3565 1799/1/3565
f 1783/1/3566 1784/1/3566 1800/1/3566
f 1784/1/3567 1801/1/3567 1800/1/3567
f 1784/1/3568 1785/1/3568 1801/1/3568
f 1785/1/3569 1802/1/3569 1801/1/3569
f 1785/1/3570 1786/1/3570 1802/1/3570
f 1786/1/3571 1803/1/3571 1802/1/3571
f 1786/1/3572 1787/1/3572 1803/1/3572
f 1787/1/3573 1804/1/3573 1803/1/3573
f 1787/1/3574 1788/1/3574 1804/1/3574
f 1788/1/3575 1805/1/3575 1804/1/3575
f 1788/1/3576 1789/1/3576 1805/1/3576
f 1789/1/3577 1806/1/3577 1805/1/3577
f 1789/1/3578 1790/1/3578 1806/1/3578
f 1790/1/3579 1807/1/3579 1806/1/3579
f 1790/1/3580 1791/1/3580 1807/1/3580
f 1791/1/3581 1808/1/3581 1807/1/3581
f 1791/1/3582 1792/1/3582 1808/1/3582
f 1792/1/3583 1793/1/3583 1808/1/3583
f 1792/1/3584 1777/1/3584 1793/1/3584
f 1793/1/3585 1810/1/3585 1809/1/3585
f 1793/1/3586 1794/1/3586 1810/1/3586
f 1794/1/3587 1811/1/3587 1810/1/3587
f 1794/1/3588 1795/1/3588 1811/1/3588
f 1795/1/3589 1812/1/3589 1811/1/3589
f 1795/1/3590 1796/1/3590 1812/1/3590
f 1796/1/3591 1813/1/3591 1812/1/3591
f 1796/1/3592 1797/1/3592 1813/1/3592
f 1797/1/3593 1814/1/3593 1813/1/3593
f 1797/1/3594 1798/1/3594 1814/1/3594
f 1798/1/3595 1815/1/3595 1814/1/3595
f 1798/1/3596 1799/1/3596 1815/1/3596
f 1799/1/3597 1816/1/3597 1815/1/3597
f 1799/1/3598 1800/1/3598 1816/1/3598
f 1800/1/3599 1817/1/3599 1816/1/3599
f 1800/1/3600 1801/1/3600 1817/1/3600
f 1801/1/3601 1818/1/3601 1817/1/3601
f 1801/1/3602 1802/1/3602 1818/1/3602
f 1802/1/3603 1819/1/3603 1818/1/3603
f 1802/1/3604 1803/1/3604 1819/1/3604
f 1803/1/3605 1820/1/3605 1819/1/3605
f 1803/1/3606 1804/1/3606 1820/1/3606
f 1804/1/3607 1821/1/3607 1820/1/3607
f 1804/1/3608 1805/1/3608 1821/1/3608
f 1805/1/3609 1822/1/3609 1821/1/3609
f 1805/1/3610 1806/1/3610 1822/1/3610
f 1806/1/3611 1823/1/3611 1822/1/3611
f 1806/1/3612 1807/1/3612 1823/1/3612
f 1807/1/3613 1824/1/3613 1823/1/3613
f 1807/1/3614 1808/1/3614 1824/1/3614
f 1808/1/3615 1809/1/3615 1824/1/3615
f 1808/1/3616 1793/1/3616 1809/1/3616
f 1809/1/3617 1826/1/3617 1825/1/3617
f 1809/1/3618 1810/1/3618 1826/1/3618
f 1810/1/3619 1827/1/3619 1826/1/3619
f 1810/1/3620 1811/1/3620 1827/1/3620
f 1811/1/3621 1828/1/3621 1827/1/3621
f 1811/1/3622 1812/1/3622 1828/1/3622
f 1812/1/3623 1829/1/3623 1828/1/3623
f 1812/1/3624 1813/1/3624 1829/1/3624
f 1813/1/3625 1830/1/3625 1829/1/3625
f 1813/1/3626 1814/1/3626 1830/1/3626
f 1814/1/3627 1831/1/3627 1830/1/3627
f 1814/1/3628 1815/1/3628 1831/1/3628
f 1815/1/3629 1832/1/3629 1831/1/3629
f 1815/1/3630 1816/1/3630 1832/1/3630
f 1816/1/3631 1833/1/3631 1832/1/3631
f 1816/1/3632 1817/1/3632 1833/1/3632
f 1817/1/3633 1834/1/3633 1833/1/3633
f 1817/1/3634 1818/1/3634 1834/1/3634
f 1818/1/3635 1835/1/3635 1834/1/3635
f 1818/1/3636 1819/1/3636 1835/1/3636
f 1819/1/3637 1836/1/3637 1835/1/3637
f 1819/1/3638 1820/1/3638 1836/1/3638
f 1820/1/3639 1837/1/3639 1836/1/3639
f 1820/1/3640 1821/1/3640 1837/1/3640
f 1821/1/3641 1838/1/3641 1837/1/3641
f 1821/1/3642 1822/1/3642 1838/1/3642
f 1822/1/3643 1839/1/3643 1838/1/3643
f 1822/1/3644 1823/1/3644 1839/1/3644
f 1823/1/3645 1840/1/3645 1839/1/3645
f 1823/1/3646 1824/1/3646 1840/1/3646
f 1824/1/3647 1825/1/3647 1840/1/3647
f 1824/1/3648 1809/1/3648 1825/1/3648
f 1825/1/3649 1842/1/3649 1841/1/3649
f 1825/1/3650 1826/1/3650 1842/1/3650
f 1826/1/3651 1843/1/3651 1842/1/3651
f 1826/1/3652 1827/1/3652 1843/1/3652
f 1827/1/3653 1844/1/3653 1843/1/3653
f 1827/1/3654 1828/1/3654 1844/1/3654
f 1828/1/3655 1845/1/3655 1844/1/3655
f 1828/1/3656 1829/1/3656 1845/1/3656
f 1829/1/3657 1846/1/3657 1845/1/3657
f 1829/1/3658 1830/1/3658 1846/1/3658
f 1830/1/3659 1847/1/3659 1846/1/3659
f 1830/1/3660 1831/1/3660 1847/1/3660
f 1831/1/3661 1848/1/3661 1847/1/3661
f 1831/1/3662 1832/1/3662 1848/1/3662
f 1832/1/3663 1849/1/3663 1848/1/3663
f 1832/1/3664 1833/1/3664 1849/1/3664
f 1833/1/3665 1850/1/3665 1849/1/3665
f 1833/1/3666 1834/1/3666 1850/1/3666
f 1834/1/3667 1851/1/3667 1850/1/3667
f 1834/1/3668 1835/1/3668 1851/1/3668
f 1835/1/3669 1852/1/3669 1851/1/3669
f 1835/1/3670 1836/1/3670 1852/1/3670
f 1836/1/3671 1853/1/3671 1852/1/3671
f 1836/1/3672 1837/1/3672 1853/1/3672
f 1837/1/3673 1854/1/3673 1853/1/3673
f 1837/1/3674 1838/1/3674 1854/1/3674
f 1838/1/3675 1855/1/3675 1854/1/3675
f 1838/1/3676 1839/1/3676 1855/1/3676
f 1839/1/3677 1856/1/3677 1855/1/3677
f 1839/1/3678 1840/1/3678 1856/1/3678
f 1840/1/3679 1841/1/3679 1856/1/3679
f 1840/1/3680 1825/1/3680 1841/1/3680
f 1841/1/3681 1858/1/3681 1857/1/3681
f 1841/1/3682 1842/1/3682 1858/1/3682
f 1842/1/3683 1859/1/3683 1858/1/3683
f 1842/1/3684 1843/1/3684 1859/1/3684
f 1843/1/3685 1860/1/3685 1859/1/3685
f 1843/1/3686 1844/1/3686 1860/1/3686
f 1844/1/3687 1861/1/3687 1860/1/3687
f 1844/1/3688 1845/1/3688 1861/1/3688
f 1845/1/3689 1862/1/3689 1861/1/3689
f 1845/1/3690 1846/1/3690 1862/1/3690
f 1846/1/3691 1863/1/3691 1862/1/3691
f 1846/1/3692 1847/1/3692 1863/1/3692
f 1847/1/3693 1864/1/3693 1863/1/3693
f 1847/1/3694 1848/1/3694 1864/1/3694
f 1848/1/3695 1865/1/3695 1864/1/3695
f 1848/1/3696 1849/1/3696 1865/1/3696
f 1849/1/3697 1866/1/3697 1865/1/3697
f 1849/1/3698 1850/1/3698 1866/1/3698
f 1850/1/3699 1867/1/3699 1866/1/3699
f 1850/1/3700 1851/1/3700 1867/1/3700
f 1851/1/3701 1868/1/3701 1867/1/3701
f 1851/1/3702 1852/1/3702 1868/1/3702
f 1852/1/3703 1869/1/3703 1868/1/3703
f 1852/1/3704 1853/1/3704 1869/1/3704
f 1853/1/3705 1870/1/3705 1869/1/3705
f 1853/1/3706 1854/1/3706 1870/1/3706
f 1854/1/3707 1871/1/3707 1870/1/3707
f 1854/1/3708 1855/1/3708 1871/1/3708
f 1855/1/3709 1872/1/3709 1871/1/3709
f 1855/1/3710 1856/1/3710 1872/1/3710
f 1856/1/3711 1857/1/3711 1872/1/3711
f 1856/1/3712 1841/1/3712 1857/1/3712
f 1857/1/3713 1874/1/3713 1873/1/3713
f 1857/1/3714 1858/1/3714 1874/1/3714
f 1858/1/3715 1875/1/3715 1874/1/3715
f 1858/1/3716 1859/1/3716 1875/1/3716
f 1859/1/3717 1876/1/3717 1875/1/3717
f 1859/1/3718 1860/1/3718 1876/1/3718
f 1860/1/3719 1877/1/3719 1876/1/3719
f 1860/1/3720 1861/1/3720 1877/1/3720
f 1861/1/3721 1878/1/3721 1877/1/3721
f 1861/1/3722 1862/1/3722 1878/1/3722
f 1862/1/3723 1879/1/3723 1878/1/3723
f 1862/1/3724 1863/1/3724 1879/1/3724
f 1863/1/3725 1880/1/3725 1879/1/3725
f 1863/1/3726 1864/1/3726 1880/1/3726
f 1864/1/3727 1881/1/3727 1880/1/3727
f 1864/1/3728 1865/1/3728 1881/1/3728
f 1865/1/3729 1882/1/3729 1881/1/3729
f 1865/1/3730 1866/1/3730 1882/1/3730
f 1866/1/3731 1883/1/3731 1882/1/3731
f 1866/1/3732 1867/1/3732 1883/1/3732
f 1867/1/3733 1884/1/3733 1883/1/3733
f 1867/1/3734 1868/1/3734 1884/1/3734
f 1868/1/3735 1885/1/3735 1884/1/3735
f 1868/1/3736 1869/1/3736 1885/1/3736
f 1869/1/3737 1886/1/3737 1885/1/3737
f 1869/1/3738 1870/1/3738 1886/1/3738
f 1870/1/3739 1887/1/3739 1886/1/3739
f 1870/1/3740 1871/1/3740 1887/1/3740
f 1871/1/3741 1888/1/3741 1887/1/3741
f 1871/1/3742 1872/1/3742 1888/1/3742
f 1872/1/3743 1873/1/3743 1888/1/3743
f 1872/1/3744 1857/1/3744 1873/1/3744
f 1873/1/3745 1890/1/3745 1889/1/3745
f 1873/1/3746 1874/1/3746 1890/1/3746
f 1874/1/3747 1891/1/3747 1890/1/3747
f 1874/1/3748 1875/1/3748 1891/1/3748
f 1875/1/3749 1892/1/3749 1891/1/3749
f 1875/1/3750 1876/1/3750 1892/1/3750
f 1876/1/3751 1893/1/3751 1892/1/3751
f 1876/1/3752 1877/1/3752 1893/1/3752
f 1877/1/3753 1894/1/3753 1893/1/3753
f 1877/1/3754 1878/1/3754 1894/1/3754
f 1878/1/3755 1895/1/3755 1894/1/3755
f 1878/1/3756 1879/1/3756 1895/1/3756
f 1879/1/3757 1896/1/3757 1895/1/3757
f 1879/1/3758 1880/1/3758 1896/1/3758
f 1880/1/3759 1897/1/3759 1896/1/3759
f 1880/1/3760 1881/1/3760 1897/1/3760
f 1881/1/3761 1898/1/3761 1897/1/3761
f 1881/1/3762 1882/1/3762 1898/1/3762
f 1882/1/3763 1899/1/3763 1898/1/3763
f 1882/1/3764 1883/1/3764 1899/1/3764
f 1883/1/3765 1900/1/3765 1899/1/3765
f 1883/1/3766 1884/1/3766 1900/1/3766
f 1884/1/3767 1901/1/3767 1900/1/3767
f 1884/1/3768 1885/1/3768 1901/1/3768
f 1885/1/3769 1902/1/3769 1901/1/3769
f 1885/1/3770 1886/1/3770 1902/1/3770
f 1886/1/3771 1903/1/3771 1902/1/3771
f 1886/1/3772 1887/1/3772 1903/1/3772
f 1887/1/3773 1904/1/3773 1903/1/3773
f 1887/1/3774 1888/1/3774 1904/1/3774
f 1888/1/3775 1889/1/3775 1904/1/3775
f 1888/1/3776 1873/1/3776 1889/1/3776
f 1889/1/3777 1906/1/3777 1905/1/3777
f 1889/1/3778 1890/1/3778 1906/1/3778
f 1890/1/3779 1907/1/3779 1906/1/3779
f 1890/1/3780 1891/1/3780 1907/1/3780
f 1891/1/3781 1908/1/3781 1907/1/3781
f 1891/1/3782 1892/1/3782 1908/1/3782
f 1892/1/3783 1909/1/3783 1908/1/3783
f 1892/1/3784 1893/1/3784 1909/1/3784
f 1893/1/3785 1910/1/3785 1909/1/3785
f 1893/1/3786 1894/1/3786 1910/1/3786
f 1894/1/3787 1911/1/3787 1910/1/3787
f 1894/1/3788 1895/1/3788 1911/1/3788
f 1895/1/3789 1912/1/3789 1911/1/3789
f 1895/1/3790 1896/1/3790 1912/1/3790
f 1896/1/3791 1913/1/3791 1912/1/3791
f 1896/1/3792 1897/1/3792 1913/1/3792
f 1897/1/3793 1914/1/3793 1913/1/3793
f 1897/1/3794 1898/1/3794 1914/1/3794
f 1898/1/3795 1915/1/3795 1914/1/3795
f 1898/1/3796 1899/1/3796 1915/1/3796
f 1899/1/3797 1916/1/3797 1915/1/3797
f 1899/1/3798 1900/1/3798 1916/1/3798
f 1900/1/3799 1917/1/3799 1916/1/3799
f 1900/1/3800 1901/1/3800 1917/1/3800
f 1901/1/3801 1918/1/3801 1917/1/3801
f 1901/1/3802 1902/1/3802 1918/1/3802
f 1902/1/3803 1919/1/3803 1918/1/3803
f 1902/1/3804 1903/1/3804 1919/1/3804
f 1903/1/3805 1920/1/3805 1919/1/3805
f 1903/1/3806 1904/1/3806 1920/1/3806
f 1904/1/3807 1905/1/3807 1920/1/3807
f 1904/1/3808 1889/1/3808 1905/1/3808
f 1905/1/3809 1922/1/3809 1921/1/3809
f 1905/1/3810 1906/1/3810 1922/1/3810
f 1906/1/3811 1923/1/3811 1922/1/3811
f 1906/1/3812 1907/1/3812 1923/1/3812
f 1907/1/3813 1924/1/3813 1923/1/3813
f 1907/1/3814 1908/1/3814 1924/1/3814
f 1908/1/3815 1925/1/3815 1924/1/3815
f 1908/1/3816 1909/1/3816 1925/1/3816
f 1909/1/3817 1926/1/3817 1925/1/3817
f 1909/1/3818 1910/1/3818 1926/1/3818
f 1910/1/3819 1927/1/3819 1926/1/3819
f 1910/1/3820 1911/1/3820 1927/1/3820
f 1911/1/3821 1928/1/3821 1927/1/3821
f 1911/1/3822 1912/1/3822 1928/1/3822
f 1912/1/3823 1929/1/3823 1928/1/3823
f 1912/1/3824 1913/1/3824 1929/1/3824
f 1913/1/3825 1930/1/3825 1929/1/3825
f 1913/1/3826 1914/1/3826 1930/1/3826
f 1914/1/3827 1931/1/3827 1930/1/3827
f 1914/1/3828 1915/1/3828 1931/1/3828
f 1915/1/3829 1932/1/3829 1931/1/3829
f 1915/1/3830 1916/1/3830 1932/1/3830
f 1916/1/3831 1933/1/3831 1932/1/3831
f 1916/1/3832 1917/1/3832 1933/1/3832
f 1917/1/3833 1934/1/3833 1933/1/3833
f 1917/1/3834 1918/1/3834 1934/1/3834
f 1918/1/3835 1935/1/3835 1934/1/3835
f 1918/1/3836 1919/1/3836 1935/1/3836
f 1919/1/3837 1936/1/3837 1935/1/3837
f 1919/1/3838 1920/1/3838 1936/1/3838
f 1920/1/3839 1921/1/3839 1936/1/3839
f 1920/1/3840 1905/1/3840 1921/1/3840
f 1921/1/3841 1938/1/3841 1937/1/3841
f 1921/1/3842 1922/1/3842 1938/1/3842
f 1922/1/3843 1939/1/3843 1938/1/3843
f 1922/1/3844 1923/1/3844 1939/1/3844
f 1923/1/3845 1940/1/3845 1939/1/3845
f 1923/1/3846 1924/1/3846 1940/1/3846
f 1924/1/3847 1941/1/3847 1940/1/3847
f 1924/1/3848 1925/1/3848 1941/1/3848
f 1925/1/3849 1942/1/3849 1941/1/3849
f 1925/1/3850 1926/1/3850 1942/1/3850
f 1926/1/3851 1943/1/3851 1942/1/3851
f 1926/1/3852 1927/1/3852 1943/1/3852
f 1927/1/3853 1944/1/3853 1943/1/3853
f 1927/1/3854 1928/1/3854 1944/1/3854
f 1928/1/3855 1945/1/3855 1944/1/3855
f 1928/1/3856 1929/1/3856 1945/1/3856
f 1929/1/3857 1946/1/3857 1945/1/3857
f 1929/1/3858 1930/1/3858 1946/1/3858
f 1930/1/3859 1947/1/3859 1946/1/3859
f 1930/1/3860 1931/1/3860 1947/1/3860
f 1931/1/3861 1948/1/3861 1947/1/3861
f 1931/1/3862 1932/1/3862 1948/1/3862
f 1932/1/3863 1949/1/3863 1948/1/3863
f 1932/1/3864 1933/1/3864 1949/1/3864
f 1933/1/3865 1950/1/3865 1949/1/3865
f 1933/1/3866 1934/1/3866 1950/1/3866
f 1934/1/3867 1951/1/3867 1950/1/3867
f 1934/1/3868 1935/1/3868 1951/1/3868
f 1935/1/3869 1952/1/3869 1951/1/3869
f 1935/1/3870 1936/1/3870 1952/1/3870
f 1936/1/3871 1937/1/3871 1952/1/3871
f 1936/1/3872 1921/1/3872 1937/1/3872
f 1937/1/3873 1954/1/3873 1953/1/3873
f 1937/1/3874 1938/1/3874 1954/1/3874
f 1938/1/3875 1955/1/3875 1954/1/3875
f 1938/1/3876 1939/1/3876 1955/1/3876
f 1939/1/3877 1956/1/3877 1955/1/3877
f 1939/1/3878 1940/1/3878 1956/1/3878
f 1940/1/3879 1957/1/3879 1956/1/3879
f 1940/1/3880 1941/1/3880 1957/1/3880
f 1941/1/3881 1958/1/3881 1957/1/3881
f 1941/1/3882 1942/1/3882 1958/1/3882
f 1942/1/3883 1959/1/3883 1958/1/3883
f 1942/1/3884 1943/1/3884 1959/1/3884
f 1943/1/3885 1960/1/3885 1959/1/3885
f 1943/1/3886 1944/1/3886 1960/1/3886
f 1944/1/3887 1961/1/3887 1960/1/3887
f 1944/1/3888 1945/1/3888 1961/1/3888
f 1945/1/3889 1962/1/3889 1961/1/3889
f 1945/1/3890 1946/1/3890 1962/1/3890
f 1946/1/3891 1963/1/3891 1962/1/3891
f 1946/1/3892 1947/1/3892 1963/1/3892
f 1947/1/3893 1964/1/3893 1963/1/3893
f 1947/1/3894 1948/1/3894 1964/1/3894
f 1948/1/3895 1965/1/3895 1964/1/3895
f 1948/1/3896 1949/1/3896 1965/1/3896
f 1949/1/3897 1966/1/3897 1965/1/3897
f 1949/1/3898 1950/1/3898 1966/1/3898
f 1950/1/3899 1967/1/3899 1966/1/3899
f 1950/1/3900 1951/1/3900 1967/1/3900
f 1951/1/3901 1968/1/3901 1967/1/3901
f 1951/1/3902 1952/1/3902 1968/1/3902
f 1952/1/3903 1953/1/3903 1968/1/3903
f 1952/1/3904 1937/1/3904 1953/1/3904
f 1953/1/3905 1970/1/3905 1969/1/3905
f 1953/1/3906 1954/1/3906 1970/1/3906
f 1954/1/3907 1971/1/3907 1970/1/3907
f 1954/1/3908 1955/1/3908 1971/1/3908
f 1955/1/3909 1972/1/3909 1971/1/3909
f 1955/1/3910 1956/1/3910 1972/1/3910
f 1956/1/3911 1973/1/3911 1972/1/3911
f 1956/1/3912 1957/1/3912 1973/1/3912
f 1957/1/3913 1974/1/3913 1973/1/3913
f 1957/1/3914 1958/1/3914 1974/1/3914
f 1958/1/3915 1975/1/3915 1974/1/3915
f 1958/1/3916 1959/1/3916 1975/1/3916
f 1959/1/3917 1976/1/3917 1975/1/3917
f 1959/1/3918 1960/1/3918 1976/1/3918
f 1960/1/3919 1977/1/3919 1976/1/3919
f 1960/1/3920 1961/1/3920 1977/1/3920
f 1961/1/3921 1978/1/3921 1977/1/3921
f 1961/1/3922 1962/1/3922 1978/1/3922
f 1962/1/3923 1979/1/3923 1978/1/3923
f 1962/1/3924 1963/1/3924 1979/1/3924
f 1963/1/3925 1980/1/3925 1979/1/3925
f 1963/1/3926 1964/1/3926 1980/1/3926
f 1964/1/3927 1981/1/3927 1980/1/3927
f 1964/1/3928 1965/1/3928 1981/1/3928
f 1965/1/3929 1982/1/3929 1981/1/3929
f 1965/1/3930 1966/1/3930 1982/1/3930
f 1966/1/3931 1983/1/3931 1982/1/3931
f 1966/1/3932 1967/1/3932 1983/1/3932
f 1967/1/3933 1984/1/3933 1983/1/3933
f 1967/1/3934 1968/1/3934 1984/1/3934
f 1968/1/3935 1969/1/3935 1984/1/3935
f 1968/1/3936 1953/1/3936 1969/1/3936
f 1969/1/3937 1986/1/3937 1985/1/3937
f 1969/1/3938 1970/1/3938 1986/1/3938
f 1970/1/3939 1987/1/3939 1986/1/3939
f 1970/1/3940 1971/1/3940 1987/1/3940
f 1971/1/3941 1988/1/3941 1987/1/3941
f 1971/1/3942 1972/1/3942 1988/1/3942
f 1972/1/3943 1989/1/3943 1988/1/3943
f 1972/1/3944 1973/1/3944 1989/1/3944
f 1973/1/3945 1990/1/3945 1989/1/3945
f 1973/1/3946 1974/1/3946 1990/1/3946
f 1974/1/3947 1991/1/3947 1990/1/3947
f 1974/1/3948 1975/1/3948 1991/1/3948
f 1975/1/3949 1992/1/3949 1991/1/3949
f 1975/1/3950 1976/1/3950 1992/1/3950
f 1976/1/3951 1993/1/3951 1992/1/3951
f 1976/1/3952 1977/1/3952 1993/1/3952
f 1977/1/3953 1994/1/3953 1993/1/3953
f 1977/1/3954 1978/1/3954 1994/1/3954
f 1978/1/3955 1995/1/3955 1994/1/3955
f 1978/1/3956 1979/1/3956 1995/1/3956
f 1979/1/3957 1996/1/3957 1995/1/3957
f 1979/1/3958 1980/1/3958 1996/1/3958
f 1980/1/3959 1997/1/3959 1996/1/3959
f 1980/1/3960 1981/1/3960 1997/1/3960
f 1981/1/3961 1998/1/3961 1997/1/3961
f 1981/1/3962 1982/1/3962 1998/1/3962
f 1982/1/3963 1999/1/3963 1998/1/3963
f 1982/1/3964 1983/1/3964 1999/1/3964
f 1983/1/3965 2000/1/3965 1999/1/3965
f 1983/1/3966 1984/1/3966 2000/1/3966
f 1984/1/3967 1985/1/3967 2000/1/3967
f 1984/1/3968 1969/1/3968 1985/1/3968
f 1985/1/3969 2002/1/3969 2001/1/3969
f 1985/1/3970 1986/1/3970 2002/1/3970
f 1986/1/3971 2003/1/3971 2002/1/3971
f 1986/1/3972 1987/1/3972 2003/1/3972
f 1987/1/3973 2004/1/3973 2003/1/3973
f 1987/1/3974 1988/1/3974 2004/1/3974
f 1988/1/3975 2005/1/3975 2004/1/3975
f 1988/1/3976 1989/1/3976 2005/1/3976
f 1989/1/3977 2006/1/3977 2005/1/3977
f 1989/1/3978 1990/1/3978 2006/1/3978
f 1990/1/3979 2007/1/3979 2006/1/3979
f 1990/1/3980 1991/1/3980 2007/1/3980
f 1991/1/3981 2008/1/3981 2007/1/3981
f 1991/1/3982 1992/1/3982 2008/1/3982
f 1992/1/3983 2009/1/3983 2008/1/3983
f 1992/1/3984 1993/1/3984 2009/1/3984
f 1993/1/3985 2010/1/3985 2009/1/3985
f 1993/1/3986 1994/1/3986 2010/1/3986
f 1994/1/3987 2011/1/3987 2010/1/3987
f 1994/1/3988 1995/1/3988 2011/1/3988
f 1995/1/3989 2012/1/3989 2011/1/3989
f 1995/1/3990 1996/1/3990 2012/1/3990
f 1996/1/3991 2013/1/3991 2012/1/3991
f 1996/1/3992 1997/1/3992 2013/1/3992
f 1997/1/3993 2014/1/3993 2013/1/3993
f 1997/1/3994 1998/1/3994 2014/1/3994
f 1998/1/3995 2015/1/3995 2014/1/3995
f 1998/1/3996 1999/1/3996 2015/1/3996
f 1999/1/3997 2016/1/3997 2015/1/3997
f 1999/1/3998 2000/1/3998 2016/1/3998
f 2000/1/3999 2001/1/3999 2016/1/3999
f 2000/1/4000 1985/1/4000 2001/1/4000
f 2001/1/4001 2018/1/4001 2017/1/4001
f 2001/1/4002 2002/1/4002 2018/1/4002
f 2002/1/4003 2019/1/4003 2018/1/4003
f 2002/1/4004 2003/1/4004 2019/1/4004
f 2003/1/4005 2020/1/4005 2019/1/4005
f 2003/1/4006 2004/1/4006 2020/1/4006
f 2004/1/4007 2021/1/4007 2020/1/4007
f 2004/1/4008 2005/1/4008 2021/1/4008
f 2005/1/4009 2022/1/4009 2021/1/4009
f 2005/1/4010 2006/1/4010 2022/1/4010
f 2006/1/4011 2023/1/4011 2022/1/4011
f 2006/1/4012 2007/1/4012 2023/1/4012
f 2007/1/4013 2024/1/4013 2023/1/4013
f 2007/1/4014 2008/1/4014 2024/1/4014
f 2008/1/4015 2025/1/4015 2024/1/4015
f 2008/1/4016 2009/1/4016 2025/1/4016
f 2009/1/4017 2026/1/4017 2025/1/4017
f 2009/1/4018 2010/1/4018 2026/1/4018
f 2010/1/4019 2027/1/4019 2026/1/4019
f 2010/1/4020 2011/1/4020 2027/1/4020
f 2011/1/4021 2028/1/4021 2027/1/4021
f 2011/1/4022 2012/1/4022 2028/1/4022
f 2012/1/4023 2029/1/4023 2028/1/4023
f 2012/1/4024 2013/1/4024 2029/1/4024
f 2013/1/4025 2030/1/4025 2029/1/4025
f 2013/1/4026 2014/1/4026 2030/1/4026
f 2014/1/4027 2031/1/4027 2030/1/4027
f 2014/1/4028 2015/1/4028 2031/1/4028
f 2015/1/4029 2032/1/4029 2031/1/4029
f 2015/1/4030 2016/1/4030 2032/1/4030
f 2016/1/4031 2017/1/4031 2032/1/4031
f 2016/1/4032 2001/1/4032 2017/1/4032
f 2017/1/4033 2034/1/4033 2033/1/4033
f 2017/1/4034 2018/1/4034 2034/1/4034
f 2018/1/4035 2035/1/4035 2034/1/4035
f 2018/1/4036 2019/1/4036 2035/1/4036
f 2019/1/4037 2036/1/4037 2035/1/4037
f 2019/1/4038 2020/1/4038 2036/1/4038
f 2020/1/4039 2037/1/4039 2036/1/4039
f 2020/1/4040 2021/1/4040 2037/1/4040
f 2021/1/4041 2038/1/4041 2037/1/4041
f 2021/1/4042 2022/1/4042 2038/1/4042
f 2022/1/4043 2039/1/4043 2038/1/4043
f 2022/1/4044 2023/1/4044 2039/1/4044
f 2023/1/4045 2040/1/4045 2039/1/4045
f 2023/1/4046 2040/1/4046 2024/1/4046
f 2024/1/4047 2040/1/4047 2041/1/4047
f 2024/1/4048 2041/1/4048 2025/1/4048
f 2025/1/4049 2041/1/4049 2042/1/4049
f 2025/1/4050 2042/1/4050 2026/1/4050
f 2026/1/4051 2043/1/4051 2042/1/4051
f 2026/1/4052 2027/1/4052 2043/1/4052
f 2027/1/4053 2044/1/4053 2043/1/4053
f 2027/1/4054 2028/1/4054 2044/1/4054
f 2028/1/4055 2045/1/4055 2044/1/4055
f 2028/1/4056 2029/1/4056 2045/1/4056
f 2029/1/4057 2046/1/4057 2045/1/4057
f 2029/1/4058 2030/1/4058 2046/1/4058
f 2030/1/4059 2047/1/4059 2046/1/4059
f 2030/1/4060 2031/1/4060 2047/1/4060
f 2031/1/4061 2048/1/4061 2047/1/4061
f 2031/1/4062 2032/1/4062 2048/1/4062
f 2032/1/4063 2033/1/4063 2048/1/4063
f 2032/1/4064 2017/1/4064 2033/1/4064
f 2033/1/4065 2050/1/4065 2049/1/4065
f 2033/1/4066 2034/1/4066 2050/1/4066
f 2034/1/4067 2051/1/4067 2050/1/4067
f 2034/1/4068 2035/1/4068 2051/1/4068
f 2035/1/4069 2052/1/4069 2051/1/4069
f 2035/1/4070 2036/1/4070 2052/1/4070
f 2036/1/4071 2053/1/4071 2052/1/4071
f 2036/1/4072 2037/1/4072 2053/1/4072
f 2037/1/4073 2054/1/4073 2053/1/4073
f 2037/1/4074 2038/1/4074 2054/1/4074
f 2038/1/4075 2055/1/4075 2054/1/4075
f 2038/1/4076 2039/1/4076 2055/1/4076
f 2039/1/4077 2056/1/4077 2055/1/4077
f 2039/1/4078 2040/1/4078 2056/1/4078
f 2040/1/4079 2057/1/4079 2056/1/4079
f 2040/1/4080 2041/1/4080 2057/1/4080
f 2041/1/4081 2058/1/4081 2057/1/4081
f 2041/1/4082 2042/1/4082 2058/1/4082
f 2042/1/4083 2059/1/4083 2058/1/4083
f 2042/1/4084 2043/1/4084 2059/1/4084
f 2043/1/4085 2060/1/4085 2059/1/4085
f 2043/1/4086 2044/1/4086 2060/1/4086
f 2044/1/4087 2061/1/4087 2060/1/4087
f 2044/1/4088 2045/1/4088 2061/1/4088
f 2045/1/4089 2062/1/4089 2061/1/4089
f 2045/1/4090 2046/1/4090 2062/1/4090
f 2046/1/4091 2063/1/4091 2062/1/4091
f 2046/1/4092 2047/1/4092 2063/1/4092
f 2047/1/4093 2064/1/4093 2063/1/4093
f 2047/1/4094 2048/1/4094 2064/1/4094
f 2048/1/4095 2049/1/4095 2064/1/4095
f 2048/1/4096 2033/1/4096 2049/1/4096
f 2049/1/4097 2066/1/4097 2065/1/4097
f 2049/1/4098 2050/1/4098 2066/1/4098
f 2050/1/4099 2067/1/4099 2066/1/4099
f 2050/1/4100 2051/1/4100 2067/1/4100
f 2051/1/4101 2068/1/4101 2067/1/4101
f 2051/1/4102 2052/1/4102 2068/1/4102
f 2052/1/4103 2069/1/4103 2068/1/4103
f 2052/1/4104 2053/1/4104 2069/1/4104
f 2053/1/4105 2070/1/4105 2069/1/4105
f 2053/1/4106 2054/1/4106 2070/1/4106
f 2054/1/4107 2071/1/4107 2070/1/4107
f 2054/1/4108 2055/1/4108 2071/1/4108
f 2055/1/4109 2072/1/4109 2071/1/4109
f 2055/1/4110 2056/1/4110 2072/1/4110
f 2056/1/4111 2073/1/4111 2072/1/4111
f 2056/1/4112 2057/1/4112 2073/1/4112
f 2057/1/4113 2074/1/4113 2073/1/4113
f 2057/1/4114 2058/1/4114 2074/1/4114
f 2058/1/4115 2075/1/4115 2074/1/4115
f 2058/1/4116 2059/1/4116 2075/1/4116
f 2059/1/4117 2076/1/4117 2075/1/4117
f 2059/1/4118 2060/1/4118 2076/1/4118
f 2060/1/4119 2077/1/4119 2076/1/4119
f 2060/1/4120 2061/1/4120 2077/1/4120
f 2061/1/4121 2078/1/4121 2077/1/4121
f 2061/1/4122 2062/1/4122 2078/1/4122
f 2062/1/4123 2079/1/4123 2078/1/4123
f 2062/1/4124 2063/1/4124 2079/1/4124
f 2063/1/4125 2080/1/4125 2079/1/4125
f 2063/1/4126 2064/1/4126 2080/1/4126
f 2064/1/4127 2065/1/4127 2080/1/4127
f 2064/1/4128 2049/1/4128 2065/1/4128
f 2065/1/4129 2082/1/4129 2081/1/4129
f 2065/1/4130 2066/1/4130 2082/1/4130
f 2066/1/4131 2083/1/4131 2082/1/4131
f 2066/1/4132 2067/1/4132 2083/1/4132
f 2067/1/4133 2084/1/4133 2083/1/4133
f 2067/1/4134 2068/1/4134 2084/1/4134
f 2068/1/4135 2085/1/4135 2084/1/4135
f 2068/1/4136 2069/1/4136 2085/1/4136
f 2069/1/4137 2086/1/4137 2085/1/4137
f 2069/1/4138 2070/1/4138 2086/1/4138
f 2070/1/4139 2087/1/4139 2086/1/4139
f 2070/1/4140 2071/1/4140 2087/1/4140
f 2071/1/4141 2088/1/4141 2087/1/4141
f 2071/1/4142 2072/1/4142 2088/1/4142
f 2072/1/4143 2089/1/4143 2088/1/4143
f 2072/1/4144 2073/1/4144 2089/1/4144
f 2073/1/4145 2090/1/4145 2089/1/4145
f 2073/1/4146 2074/1/4146 2090/1/4146
f 2074/1/4147 2091/1/4147 2090/1/4147
f 2074/1/4148 2075/1/4148 2091/1/4148
f 2075/1/4149 2092/1/4149 2091/1/4149
f 2075/1/4150 2076/1/4150 2092/1/4150
f 2076/1/4151 2093/1/4151 2092/1/4151
f 2076/1/4152 2077/1/4152 2093/1/4152
f 2077/1/4153 2094/1/4153 2093/1/4153
f 2077/1/4154 2078/1/4154 2094/1/4154
f 2078/1/4155 2095/1/4155 2094/1/4155
f 2078/1/4156 2079/1/4156 2095/1/4156
f 2079/1/4157 2096/1/4157 2095/1/4157
f 2079/1/4158 2080/1/4158 2096/1/4158
f 2080/1/4159 2081/1/4159 2096/1/4159
f 2080/1/4160 2065/1/4160 2081/1/4160
f 2081/1/4161 2098/1/4161 2097/1/4161
f 2081/1/4162 2082/1/4162 2098/1/4162
f 2082/1/4163 2099/1/4163 2098/1/4163
f 2082/1/4164 2083/1/4164 2099/1/4164
f 2083/1/4165 2100/1/4165 2099/1/4165
f 2083/1/4166 2084/1/4166 2100/1/4166
f 2084/1/4167 2101/1/4167 2100/1/4167
f 2084/1/4168 2085/1/4168 2101/1/4168
f 2085/1/4169 2102/1/4169 2101/1/4169
f 2085/1/4170 2086/1/4170 2102/1/4170
f 2086/1/4171 2103/1/4171 2102/1/4171
f 2086/1/4172 2087/1/4172 2103/1/4172
f 2087/1/4173 2104/1/4173 2103/1/4173
f 2087/1/4174 2088/1/4174 2104/1/4174
f 2088/1/4175 2105/1/4175 2104/1/4175
f 2088/1/4176 2089/1/4176 2105/1/4176
f 2089/1/4177 2106/1/4177 2105/1/4177
f 2089/1/4178 2090/1/4178 2106/1/4178
f 2090/1/4179 2107/1/4179 2106/1/4179
f 2090/1/4180 2091/1/4180 2107/1/4180
f 2091/1/4181 2108/1/4181 2107/1/4181
f 2091/1/4182 2092/1/4182 2108/1/4182
f 2092/1/4183 2109/1/4183 2108/1/4183
f 2092/1/4184 2093/1/4184 2109/1/4184
f 2093/1/4185 2110/1/4185 2109/1/4185
f 2093/1/4186 2094/1/4186 2110/1/4186
f 2094/1/4187 2111/1/4187 2110/1/4187
f 2094/1/4188 2095/1/4188 2111/1/4188
f 2095/1/4189 2112/1/4189 2111/1/4189
f 2095/1/4190 2096/1/4190 2112/1/4190
f 2096/1/4191 2097/1/4191 2112/1/4191
f 2096/1/4192 2081/1/4192 2097/1/4192
f 2097/1/4193 2114/1/4193 2113/1/4193
f 2097/1/4194 2098/1/4194 2114/1/4194
f 2098/1/4195 2115/1/4195 2114/1/4195
f 2098/1/4196 2099/1/4196 2115/1/4196
f 2099/1/4197 2116/1/4197 2115/1/4197
f 2099/1/4198 2100/1/4198 2116/1/4198
f 2100/1/4199 2117/1/4199 2116/1/4199
f 2100/1/4200 2101/1/4200 2117/1/4200
f 2101/1/4201 2118/1/4201 2117/1/4201
f 2101/1/4202 2102/1/4202 2118/1/4202
f 2102/1/4203 2119/1/4203 2118/1/4203
f 2102/1/4204 2103/1/4204 2119/1/4204
f 2103/1/4205 2120/1/4205 2119/1/4205
f 2103/1/4206 2104/1/4206 2120/1/4206
f 2104/1/4207 2121/1/4207 2120/1/4207
f 2104/1/4208 2105/1/4208 2121/1/4208
f 2105/1/4209 2122/1/4209 2121/1/4209
f 2105/1/4210 2106/1/4210 2122/1/4210
f 2106/1/4211 2123/1/4211 2122/1/4211
f 2106/1/4212 2107/1/4212 2123/1/4212
f 2107/1/4213 2124/1/4213 2123/1/4213
f 2107/1/4214 2108/1/4214 2124/1/4214
f 2108/1/4215 2125/1/4215 2124/1/4215
f 2108/1/4216 2109/1/4216 2125/1/4216
f 2109/1/4217 2126/1/4217 2125/1/4217
f 2109/1/4218 2110/1/4218 2126/1/4218
f 2110/1/4219 2127/1/4219 2126/1/4219
f 2110/1/4220 2111/1/4220 2127/1/4220
f 2111/1/4221 2128/1/4221 2127/1/4221
f 2111/1/4222 2112/1/4222 2128/1/4222
f 2112/1/4223 2113/1/4223 2128/1/4223
f 2112/1/4224 2097/1/4224 2113/1/4224
f 2113/1/4225 2130/1/4225 2129/1/4225
f 2113/1/4226 2114/1/4226 2130/1/4226
f 2114/1/4227 2131/1/4227 2130/1/4227
f 2114/1/4228 2115/1/4228 2131/1/4228
f 2115/1/4229 2132/1/4229 2131/1/4229
f 2115/1/4230 2116/1/4230 2132/1/4230
f 2116/1/4231 2133/1/4231 2132/1/4231
f 2116/1/4232 2117/1/4232 2133/1/4232
f 2117/1/4233 2134/1/4233 2133/1/4233
f 2117/1/4234 2118/1/4234 2134/1/4234
f 2118/1/4235 2135/1/4235 2134/1/4235
f 2118/1/4236 2119/1/4236 2135/1/4236
f 2119/1/4237 2136/1/4237 2135/1/4237
f 2119/1/4238 2120/1/4238 2136/1/4238
f 2120/1/4239 2137/1/4239 2136/1/4239
f 2120/1/4240 2121/1/4240 2137/1/4240
f 2121/1/4241 2138/1/4241 2137/1/4241
f 2121/1/4242 2122/1/4242 2138/1/4242
f 2122/1/4243 2139/1/4243 2138/1/4243
f 2122/1/4244 2123/1/4244 2139/1/4244
f 2123/1/4245 2140/1/4245 2139/1/4245
f 2123/1/4246 2124/1/4246 2140/1/4246
f 2124/1/4247 2141/1/4247 2140/1/4247
f 2124/1/4248 2125/1/4248 2141/1/4248
f 2125/1/4249 2142/1/4249 2141/1/4249
f 2125/1/4250 2126/1/4250 2142/1/4250
f 2126/1/4251 2143/1/4251 2142/1/4251
f 2126/1/4252 2127/1/4252 2143/1/4252
f 2127/1/4253 2144/1/4253 2143/1/4253
f 2127/1/4254 2128/1/4254 2144/1/4254
f 2128/1/4255 2129/1/4255 2144/1/4255
f 2128/1/4256 2113/1/4256 2129/1/4256
f 2129/1/4257 2146/1/4257 2145/1/4257
f 2129/1/4258 2130/1/4258 2146/1/4258
f 2130/1/4259 2147/1/4259 2146/1/4259
f 2130/1/4260 2131/1/4260 2147/1/4260
f 2131/1/4261 2148/1/4261 2147/1/4261
f 2131/1/4262 2132/1/4262 2148/1/4262
f 2132/1/4263 2149/1/4263 2148/1/4263
f 2132/1/4264 2133/1/4264 2149/1/4264
f 2133/1/4265 2150/1/4265 2149/1/4265
f 2133/1/4266 2134/1/4266 2150/1/4266
f 2134/1/4267 2151/1/4267 2150/1/4267
f 2134/1/4268 2135/1/4268 2151/1/4268
f 2135/1/4269 2152/1/4269 2151/1/4269
f 2135/1/4270 2136/1/4270 2152/1/4270
f 2136/1/4271 2153/1/4271 2152/1/4271
f 2136/1/4272 2137/1/4272 2153/1/4272
f 2137/1/4273 2154/1/4273 2153/1/4273
f 2137/1/4274 2138/1/4274 2154/1/4274
f 2138/1/4275 2155/1/4275 2154/1/4275
f 2138/1/4276 2139/1/4276 2155/1/4276
f 2139/1/4277 2156/1/4277 2155/1/4277
f 2139/1/4278 2140/1/4278 2156/1/4278
f 2140/1/4279 2157/1/4279 2156/1/4279
f 2140/1/4280 2141/1/4280 2157/1/4280
f 2141/1/4281 2158/1/4281 2157/1/4281
f 2141/1/4282 2142/1/4282 2158/1/4282
f 2142/1/4283 2159/1/4283 2158/1/4283
f 2142/1/4284 2143/1/4284 2159/1/4284
f 2143/1/4285 2160/1/4285 2159/1/4285
f 2143/1/4286 2144/1/4286 2160/1/4286
f 2144/1/4287 2145/1/4287 2160/1/4287
f 2144/1/4288 2129/1/4288 2145/1/4288
f 2145/1/4289 2162/1/4289 2161/1/4289
f 2145/1/4290 2146/1/4290 2162/1/4290
f 2146/1/4291 2163/1/4291 2162/1/4291
f 2146/1/4292 2147/1/4292 2163/1/4292
f 2147/1/4293 2164/1/4293 2163/1/4293
f 2147/1/4294 2148/1/4294 2164/1/4294
f 2148/1/4295 2165/1/4295 2164/1/4295
f 2148/1/4296 2149/1/4296 2165/1/4296
f 2149/1/4297 2166/1/4297 2165/1/4297
f 2149/1/4298 2150/1/4298 2166/1/4298
f 2150/1/4299 2167/1/4299 2166/1/4299
f 2150/1/4300 2151/1/4300 2167/1/4300
f 2151/1/4301 2168/1/4301 2167/1/4301
f 2151/1/4302 2152/1/4302 2168/1/4302
f 2152/1/4303 2169/1/4303 2168/1/4303
f 2152/1/4304 2153/1/4304 2169/1/4304
f 2153/1/4305 2170/1/4305 2169/1/4305
f 2153/1/4306 2154/1/4306 2170/1/4306
f 2154/1/4307 2171/1/4307 2170/1/4307
f 2154/1/4308 2155/1/4308 2171/1/4308
f 2155/1/4309 2172/1/4309 2171/1/4309
f 2155/1/4310 2156/1/4310 2172/1/4310
f 2156/1/4311 2173/1/4311 2172/1/4311
f 2156/1/4312 2157/1/4312 2173/1/4312
f 2157/1/4313 2174/1/4313 2173/1/4313
f 2157/1/4314 2158/1/4314 2174/1/4314
f 2158/1/4315 2175/1/4315 2174/1/4315
f 2158/1/4316 2159/1/4316 2175/1/4316
f 2159/1/4317 2176/1/4317 2175/1/4317
f 2159/1/4318 2160/1/4318 2176/1/4318
f 2160/1/4319 2161/1/4319 2176/1/4319
f 2160/1/4320 2145/1/4320 2161/1/4320
f 2161/1/4321 2178/1/4321 2177/1/4321
f 2161/1/4322 2162/1/4322 2178/1/4322
f 2162/1/4323 2179/1/4323 2178/1/4323
f 2162/1/4324 2163/1/4324 2179/1/4324
f 2163/1/4325 2180/1/4325 2179/1/4325
f 2163/1/4326 2164/1/4326 2180/1/4326
f 2164/1/4327 2181/1/4327 2180/1/4327
f 2164/1/4328 2165/1/4328 2181/1/4328
f 2165/1/4329 2182/1/4329 2181/1/4329
f 2165/1/4330 2166/1/4330 2182/1/4330
f 2166/1/4331 2183/1/4331 2182/1/4331
f 2166/1/4332 2167/1/4332 2183/1/4332
f 2167/1/4333 2184/1/4333 2183/1/4333
f 2167/1/4334 2168/1/4334 2184/1/4334
f 2168/1/4335 2185/1/4335 2184/1/4335
f 2168/1/4336 2169/1/4336 2185/1/4336
f 2169/1/4337 2186/1/4337 2185/1/4337
f 2169/1/4338 2170/1/4338 2186/1/4338
f 2170/1/4339 2187/1/4339 2186/1/4339
f 2170/1/4340 2171/1/4340 2187/1/4340
f 2171/1/4341 2188/1/4341 2187/1/4341
f 2171/1/4342 2172/1/4342 2188/1/4342
f 2172/1/4343 2189/1/4343 2188/1/4343
f 2172/1/4344 2173/1/4344 2189/1/4344
f 2173/1/4345 2190/1/4345 2189/1/4345
f 2173/1/4346 2174/1/4346 2190/1/4346
f 2174/1/4347 2191/1/4347 2190/1/4347
f 2174/1/4348 2175/1/4348 2191/1/4348
f 2175/1/4349 2192/1/4349 2191/1/4349
f 2175/1/4350 2176/1/4350 2192/1/4350
f 2176/1/4351 2177/1/4351 2192/1/4351
f 2176/1/4352 2161/1/4352 2177/1/4352
f 2177/1/4353 2194/1/4353 2193/1/4353
f 2177/1/4354 2178/1/4354 2194/1/4354
f 2178/1/4355 2195/1/4355 2194/1/4355
f 2178/1/4356 2179/1/4356 2195/1/4356
f 2179/1/4357 2196/1/4357 2195/1/4357
f 2179/1/4358 2180/1/4358 2196/1/4358
f 2180/1/4359 2197/1/4359 2196/1/4359
f 2180/1/4360 2181/1/4360 2197/1/4360
f 2181/1/4361 2198/1/4361 2197/1/4361
f 2181/1/4362 2182/1/4362 2198/1/4362
f 2182/1/4363 2199/1/4363 2198/1/4363
f 2182/1/4364 2183/1/4364 2199/1/4364
f 2183/1/4365 2200/1/4365 2199/1/4365
f 2183/1/4366 2184/1/4366 2200/1/4366
f 2184/1/4367 2201/1/4367 2200/1/4367
f 2184/1/4368 2185/1/4368 2201/1/4368
f 2185/1/4369 2202/1/4369 2201/1/4369
f 2185/1/4370 2186/1/4370 2202/1/4370
f 2186/1/4371 2203/1/4371 2202/1/4371
f 2186/1/4372 2187/1/4372 2203/1/4372
f 2187/1/4373 2204/1/4373 2203/1/4373
f 2187/1/4374 2188/1/4374 2204/1/4374
f 2188/1/4375 2205/1/4375 2204/1/4375
f 2188/1/4376 2189/1/4376 2205/1/4376
f 2189/1/4377 2206/1/4377 2205/1/4377
f 2189/1/4378 2190/1/4378 2206/1/4378
f 2190/1/4379 2207/1/4379 2206/1/4379
f 2190/1/4380 2191/1/4380 2207/1/4380
f 2191/1/4381 2208/1/4381 2207/1/4381
f 2191/1/4382 2192/1/4382 2208/1/4382
f 2192/1/4383 2193/1/4383 2208/1/4383
f 2192/1/4384 2177/1/4384 2193/1/4384
f 2193/1/4385 2210/1/4385 2209/1/4385
f 2193/1/4386 2194/1/4386 2210/1/4386
f 2194/1/4387 2211/1/4387 2210/1/4387
f 2194/1/4388 2195/1/4388 2211/1/4388
f 2195/1/4389 2212/1/4389 2211/1/4389
f 2195/1/4390 2196/1/4390 2212/1/4390
f 2196/1/4391 2213/1/4391 2212/1/4391
f 2196/1/4392 2197/1/4392 2213/1/4392
f 2197/1/4393 2214/1/4393 2213/1/4393
f 2197/1/4394 2198/1/4394 2214/1/4394
f 2198/1/4395 2215/1/4395 2214/1/4395
f 2198/1/4396 2199/1/4396 2215/1/4396
f 2199/1/4397 2216/1/4397 2215/1/4397
f 2199/1/4398 2200/1/4398 2216/1/4398
f 2200/1/4399 2217/1/4399 2216/1/4399
f 2200/1/4400 2201/1/4400 2217/1/4400
f 2201/1/4401 2218/1/4401 2217/1/4401
f 2201/1/4402 2202/1/4402 2218/1/4402
f 2202/1/4403 2219/1/4403 2218/1/4403
f 2202/1/4404 2203/1/4404 2219/1/4404
f 2203/1/4405 2220/1/4405 2219/1/4405
f 2203/1/4406 2204/1/4406 2220/1/4406
f 2204/1/4407 2221/1/4407 2220/1/4407
f 2204/1/4408 2205/1/4408 2221/1/4408
f 2205/1/4409 2222/1/4409 2221/1/4409
f 2205/1/4410 2206/1/4410 2222/1/4410
f 2206/1/4411 2223/1/4411 2222/1/4411
f 2206/1/4412 2207/1/4412 2223/1/4412
f 2207/1/4413 2224/1/4413 2223/1/4413
f 2207/1/4414 2208/1/4414 2224/1/4414
f 2208/1/4415 2209/1/4415 2224/1/4415
f 2208/1/4416 2193/1/4416 2209/1/4416
f 2209/1/4417 2226/1/4417 2225/1/4417
f 2209/1/4418 2210/1/4418 2226/1/4418
f 2210/1/4419 2227/1/4419 2226/1/4419
f 2210/1/4420 2211/1/4420 2227/1/4420
f 2211/1/4421 2228/1/4421 2227/1/4421
f 2211/1/4422 2212/1/4422 2228/1/4422
f 2212/1/4423 2229/1/4423 2228/1/4423
f 2212/1/4424 2213/1/4424 2229/1/4424
f 2213/1/4425 2230/1/4425 2229/1/4425
f 2213/1/4426 2214/1/4426 2230/1/4426
f 2214/1/4427 2231/1/4427 2230/1/4427
f 2214/1/4428 2215/1/4428 2231/1/4428
f 2215/1/4429 2232/1/4429 2231/1/4429
f 2215/1/4430 2216/1/4430 2232/1/4430
f 2216/1/4431 2233/1/4431 2232/1/4431
f 2216/1/4432 2217/1/4432 2233/1/4432
f 2217/1/4433 2234/1/4433 2233/1/4433
f 2217/1/4434 2218/1/4434 2234/1/4434
f 2218/1/4435 2235/1/4435 2234/1/4435
f 2218/1/4436 2219/1/4436 2235/1/4436
f 2219/1/4437 2236/1/4437 2235/1/4437
f 2219/1/4438 2220/1/4438 2236/1/4438
f 2220/1/4439 2237/1/4439 2236/1/4439
f 2220/1/4440 2221/1/4440 2237/1/4440
f 2221/1/4441 2238/1/4441 2237/1/4441
f 2221/1/4442 2222/1/4442 2238/1/4442
f 2222/1/4443 2239/1/4443 2238/1/4443
f 2222/1/4444 2223/1/4444 2239/1/4444
f 2223/1/4445 2240/1/4445 2239/1/4445
f 2223/1/4446 2224/1/4446 2240/1/4446
f 2224/1/4447 2225/1/4447 2240/1/4447
f 2224/1/4448 2209/1/4448 2225/1/4448
f 2225/1/4449 2242/1/4449 2241/1/4449
f 2225/1/4450 2226/1/4450 2242/1/4450
f 2226/1/4451 2243/1/4451 2242/1/4451
f 2226/1/4452 2227/1/4452 2243/1/4452
f 2227/1/4453 2244/1/4453 2243/1/4453
f 2227/1/4454 2228/1/4454 2244/1/4454
f 2228/1/4455 2245/1/4455 2244/1/4455
f 2228/1/4456 2229/1/4456 2245/1/4456
f 2229/1/4457 2246/1/4457 2245/1/4457
f 2229/1/4458 2230/1/4458 2246/1/4458
f 2230/1/4459 2247/1/4459 2246/1/4459
f 2230/1/4460 2231/1/4460 2247/1/4460
f 2231/1/4461 2248/1/4461 2247/1/4461
f 2231/1/4462 2232/1/4462 2248/1/4462
f 2232/1/4463 2249/1/4463 2248/1/4463
f 2232/1/4464 2233/1/4464 2249/1/4464
f 2233/1/4465 2250/1/4465 2249/1/4465
f 2233/1/4466 2234/1/4466 2250/1/4466
f 2234/1/4467 2251/1/4467 2250/1/4467
f 2234/1/4468 2235/1/4468 2251/1/4468
f 2235/1/4469 2252/1/4469 2251/1/4469
f 2235/1/4470 2236/1/4470 2252/1/4470
f 2236/1/4471 2253/1/4471 2252/1/4471
f 2236/1/4472 2237/1/4472 2253/1/4472
f 2237/1/4473 2254/1/4473 2253/1/4473
f 2237/1/4474 2238/1/4474 2254/1/4474
f 2238/1/4475 2255/1/4475 2254/1/4475
f 2238/1/4476 2239/1/4476 2255/1/4476
f 2239/1/4477 2256/1/4477 2255/1/4477
f 2239/1/4478 2240/1/4478 2256/1/4478
f 2240/1/4479 2241/1/4479 2256/1/4479
f 2240/1/4480 2225/1/4480 2241/1/4480
f 2241/1/4481 2258/1/4481 2257/1/4481
f 2241/1/4482 2242/1/4482 2258/1/4482
f 2242/1/4483 2259/1/4483 2258/1/4483
f 2242/1/4484 2243/1/4484 2259/1/4484
f 2243/1/4485 2260/1/4485 2259/1/4485
f 2243/1/4486 2244/1/4486 2260/1/4486
f 2244/1/4487 2261/1/4487 2260/1/4487
f 2244/1/4488 2245/1/4488 2261/1/4488
f 2245/1/4489 2262/1/4489 2261/1/4489
f 2245/1/4490 2246/1/4490 2262/1/4490
f 2246/1/4491 2263/1/4491 2262/1/4491
f 2246/1/4492 2247/1/4492 2263/1/4492
f 2247/1/4493 2264/1/4493 2263/1/4493
f 2247/1/4494 2248/1/4494 2264/1/4494
f 2248/1/4495 2265/1/4495 2264/1/4495
f 2248/1/4496 2249/1/4496 2265/1/4496
f 2249/1/4497 2266/1/4497 2265/1/4497
f 2249/1/4498 2250/1/4498 2266/1/4498
f 2250/1/4499 2267/1/4499 2266/1/4499
f 2250/1/4500 2251/1/4500 2267/1/4500
f 2251/1/4501 2268/1/4501 2267/1/4501
f 2251/1/4502 2252/1/4502 2268/1/4502
f 2252/1/4503 2269/1/4503 2268/1/4503
f 2252/1/4504 2253/1/4504 2269/1/4504
f 2253/1/4505 2270/1/4505 2269/1/4505
f 2253/1/4506 2254/1/4506 2270/1/4506
f 2254/1/4507 2271/1/4507 2270/1/4507
f 2254/1/4508 2255/1/4508 2271/1/4508
f 2255/1/4509 2272/1/4509 2271/1/4509
f 2255/1/4510 2256/1/4510 2272/1/4510
f 2256/1/4511 2257/1/4511 2272/1/4511
f 2256/1/4512 2241/1/4512 2257/1/4512
f 2257/1/4513 2274/1/4513 2273/1/4513
f 2257/1/4514 2258/1/4514 2274/1/4514
f 2258/1/4515 2275/1/4515 2274/1/4515
f 2258/1/4516 2259/1/4516 2275/1/4516
f 2259/1/4517 2276/1/4517 2275/1/4517
f 2259/1/4518 2260/1/4518 2276/1/4518
f 2260/1/4519 2277/1/4519 2276/1/4519
f 2260/1/4520 2261/1/4520 2277/1/4520
f 2261/1/4521 2278/1/4521 2277/1/4521
f 2261/1/4522 2262/1/4522 2278/1/4522
f 2262/1/4523 2279/1/4523 2278/1/4523
f 2262/1/4524 2263/1/4524 2279/1/4524
f 2263/1/4525 2280/1/4525 2279/1/4525
f 2263/1/4526 2264/1/4526 2280/1/4526
f 2264/1/4527 2281/1/4527 2280/1/4527
f 2264/1/4528 2265/1/4528 2281/1/4528
f 2265/1/4529 2282/1/4529 2281/1/4529
f 2265/1/4530 2266/1/4530 2282/1/4530
f 2266/1/4531 2283/1/4531 2282/1/4531
f 2266/1/4532 2267/1/4532 2283/1/4532
f 2267/1/4533 2284/1/4533 2283/1/4533
f 2267/1/4534 2268/1/4534 2284/1/4534
f 2268/1/4535 2285/1/4535 2284/1/4535
f 2268/1/4536 2269/1/4536 2285/1/4536
f 2269/1/4537 2286/1/4537 2285/1/4537
f 2269/1/4538 2270/1/4538 2286/1/4538
f 2270/1/4539 2287/1/4539 2286/1/4539
f 2270/1/4540 2271/1/4540 2287/1/4540
f 2271/1/4541 2288/1/4541 2287/1/4541
f 2271/1/4542 2272/1/4542 2288/1/4542
f 2272/1/4543 2273/1/4543 2288/1/4543
f 2272/1/4544 2257/1/4544 2273/1/4544
f 2273/1/4545 2290/1/4545 2289/1/4545
f 2273/1/4546 2274/1/4546 2290/1/4546
f 2274/1/4547 2291/1/4547 2290/1/4547
f 2274/1/4548 2275/1/4548 2291/1/4548
f 2275/1/4549 2292/1/4549 2291/1/4549
f 2275/1/4550 2276/1/4550 2292/1/4550
f 2276/1/4551 2293/1/4551 2292/1/4551
f 2276/1/4552 2277/1/4552 2293/1/4552
f 2277/1/4553 2294/1/4553 2293/1/4553
f 2277/1/4554 2278/1/4554 2294/1/4554
f 2278/1/4555 2295/1/4555 2294/1/4555
f 2278/1/4556 2279/1/4556 2295/1/4556
f 2279/1/4557 2296/1/4557 2295/1/4557
f 2279/1/4558 2280/1/4558 2296/1/4558
f 2280/1/4559 2297/1/4559 2296/1/4559
f 2280/1/4560 2281/1/4560 2297/1/4560
f 2281/1/4561 2298/1/4561 2297/1/4561
f 2281/1/4562 2282/1/4562 2298/1/4562
f 2282/1/4563 2299/1/4563 2298/1/4563
f 2282/1/4564 2283/1/4564 2299/1/4564
f 2283/1/4565 2300/1/4565 2299/1/4565
f 2283/1/4566 2284/1/4566 2300/1/4566
f 2284/1/4567 2301/1/4567 2300/1/4567
f 2284/1/4568 2285/1/4568 2301/1/4568
f 2285/1/4569 2302/1/4569 2301/1/4569
f 2285/1/4570 2286/1/4570 2302/1/4570
f 2286/1/4571 2303/1/4571 2302/1/4571
f 2286/1/4572 2287/1/4572 2303/1/4572
f 2287/1/4573 2304/1/4573 2303/1/4573
f 2287/1/4574 2288/1/4574 2304/1/4574
f 2288/1/4575 2289/1/4575 2304/1/4575
f 2288/1/4576 2273/1/4576 2289/1/4576
f 2289/1/4577 2/1/4577 1/1/4577
f 2289/1/4578 2290/1/4578 2/1/4578
f 2290/1/4579 3/1/4579 2/1/4579
f 2290/1/4580 2291/1/4580 3/1/4580
f 2291/1/4581 4/1/4581 3/1/4581
f 2291/1/4582 2292/1/4582 4/1/4582
f 2292/1/4583 5/1/4583 4/1/4583
f 2292/1/4584 2293/1/4584 5/1/4584
f 2293/1/4585 6/1/4585 5/1/4585
f 2293/1/4586 2294/1/4586 6/1/4586
f 2294/1/4587 7/1/4587 6/1/4587
f 2294/1/4588 2295/1/4588 7/1/4588
f 2295/1/4589 8/1/4589 7/1/4589
f 2295/1/4590 8/1/4590 2296/1/4590
f 2296/1/4591 8/1/4591 9/1/4591
f 2296/1/4592 9/1/4592 2297/1/4592
f 2297/1/4593 9/1/4593 10/1/4593
f 2297/1/4594 10/1/4594 2298/1/4594
f 2298/1/4595 10/1/4595 11/1/4595
f 2298/1/4596 2299/1/4596 11/1/4596
f 2299/1/4597 12/1/4597 11/1/4597
f 2299/1/4598 2300/1/4598 12/1/4598
f 2300/1/4599 13/1/4599 12/1/4599
f 2300/1/4600 2301/1/4600 13/1/4600
f 2301/1/4601 14/1/4601 13/1/4601
f 2301/1/4602 2302/1/4602 14/1/4602
f 2302/1/4603 15/1/4603 14/1/4603
f 2302/1/4604 2303/1/4604 15/1/4604
f 2303/1/4605 16/1/4605 15/1/4605
f 2303/1/4606 2304/1/4606 16/1/4606
f 2304/1/4607 1/1/4607 16/1/4607
f 2304/1/4608 2289/1/4608 1/1/4608
f 2305/1/4609 2314/1/4609 2313/1/4609
f 2305/1/4610 2306/1/4610 2314/1/4610
f 2306/1/4611 2315/1/4611 2314/1/4611
f 2306/1/4612 2307/1/4612 2315/1/4612
f 2307/1/4613 2316/1/4613 2315/1/4613
f 2307/1/4614 2308/1/4614 2316/1/4614
f 2308/1/4615 2317/1/4615 2316/1/4615
f 2308/1/4616 2309/1/4616 2317/1/4616
f 2309/1/4617 2318/1/4617 2317/1/4617
f 2309/1/4618 2310/1/4618 2318/1/4618
f 2310/1/4619 2319/1/4619 2318/1/4619
f 2310/1/4620 2311/1/4620 2319/1/4620
f 2311/1/4621 2320/1/4621 2319/1/4621
f 2311/1/4622 2312/1/4622 2320/1/4622
f 2312/1/4623 2313/1/4623 2320/1/4623
f 2312/1/4624 2305/1/4624 2313/1/4624
f 2313/1/4625 2322/1/4625 2321/1/4625
f 2313/1/4626 2314/1/4626 2322/1/4626
f 2314/1/4627 2323/1/4627 2322/1/4627
f 2314/1/4628 2315/1/4628 2323/1/4628
f 2315/1/4629 2324/1/4629 2323/1/4629
f 2315/1/4630 2316/1/4630 2324/1/4630
f 2316/1/4631 2325/1/4631 2324/1/4631
f 2316/1/4632 2317/1/4632 2325/1/4632
f 2317/1/4633 2326/1/4633 2325/1/4633
f 2317/1/4634 2318/1/4634 2326/1/4634
f 2318/1/4635 2327/1/4635 2326/1/4635
f 2318/1/4636 2319/1/4636 2327/1/4636
f 2319/1/4637 2328/1/4637 2327/1/4637
f 2319/1/4638 2320/1/4638 2328/1/4638
f 2320/1/4639 2321/1/4639 2328/1/4639
f 2320/1/4640 2313/1/4640 2321/1/4640
f 2321/1/4641 2330/1/4641 2329/1/4641
f 2321/1/4642 2322/1/4642 2330/1/4642
f 2322/1/4643 2331/1/4643 2330/1/4643
f 2322/1/4644 2323/1/4644 2331/1/4644
f 2323/1/4645 2332/1/4645 2331/1/4645
f 2323/1/4646 2324/1/4646 2332/1/4646
f 2324/1/4647 2333/1/4647 2332/1/4647
f 2324/1/4648 2325/1/4648 2333/1/4648
f 2325/1/4649 2334/1/4649 2333/1/4649
f 2325/1/4650 2326/1/4650 2334/1/4650
f 2326/1/4651 2335/1/4651 2334/1/4651
f 2326/1/4652 2327/1/4652 2335/1/4652
f 2327/1/4653 2336/1/4653 2335/1/4653
f 2327/1/4654 2328/1/4654 2336/1/4654
f 2328/1/4655 2329/1/4655 2336/1/4655
f 2328/1/4656 2321/1/4656 2329/1/4656
f 2329/1/4657 2338/1/4657 2337/1/4657
f 2329/1/4658 2330/1/4658 2338/1/4658
f 2330/1/4659 2339/1/4659 2338/1/4659
f 2330/1/4660 2331/1/4660 2339/1/4660
f 2331/1/4661 2340/1/4661 2339/1/4661
f 2331/1/4662 2332/1/4662 2340/1/4662
f 2332/1/4663 2341/1/4663 2340/1/4663
f 2332/1/4664 2333/1/4664 2341/1/4664
f 2333/1/4665 2342/1/4665 2341/1/4665
f 2333/1/4666 2334/1/4666 2342/1/4666
f 2334/1/4667 2343/1/4667 2342/1/4667
f 2334/1/4668 2335/1/4668 2343/1/4668
f 2335/1/4669 2344/1/4669 2343/1/4669
f 2335/1/4670 2336/1/4670 2344/1/4670
f 2336/1/4671 2337/1/4671 2344/1/4671
f 2336/1/4672 2329/1/4672 2337/1/4672
f 2337/1/4673 2346/1/4673 2345/1/4673
f 2337/1/4674 2338/1/4674 2346/1/4674
f 2338/1/4675 2347/1/4675 2346/1/4675
f 2338/1/4676 2339/1/4676 2347/1/4676
f 2339/1/4677 2348/1/4677 2347/1/4677
f 2339/1/4678 2340/1/4678 2348/1/4678
f 2340/1/4679 2349/1/4679 2348/1/4679
f 2340/1/4680 2341/1/4680 2349/1/4680
f 2341/1/4681 2350/1/4681 2349/1/4681
f 2341/1/4682 2342/1/4682 2350/1/4682
f 2342/1/4683 2351/1/4683 2350/1/4683
f 2342/1/4684 2343/1/4684 2351/1/4684
f 2343/1/4685 2352/1/4685 2351/1/4685
f 2343/1/4686 2344/1/4686 2352/1/4686
f 2344/1/4687 2345/1/4687 2352/1/4687
f 2344/1/4688 2337/1/4688 2345/1/4688
f 2345/1/4689 2354/1/4689 2353/1/4689
f 2345/1/4690 2346/1/4690 2354/1/4690
f 2346/1/4691 2355/1/4691 2354/1/4691
f 2346/1/4692 2347/1/4692 2355/1/4692
f 2347/1/4693 2356/1/4693 2355/1/4693
f 2347/1/4694 2348/1/4694 2356/1/4694
f 2348/1/4695 2357/1/4695 2356/1/4695
f 2348/1/4696 2349/1/4696 2357/1/4696
f 2349/1/4697 2358/1/4697 2357/1/4697
f 2349/1/4698 2350/1/4698 2358/1/4698
f 2350/1/4699 2359/1/4699 2358/1/4699
f 2350/1/4700 2351/1/4700 2359/1/4700
f 2351/1/4701 2360/1/4701 2359/1/4701
f 2351/1/4702 2352/1/4702 2360/1/4702
f 2352/1/4703 2353/1/4703 2360/1/4703
f 2352/1/4704 2345/1/4704 2353/1/4704
f 2353/1/4705 2362/1/4705 2361/1/4705
f 2353/1/4706 2354/1/4706 2362/1/4706
f 2354/1/4707 2363/1/4707 2362/1/4707
f 2354/1/4708 2355/1/4708 2363/1/4708
f 2355/1/4709 2364/1/4709 2363/1/4709
f 2355/1/4710 2356/1/4710 2364/1/4710
f 2356/1/4711 2365/1/4711 2364/1/4711
f 2356/1/4712 2357/1/4712 2365/1/4712
f 2357/1/4713 2366/1/4713 2365/1/4713
f 2357/1/4714 2358/1/4714 2366/1/4714
f 2358/1/4715 2367/1/4715 2366/1/4715
f 2358/1/4716 2359/1/4716 2367/1/4716
f 2359/1/4717 2368/1/4717 2367/1/4717
f 2359/1/4718 2360/1/4718 2368/1/4718
f 2360/1/4719 2361/1/4719 2368/1/4719
f 2360/1/4720 2353/1/4720 2361/1/4720
f 2361/1/4721 2370/1/4721 2369/1/4721
f 2361/1/4722 2362/1/4722 2370/1/4722
f 2362/1/4723 2371/1/4723 2370/1/4723
f 2362/1/4724 2363/1/4724 2371/1/4724
f 2363/1/4725 2372/1/4725 2371/1/4725
f 2363/1/4726 2364/1/4726 2372/1/4726
f 2364/1/4727 2373/1/4727 2372/1/4727
f 2364/1/4728 2365/1/4728 2373/1/4728
f 2365/1/4729 2374/1/4729 2373/1/4729
f 2365/1/4730 2366/1/4730 2374/1/4730
f 2366/1/4731 2375/1/4731 2374/1/4731
f 2366/1/4732 2367/1/4732 2375/1/4732
f 2367/1/4733 2376/1/4733 2375/1/4733
f 2367/1/4734 2368/1/4734 2376/1/4734
f 2368/1/4735 2369/1/4735 2376/1/4735
f 2368/1/4736 2361/1/4736 2369/1/4736
f 2369/1/4737 2378/1/4737 2377/1/4737
f 2369/1/4738 2370/1/4738 2378/1/4738
f 2370/1/4739 2379/1/4739 2378/1/4739
f 2370/1/4740 2371/1/4740 2379/1/4740
f 2371/1/4741 2380/1/4741 2379/1/4741
f 2371/1/4742 2372/1/4742 2380/1/4742
f 2372/1/4743 2381/1/4743 2380/1/4743
f 2372/1/4744 2373/1/4744 2381/1/4744
f 2373/1/4745 2382/1/4745 2381/1/4745
f 2373/1/4746 2374/1/4746 2382/1/4746
f 2374/1/4747 2383/1/4747 2382/1/4747
f 2374/1/4748 2375/1/4748 2383/1/4748
f 2375/1/4749 2384/1/4749 2383/1/4749
f 2375/1/4750 2376/1/4750 2384/1/4750
f 2376/1/4751 2377/1/4751 2384/1/4751
f 2376/1/4752 2369/1/4752 2377/1/4752
f 2377/1/4753 2386/1/4753 2385/1/4753
f 2377/1/4754 2378/1/4754 2386/1/4754
f 2378/1/4755 2387/1/4755 2386/1/4755
f 2378/1/4756 2379/1/4756 2387/1/4756
f 2379/1/4757 2388/1/4757 2387/1/4757
f 2379/1/4758 2380/1/4758 2388/1/4758
f 2380/1/4759 2389/1/4759 2388/1/4759
f 2380/1/4760 2381/1/4760 2389/1/4760
f 2381/1/4761 2390/1/4761 2389/1/4761
f 2381/1/4762 2382/1/4762 2390/1/4762
f 2382/1/4763 2391/1/4763 2390/1/4763
f 2382/1/4764 2383/1/4764 2391/1/4764
f 2383/1/4765 2392/1/4765 2391/1/4765
f 2383/1/4766 2384/1/4766 2392/1/4766
f 2384/1/4767 2385/1/4767 2392/1/4767
f 2384/1/4768 2377/1/4768 2385/1/4768
f 2385/1/4769 2394/1/4769 2393/1/4769
f 2385/1/4770 2386/1/4770 2394/1/4770
f 2386/1/4771 2395/1/4771 2394/1/4771
f 2386/1/4772 2387/1/4772 2395/1/4772
f 2387/1/4773 2396/1/4773 2395/1/4773
f 2387/1/4774 2388/1/4774 2396/1/4774
f 2388/1/4775 2397/1/4775 2396/1/4775
f 2388/1/4776 2389/1/4776 2397/1/4776
f 2389/1/4777 2398/1/4777 2397/1/4777
f 2389/1/4778 2390/1/4778 2398/1/4778
f 2390/1/4779 2399/1/4779 2398/1/4779
f 2390/1/4780 2391/1/4780 2399/1/4780
f 2391/1/4781 2400/1/4781 2399/1/4781
f 2391/1/4782 2392/1/4782 2400/1/4782
f 2392/1/4783 2393/1/4783 2400/1/4783
f 2392/1/4784 2385/1/4784 2393/1/4784
f 2393/1/4785 2402/1/4785 2401/1/4785
f 2393/1/4786 2394/1/4786 2402/1/4786
f 2394/1/4787 2403/1/4787 2402/1/4787
f 2394/1/4788 2395/1/4788 2403/1/4788
f 2395/1/4789 2404/1/4789 2403/1/4789
f 2395/1/4790 2396/1/4790 2404/1/4790
f 2396/1/4791 2405/1/4791 2404/1/4791
f 2396/1/4792 2397/1/4792 2405/1/4792
f 2397/1/4793 2406/1/4793 2405/1/4793
f 2397/1/4794 2398/1/4794 2406/1/4794
f 2398/1/4795 2407/1/4795 2406/1/4795
f 2398/1/4796 2399/1/4796 2407/1/4796
f 2399/1/4797 2408/1/4797 2407/1/4797
f 2399/1/4798 2400/1/4798 2408/1/4798
f 2400/1/4799 2401/1/4799 2408/1/4799
f 2400/1/4800 2393/1/4800 2401/1/4800
f 2401/1/4801 2410/1/4801 2409/1/4801
f 2401/1/4802 2402/1/4802 2410/1/4802
f 2402/1/4803 2411/1/4803 2410/1/4803
f 2402/1/4804 2403/1/4804 2411/1/4804
f 2403/1/4805 2412/1/4805 2411/1/4805
f 2403/1/4806 2404/1/4806 2412/1/4806
f 2404/1/4807 2413/1/4807 2412/1/4807
f 2404/1/4808 2405/1/4808 2413/1/4808
f 2405/1/4809 2414/1/4809 2413/1/4809
f 2405/1/4810 2406/1/4810 2414/1/4810
f 2406/1/4811 2415/1/4811 2414/1/4811
f 2406/1/4812 2407/1/4812 2415/1/4812
f 2407/1/4813 2416/1/4813 2415/1/4813
f 2407/1/4814 2408/1/4814 2416/1/4814
f 2408/1/4815 2409/1/4815 2416/1/4815
f 2408/1/4816 2401/1/4816 2409/1/4816
f 2409/1/4817 2418/1/4817 2417/1/4817
f 2409/1/4818 2410/1/4818 2418/1/4818
f 2410/1/4819 2419/1/4819 2418/1/4819
f 2410/1/4820 2411/1/4820 2419/1/4820
f 2411/1/4821 2420/1/4821 2419/1/4821
f 2411/1/4822 2412/1/4822 2420/1/4822
f 2412/1/4823 2421/1/4823 2420/1/4823
f 2412/1/4824 2413/1/4824 2421/1/4824
f 2413/1/4825 2422/1/4825 2421/1/4825
f 2413/1/4826 2414/1/4826 2422/1/4826
f 2414/1/4827 2423/1/4827 2422/1/4827
f 2414/1/4828 2415/1/4828 2423/1/4828
f 2415/1/4829 2424/1/4829 2423/1/4829
f 2415/1/4830 2416/1/4830 2424/1/4830
f 2416/1/4831 2417/1/4831 2424/1/4831
f 2416/1/4832 2409/1/4832 2417/1/4832
f 2417/1/4833 2426/1/4833 2425/1/4833
f 2417/1/4834 2418/1/4834 2426/1/4834
f 2418/1/4835 2427/1/4835 2426/1/4835
f 2418/1/4836 2419/1/4836 2427/1/4836
f 2419/1/4837 2428/1/4837 2427/1/4837
f 2419/1/4838 2420/1/4838 2428/1/4838
f 2420/1/4839 2429/1/4839 2428/1/4839
f 2420/1/4840 2421/1/4840 2429/1/4840
f 2421/1/4841 2430/1/4841 2429/1/4841
f 2421/1/4842 2422/1/4842 2430/1/4842
f 2422/1/4843 2431/1/4843 2430/1/4843
f 2422/1/4844 2423/1/4844 2431/1/4844
f 2423/1/4845 2432/1/4845 2431/1/4845
f 2423/1/4846 2424/1/4846 2432/1/4846
f 2424/1/4847 2425/1/4847 2432/1/4847
f 2424/1/4848 2417/1/4848 2425/1/4848
f 2425/1/4849 2434/1/4849 2433/1/4849
f 2425/1/4850 2426/1/4850 2434/1/4850
f 2426/1/4851 2435/1/4851 2434/1/4851
f 2426/1/4852 2427/1/4852 2435/1/4852
f 2427/1/4853 2436/1/4853 2435/1/4853
f 2427/1/4854 2428/1/4854 2436/1/4854
f 2428/1/4855 2437/1/4855 2436/1/4855
f 2428/1/4856 2429/1/4856 2437/1/4856
f 2429/1/4857 2438/1/4857 2437/1/4857
f 2429/1/4858 2430/1/4858 2438/1/4858
f 2430/1/4859 2439/1/4859 2438/1/4859
f 2430/1/4860 2431/1/4860 2439/1/4860
f 2431/1/4861 2440/1/4861 2439/1/4861
f 2431/1/4862 2432/1/4862 2440/1/4862
f 2432/1/4863 2433/1/4863 2440/1/4863
f 2432/1/4864 2425/1/4864 2433/1/4864
f 2433/1/4865 2442/1/4865 2441/1/4865
f 2433/1/4866 2434/1/4866 2442/1/4866
f 2434/1/4867 2443/1/4867 2442/1/4867
f 2434/1/4868 2435/1/4868 2443/1/4868
f 2435/1/4869 2444/1/4869 2443/1/4869
f 2435/1/4870 2436/1/4870 2444/1/4870
f 2436/1/4871 2445/1/4871 2444/1/4871
f 2436/1/4872 2437/1/4872 2445/1/4872
f 2437/1/4873 2446/1/4873 2445/1/4873
f 2437/1/4874 2438/1/4874 2446/1/4874
f 2438/1/4875 2447/1/4875 2446/1/4875
f 2438/1/4876 2439/1/4876 2447/1/4876
f 2439/1/4877 2448/1/4877 2447/1/4877
f 2439/1/4878 2440/1/4878 2448/1/4878
f 2440/1/4879 2441/1/4879 2448/1/4879
f 2440/1/4880 2433/1/4880 2441/1/4880
f 2441/1/4881 2450/1/4881 2449/1/4881
f 2441/1/4882 2442/1/4882 2450/1/4882
f 2442/1/4883 2451/1/4883 2450/1/4883
f 2442/1/4884 2443/1/4884 2451/1/4884
f 2443/1/4885 2452/1/4885 2451/1/4885
f 2443/1/4886 2444/1/4886 2452/1/4886
f 2444/1/4887 2453/1/4887 2452/1/4887
f 2444/1/4888 2445/1/4888 2453/1/4888
f 2445/1/4889 2454/1/4889 2453/1/4889
f 2445/1/4890 2446/1/4890 2454/1/4890
f 2446/1/4891 2455/1/4891 2454/1/4891
f 2446/1/4892 2447/1/4892 2455/1/4892
f 2447/1/4893 2456/1/4893 2455/1/4893
f 2447/1/4894 2448/1/4894 2456/1/4894
f 2448/1/4895 2449/1/4895 2456/1/4895
f 2448/1/4896 2441/1/4896 2449/1/4896
f 2449/1/4897 2458/1/4897 2457/1/4897
f 2449/1/4898 2450/1/4898 2458/1/4898
f 2450/1/4899 2459/1/4899 2458/1/4899
f 2450/1/4900 2451/1/4900 2459/1/4900
f 2451/1/4901 2460/1/4901 2459/1/4901
f 2451/1/4902 2452/1/4902 2460/1/4902
f 2452/1/4903 2461/1/4903 2460/1/4903
f 2452/1/4904 2453/1/4904 2461/1/4904
f 2453/1/4905 2462/1/4905 2461/1/4905
f 2453/1/4906 2454/1/4906 2462/1/4906
f 2454/1/4907 2463/1/4907 2462/1/4907
f 2454/1/4908 2455/1/4908 2463/1/4908
f 2455/1/4909 2464/1/4909 2463/1/4909
f 2455/1/4910 2456/1/4910 2464/1/4910
f 2456/1/4911 2457/1/4911 2464/1/4911
f 2456/1/4912 2449/1/4912 2457/1/4912
f 2457/1/4913 2466/1/4913 2465/1/4913
f 2457/1/4914 2458/1/4914 2466/1/4914
f 2458/1/4915 2467/1/4915 2466/1/4915
f 2458/1/4916 2459/1/4916 2467/1/4916
f 2459/1/4917 2468/1/4917 2467/1/4917
f 2459/1/4918 2460/1/4918 2468/1/4918
f 2460/1/4919 2469/1/4919 2468/1/4919
f 2460/1/4920 2461/1/4920 2469/1/4920
f 2461/1/4921 2470/1/4921 2469/1/4921
f 2461/1/4922 2462/1/4922 2470/1/4922
f 2462/1/4923 2471/1/4923 2470/1/4923
f 2462/1/4924 2463/1/4924 2471/1/4924
f 2463/1/4925 2472/1/4925 2471/1/4925
f 2463/1/4926 2464/1/4926 2472/1/4926
f 2464/1/4927 2465/1/4927 2472/1/4927
f 2464/1/4928 2457/1/4928 2465/1/4928
f 2465/1/4929 2474/1/4929 2473/1/4929
f 2465/1/4930 2466/1/4930 2474/1/4930
f 2466/1/4931 2475/1/4931 2474/1/4931
f 2466/1/4932 2467/1/4932 2475/1/4932
f 2467/1/4933 2476/1/4933 2475/1/4933
f 2467/1/4934 2468/1/4934 2476/1/4934
f 2468/1/4935 2477/1/4935 2476/1/4935
f 2468/1/4936 2469/1/4936 2477/1/4936
f 2469/1/4937 2478/1/4937 2477/1/4937
f 2469/1/4938 2470/1/4938 2478/1/4938
f 2470/1/4939 2479/1/4939 2478/1/4939
f 2470/1/4940 2471/1/4940 2479/1/4940
f 2471/1/4941 2480/1/4941 2479/1/4941
f 2471/1/4942 2472/1/4942 2480/1/4942
f 2472/1/4943 2473/1/4943 2480/1/4943
f 2472/1/4944 2465/1/4944 2473/1/4944
f 2473/1/4945 2482/1/4945 2481/1/4945
f 2473/1/4946 2474/1/4946 2482/1/4946
f 2474/1/4947 2483/1/4947 2482/1/4947
f 2474/1/4948 2475/1/4948 2483/1/4948
f 2475/1/4949 2484/1/4949 2483/1/4949
f 2475/1/4950 2476/1/4950 2484/1/4950
f 2476/1/4951 2485/1/4951 2484/1/4951
f 2476/1/4952 2477/1/4952 2485/1/4952
f 2477/1/4953 2486/1/4953 2485/1/4953
f 2477/1/4954 2478/1/4954 2486/1/4954
f 2478/1/4955 2487/1/4955 2486/1/4955
f 2478/1/4956 2479/1/4956 2487/1/4956
f 2479/1/4957 2488/1/4957 2487/1/4957
f 2479/1/4958 2480/1/4958 2488/1/4958
f 2480/1/4959 2481/1/4959 2488/1/4959
f 2480/1/4960 2473/1/4960 2481/1/4960
f 2481/1/4961 2490/1/4961 2489/1/4961
f 2481/1/4962 2482/1/4962 2490/1/4962
f 2482/1/4963 2491/1/4963 2490/1/4963
f 2482/1/4964 2483/1/4964 2491/1/4964
f 2483/1/4965 2492/1/4965 2491/1/4965
f 2483/1/4966 2484/1/4966 2492/1/4966
f 2484/1/4967 2493/1/4967 2492/1/4967
f 2484/1/4968 2485/1/4968 2493/1/4968
f 2485/1/4969 2494/1/4969 2493/1/4969
f 2485/1/4970 2486/1/4970 2494/1/4970
f 2486/1/4971 2495/1/4971 2494/1/4971
f 2486/1/4972 2487/1/4972 2495/1/4972
f 2487/1/4973 2496/1/4973 2495/1/4973
f 2487/1/4974 2488/1/4974 2496/1/4974
f 2488/1/4975 2489/1/4975 2496/1/4975
f 2488/1/4976 2481/1/4976 2489/1/4976
f 2489/1/4977 2498/1/4977 2497/1/4977
f 2489/1/4978 2490/1/4978 2498/1/4978
f 2490/1/4979 2499/1/4979 2498/1/4979
f 2490/1/4980 2491/1/4980 2499/1/4980
f 2491/1/4981 2500/1/4981 2499/1/4981
f 2491/1/4982 2492/1/4982 2500/1/4982
f 2492/1/4983 2501/1/4983 2500/1/4983
f 2492/1/4984 2493/1/4984 2501/1/4984
f 2493/1/4985 2502/1/4985 2501/1/4985
f 2493/1/4986 2494/1/4986 2502/1/4986
f 2494/1/4987 2503/1/4987 2502/1/4987
f 2494/1/4988 2495/1/4988 2503/1/4988
f 2495/1/4989 2504/1/4989 2503/1/4989
f 2495/1/4990 2496/1/4990 2504/1/4990
f 2496/1/4991 2497/1/4991 2504/1/4991
f 2496/1/4992 2489/1/4992 2497/1/4992
f 2497/1/4993 2506/1/4993 2505/1/4993
f 2497/1/4994 2498/1/4994 2506/1/4994
f 2498/1/4995 2507/1/4995 2506/1/4995
f 2498/1/4996 2499/1/4996 2507/1/4996
f 2499/1/4997 2508/1/4997 2507/1/4997
f 2499/1/4998 2500/1/4998 2508/1/4998
f 2500/1/4999 2509/1/4999 2508/1/4999
f 2500/1/5000 2501/1/5000 2509/1/5000
f 2501/1/5001 2510/1/5001 2509/1/5001
f 2501/1/5002 2502/1/5002 2510/1/5002
f 2502/1/5003 2511/1/5003 2510/1/5003
f 2502/1/5004 2503/1/5004 2511/1/5004
f 2503/1/5005 2512/1/5005 2511/1/5005
f 2503/1/5006 2504/1/5006 2512/1/5006
f 2504/1/5007 2505/1/5007 2512/1/5007
f 2504/1/5008 2497/1/5008 2505/1/5008
f 2505/1/5009 2514/1/5009 2513/1/5009
f 2505/1/5010 2506/1/5010 2514/1/5010
f 2506/1/5011 2515/1/5011 2514/1/5011
f 2506/1/5012 2507/1/5012 2515/1/5012
f 2507/1/5013 2516/1/5013 2515/1/5013
f 2507/1/5014 2508/1/5014 2516/1/5014
f 2508/1/5015 2517/1/5015 2516/1/5015
f 2508/1/5016 2509/1/5016 2517/1/5016
f 2509/1/5017 2518/1/5017 2517/1/5017
f 2509/1/5018 2510/1/5018 2518/1/5018
f 2510/1/5019 2519/1/5019 2518/1/5019
f 2510/1/5020 2511/1/5020 2519/1/5020
f 2511/1/5021 2520/1/5021 2519/1/5021
f 2511/1/5022 2512/1/5022 2520/1/5022
f 2512/1/5023 2513/1/5023 2520/1/5023
f 2512/1/5024 2505/1/5024 2513/1/5024
f 2513/1/5025 2522/1/5025 2521/1/5025
f 2513/1/5026 2514/1/5026 2522/1/5026
f 2514/1/5027 2523/1/5027 2522/1/5027
f 2514/1/5028 2515/1/5028 2523/1/5028
f 2515/1/5029 2524/1/5029 2523/1/5029
f 2515/1/5030 2516/1/5030 2524/1/5030
f 2516/1/5031 2525/1/5031 2524/1/5031
f 2516/1/5032 2517/1/5032 2525/1/5032
f 2517/1/5033 2526/1/5033 2525/1/5033
f 2517/1/5034 2518/1/5034 2526/1/5034
f 2518/1/5035 2527/1/5035 2526/1/5035
f 2518/1/5036 2519/1/5036 2527/1/5036
f 2519/1/5037 2528/1/5037 2527/1/5037
f 2519/1/5038 2520/1/5038 2528/1/5038
f 2520/1/5039 2521/1/5039 2528/1/5039
f 2520/1/5040 2513/1/5040 2521/1/5040
f 2521/1/5041 2530/1/5041 2529/1/5041
f 2521/1/5042 2522/1/5042 2530/1/5042
f 2522/1/5043 2531/1/5043 2530/1/5043
f 2522/1/5044 2523/1/5044 2531/1/5044
f 2523/1/5045 2532/1/5045 2531/1/5045
f 2523/1/5046 2524/1/5046 2532/1/5046
f 2524/1/5047 2533/1/5047 2532/1/5047
f 2524/1/5048 2525/1/5048 2533/1/5048
f 2525/1/5049 2534/1/5049 2533/1/5049
f 2525/1/5050 2526/1/5050 2534/1/5050
f 2526/1/5051 2535/1/5051 2534/1/5051
f 2526/1/5052 2527/1/5052 2535/1/5052
f 2527/1/5053 2536/1/5053 2535/1/5053
f 2527/1/5054 2528/1/5054 2536/1/5054
f 2528/1/5055 2529/1/5055 2536/1/5055
f 2528/1/5056 2521/1/5056 2529/1/5056
f 2529/1/5057 2538/1/5057 2537/1/5057
f 2529/1/5058 2530/1/5058 2538/1/5058
f 2530/1/5059 2539/1/5059 2538/1/5059
f 2530/1/5060 2531/1/5060 2539/1/5060
f 2531/1/5061 2540/1/5061 2539/1/5061
f 2531/1/5062 2532/1/5062 2540/1/5062
f 2532/1/5063 2541/1/5063 2540/1/5063
f 2532/1/5064 2533/1/5064 2541/1/5064
f 2533/1/5065 2542/1/5065 2541/1/5065
f 2533/1/5066 2534/1/5066 2542/1/5066
f 2534/1/5067 2543/1/5067 2542/1/5067
f 2534/1/5068 2535/1/5068 2543/1/5068
f 2535/1/5069 2544/1/5069 2543/1/5069
f 2535/1/5070 2536/1/5070 2544/1/5070
f 2536/1/5071 2537/1/5071 2544/1/5071
f 2536/1/5072 2529/1/5072 2537/1/5072
f 2537/1/5073 2546/1/5073 2545/1/5073
f 2537/1/5074 2538/1/5074 2546/1/5074
f 2538/1/5075 2547/1/5075 2546/1/5075
f 2538/1/5076 2539/1/5076 2547/1/5076
f 2539/1/5077 2548/1/5077 2547/1/5077
f 2539/1/5078 2540/1/5078 2548/1/5078
f 2540/1/5079 2549/1/5079 2548/1/5079
f 2540/1/5080 2541/1/5080 2549/1/5080
f 2541/1/5081 2550/1/5081 2549/1/5081
f 2541/1/5082 2542/1/5082 2550/1/5082
f 2542/1/5083 2551/1/5083 2550/1/5083
f 2542/1/5084 2543/1/5084 2551/1/5084
f 2543/1/5085 2552/1/5085 2551/1/5085
f 2543/1/5086 2544/1/5086 2552/1/5086
f 2544/1/5087 2545/1/5087 2552/1/5087
f 2544/1/5088 2537/1/5088 2545/1/5088
f 2545/1/5089 2554/1/5089 2553/1/5089
f 2545/1/5090 2546/1/5090 2554/1/5090
f 2546/1/5091 2555/1/5091 2554/1/5091
f 2546/1/5092 2547/1/5092 2555/1/5092
f 2547/1/5093 2556/1/5093 2555/1/5093
f 2547/1/5094 2548/1/5094 2556/1/5094
f 2548/1/5095 2557/1/5095 2556/1/5095
f 2548/1/5096 2549/1/5096 2557/1/5096
f 2549/1/5097 2558/1/5097 2557/1/5097
f 2549/1/5098 2550/1/5098 2558/1/5098
f 2550/1/5099 2559/1/5099 2558/1/5099
f 2550/1/5100 2551/1/5100 2559/1/5100
f 2551/1/5101 2560/1/5101 2559/1/5101
f 2551/1/5102 2552/1/5102 2560/1/5102
f 2552/1/5103 2553/1/5103 2560/1/5103
f 2552/1/5104 2545/1/5104 2553/1/5104
f 2553/1/5105 2562/1/5105 2561/1/5105
f 2553/1/5106 2554/1/5106 2562/1/5106
f 2554/1/5107 2563/1/5107 2562/1/5107
f 2554/1/5108 2555/1/5108 2563/1/5108
f 2555/1/5109 2564/1/5109 2563/1/5109
f 2555/1/5110 2556/1/5110 2564/1/5110
f 2556/1/5111 2565/1/5111 2564/1/5111
f 2556/1/5112 2557/1/5112 2565/1/5112
f 2557/1/5113 2566/1/5113 2565/1/5113
f 2557/1/5114 2558/1/5114 2566/1/5114
f 2558/1/5115 2567/1/5115 2566/1/5115
f 2558/1/5116 2559/1/5116 2567/1/5116
f 2559/1/5117 2568/1/5117 2567/1/5117
f 2559/1/5118 2560/1/5118 2568/1/5118
f 2560/1/5119 2561/1/5119 2568/1/5119
f 2560/1/5120 2553/1/5120 2561/1/5120
f 2561/1/5121 2570/1/5121 2569/1/5121
f 2561/1/5122 2562/1/5122 2570/1/5122
f 2562/1/5123 2571/1/5123 2570/1/5123
f 2562/1/5124 2563/1/5124 2571/1/5124
f 2563/1/5125 2572/1/5125 2571/1/5125
f 2563/1/5126 2564/1/5126 2572/1/5126
f 2564/1/5127 2573/1/5127 2572/1/5127
f 2564/1/5128 2565/1/5128 2573/1/5128
f 2565/1/5129 2574/1/5129 2573/1/5129
f 2565/1/5130 2566/1/5130 2574/1/5130
f 2566/1/5131 2575/1/5131 2574/1/5131
f 2566/1/5132 2567/1/5132 2575/1/5132
f 2567/1/5133 2576/1/5133 2575/1/5133
f 2567/1/5134 2568/1/5134 2576/1/5134
f 2568/1/5135 2569/1/5135 2576/1/5135
f 2568/1/5136 2561/1/5136 2569/1/5136
f 2569/1/5137 2578/1/5137 2577/1/5137
f 2569/1/5138 2570/1/5138 2578/1/5138
f 2570/1/5139 2579/1/5139 2578/1/5139
f 2570/1/5140 2571/1/5140 2579/1/5140
f 2571/1/5141 2580/1/5141 2579/1/5141
f 2571/1/5142 2572/1/5142 2580/1/5142
f 2572/1/5143 2581/1/5143 2580/1/5143
f 2572/1/5144 2573/1/5144 2581/1/5144
f 2573/1/5145 2582/1/5145 2581/1/5145
f 2573/1/5146 2574/1/5146 2582/1/5146
f 2574/1/5147 2583/1/5147 2582/1/5147
f 2574/1/5148 2575/1/5148 2583/1/5148
f 2575/1/5149 2584/1/5149 2583/1/5149
f 2575/1/5150 2576/1/5150 2584/1/5150
f 2576/1/5151 2577/1/5151 2584/1/5151
f 2576/1/5152 2569/1/5152 2577/1/5152
f 2577/1/5153 2586/1/5153 2585/1/5153
f 2577/1/5154 2578/1/5154 2586/1/5154
f 2578/1/5155 2587/1/5155 2586/1/5155
f 2578/1/5156 2579/1/5156 2587/1/5156
f 2579/1/5157 2588/1/5157 2587/1/5157
f 2579/1/5158 2580/1/5158 2588/1/5158
f 2580/1/5159 2589/1/5159 2588/1/5159
f 2580/1/5160 2581/1/5160 2589/1/5160
f 2581/1/5161 2590/1/5161 2589/1/5161
f 2581/1/5162 2582/1/5162 2590/1/5162
f 2582/1/5163 2591/1/5163 2590/1/5163
f 2582/1/5164 2583/1/5164 2591/1/5164
f 2583/1/5165 2592/1/5165 2591/1/5165
f 2583/1/5166 2584/1/5166 2592/1/5166
f 2584/1/5167 2585/1/5167 2592/1/5167
f 2584/1/5168 2577/1/5168 2585/1/5168
f 2585/1/5169 2594/1/5169 2593/1/5169
f 2585/1/5170 2586/1/5170 2594/1/5170
f 2586/1/5171 2595/1/5171 2594/1/5171
f 2586/1/5172 2587/1/5172 2595/1/5172
f 2587/1/5173 2596/1/5173 2595/1/5173
f 2587/1/5174 2588/1/5174 2596/1/5174
f 2588/1/5175 2597/1/5175 2596/1/5175
f 2588/1/5176 2589/1/5176 2597/1/5176
f 2589/1/5177 2598/1/5177 2597/1/5177
f 2589/1/5178 2590/1/5178 2598/1/5178
f 2590/1/5179 2599/1/5179 2598/1/5179
f 2590/1/5180 2591/1/5180 2599/1/5180
f 2591/1/5181 2600/1/5181 2599/1/5181
f 2591/1/5182 2592/1/5182 2600/1/5182
f 2592/1/5183 2593/1/5183 2600/1/5183
f 2592/1/5184 2585/1/5184 2593/1/5184
f 2593/1/5185 2602/1/5185 2601/1/5185
f 2593/1/5186 2594/1/5186 2602/1/5186
f 2594/1/5187 2603/1/5187 2602/1/5187
f 2594/1/5188 2595/1/5188 2603/1/5188
f 2595/1/5189 2604/1/5189 2603/1/5189
f 2595/1/5190 2596/1/5190 2604/1/5190
f 2596/1/5191 2605/1/5191 2604/1/5191
f 2596/1/5192 2597/1/5192 2605/1/5192
f 2597/1/5193 2606/1/5193 2605/1/5193
f 2597/1/5194 2598/1/5194 2606/1/5194
f 2598/1/5195 2607/1/5195 2606/1/5195
f 2598/1/5196 2599/1/5196 2607/1/5196
f 2599/1/5197 2608/1/5197 2607/1/5197
f 2599/1/5198 2600/1/5198 2608/1/5198
f 2600/1/5199 2601/1/5199 2608/1/5199
f 2600/1/5200 2593/1/5200 2601/1/5200
f 2601/1/5201 2610/1/5201 2609/1/5201
f 2601/1/5202 2602/1/5202 2610/1/5202
f 2602/1/5203 2611/1/5203 2610/1/5203
f 2602/1/5204 2603/1/5204 2611/1/5204
f 2603/1/5205 2612/1/5205 2611/1/5205
f 2603/1/5206 2604/1/5206 2612/1/5206
f 2604/1/5207 2613/1/5207 2612/1/5207
f 2604/1/5208 2605/1/5208 2613/1/5208
f 2605/1/5209 2614/1/5209 2613/1/5209
f 2605/1/5210 2606/1/5210 2614/1/5210
f 2606/1/5211 2615/1/5211 2614/1/5211
f 2606/1/5212 2607/1/5212 2615/1/5212
f 2607/1/5213 2616/1/5213 2615/1/5213
f 2607/1/5214 2608/1/5214 2616/1/5214
f 2608/1/5215 2609/1/5215 2616/1/5215
f 2608/1/5216 2601/1/5216 2609/1/5216
f 2609/1/5217 2618/1/5217 2617/1/5217
f 2609/1/5218 2610/1/5218 2618/1/5218
f 2610/1/5219 2619/1/5219 2618/1/5219
f 2610/1/5220 2611/1/5220 2619/1/5220
f 2611/1/5221 2620/1/5221 2619/1/5221
f 2611/1/5222 2612/1/5222 2620/1/5222
f 2612/1/5223 2621/1/5223 2620/1/5223
f 2612/1/5224 2613/1/5224 2621/1/5224
f 2613/1/5225 2622/1/5225 2621/1/5225
f 2613/1/5226 2614/1/5226 2622/1/5226
f 2614/1/5227 2623/1/5227 2622/1/5227
f 2614/1/5228 2615/1/5228 2623/1/5228
f 2615/1/5229 2624/1/5229 2623/1/5229
f 2615/1/5230 2616/1/5230 2624/1/5230
f 2616/1/5231 2617/1/5231 2624/1/5231
f 2616/1/5232 2609/1/5232 2617/1/5232
f 2617/1/5233 2626/1/5233 2625/1/5233
f 2617/1/5234 2618/1/5234 2626/1/5234
f 2618/1/5235 2627/1/5235 2626/1/5235
f 2618/1/5236 2619/1/5236 2627/1/5236
f 2619/1/5237 2628/1/5237 2627/1/5237
f 2619/1/5238 2620/1/5238 2628/1/5238
f 2620/1/5239 2629/1/5239 2628/1/5239
f 2620/1/5240 2621/1/5240 2629/1/5240
f 2621/1/5241 2630/1/5241 2629/1/5241
f 2621/1/5242 2622/1/5242 2630/1/5242
f 2622/1/5243 2631/1/5243 2630/1/5243
f 2622/1/5244 2623/1/5244 2631/1/5244
f 2623/1/5245 2632/1/5245 2631/1/5245
f 2623/1/5246 2624/1/5246 2632/1/5246
f 2624/1/5247 2625/1/5247 2632/1/5247
f 2624/1/5248 2617/1/5248 2625/1/5248
f 2625/1/5249 2634/1/5249 2633/1/5249
f 2625/1/5250 2626/1/5250 2634/1/5250
f 2626/1/5251 2635/1/5251 2634/1/5251
f 2626/1/5252 2627/1/5252 2635/1/5252
f 2627/1/5253 2636/1/5253 2635/1/5253
f 2627/1/5254 2628/1/5254 2636/1/5254
f 2628/1/5255 2637/1/5255 2636/1/5255
f 2628/1/5256 2629/1/5256 2637/1/5256
f 2629/1/5257 2638/1/5257 2637/1/5257
f 2629/1/5258 2630/1/5258 2638/1/5258
f 2630/1/5259 2639/1/5259 2638/1/5259
f 2630/1/5260 2631/1/5260 2639/1/5260
f 2631/1/5261 2640/1/5261 2639/1/5261
f 2631/1/5262 2632/1/5262 2640/1/5262
f 2632/1/5263 2633/1/5263 2640/1/5263
f 2632/1/5264 2625/1/5264 2633/1/5264
f 2633/1/5265 2642/1/5265 2641/1/5265
f 2633/1/5266 2634/1/5266 2642/1/5266
f 2634/1/5267 2643/1/5267 2642/1/5267
f 2634/1/5268 2635/1/5268 2643/1/5268
f 2635/1/5269 2644/1/5269 2643/1/5269
f 2635/1/5270 2636/1/5270 2644/1/5270
f 2636/1/5271 2645/1/5271 2644/1/5271
f 2636/1/5272 2637/1/5272 2645/1/5272
f 2637/1/5273 2646/1/5273 2645/1/5273
f 2637/1/5274 2638/1/5274 2646/1/5274
f 2638/1/5275 2647/1/5275 2646/1/5275
f 2638/1/5276 2639/1/5276 2647/1/5276
f 2639/1/5277 2648/1/5277 2647/1/5277
f 2639/1/5278 2640/1/5278 2648/1/5278
f 2640/1/5279 2641/1/5279 2648/1/5279
f 2640/1/5280 2633/1/5280 2641/1/5280
f 2641/1/5281 2650/1/5281 2649/1/5281
f 2641/1/5282 2642/1/5282 2650/1/5282
f 2642/1/5283 2651/1/5283 2650/1/5283
f 2642/1/5284 2643/1/5284 2651/1/5284
f 2643/1/5285 2652/1/5285 2651/1/5285
f 2643/1/5286 2644/1/5286 2652/1/5286
f 2644/1/5287 2653/1/5287 2652/1/5287
f 2644/1/5288 2645/1/5288 2653/1/5288
f 2645/1/5289 2654/1/5289 2653/1/5289
f 2645/1/5290 2646/1/5290 2654/1/5290
f 2646/1/5291 2655/1/5291 2654/1/5291
f 2646/1/5292 2647/1/5292 2655/1/5292
f 2647/1/5293 2656/1/5293 2655/1/5293
f 2647/1/5294 2648/1/5294 2656/1/5294
f 2648/1/5295 2649/1/5295 2656/1/5295
f 2648/1/5296 2641/1/5296 2649/1/5296
f 2649/1/5297 2658/1/5297 2657/1/5297
f 2649/1/5298 2650/1/5298 2658/1/5298
f 2650/1/5299 2659/1/5299 2658/1/5299
f 2650/1/5300 2651/1/5300 2659/1/5300
f 2651/1/5301 2660/1/5301 2659/1/5301
f 2651/1/5302 2652/1/5302 2660/1/5302
f 2652/1/5303 2661/1/5303 2660/1/5303
f 2652/1/5304 2653/1/5304 2661/1/5304
f 2653/1/5305 2662/1/5305 2661/1/5305
f 2653/1/5306 2654/1/5306 2662/1/5306
f 2654/1/5307 2663/1/5307 2662/1/5307
f 2654/1/5308 2655/1/5308 2663/1/5308
f 2655/1/5309 2664/1/5309 2663/1/5309
f 2655/1/5310 2656/1/5310 2664/1/5310
f 2656/1/5311 2657/1/5311 2664/1/5311
f 2656/1/5312 2649/1/5312 2657/1/5312
f 2657/1/5313 2666/1/5313 2665/1/5313
f 2657/1/5314 2658/1/5314 2666/1/5314
f 2658/1/5315 2667/1/5315 2666/1/5315
f 2658/1/5316 2659/1/5316 2667/1/5316
f 2659/1/5317 2668/1/5317 2667/1/5317
f 2659/1/5318 2660/1/5318 2668/1/5318
f 2660/1/5319 2669/1/5319 2668/1/5319
f 2660/1/5320 2661/1/5320 2669/1/5320
f 2661/1/5321 2670/1/5321 2669/1/5321
f 2661/1/5322 2662/1/5322 2670/1/5322
f 2662/1/5323 2671/1/5323 2670/1/5323
f 2662/1/5324 2663/1/5324 2671/1/5324
f 2663/1/5325 2672/1/5325 2671/1/5325
f 2663/1/5326 2664/1/5326 2672/1/5326
f 2664/1/5327 2665/1/5327 2672/1/5327
f 2664/1/5328 2657/1/5328 2665/1/5328
f 2665/1/5329 2674/1/5329 2673/1/5329
f 2665/1/5330 2666/1/5330 2674/1/5330
f 2666/1/5331 2675/1/5331 2674/1/5331
f 2666/1/5332 2667/1/5332 2675/1/5332
f 2667/1/5333 2676/1/5333 2675/1/5333
f 2667/1/5334 2668/1/5334 2676/1/5334
f 2668/1/5335 2677/1/5335 2676/1/5335
f 2668/1/5336 2669/1/5336 2677/1/5336
f 2669/1/5337 2678/1/5337 2677/1/5337
f 2669/1/5338 2670/1/5338 2678/1/5338
f 2670/1/5339 2679/1/5339 2678/1/5339
f 2670/1/5340 2671/1/5340 2679/1/5340
f 2671/1/5341 2680/1/5341 2679/1/5341
f 2671/1/5342 2672/1/5342 2680/1/5342
f 2672/1/5343 2673/1/5343 2680/1/5343
f 2672/1/5344 2665/1/5344 2673/1/5344
f 2673/1/5345 2682/1/5345 2681/1/5345
f 2673/1/5346 2674/1/5346 2682/1/5346
f 2674/1/5347 2683/1/5347 2682/1/5347
f 2674/1/5348 2675/1/5348 2683/1/5348
f 2675/1/5349 2684/1/5349 2683/1/5349
f 2675/1/5350 2676/1/5350 2684/1/5350
f 2676/1/5351 2685/1/5351 2684/1/5351
f 2676/1/5352 2677/1/5352 2685/1/5352
f 2677/1/5353 2686/1/5353 2685/1/5353
f 2677/1/5354 2678/1/5354 2686/1/5354
f 2678/1/5355 2687/1/5355 2686/1/5355
f 2678/1/5356 2679/1/5356 2687/1/5356
f 2679/1/5357 2688/1/5357 2687/1/5357
f 2679/1/5358 2680/1/5358 2688/1/5358
f 2680/1/5359 2681/1/5359 2688/1/5359
f 2680/1/5360 2673/1/5360 2681/1/5360
f 2681/1/5361 2690/1/5361 2689/1/5361
f 2681/1/5362 2682/1/5362 2690/1/5362
f 2682/1/5363 2691/1/5363 2690/1/5363
f 2682/1/5364 2683/1/5364 2691/1/5364
f 2683/1/5365 2692/1/5365 2691/1/5365
f 2683/1/5366 2684/1/5366 2692/1/5366
f 2684/1/5367 2693/1/5367 2692/1/5367
f 2684/1/5368 2685/1/5368 2693/1/5368
f 2685/1/5369 2694/1/5369 2693/1/5369
f 2685/1/5370 2686/1/5370 2694/1/5370
f 2686/1/5371 2695/1/5371 2694/1/5371
f 2686/1/5372 2687/1/5372 2695/1/5372
f 2687/1/5373 2696/1/5373 2695/1/5373
f 2687/1/5374 2688/1/5374 2696/1/5374
f 2688/1/5375 2689/1/5375 2696/1/5375
f 2688/1/5376 2681/1/5376 2689/1/5376
f 2689/1/5377 2698/1/5377 2697/1/5377
f 2689/1/5378 2690/1/5378 2698/1/5378
f 2690/1/5379 2699/1/5379 2698/1/5379
f 2690/1/5380 2691/1/5380 2699/1/5380
f 2691/1/5381 2700/1/5381 2699/1/5381
f 2691/1/5382 2692/1/5382 2700/1/5382
f 2692/1/5383 2701/1/5383 2700/1/5383
f 2692/1/5384 2693/1/5384 2701/1/5384
f 2693/1/5385 2702/1/5385 2701/1/5385
f 2693/1/5386 2694/1/5386 2702/1/5386
f 2694/1/5387 2703/1/5387 2702/1/5387
f 2694/1/5388 2695/1/5388 2703/1/5388
f 2695/1/5389 2704/1/5389 2703/1/5389
f 2695/1/5390 2696/1/5390 2704/1/5390
f 2696/1/5391 2697/1/5391 2704/1/5391
f 2696/1/5392 2689/1/5392 2697/1/5392
f 2697/1/5393 2706/1/5393 2705/1/5393
f 2697/1/5394 2698/1/5394 2706/1/5394
f 2698/1/5395 2707/1/5395 2706/1/5395
f 2698/1/5396 2699/1/5396 2707/1/5396
f 2699/1/5397 2708/1/5397 2707/1/5397
f 2699/1/5398 2700/1/5398 2708/1/5398
f 2700/1/5399 2709/1/5399 2708/1/5399
f 2700/1/5400 2701/1/5400 2709/1/5400
f 2701/1/5401 2710/1/5401 2709/1/5401
f 2701/1/5402 2702/1/5402 2710/1/5402
f 2702/1/5403 2711/1/5403 2710/1/5403
f 2702/1/5404 2703/1/5404 2711/1/5404
f 2703/1/5405 2712/1/5405 2711/1/5405
f 2703/1/5406 2704/1/5406 2712/1/5406
f 2704/1/5407 2705/1/5407 2712/1/5407
f 2704/1/5408 2697/1/5408 2705/1/5408
f 2705/1/5409 2714/1/5409 2713/1/5409
f 2705/1/5410 2706/1/5410 2714/1/5410
f 2706/1/5411 2715/1/5411 2714/1/5411
f 2706/1/5412 2707/1/5412 2715/1/5412
f 2707/1/5413 2716/1/5413 2715/1/5413
f 2707/1/5414 2708/1/5414 2716/1/5414
f 2708/1/5415 2717/1/5415 2716/1/5415
f 2708/1/5416 2709/1/5416 2717/1/5416
f 2709/1/5417 2718/1/5417 2717/1/5417
f 2709/1/5418 2710/1/5418 2718/1/5418
f 2710/1/5419 2719/1/5419 2718/1/5419
f 2710/1/5420 2711/1/5420 2719/1/5420
f 2711/1/5421 2720/1/5421 2719/1/5421
f 2711/1/5422 2712/1/5422 2720/1/5422
f 2712/1/5423 2713/1/5423 2720/1/5423
f 2712/1/5424 2705/1/5424 2713/1/5424
f 2713/1/5425 2722/1/5425 2721/1/5425
f 2713/1/5426 2714/1/5426 2722/1/5426
f 2714/1/5427 2723/1/5427 2722/1/5427
f 2714/1/5428 2715/1/5428 2723/1/5428
f 2715/1/5429 2724/1/5429 2723/1/5429
f 2715/1/5430 2716/1/5430 2724/1/5430
f 2716/1/5431 2725/1/5431 2724/1/5431
f 2716/1/5432 2717/1/5432 2725/1/5432
f 2717/1/5433 2726/1/5433 2725/1/5433
f 2717/1/5434 2718/1/5434 2726/1/5434
f 2718/1/5435 2727/1/5435 2726/1/5435
f 2718/1/5436 2719/1/5436 2727/1/5436
f 2719/1/5437 2728/1/5437 2727/1/5437
f 2719/1/5438 2720/1/5438 2728/1/5438
f 2720/1/5439 2721/1/5439 2728/1/5439
f 2720/1/5440 2713/1/5440 2721/1/5440
f 2721/1/5441 2730/1/5441 2729/1/5441
f 2721/1/5442 2722/1/5442 2730/1/5442
f 2722/1/5443 2731/1/5443 2730/1/5443
f 2722/1/5444 2723/1/5444 2731/1/5444
f 2723/1/5445 2732/1/5445 2731/1/5445
f 2723/1/5446 2724/1/5446 2732/1/5446
f 2724/1/5447 2733/1/5447 2732/1/5447
f 2724/1/5448 2725/1/5448 2733/1/5448
f 2725/1/5449 2734/1/5449 2733/1/5449
f 2725/1/5450 2726/1/5450 2734/1/5450
f 2726/1/5451 2735/1/5451 2734/1/5451
f 2726/1/5452 2727/1/5452 2735/1/5452
f 2727/1/5453 2736/1/5453 2735/1/5453
f 2727/1/5454 2728/1/5454 2736/1/5454
f 2728/1/5455 2729/1/5455 2736/1/5455
f 2728/1/5456 2721/1/5456 2729/1/5456
f 2729/1/5457 2738/1/5457 2737/1/5457
f 2729/1/5458 2730/1/5458 2738/1/5458
f 2730/1/5459 2739/1/5459 2738/1/5459
f 2730/1/5460 2731/1/5460 2739/1/5460
f 2731/1/5461 2740/1/5461 2739/1/5461
f 2731/1/5462 2732/1/5462 2740/1/5462
f 2732/1/5463 2741/1/5463 2740/1/5463
f 2732/1/5464 2733/1/5464 2741/1/5464
f 2733/1/5465 2742/1/5465 2741/1/5465
f 2733/1/5466 2734/1/5466 2742/1/5466
f 2734/1/5467 2743/1/5467 2742/1/5467
f 2734/1/5468 2735/1/5468 2743/1/5468
f 2735/1/5469 2744/1/5469 2743/1/5469
f 2735/1/5470 2736/1/5470 2744/1/5470
f 2736/1/5471 2737/1/5471 2744/1/5471
f 2736/1/5472 2729/1/5472 2737/1/5472
f 2737/1/5473 2746/1/5473 2745/1/5473
f 2737/1/5474 2738/1/5474 2746/1/5474
f 2738/1/5475 2747/1/5475 2746/1/5475
f 2738/1/5476 2739/1/5476 2747/1/5476
f 2739/1/5477 2748/1/5477 2747/1/5477
f 2739/1/5478 2740/1/5478 2748/1/5478
f 2740/1/5479 2749/1/5479 2748/1/5479
f 2740/1/5480 2741/1/5480 2749/1/5480
f 2741/1/5481 2750/1/5481 2749/1/5481
f 2741/1/5482 2742/1/5482 2750/1/5482
f 2742/1/5483 2751/1/5483 2750/1/5483
f 2742/1/5484 2743/1/5484 2751/1/5484
f 2743/1/5485 2752/1/5485 2751/1/5485
f 2743/1/5486 2744/1/5486 2752/1/5486
f 2744/1/5487 2745/1/5487 2752/1/5487
f 2744/1/5488 2737/1/5488 2745/1/5488
f 2745/1/5489 2754/1/5489 2753/1/5489
f 2745/1/5490 2746/1/5490 2754/1/5490
f 2746/1/5491 2755/1/5491 2754/1/5491
f 2746/1/5492 2747/1/5492 2755/1/5492
f 2747/1/5493 2756/1/5493 2755/1/5493
f 2747/1/5494 2748/1/5494 2756/1/5494
f 2748/1/5495 2757/1/5495 2756/1/5495
f 2748/1/5496 2749/1/5496 2757/1/5496
f 2749/1/5497 2758/1/5497 2757/1/5497
f 2749/1/5498 2750/1/5498 2758/1/5498
f 2750/1/5499 2759/1/5499 2758/1/5499
f 2750/1/5500 2751/1/5500 2759/1/5500
f 2751/1/5501 2760/1/5501 2759/1/5501
f 2751/1/5502 2752/1/5502 2760/1/5502
f 2752/1/5503 2753/1/5503 2760/1/5503
f 2752/1/5504 2745/1/5504 2753/1/5504
f 2753/1/5505 2762/1/5505 2761/1/5505
f 2753/1/5506 2754/1/5506 2762/1/5506
f 2754/1/5507 2763/1/5507 2762/1/5507
f 2754/1/5508 2755/1/5508 2763/1/5508
f 2755/1/5509 2764/1/5509 2763/1/5509
f 2755/1/5510 2756/1/5510 2764/1/5510
f 2756/1/5511 2765/1/5511 2764/1/5511
f 2756/1/5512 2757/1/5512 2765/1/5512
f 2757/1/5513 2766/1/5513 2765/1/5513
f 2757/1/5514 2758/1/5514 2766/1/5514
f 2758/1/5515 2767/1/5515 2766/1/5515
f 2758/1/5516 2759/1/5516 2767/1/5516
f 2759/1/5517 2768/1/5517 2767/1/5517
f 2759/1/5518 2760/1/5518 2768/1/5518
f 2760/1/5519 2761/1/5519 2768/1/5519
f 2760/1/5520 2753/1/5520 2761/1/5520
f 2761/1/5521 2770/1/5521 2769/1/5521
f 2761/1/5522 2762/1/5522 2770/1/5522
f 2762/1/5523 2771/1/5523 2770/1/5523
f 2762/1/5524 2763/1/5524 2771/1/5524
f 2763/1/5525 2772/1/5525 2771/1/5525
f 2763/1/5526 2764/1/5526 2772/1/5526
f 2764/1/5527 2773/1/5527 2772/1/5527
f 2764/1/5528 2765/1/5528 2773/1/5528
f 2765/1/5529 2774/1/5529 2773/1/5529
f 2765/1/5530 2766/1/5530 2774/1/5530
f 2766/1/5531 2775/1/5531 2774/1/5531
f 2766/1/5532 2767/1/5532 2775/1/5532
f 2767/1/5533 2776/1/5533 2775/1/5533
f 2767/1/5534 2768/1/5534 2776/1/5534
f 2768/1/5535 2769/1/5535 2776/1/5535
f 2768/1/5536 2761/1/5536 2769/1/5536
f 2769/1/5537 2778/1/5537 2777/1/5537
f 2769/1/5538 2770/1/5538 2778/1/5538
f 2770/1/5539 2779/1/5539 2778/1/5539
f 2770/1/5540 2771/1/5540 2779/1/5540
f 2771/1/5541 2780/1/5541 2779/1/5541
f 2771/1/5542 2772/1/5542 2780/1/5542
f 2772/1/5543 2781/1/5543 2780/1/5543
f 2772/1/5544 2773/1/5544 2781/1/5544
f 2773/1/5545 2782/1/5545 2781/1/5545
f 2773/1/5546 2774/1/5546 2782/1/5546
f 2774/1/5547 2783/1/5547 2782/1/5547
f 2774/1/5548 2775/1/5548 2783/1/5548
f 2775/1/5549 2784/1/5549 2783/1/5549
f 2775/1/5550 2776/1/5550 2784/1/5550
f 2776/1/5551 2777/1/5551 2784/1/5551
f 2776/1/5552 2769/1/5552 2777/1/5552
f 2777/1/5553 2786/1/5553 2785/1/5553
f 2777/1/5554 2778/1/5554 2786/1/5554
f 2778/1/5555 2787/1/5555 2786/1/5555
f 2778/1/5556 2779/1/5556 2787/1/5556
f 2779/1/5557 2788/1/5557 2787/1/5557
f 2779/1/5558 2780/1/5558 2788/1/5558
f 2780/1/5559 2789/1/5559 2788/1/5559
f 2780/1/5560 2781/1/5560 2789/1/5560
f 2781/1/5561 2790/1/5561 2789/1/5561
f 2781/1/5562 2782/1/5562 2790/1/5562
f 2782/1/5563 2791/1/5563 2790/1/5563
f 2782/1/5564 2783/1/5564 2791/1/5564
f 2783/1/5565 2792/1/5565 2791/1/5565
f 2783/1/5566 2784/1/5566 2792/1/5566
f 2784/1/5567 2785/1/5567 2792/1/5567
f 2784/1/5568 2777/1/5568 2785/1/5568
f 2785/1/5569 2794/1/5569 2793/1/5569
f 2785/1/5570 2786/1/5570 2794/1/5570
f 2786/1/5571 2795/1/5571 2794/1/5571
f 2786/1/5572 2787/1/5572 2795/1/5572
f 2787/1/5573 2796/1/5573 2795/1/5573
f 2787/1/5574 2788/1/5574 2796/1/5574
f 2788/1/5575 2797/1/5575 2796/1/5575
f 2788/1/5576 2789/1/5576 2797/1/5576
f 2789/1/5577 2798/1/5577 2797/1/5577
f 2789/1/5578 2790/1/5578 2798/1/5578
f 2790/1/5579 2799/1/5579 2798/1/5579
f 2790/1/5580 2791/1/5580 2799/1/5580
f 2791/1/5581 2800/1/5581 2799/1/5581
f 2791/1/5582 2792/1/5582 2800/1/5582
f 2792/1/5583 2793/1/5583 2800/1/5583
f 2792/1/5584 2785/1/5584 2793/1/5584
f 2793/1/5585 2802/1/5585 2801/1/5585
f 2793/1/5586 2794/1/5586 2802/1/5586
f 2794/1/5587 2803/1/5587 2802/1/5587
f 2794/1/5588 2795/1/5588 2803/1/5588
f 2795/1/5589 2804/1/5589 2803/1/5589
f 2795/1/5590 2796/1/5590 2804/1/5590
f 2796/1/5591 2805/1/5591 2804/1/5591
f 2796/1/5592 2797/1/5592 2805/1/5592
f 2797/1/5593 2806/1/5593 2805/1/5593
f 2797/1/5594 2798/1/5594 2806/1/5594
f 2798/1/5595 2807/1/5595 2806/1/5595
f 2798/1/5596 2799/1/5596 2807/1/5596
f 2799/1/5597 2808/1/5597 2807/1/5597
f 2799/1/5598 2800/1/5598 2808/1/5598
f 2800/1/5599 2801/1/5599 2808/1/5599
f 2800/1/5600 2793/1/5600 2801/1/5600
f 2801/1/5601 2810/1/5601 2809/1/5601
f 2801/1/5602 2802/1/5602 2810/1/5602
f 2802/1/5603 2811/1/5603 2810/1/5603
f 2802/1/5604 2803/1/5604 2811/1/5604
f 2803/1/5605 2812/1/5605 2811/1/5605
f 2803/1/5606 2804/1/5606 2812/1/5606
f 2804/1/5607 2813/1/5607 2812/1/5607
f 2804/1/5608 2805/1/5608 2813/1/5608
f 2805/1/5609 2814/1/5609 2813/1/5609
f 2805/1/5610 2806/1/5610 2814/1/5610
f 2806/1/5611 2815/1/5611 2814/1/5611
f 2806/1/5612 2807/1/5612 2815/1/5612
f 2807/1/5613 2816/1/5613 2815/1/5613
f 2807/1/5614 2808/1/5614 2816/1/5614
f 2808/1/5615 2809/1/5615 2816/1/5615
f 2808/1/5616 2801/1/5616 2809/1/5616
f 2809/1/5617 2818/1/5617 2817/1/5617
f 2809/1/5618 2810/1/5618 2818/1/5618
f 2810/1/5619 2819/1/5619 2818/1/5619
f 2810/1/5620 2811/1/5620 2819/1/5620
f 2811/1/5621 2820/1/5621 2819/1/5621
f 2811/1/5622 2812/1/5622 2820/1/5622
f 2812/1/5623 2821/1/5623 2820/1/5623
f 2812/1/5624 2813/1/5624 2821/1/5624
f 2813/1/5625 2822/1/5625 2821/1/5625
f 2813/1/5626 2814/1/5626 2822/1/5626
f 2814/1/5627 2823/1/5627 2822/1/5627
f 2814/1/5628 2815/1/5628 2823/1/5628
f 2815/1/5629 2824/1/5629 2823/1/5629
f 2815/1/5630 2816/1/5630 2824/1/5630
f 2816/1/5631 2817/1/5631 2824/1/5631
f 2816/1/5632 2809/1/5632 2817/1/5632
f 2817/1/5633 2826/1/5633 2825/1/5633
f 2817/1/5634 2818/1/5634 2826/1/5634
f 2818/1/5635 2827/1/5635 2826/1/5635
f 2818/1/5636 2819/1/5636 2827/1/5636
f 2819/1/5637 2828/1/5637 2827/1/5637
f 2819/1/5638 2820/1/5638 2828/1/5638
f 2820/1/5639 2829/1/5639 2828/1/5639
f 2820/1/5640 2821/1/5640 2829/1/5640
f 2821/1/5641 2830/1/5641 2829/1/5641
f 2821/1/5642 2822/1/5642 2830/1/5642
f 2822/1/5643 2831/1/5643 2830/1/5643
f 2822/1/5644 2823/1/5644 2831/1/5644
f 2823/1/5645 2832/1/5645 2831/1/5645
f 2823/1/5646 2824/1/5646 2832/1/5646
f 2824/1/5647 2825/1/5647 2832/1/5647
f 2824/1/5648 2817/1/5648 2825/1/5648
f 2825/1/5649 2834/1/5649 2833/1/5649
f 2825/1/5650 2826/1/5650 2834/1/5650
f 2826/1/5651 2835/1/5651 2834/1/5651
f 2826/1/5652 2827/1/5652 2835/1/5652
f 2827/1/5653 2836/1/5653 2835/1/5653
f 2827/1/5654 2828/1/5654 2836/1/5654
f 2828/1/5655 2837/1/5655 2836/1/5655
f 2828/1/5656 2829/1/5656 2837/1/5656
f 2829/1/5657 2838/1/5657 2837/1/5657
f 2829/1/5658 2830/1/5658 2838/1/5658
f 2830/1/5659 2839/1/5659 2838/1/5659
f 2830/1/5660 2831/1/5660 2839/1/5660
f 2831/1/5661 2840/1/5661 2839/1/5661
f 2831/1/5662 2832/1/5662 2840/1/5662
f 2832/1/5663 2833/1/5663 2840/1/5663
f 2832/1/5664 2825/1/5664 2833/1/5664
f 2833/1/5665 2842/1/5665 2841/1/5665
f 2833/1/5666 2834/1/5666 2842/1/5666
f 2834/1/5667 2843/1/5667 2842/1/5667
f 2834/1/5668 2835/1/5668 2843/1/5668
f 2835/1/5669 2844/1/5669 2843/1/5669
f 2835/1/5670 2836/1/5670 2844/1/5670
f 2836/1/5671 2845/1/5671 2844/1/5671
f 2836/1/5672 2837/1/5672 2845/1/5672
f 2837/1/5673 2846/1/5673 2845/1/5673
f 2837/1/5674 2838/1/5674 2846/1/5674
f 2838/1/5675 2847/1/5675 2846/1/5675
f 2838/1/5676 2839/1/5676 2847/1/5676
f 2839/1/5677 2848/1/5677 2847/1/5677
f 2839/1/5678 2840/1/5678 2848/1/5678
f 2840/1/5679 2841/1/5679 2848/1/5679
f 2840/1/5680 2833/1/5680 2841/1/5680
f 2841/1/5681 2850/1/5681 2849/1/5681
f 2841/1/5682 2842/1/5682 2850/1/5682
f 2842/1/5683 2851/1/5683 2850/1/5683
f 2842/1/5684 2843/1/5684 2851/1/5684
f 2843/1/5685 2852/1/5685 2851/1/5685
f 2843/1/5686 2844/1/5686 2852/1/5686
f 2844/1/5687 2853/1/5687 2852/1/5687
f 2844/1/5688 2845/1/5688 2853/1/5688
f 2845/1/5689 2854/1/5689 2853/1/5689
f 2845/1/5690 2846/1/5690 2854/1/5690
f 2846/1/5691 2855/1/5691 2854/1/5691
f 2846/1/5692 2847/1/5692 2855/1/5692
f 2847/1/5693 2856/1/5693 2855/1/5693
f 2847/1/5694 2848/1/5694 2856/1/5694
f 2848/1/5695 2849/1/5695 2856/1/5695
f 2848/1/5696 2841/1/5696 2849/1/5696
f 2849/1/5697 2858/1/5697 2857/1/5697
f 2849/1/5698 2850/1/5698 2858/1/5698
f 2850/1/5699 2859/1/5699 2858/1/5699
f 2850/1/5700 2851/1/5700 2859/1/5700
f 2851/1/5701 2860/1/5701 2859/1/5701
f 2851/1/5702 2852/1/5702 2860/1/5702
f 2852/1/5703 2861/1/5703 2860/1/5703
f 2852/1/5704 2853/1/5704 2861/1/5704
f 2853/1/5705 2862/1/5705 2861/1/5705
f 2853/1/5706 2854/1/5706 2862/1/5706
f 2854/1/5707 2863/1/5707 2862/1/5707
f 2854/1/5708 2855/1/5708 2863/1/5708
f 2855/1/5709 2864/1/5709 2863/1/5709
f 2855/1/5710 2856/1/5710 2864/1/5710
f 2856/1/5711 2857/1/5711 2864/1/5711
f 2856/1/5712 2849/1/5712 2857/1/5712
f 2857/1/5713 2866/1/5713 2865/1/5713
f 2857/1/5714 2858/1/5714 2866/1/5714
f 2858/1/5715 2867/1/5715 2866/1/5715
f 2858/1/5716 2859/1/5716 2867/1/5716
f 2859/1/5717 2868/1/5717 2867/1/5717
f 2859/1/5718 2860/1/5718 2868/1/5718
f 2860/1/5719 2869/1/5719 2868/1/5719
f 2860/1/5720 2861/1/5720 2869/1/5720
f 2861/1/5721 2870/1/5721 2869/1/5721
f 2861/1/5722 2862/1/5722 2870/1/5722
f 2862/1/5723 2871/1/5723 2870/1/5723
f 2862/1/5724 2863/1/5724 2871/1/5724
f 2863/1/5725 2872/1/5725 2871/1/5725
f 2863/1/5726 2864/1/5726 2872/1/5726
f 2864/1/5727 2865/1/5727 2872/1/5727
f 2864/1/5728 2857/1/5728 2865/1/5728
f 2865/1/5729 2874/1/5729 2873/1/5729
f 2865/1/5730 2866/1/5730 2874/1/5730
f 2866/1/5731 2875/1/5731 2874/1/5731
f 2866/1/5732 2867/1/5732 2875/1/5732
f 2867/1/5733 2876/1/5733 2875/1/5733
f 2867/1/5734 2868/1/5734 2876/1/5734
f 2868/1/5735 2877/1/5735 2876/1/5735
f 2868/1/5736 2869/1/5736 2877/1/5736
f 2869/1/5737 2878/1/5737 2877/1/5737
f 2869/1/5738 2870/1/5738 2878/1/5738
f 2870/1/5739 2879/1/5739 2878/1/5739
f 2870/1/5740 2871/1/5740 2879/1/5740
f 2871/1/5741 2880/1/5741 2879/1/5741
f 2871/1/5742 2872/1/5742 2880/1/5742
f 2872/1/5743 2873/1/5743 2880/1/5743
f 2872/1/5744 2865/1/5744 2873/1/5744
f 2873/1/5745 2882/1/5745 2881/1/5745
f 2873/1/5746 2874/1/5746 2882/1/5746
f 2874/1/5747 2883/1/5747 2882/1/5747
f 2874/1/5748 2875/1/5748 2883/1/5748
f 2875/1/5749 2884/1/5749 2883/1/5749
f 2875/1/5750 2876/1/5750 2884/1/5750
f 2876/1/5751 2885/1/5751 2884/1/5751
f 2876/1/5752 2877/1/5752 2885/1/5752
f 2877/1/5753 2886/1/5753 2885/1/5753
f 2877/1/5754 2878/1/5754 2886/1/5754
f 2878/1/5755 2887/1/5755 2886/1/5755
f 2878/1/5756 2879/1/5756 2887/1/5756
f 2879/1/5757 2888/1/5757 2887/1/5757
f 2879/1/5758 2880/1/5758 2888/1/5758
f 2880/1/5759 2881/1/5759 2888/1/5759
f 2880/1/5760 2873/1/5760 2881/1/5760
f 2881/1/5761 2890/1/5761 2889/1/5761
f 2881/1/5762 2882/1/5762 2890/1/5762
f 2882/1/5763 2891/1/5763 2890/1/5763
f 2882/1/5764 2883/1/5764 2891/1/5764
f 2883/1/5765 2892/1/5765 2891/1/5765
f 2883/1/5766 2884/1/5766 2892/1/5766
f 2884/1/5767 2893/1/5767 2892/1/5767
f 2884/1/5768 2885/1/5768 2893/1/5768
f 2885/1/5769 2894/1/5769 2893/1/5769
f 2885/1/5770 2886/1/5770 2894/1/5770
f 2886/1/5771 2895/1/5771 2894/1/5771
f 2886/1/5772 2887/1/5772 2895/1/5772
f 2887/1/5773 2896/1/5773 2895/1/5773
f 2887/1/5774 2888/1/5774 2896/1/5774
f 2888/1/5775 2889/1/5775 2896/1/5775
f 2888/1/5776 2881/1/5776 2889/1/5776
f 2889/1/5777 2898/1/5777 2897/1/5777
f 2889/1/5778 2890/1/5778 2898/1/5778
f 2890/1/5779 2899/1/5779 2898/1/5779
f 2890/1/5780 2891/1/5780 2899/1/5780
f 2891/1/5781 2900/1/5781 2899/1/5781
f 2891/1/5782 2892/1/5782 2900/1/5782
f 2892/1/5783 2901/1/5783 2900/1/5783
f 2892/1/5784 2893/1/5784 2901/1/5784
f 2893/1/5785 2902/1/5785 2901/1/5785
f 2893/1/5786 2894/1/5786 2902/1/5786
f 2894/1/5787 2903/1/5787 2902/1/5787
f 2894/1/5788 2895/1/5788 2903/1/5788
f 2895/1/5789 2904/1/5789 2903/1/5789
f 2895/1/5790 2896/1/5790 2904/1/5790
f 2896/1/5791 2897/1/5791 2904/1/5791
f 2896/1/5792 2889/1/5792 2897/1/5792
f 2897/1/5793 2906/1/5793 2905/1/5793
f 2897/1/5794 2898/1/5794 2906/1/5794
f 2898/1/5795 2907/1/5795 2906/1/5795
f 2898/1/5796 2899/1/5796 2907/1/5796
f 2899/1/5797 2908/1/5797 2907/1/5797
f 2899/1/5798 2900/1/5798 2908/1/5798
f 2900/1/5799 2909/1/5799 2908/1/5799
f 2900/1/5800 2901/1/5800 2909/1/5800
f 2901/1/5801 2910/1/5801 2909/1/5801
f 2901/1/5802 2902/1/5802 2910/1/5802
f 2902/1/5803 2911/1/5803 2910/1/5803
f 2902/1/5804 2903/1/5804 2911/1/5804
f 2903/1/5805 2912/1/5805 2911/1/5805
f 2903/1/5806 2904/1/5806 2912/1/5806
f 2904/1/5807 2905/1/5807 2912/1/5807
f 2904/1/5808 2897/1/5808 2905/1/5808
f 2905/1/5809 2914/1/5809 2913/1/5809
f 2905/1/5810 2906/1/5810 2914/1/5810
f 2906/1/5811 2915/1/5811 2914/1/5811
f 2906/1/5812 2907/1/5812 2915/1/5812
f 2907/1/5813 2916/1/5813 2915/1/5813
f 2907/1/5814 2908/1/5814 2916/1/5814
f 2908/1/5815 2917/1/5815 2916/1/5815
f 2908/1/5816 2909/1/5816 2917/1/5816
f 2909/1/5817 2918/1/5817 2917/1/5817
f 2909/1/5818 2910/1/5818 2918/1/5818
f 2910/1/5819 2919/1/5819 2918/1/5819
f 2910/1/5820 2911/1/5820 2919/1/5820
f 2911/1/5821 2920/1/5821 2919/1/5821
f 2911/1/5822 2912/1/5822 2920/1/5822
f 2912/1/5823 2913/1/5823 2920/1/5823
f 2912/1/5824 2905/1/5824 2913/1/5824
f 2913/1/5825 2922/1/5825 2921/1/5825
f 2913/1/5826 2914/1/5826 2922/1/5826
f 2914/1/5827 2923/1/5827 2922/1/5827
f 2914/1/5828 2915/1/5828 2923/1/5828
f 2915/1/5829 2924/1/5829 2923/1/5829
f 2915/1/5830 2916/1/5830 2924/1/5830
f 2916/1/5831 2925/1/5831 2924/1/5831
f 2916/1/5832 2917/1/5832 2925/1/5832
f 2917/1/5833 2926/1/5833 2925/1/5833
f 2917/1/5834 2918/1/5834 2926/1/5834
f 2918/1/5835 2927/1/5835 2926/1/5835
f 2918/1/5836 2919/1/5836 2927/1/5836
f 2919/1/5837 2928/1/5837 2927/1/5837
f 2919/1/5838 2920/1/5838 2928/1/5838
f 2920/1/5839 2921/1/5839 2928/1/5839
f 2920/1/5840 2913/1/5840 2921/1/5840
f 2921/1/5841 2930/1/5841 2929/1/5841
f 2921/1/5842 2922/1/5842 2930/1/5842
f 2922/1/5843 2931/1/5843 2930/1/5843
f 2922/1/5844 2923/1/5844 2931/1/5844
f 2923/1/5845 2932/1/5845 2931/1/5845
f 2923/1/5846 2924/1/5846 2932/1/5846
f 2924/1/5847 2933/1/5847 2932/1/5847
f 2924/1/5848 2925/1/5848 2933/1/5848
f 2925/1/5849 2934/1/5849 2933/1/5849
f 2925/1/5850 2926/1/5850 2934/1/5850
f 2926/1/5851 2935/1/5851 2934/1/5851
f 2926/1/5852 2927/1/5852 2935/1/5852
f 2927/1/5853 2936/1/5853 2935/1/5853
f 2927/1/5854 2928/1/5854 2936/1/5854
f 2928/1/5855 2929/1/5855 2936/1/5855
f 2928/1/5856 2921/1/5856 2929/1/5856
f 2929/1/5857 2938/1/5857 2937/1/5857
f 2929/1/5858 2930/1/5858 2938/1/5858
f 2930/1/5859 2939/1/5859 2938/1/5859
f 2930/1/5860 2931/1/5860 2939/1/5860
f 2931/1/5861 2940/1/5861 2939/1/5861
f 2931/1/5862 2932/1/5862 2940/1/5862
f 2932/1/5863 2941/1/5863 2940/1/5863
f 2932/1/5864 2933/1/5864 2941/1/5864
f 2933/1/5865 2942/1/5865 2941/1/5865
f 2933/1/5866 2934/1/5866 2942/1/5866
f 2934/1/5867 2943/1/5867 2942/1/5867
f 2934/1/5868 2935/1/5868 2943/1/5868
f 2935/1/5869 2944/1/5869 2943/1/5869
f 2935/1/5870 2936/1/5870 2944/1/5870
f 2936/1/5871 2937/1/5871 2944/1/5871
f 2936/1/5872 2929/1/5872 2937/1/5872
f 2937/1/5873 2946/1/5873 2945/1/5873
f 2937/1/5874 2938/1/5874 2946/1/5874
f 2938/1/5875 2947/1/5875 2946/1/5875
f 2938/1/5876 2939/1/5876 2947/1/5876
f 2939/1/5877 2948/1/5877 2947/1/5877
f 2939/1/5878 2940/1/5878 2948/1/5878
f 2940/1/5879 2949/1/5879 2948/1/5879
f 2940/1/5880 2941/1/5880 2949/1/5880
f 2941/1/5881 2950/1/5881 2949/1/5881
f 2941/1/5882 2942/1/5882 2950/1/5882
f 2942/1/5883 2951/1/5883 2950/1/5883
f 2942/1/5884 2943/1/5884 2951/1/5884
f 2943/1/5885 2952/1/5885 2951/1/5885
f 2943/1/5886 2944/1/5886 2952/1/5886
f 2944/1/5887 2945/1/5887 2952/1/5887
f 2944/1/5888 2937/1/5888 2945/1/5888
f 2945/1/5889 2954/1/5889 2953/1/5889
f 2945/1/5890 2946/1/5890 2954/1/5890
f 2946/1/5891 2955/1/5891 2954/1/5891
f 2946/1/5892 2947/1/5892 2955/1/5892
f 2947/1/5893 2956/1/5893 2955/1/5893
f 2947/1/5894 2948/1/5894 2956/1/5894
f 2948/1/5895 2957/1/5895 2956/1/5895
f 2948/1/5896 2949/1/5896 2957/1/5896
f 2949/1/5897 2958/1/5897 2957/1/5897
f 2949/1/5898 2950/1/5898 2958/1/5898
f 2950/1/5899 2959/1/5899 2958/1/5899
f 2950/1/5900 2951/1/5900 2959/1/5900
f 2951/1/5901 2960/1/5901 2959/1/5901
f 2951/1/5902 2952/1/5902 2960/1/5902
f 2952/1/5903 2953/1/5903 2960/1/5903
f 2952/1/5904 2945/1/5904 2953/1/5904
f 2953/1/5905 2962/1/5905 2961/1/5905
f 2953/1/5906 2954/1/5906 2962/1/5906
f 2954/1/5907 2963/1/5907 2962/1/5907
f 2954/1/5908 2955/1/5908 2963/1/5908
f 2955/1/5909 2964/1/5909 2963/1/5909
f 2955/1/5910 2956/1/5910 2964/1/5910
f 2956/1/5911 2965/1/5911 2964/1/5911
f 2956/1/5912 2957/1/5912 2965/1/5912
f 2957/1/5913 2966/1/5913 2965/1/5913
f 2957/1/5914 2958/1/5914 2966/1/5914
f 2958/1/5915 2967/1/5915 2966/1/5915
f 2958/1/5916 2959/1/5916 2967/1/5916
f 2959/1/5917 2968/1/5917 2967/1/5917
f 2959/1/5918 2960/1/5918 2968/1/5918
f 2960/1/5919 2961/1/5919 2968/1/5919
f 2960/1/5920 2953/1/5920 2961/1/5920
f 2961/1/5921 2970/1/5921 2969/1/5921
f 2961/1/5922 2962/1/5922 2970/1/5922
f 2962/1/5923 2971/1/5923 2970/1/5923
f 2962/1/5924 2963/1/5924 2971/1/5924
f 2963/1/5925 2972/1/5925 2971/1/5925
f 2963/1/5926 2964/1/5926 2972/1/5926
f 2964/1/5927 2973/1/5927 2972/1/5927
f 2964/1/5928 2965/1/5928 2973/1/5928
f 2965/1/5929 2974/1/5929 2973/1/5929
f 2965/1/5930 2966/1/5930 2974/1/5930
f 2966/1/5931 2975/1/5931 2974/1/5931
f 2966/1/5932 2967/1/5932 2975/1/5932
f 2967/1/5933 2976/1/5933 2975/1/5933
f 2967/1/5934 2968/1/5934 2976/1/5934
f 2968/1/5935 2969/1/5935 2976/1/5935
f 2968/1/5936 2961/1/5936 2969/1/5936
f 2969/1/5937 2978/1/5937 2977/1/5937
f 2969/1/5938 2970/1/5938 2978/1/5938
f 2970/1/5939 2979/1/5939 2978/1/5939
f 2970/1/5940 2971/1/5940 2979/1/5940
f 2971/1/5941 2980/1/5941 2979/1/5941
f 2971/1/5942 2972/1/5942 2980/1/5942
f 2972/1/5943 2981/1/5943 2980/1/5943
f 2972/1/5944 2973/1/5944 2981/1/5944
f 2973/1/5945 2982/1/5945 2981/1/5945
f 2973/1/5946 2974/1/5946 2982/1/5946
f 2974/1/5947 2983/1/5947 2982/1/5947
f 2974/1/5948 2975/1/5948 2983/1/5948
f 2975/1/5949 2984/1/5949 2983/1/5949
f 2975/1/5950 2976/1/5950 2984/1/5950
f 2976/1/5951 2977/1/5951 2984/1/5951
f 2976/1/5952 2969/1/5952 2977/1/5952
f 2977/1/5953 2986/1/5953 2985/1/5953
f 2977/1/5954 2978/1/5954 2986/1/5954
f 2978/1/5955 2987/1/5955 2986/1/5955
f 2978/1/5956 2979/1/5956 2987/1/5956
f 2979/1/5957 2988/1/5957 2987/1/5957
f 2979/1/5958 2980/1/5958 2988/1/5958
f 2980/1/5959 2989/1/5959 2988/1/5959
f 2980/1/5960 2981/1/5960 2989/1/5960
f 2981/1/5961 2990/1/5961 2989/1/5961
f 2981/1/5962 2982/1/5962 2990/1/5962
f 2982/1/5963 2991/1/5963 2990/1/5963
f 2982/1/5964 2983/1/5964 2991/1/5964
f 2983/1/5965 2992/1/5965 2991/1/5965
f 2983/1/5966 2984/1/5966 2992/1/5966
f 2984/1/5967 2985/1/5967 2992/1/5967
f 2984/1/5968 2977/1/5968 2985/1/5968
f 2985/1/5969 2994/1/5969 2993/1/5969
f 2985/1/5970 2986/1/5970 2994/1/5970
f 2986/1/5971 2995/1/5971 2994/1/5971
f 2986/1/5972 2987/1/5972 2995/1/5972
f 2987/1/5973 2996/1/5973 2995/1/5973
f 2987/1/5974 2988/1/5974 2996/1/5974
f 2988/1/5975 2997/1/5975 2996/1/5975
f 2988/1/5976 2989/1/5976 2997/1/5976
f 2989/1/5977 2998/1/5977 2997/1/5977
f 2989/1/5978 2990/1/5978 2998/1/5978
f 2990/1/5979 2999/1/5979 2998/1/5979
f 2990/1/5980 2991/1/5980 2999/1/5980
f 2991/1/5981 3000/1/5981 2999/1/5981
f 2991/1/5982 2992/1/5982 3000/1/5982
f 2992/1/5983 2993/1/5983 3000/1/5983
f 2992/1/5984 2985/1/5984 2993/1/5984
f 2993/1/5985 3002/1/5985 3001/1/5985
f 2993/1/5986 2994/1/5986 3002/1/5986
f 2994/1/5987 3003/1/5987 3002/1/5987
f 2994/1/5988 2995/1/5988 3003/1/5988
f 2995/1/5989 3004/1/5989 3003/1/5989
f 2995/1/5990 2996/1/5990 3004/1/5990
f 2996/1/5991 3005/1/5991 3004/1/5991
f 2996/1/5992 2997/1/5992 3005/1/5992
f 2997/1/5993 3006/1/5993 3005/1/5993
f 2997/1/5994 2998/1/5994 3006/1/5994
f 2998/1/5995 3007/1/5995 3006/1/5995
f 2998/1/5996 2999/1/5996 3007/1/5996
f 2999/1/5997 3008/1/5997 3007/1/5997
f 2999/1/5998 3000/1/5998 3008/1/5998
f 3000/1/5999 3001/1/5999 3008/1/5999
f 3000/1/6000 2993/1/6000 3001/1/6000
f 3001/1/6001 3010/1/6001 3009/1/6001
f 3001/1/6002 3002/1/6002 3010/1/6002
f 3002/1/6003 3011/1/6003 3010/1/6003
f 3002/1/6004 3003/1/6004 3011/1/6004
f 3003/1/6005 3012/1/6005 3011/1/6005
f 3003/1/6006 3004/1/6006 3012/1/6006
f 3004/1/6007 3013/1/6007 3012/1/6007
f 3004/1/6008 3005/1/6008 3013/1/6008
f 3005/1/6009 3014/1/6009 3013/1/6009
f 3005/1/6010 3006/1/6010 3014/1/6010
f 3006/1/6011 3015/1/6011 3014/1/6011
f 3006/1/6012 3007/1/6012 3015/1/6012
f 3007/1/6013 3016/1/6013 3015/1/6013
f 3007/1/6014 3008/1/6014 3016/1/6014
f 3008/1/6015 3009/1/6015 3016/1/6015
f 3008/1/6016 3001/1/6016 3009/1/6016
f 3009/1/6017 3018/1/6017 3017/1/6017
f 3009/1/6018 3010/1/6018 3018/1/6018
f 3010/1/6019 3019/1/6019 3018/1/6019
f 3010/1/6020 3011/1/6020 3019/1/6020
f 3011/1/6021 3020/1/6021 3019/1/6021
f 3011/1/6022 3012/1/6022 3020/1/6022
f 3012/1/6023 3021/1/6023 3020/1/6023
f 3012/1/6024 3013/1/6024 3021/1/6024
f 3013/1/6025 3022/1/6025 3021/1/6025
f 3013/1/6026 3014/1/6026 3022/1/6026
f 3014/1/6027 3023/1/6027 3022/1/6027
f 3014/1/6028 3015/1/6028 3023/1/6028
f 3015/1/6029 3024/1/6029 3023/1/6029
f 3015/1/6030 3016/1/6030 3024/1/6030
f 3016/1/6031 3017/1/6031 3024/1/6031
f 3016/1/6032 3009/1/6032 3017/1/6032
f 3017/1/6033 3026/1/6033 3025/1/6033
f 3017/1/6034 3018/1/6034 3026/1/6034
f 3018/1/6035 3027/1/6035 3026/1/6035
f 3018/1/6036 3019/1/6036 3027/1/6036
f 3019/1/6037 3028/1/6037 3027/1/6037
f 3019/1/6038 3020/1/6038 3028/1/6038
f 3020/1/6039 3029/1/6039 3028/1/6039
f 3020/1/6040 3021/1/6040 3029/1/6040
f 3021/1/6041 3030/1/6041 3029/1/6041
f 3021/1/6042 3022/1/6042 3030/1/6042
f 3022/1/6043 3031/1/6043 3030/1/6043
f 3022/1/6044 3023/1/6044 3031/1/6044
f 3023/1/6045 3032/1/6045 3031/1/6045
f 3023/1/6046 3024/1/6046 3032/1/6046
f 3024/1/6047 3025/1/6047 3032/1/6047
f 3024/1/6048 3017/1/6048 3025/1/6048
f 3025/1/6049 3034/1/6049 3033/1/6049
f 3025/1/6050 3026/1/6050 3034/1/6050
f 3026/1/6051 3035/1/6051 3034/1/6051
f 3026/1/6052 3027/1/6052 3035/1/6052
f 3027/1/6053 3036/1/6053 3035/1/6053
f 3027/1/6054 3028/1/6054 3036/1/6054
f 3028/1/6055 3037/1/6055 3036/1/6055
f 3028/1/6056 3029/1/6056 3037/1/6056
f 3029/1/6057 3038/1/6057 3037/1/6057
f 3029/1/6058 3030/1/6058 3038/1/6058
f 3030/1/6059 3039/1/6059 3038/1/6059
f 3030/1/6060 3031/1/6060 3039/1/6060
f 3031/1/6061 3040/1/6061 3039/1/6061
f 3031/1/6062 3032/1/6062 3040/1/6062
f 3032/1/6063 3033/1/6063 3040/1/6063
f 3032/1/6064 3025/1/6064 3033/1/6064
f 3033/1/6065 3042/1/6065 3041/1/6065
f 3033/1/6066 3034/1/6066 3042/1/6066
f 3034/1/6067 3043/1/6067 3042/1/6067
f 3034/1/6068 3035/1/6068 3043/1/6068
f 3035/1/6069 3044/1/6069 3043/1/6069
f 3035/1/6070 3036/1/6070 3044/1/6070
f 3036/1/6071 3045/1/6071 3044/1/6071
f 3036/1/6072 3037/1/6072 3045/1/6072
f 3037/1/6073 3046/1/6073 3045/1/6073
f 3037/1/6074 3038/1/6074 3046/1/6074
f 3038/1/6075 3047/1/6075 3046/1/6075
f 3038/1/6076 3039/1/6076 3047/1/6076
f 3039/1/6077 3048/1/6077 3047/1/6077
f 3039/1/6078 3040/1/6078 3048/1/6078
f 3040/1/6079 3041/1/6079 3048/1/6079
f 3040/1/6080 3033/1/6080 3041/1/6080
f 3041/1/6081 3050/1/6081 3049/1/6081
f 3041/1/6082 3042/1/6082 3050/1/6082
f 3042/1/6083 3051/1/6083 3050/1/6083
f 3042/1/6084 3043/1/6084 3051/1/6084
f 3043/1/6085 3052/1/6085 3051/1/6085
f 3043/1/6086 3044/1/6086 3052/1/6086
f 3044/1/6087 3053/1/6087 3052/1/6087
f 3044/1/6088 3045/1/6088 3053/1/6088
f 3045/1/6089 3054/1/6089 3053/1/6089
f 3045/1/6090 3046/1/6090 3054/1/6090
f 3046/1/6091 3055/1/6091 3054/1/6091
f 3046/1/6092 3047/1/6092 3055/1/6092
f 3047/1/6093 3056/1/6093 3055/1/6093
f 3047/1/6094 3048/1/6094 3056/1/6094
f 3048/1/6095 3049/1/6095 3056/1/6095
f 3048/1/6096 3041/1/6096 3049/1/6096
f 3049/1/6097 3058/1/6097 3057/1/6097
f 3049/1/6098 3050/1/6098 3058/1/6098
f 3050/1/6099 3059/1/6099 3058/1/6099
f 3050/1/6100 3051/1/6100 3059/1/6100
f 3051/1/6101 3060/1/6101 3059/1/6101
f 3051/1/6102 3052/1/6102 3060/1/6102
f 3052/1/6103 3061/1/6103 3060/1/6103
f 3052/1/6104 3053/1/6104 3061/1/6104
f 3053/1/6105 3062/1/6105 3061/1/6105
f 3053/1/6106 3054/1/6106 3062/1/6106
f 3054/1/6107 3063/1/6107 3062/1/6107
f 3054/1/6108 3055/1/6108 3063/1/6108
f 3055/1/6109 3064/1/6109 3063/1/6109
f 3055/1/6110 3056/1/6110 3064/1/6110
f 3056/1/6111 3057/1/6111 3064/1/6111
f 3056/1/6112 3049/1/6112 3057/1/6112
f 3057/1/6113 3066/1/6113 3065/1/6113
f 3057/1/6114 3058/1/6114 3066/1/6114
f 3058/1/6115 3067/1/6115 3066/1/6115
f 3058/1/6116 3059/1/6116 3067/1/6116
f 3059/1/6117 3068/1/6117 3067/1/6117
f 3059/1/6118 3060/1/6118 3068/1/6118
f 3060/1/6119 3069/1/6119 3068/1/6119
f 3060/1/6120 3061/1/6120 3069/1/6120
f 3061/1/6121 3070/1/6121 3069/1/6121
f 3061/1/6122 3062/1/6122 3070/1/6122
f 3062/1/6123 3071/1/6123 3070/1/6123
f 3062/1/6124 3063/1/6124 3071/1/6124
f 3063/1/6125 3072/1/6125 3071/1/6125
f 3063/1/6126 3064/1/6126 3072/1/6126
f 3064/1/6127 3065/1/6127 3072/1/6127
f 3064/1/6128 3057/1/6128 3065/1/6128
f 3065/1/6129 3074/1/6129 3073/1/6129
f 3065/1/6130 3066/1/6130 3074/1/6130
f 3066/1/6131 3075/1/6131 3074/1/6131
f 3066/1/6132 3067/1/6132 3075/1/6132
f 3067/1/6133 3076/1/6133 3075/1/6133
f 3067/1/6134 3068/1/6134 3076/1/6134
f 3068/1/6135 3077/1/6135 3076/1/6135
f 3068/1/6136 3069/1/6136 3077/1/6136
f 3069/1/6137 3078/1/6137 3077/1/6137
f 3069/1/6138 3070/1/6138 3078/1/6138
f 3070/1/6139 3079/1/6139 3078/1/6139
f 3070/1/6140 3071/1/6140 3079/1/6140
f 3071/1/6141 3080/1/6141 3079/1/6141
f 3071/1/6142 3072/1/6142 3080/1/6142
f 3072/1/6143 3073/1/6143 3080/1/6143
f 3072/1/6144 3065/1/6144 3073/1/6144
f 3073/1/6145 3082/1/6145 3081/1/6145
f 3073/1/6146 3074/1/6146 3082/1/6146
f 3074/1/6147 3083/1/6147 3082/1/6147
f 3074/1/6148 3075/1/6148 3083/1/6148
f 3075/1/6149 3084/1/6149 3083/1/6149
f 3075/1/6150 3076/1/6150 3084/1/6150
f 3076/1/6151 3085/1/6151 3084/1/6151
f 3076/1/6152 3077/1/6152 3085/1/6152
f 3077/1/6153 3086/1/6153 3085/1/6153
f 3077/1/6154 3078/1/6154 3086/1/6154
f 3078/1/6155 3087/1/6155 3086/1/6155
f 3078/1/6156 3079/1/6156 3087/1/6156
f 3079/1/6157 3088/1/6157 3087/1/6157
f 3079/1/6158 3080/1/6158 3088/1/6158
f 3080/1/6159 3081/1/6159 3088/1/6159
f 3080/1/6160 3073/1/6160 3081/1/6160
f 3081/1/6161 3090/1/6161 3089/1/6161
f 3081/1/6162 3082/1/6162 3090/1/6162
f 3082/1/6163 3091/1/6163 3090/1/6163
f 3082/1/6164 3083/1/6164 3091/1/6164
f 3083/1/6165 3092/1/6165 3091/1/6165
f 3083/1/6166 3084/1/6166 3092/1/6166
f 3084/1/6167 3093/1/6167 3092/1/6167
f 3084/1/6168 3085/1/6168 3093/1/6168
f 3085/1/6169 3094/1/6169 3093/1/6169
f 3085/1/6170 3086/1/6170 3094/1/6170
f 3086/1/6171 3095/1/6171 3094/1/6171
f 3086/1/6172 3087/1/6172 3095/1/6172
f 3087/1/6173 3096/1/6173 3095/1/6173
f 3087/1/6174 3088/1/6174 3096/1/6174
f 3088/1/6175 3089/1/6175 3096/1/6175
f 3088/1/6176 3081/1/6176 3089/1/6176
f 3089/1/6177 3098/1/6177 3097/1/6177
f 3089/1/6178 3090/1/6178 3098/1/6178
f 3090/1/6179 3099/1/6179 3098/1/6179
f 3090/1/6180 3091/1/6180 3099/1/6180
f 3091/1/6181 3100/1/6181 3099/1/6181
f 3091/1/6182 3092/1/6182 3100/1/6182
f 3092/1/6183 3101/1/6183 3100/1/6183
f 3092/1/6184 3093/1/6184 3101/1/6184
f 3093/1/6185 3102/1/6185 3101/1/6185
f 3093/1/6186 3094/1/6186 3102/1/6186
f 3094/1/6187 3103/1/6187 3102/1/6187
f 3094/1/6188 3095/1/6188 3103/1/6188
f 3095/1/6189 3104/1/6189 3103/1/6189
f 3095/1/6190 3096/1/6190 3104/1/6190
f 3096/1/6191 3097/1/6191 3104/1/6191
f 3096/1/6192 3089/1/6192 3097/1/6192
f 3097/1/6193 3106/1/6193 3105/1/6193
f 3097/1/6194 3098/1/6194 3106/1/6194
f 3098/1/6195 3107/1/6195 3106/1/6195
f 3098/1/6196 3099/1/6196 3107/1/6196
f 3099/1/6197 3108/1/6197 3107/1/6197
f 3099/1/6198 3100/1/6198 3108/1/6198
f 3100/1/6199 3109/1/6199 3108/1/6199
f 3100/1/6200 3101/1/6200 3109/1/6200
f 3101/1/6201 3110/1/6201 3109/1/6201
f 3101/1/6202 3102/1/6202 3110/1/6202
f 3102/1/6203 3111/1/6203 3110/1/6203
f 3102/1/6204 3103/1/6204 3111/1/6204
f 3103/1/6205 3112/1/6205 3111/1/6205
f 3103/1/6206 3104/1/6206 3112/1/6206
f 3104/1/6207 3105/1/6207 3112/1/6207
f 3104/1/6208 3097/1/6208 3105/1/6208
f 3105/1/6209 3114/1/6209 3113/1/6209
f 3105/1/6210 3106/1/6210 3114/1/6210
f 3106/1/6211 3115/1/6211 3114/1/6211
f 3106/1/6212 3107/1/6212 3115/1/6212
f 3107/1/6213 3116/1/6213 3115/1/6213
f 3107/1/6214 3108/1/6214 3116/1/6214
f 3108/1/6215 3117/1/6215 3116/1/6215
f 3108/1/6216 3109/1/6216 3117/1/6216
f 3109/1/6217 3118/1/6217 3117/1/6217
f 3109/1/6218 3110/1/6218 3118/1/6218
f 3110/1/6219 3119/1/6219 3118/1/6219
f 3110/1/6220 3111/1/6220 3119/1/6220
f 3111/1/6221 3120/1/6221 3119/1/6221
f 3111/1/6222 3112/1/6222 3120/1/6222
f 3112/1/6223 3113/1/6223 3120/1/6223
f 3112/1/6224 3105/1/6224 3113/1/6224
f 3113/1/6225 3122/1/6225 3121/1/6225
f 3113/1/6226 3114/1/6226 3122/1/6226
f 3114/1/6227 3123/1/6227 3122/1/6227
f 3114/1/6228 3115/1/6228 3123/1/6228
f 3115/1/6229 3124/1/6229 3123/1/6229
f 3115/1/6230 3116/1/6230 3124/1/6230
f 3116/1/6231 3125/1/6231 3124/1/6231
f 3116/1/6232 3117/1/6232 3125/1/6232
f 3117/1/6233 3126/1/6233 3125/1/6233
f 3117/1/6234 3118/1/6234 3126/1/6234
f 3118/1/6235 3127/1/6235 3126/1/6235
f 3118/1/6236 3119/1/6236 3127/1/6236
f 3119/1/6237 3128/1/6237 3127/1/6237
f 3119/1/6238 3120/1/6238 3128/1/6238
f 3120/1/6239 3121/1/6239 3128/1/6239
f 3120/1/6240 3113/1/6240 3121/1/6240
f 3121/1/6241 3130/1/6241 3129/1/6241
f 3121/1/6242 3122/1/6242 3130/1/6242
f 3122/1/6243 3131/1/6243 3130/1/6243
f 3122/1/6244 3123/1/6244 3131/1/6244
f 3123/1/6245 3132/1/6245 3131/1/6245
f 3123/1/6246 3124/1/6246 3132/1/6246
f 3124/1/6247 3133/1/6247 3132/1/6247
f 3124/1/6248 3125/1/6248 3133/1/6248
f 3125/1/6249 3134/1/6249 3133/1/6249
f 3125/1/6250 3126/1/6250 3134/1/6250
f 3126/1/6251 3135/1/6251 3134/1/6251
f 3126/1/6252 3127/1/6252 3135/1/6252
f 3127/1/6253 3136/1/6253 3135/1/6253
f 3127/1/6254 3128/1/6254 3136/1/6254
f 3128/1/6255 3129/1/6255 3136/1/6255
f 3128/1/6256 3121/1/6256 3129/1/6256
f 3129/1/6257 3138/1/6257 3137/1/6257
f 3129/1/6258 3130/1/6258 3138/1/6258
f 3130/1/6259 3139/1/6259 3138/1/6259
f 3130/1/6260 3131/1/6260 3139/1/6260
f 3131/1/6261 3140/1/6261 3139/1/6261
f 3131/1/6262 3132/1/6262 3140/1/6262
f 3132/1/6263 3141/1/6263 3140/1/6263
f 3132/1/6264 3133/1/6264 3141/1/6264
f 3133/1/6265 3142/1/6265 3141/1/6265
f 3133/1/6266 3134/1/6266 3142/1/6266
f 3134/1/6267 3143/1/6267 3142/1/6267
f 3134/1/6268 3135/1/6268 3143/1/6268
f 3135/1/6269 3144/1/6269 3143/1/6269
f 3135/1/6270 3136/1/6270 3144/1/6270
f 3136/1/6271 3137/1/6271 3144/1/6271
f 3136/1/6272 3129/1/6272 3137/1/6272
f 3137/1/6273 3146/1/6273 3145/1/6273
f 3137/1/6274 3138/1/6274 3146/1/6274
f 3138/1/6275 3147/1/6275 3146/1/6275
f 3138/1/6276 3139/1/6276 3147/1/6276
f 3139/1/6277 3148/1/6277 3147/1/6277
f 3139/1/6278 3140/1/6278 3148/1/6278
f 3140/1/6279 3149/1/6279 3148/1/6279
f 3140/1/6280 3141/1/6280 3149/1/6280
f 3141/1/6281 3150/1/6281 3149/1/6281
f 3141/1/6282 3142/1/6282 3150/1/6282
f 3142/1/6283 3151/1/6283 3150/1/6283
f 3142/1/6284 3143/1/6284 3151/1/6284
f 3143/1/6285 3152/1/6285 3151/1/6285
f 3143/1/6286 3144/1/6286 3152/1/6286
f 3144/1/6287 3145/1/6287 3152/1/6287
f 3144/1/6288 3137/1/6288 3145/1/6288
f 3145/1/6289 3154/1/6289 3153/1/6289
f 3145/1/6290 3146/1/6290 3154/1/6290
f 3146/1/6291 3155/1/6291 3154/1/6291
f 3146/1/6292 3147/1/6292 3155/1/6292
f 3147/1/6293 3156/1/6293 3155/1/6293
f 3147/1/6294 3148/1/6294 3156/1/6294
f 3148/1/6295 3157/1/6295 3156/1/6295
f 3148/1/6296 3149/1/6296 3157/1/6296
f 3149/1/6297 3158/1/6297 3157/1/6297
f 3149/1/6298 3150/1/6298 3158/1/6298
f 3150/1/6299 3159/1/6299 3158/1/6299
f 3150/1/6300 3151/1/6300 3159/1/6300
f 3151/1/6301 3160/1/6301 3159/1/6301
f 3151/1/6302 3152/1/6302 3160/1/6302
f 3152/1/6303 3153/1/6303 3160/1/6303
f 3152/1/6304 3145/1/6304 3153/1/6304
f 3153/1/6305 3162/1/6305 3161/1/6305
f 3153/1/6306 3154/1/6306 3162/1/6306
f 3154/1/6307 3163/1/6307 3162/1/6307
f 3154/1/6308 3155/1/6308 3163/1/6308
f 3155/1/6309 3164/1/6309 3163/1/6309
f 3155/1/6310 3156/1/6310 3164/1/6310
f 3156/1/6311 3165/1/6311 3164/1/6311
f 3156/1/6312 3157/1/6312 3165/1/6312
f 3157/1/6313 3166/1/6313 3165/1/6313
f 3157/1/6314 3158/1/6314 3166/1/6314
f 3158/1/6315 3167/1/6315 3166/1/6315
f 3158/1/6316 3159/1/6316 3167/1/6316
f 3159/1/6317 3168/1/6317 3167/1/6317
f 3159/1/6318 3160/1/6318 3168/1/6318
f 3160/1/6319 3161/1/6319 3168/1/6319
f 3160/1/6320 3153/1/6320 3161/1/6320
f 3161/1/6321 3170/1/6321 3169/1/6321
f 3161/1/6322 3162/1/6322 3170/1/6322
f 3162/1/6323 3171/1/6323 3170/1/6323
f 3162/1/6324 3163/1/6324 3171/1/6324
f 3163/1/6325 3172/1/6325 3171/1/6325
f 3163/1/6326 3164/1/6326 3172/1/6326
f 3164/1/6327 3173/1/6327 3172/1/6327
f 3164/1/6328 3165/1/6328 3173/1/6328
f 3165/1/6329 3174/1/6329 3173/1/6329
f 3165/1/6330 3166/1/6330 3174/1/6330
f 3166/1/6331 3175/1/6331 3174/1/6331
f 3166/1/6332 3167/1/6332 3175/1/6332
f 3167/1/6333 3176/1/6333 3175/1/6333
f 3167/1/6334 3168/1/6334 3176/1/6334
f 3168/1/6335 3169/1/6335 3176/1/6335
f 3168/1/6336 3161/1/6336 3169/1/6336
f 3169/1/6337 3178/1/6337 3177/1/6337
f 3169/1/6338 3170/1/6338 3178/1/6338
f 3170/1/6339 3179/1/6339 3178/1/6339
f 3170/1/6340 3171/1/6340 3179/1/6340
f 3171/1/6341 3180/1/6341 3179/1/6341
f 3171/1/6342 3172/1/6342 3180/1/6342
f 3172/1/6343 3181/1/6343 3180/1/6343
f 3172/1/6344 3173/1/6344 3181/1/6344
f 3173/1/6345 3182/1/6345 3181/1/6345
f 3173/1/6346 3174/1/6346 3182/1/6346
f 3174/1/6347 3183/1/6347 3182/1/6347
f 3174/1/6348 3175/1/6348 3183/1/6348
f 3175/1/6349 3184/1/6349 3183/1/6349
f 3175/1/6350 3176/1/6350 3184/1/6350
f 3176/1/6351 3177/1/6351 3184/1/6351
f 3176/1/6352 3169/1/6352 3177/1/6352
f 3177/1/6353 3186/1/6353 3185/1/6353
f 3177/1/6354 3178/1/6354 3186/1/6354
f 3178/1/6355 3187/1/6355 3186/1/6355
f 3178/1/6356 3179/1/6356 3187/1/6356
f 3179/1/6357 3188/1/6357 3187/1/6357
f 3179/1/6358 3180/1/6358 3188/1/6358
f 3180/1/6359 3189/1/6359 3188/1/6359
f 3180/1/6360 3181/1/6360 3189/1/6360
f 3181/1/6361 3190/1/6361 3189/1/6361
f 3181/1/6362 3182/1/6362 3190/1/6362
f 3182/1/6363 3191/1/6363 3190/1/6363
f 3182/1/6364 3183/1/6364 3191/1/6364
f 3183/1/6365 3192/1/6365 3191/1/6365
f 3183/1/6366 3184/1/6366 3192/1/6366
f 3184/1/6367 3185/1/6367 3192/1/6367
f 3184/1/6368 3177/1/6368 3185/1/6368
f 3185/1/6369 3194/1/6369 3193/1/6369
f 3185/1/6370 3186/1/6370 3194/1/6370
f 3186/1/6371 3195/1/6371 3194/1/6371
f 3186/1/6372 3187/1/6372 3195/1/6372
f 3187/1/6373 3196/1/6373 3195/1/6373
f 3187/1/6374 3188/1/6374 3196/1/6374
f 3188/1/6375 3197/1/6375 3196/1/6375
f 3188/1/6376 3189/1/6376 3197/1/6376
f 3189/1/6377 3198/1/6377 3197/1/6377
f 3189/1/6378 3190/1/6378 3198/1/6378
f 3190/1/6379 3199/1/6379 3198/1/6379
f 3190/1/6380 3191/1/6380 3199/1/6380
f 3191/1/6381 3200/1/6381 3199/1/6381
f 3191/1/6382 3192/1/6382 3200/1/6382
f 3192/1/6383 3193/1/6383 3200/1/6383
f 3192/1/6384 3185/1/6384 3193/1/6384
f 3193/1/6385 3202/1/6385 3201/1/6385
f 3193/1/6386 3194/1/6386 3202/1/6386
f 3194/1/6387 3203/1/6387 3202/1/6387
f 3194/1/6388 3195/1/6388 3203/1/6388
f 3195/1/6389 3204/1/6389 3203/1/6389
f 3195/1/6390 3196/1/6390 3204/1/6390
f 3196/1/6391 3205/1/6391 3204/1/6391
f 3196/1/6392 3197/1/6392 3205/1/6392
f 3197/1/6393 3206/1/6393 3205/1/6393
f 3197/1/6394 3198/1/6394 3206/1/6394
f 3198/1/6395 3207/1/6395 3206/1/6395
f 3198/1/6396 3199/1/6396 3207/1/6396
f 3199/1/6397 3208/1/6397 3207/1/6397
f 3199/1/6398 3200/1/6398 3208/1/6398
f 3200/1/6399 3201/1/6399 3208/1/6399
f 3200/1/6400 3193/1/6400 3201/1/6400
f 3201/1/6401 3210/1/6401 3209/1/6401
f 3201/1/6402 3202/1/6402 3210/1/6402
f 3202/1/6403 3211/1/6403 3210/1/6403
f 3202/1/6404 3203/1/6404 3211/1/6404
f 3203/1/6405 3212/1/6405 3211/1/6405
f 3203/1/6406 3204/1/6406 3212/1/6406
f 3204/1/6407 3213/1/6407 3212/1/6407
f 3204/1/6408 3205/1/6408 3213/1/6408
f 3205/1/6409 3214/1/6409 3213/1/6409
f 3205/1/6410 3206/1/6410 3214/1/6410
f 3206/1/6411 3215/1/6411 3214/1/6411
f 3206/1/6412 3207/1/6412 3215/1/6412
f 3207/1/6413 3216/1/6413 3215/1/6413
f 3207/1/6414 3208/1/6414 3216/1/6414
f 3208/1/6415 3209/1/6415 3216/1/6415
f 3208/1/6416 3201/1/6416 3209/1/6416
f 3209/1/6417 3218/1/6417 3217/1/6417
f 3209/1/6418 3210/1/6418 3218/1/6418
f 3210/1/6419 3219/1/6419 3218/1/6419
f 3210/1/6420 3211/1/6420 3219/1/6420
f 3211/1/6421 3220/1/6421 3219/1/6421
f 3211/1/6422 3212/1/6422 3220/1/6422
f 3212/1/6423 3221/1/6423 3220/1/6423
f 3212/1/6424 3213/1/6424 3221/1/6424
f 3213/1/6425 3222/1/6425 3221/1/6425
f 3213/1/6426 3214/1/6426 3222/1/6426
f 3214/1/6427 3223/1/6427 3222/1/6427
f 3214/1/6428 3215/1/6428 3223/1/6428
f 3215/1/6429 3224/1/6429 3223/1/6429
f 3215/1/6430 3216/1/6430 3224/1/6430
f 3216/1/6431 3217/1/6431 3224/1/6431
f 3216/1/6432 3209/1/6432 3217/1/6432
f 3217/1/6433 3226/1/6433 3225/1/6433
f 3217/1/6434 3218/1/6434 3226/1/6434
f 3218/1/6435 3227/1/6435 3226/1/6435
f 3218/1/6436 3219/1/6436 3227/1/6436
f 3219/1/6437 3228/1/6437 3227/1/6437
f 3219/1/6438 3220/1/6438 3228/1/6438
f 3220/1/6439 3229/1/6439 3228/1/6439
f 3220/1/6440 3221/1/6440 3229/1/6440
f 3221/1/6441 3230/1/6441 3229/1/6441
f 3221/1/6442 3222/1/6442 3230/1/6442
f 3222/1/6443 3231/1/6443 3230/1/6443
f 3222/1/6444 3223/1/6444 3231/1/6444
f 3223/1/6445 3232/1/6445 3231/1/6445
f 3223/1/6446 3224/1/6446 3232/1/6446
f 3224/1/6447 3225/1/6447 3232/1/6447
f 3224/1/6448 3217/1/6448 3225/1/6448
f 3225/1/6449 3234/1/6449 3233/1/6449
f 3225/1/6450 3226/1/6450 3234/1/6450
f 3226/1/6451 3235/1/6451 3234/1/6451
f 3226/1/6452 3227/1/6452 3235/1/6452
f 3227/1/6453 3236/1/6453 3235/1/6453
f 3227/1/6454 3228/1/6454 3236/1/6454
f 3228/1/6455 3237/1/6455 3236/1/6455
f 3228/1/6456 3229/1/6456 3237/1/6456
f 3229/1/6457 3238/1/6457 3237/1/6457
f 3229/1/6458 3230/1/6458 3238/1/6458
f 3230/1/6459 3239/1/6459 3238/1/6459
f 3230/1/6460 3231/1/6460 3239/1/6460
f 3231/1/6461 3240/1/6461 3239/1/6461
f 3231/1/6462 3232/1/6462 3240/1/6462
f 3232/1/6463 3233/1/6463 3240/1/6463
f 3232/1/6464 3225/1/6464 3233/1/6464
f 3233/1/6465 3242/1/6465 3241/1/6465
f 3233/1/6466 3234/1/6466 3242/1/6466
f 3234/1/6467 3243/1/6467 3242/1/6467
f 3234/1/6468 3235/1/6468 3243/1/6468
f 3235/1/6469 3244/1/6469 3243/1/6469
f 3235/1/6470 3236/1/6470 3244/1/6470
f 3236/1/6471 3245/1/6471 3244/1/6471
f 3236/1/6472 3237/1/6472 3245/1/6472
f 3237/1/6473 3246/1/6473 3245/1/6473
f 3237/1/6474 3238/1/6474 3246/1/6474
f 3238/1/6475 3247/1/6475 3246/1/6475
f 3238/1/6476 3239/1/6476 3247/1/6476
f 3239/1/6477 3248/1/6477 3247/1/6477
f 3239/1/6478 3240/1/6478 3248/1/6478
f 3240/1/6479 3241/1/6479 3248/1/6479
f 3240/1/6480 3233/1/6480 3241/1/6480
f 3241/1/6481 3250/1/6481 3249/1/6481
f 3241/1/6482 3242/1/6482 3250/1/6482
f 3242/1/6483 3251/1/6483 3250/1/6483
f 3242/1/6484 3243/1/6484 3251/1/6484
f 3243/1/6485 3252/1/6485 3251/1/6485
f 3243/1/6486 3244/1/6486 3252/1/6486
f 3244/1/6487 3253/1/6487 3252/1/6487
f 3244/1/6488 3245/1/6488 3253/1/6488
f 3245/1/6489 3254/1/6489 3253/1/6489
f 3245/1/6490 3246/1/6490 3254/1/6490
f 3246/1/6491 3255/1/6491 3254/1/6491
f 3246/1/6492 3247/1/6492 3255/1/6492
f 3247/1/6493 3256/1/6493 3255/1/6493
f 3247/1/6494 3248/1/6494 3256/1/6494
f 3248/1/6495 3249/1/6495 3256/1/6495
f 3248/1/6496 3241/1/6496 3249/1/6496
f 3249/1/6497 3258/1/6497 3257/1/6497
f 3249/1/6498 3250/1/6498 3258/1/6498
f 3250/1/6499 3259/1/6499 3258/1/6499
f 3250/1/6500 3251/1/6500 3259/1/6500
f 3251/1/6501 3260/1/6501 3259/1/6501
f 3251/1/6502 3252/1/6502 3260/1/6502
f 3252/1/6503 3261/1/6503 3260/1/6503
f 3252/1/6504 3253/1/6504 3261/1/6504
f 3253/1/6505 3262/1/6505 3261/1/6505
f 3253/1/6506 3254/1/6506 3262/1/6506
f 3254/1/6507 3263/1/6507 3262/1/6507
f 3254/1/6508 3255/1/6508 3263/1/6508
f 3255/1/6509 3264/1/6509 3263/1/6509
f 3255/1/6510 3256/1/6510 3264/1/6510
f 3256/1/6511 3257/1/6511 3264/1/6511
f 3256/1/6512 3249/1/6512 3257/1/6512
f 3257/1/6513 3266/1/6513 3265/1/6513
f 3257/1/6514 3258/1/6514 3266/1/6514
f 3258/1/6515 3267/1/6515 3266/1/6515
f 3258/1/6516 3259/1/6516 3267/1/6516
f 3259/1/6517 3268/1/6517 3267/1/6517
f 3259/1/6518 3260/1/6518 3268/1/6518
f 3260/1/6519 3269/1/6519 3268/1/6519
f 3260/1/6520 3261/1/6520 3269/1/6520
f 3261/1/6521 3270/1/6521 3269/1/6521
f 3261/1/6522 3262/1/6522 3270/1/6522
f 3262/1/6523 3271/1/6523 3270/1/6523
f 3262/1/6524 3263/1/6524 3271/1/6524
f 3263/1/6525 3272/1/6525 3271/1/6525
f 3263/1/6526 3264/1/6526 3272/1/6526
f 3264/1/6527 3265/1/6527 3272/1/6527
f 3264/1/6528 3257/1/6528 3265/1/6528
f 3265/1/6529 3274/1/6529 3273/1/6529
f 3265/1/6530 3266/1/6530 3274/1/6530
f 3266/1/6531 3275/1/6531 3274/1/6531
f 3266/1/6532 3267/1/6532 3275/1/6532
f 3267/1/6533 3276/1/6533 3275/1/6533
f 3267/1/6534 3268/1/6534 3276/1/6534
f 3268/1/6535 3277/1/6535 3276/1/6535
f 3268/1/6536 3269/1/6536 3277/1/6536
f 3269/1/6537 3278/1/6537 3277/1/6537
f 3269/1/6538 3270/1/6538 3278/1/6538
f 3270/1/6539 3279/1/6539 3278/1/6539
f 3270/1/6540 3271/1/6540 3279/1/6540
f 3271/1/6541 3280/1/6541 3279/1/6541
f 3271/1/6542 3272/1/6542 3280/1/6542
f 3272/1/6543 3273/1/6543 3280/1/6543
f 3272/1/6544 3265/1/6544 3273/1/6544
f 3273/1/6545 3282/1/6545 3281/1/6545
f 3273/1/6546 3274/1/6546 3282/1/6546
f 3274/1/6547 3283/1/6547 3282/1/6547
f 3274/1/6548 3275/1/6548 3283/1/6548
f 3275/1/6549 3284/1/6549 3283/1/6549
f 3275/1/6550 3276/1/6550 3284/1/6550
f 3276/1/6551 3285/1/6551 3284/1/6551
f 3276/1/6552 3277/1/6552 3285/1/6552
f 3277/1/6553 3286/1/6553 3285/1/6553
f 3277/1/6554 3278/1/6554 3286/1/6554
f 3278/1/6555 3287/1/6555 3286/1/6555
f 3278/1/6556 3279/1/6556 3287/1/6556
f 3279/1/6557 3288/1/6557 3287/1/6557
f 3279/1/6558 3280/1/6558 3288/1/6558
f 3280/1/6559 3281/1/6559 3288/1/6559
f 3280/1/6560 3273/1/6560 3281/1/6560
f 3281/1/6561 3290/1/6561 3289/1/6561
f 3281/1/6562 3282/1/6562 3290/1/6562
f 3282/1/6563 3291/1/6563 3290/1/6563
f 3282/1/6564 3283/1/6564 3291/1/6564
f 3283/1/6565 3292/1/6565 3291/1/6565
f 3283/1/6566 3284/1/6566 3292/1/6566
f 3284/1/6567 3293/1/6567 3292/1/6567
f 3284/1/6568 3285/1/6568 3293/1/6568
f 3285/1/6569 3294/1/6569 3293/1/6569
f 3285/1/6570 3286/1/6570 3294/1/6570
f 3286/1/6571 3295/1/6571 3294/1/6571
f 3286/1/6572 3287/1/6572 3295/1/6572
f 3287/1/6573 3296/1/6573 3295/1/6573
f 3287/1/6574 3288/1/6574 3296/1/6574
f 3288/1/6575 3289/1/6575 3296/1/6575
f 3288/1/6576 3281/1/6576 3289/1/6576
f 3289/1/6577 3298/1/6577 3297/1/6577
f 3289/1/6578 3290/1/6578 3298/1/6578
f 3290/1/6579 3299/1/6579 3298/1/6579
f 3290/1/6580 3291/1/6580 3299/1/6580
f 3291/1/6581 3300/1/6581 3299/1/6581
f 3291/1/6582 3292/1/6582 3300/1/6582
f 3292/1/6583 3301/1/6583 3300/1/6583
f 3292/1/6584 3293/1/6584 3301/1/6584
f 3293/1/6585 3302/1/6585 3301/1/6585
f 3293/1/6586 3294/1/6586 3302/1/6586
f 3294/1/6587 3303/1/6587 3302/1/6587
f 3294/1/6588 3295/1/6588 3303/1/6588
f 3295/1/6589 3304/1/6589 3303/1/6589
f 3295/1/6590 3296/1/6590 3304/1/6590
f 3296/1/6591 3297/1/6591 3304/1/6591
f 3296/1/6592 3289/1/6592 3297/1/6592
f 3297/1/6593 3306/1/6593 3305/1/6593
f 3297/1/6594 3298/1/6594 3306/1/6594
f 3298/1/6595 3307/1/6595 3306/1/6595
f 3298/1/6596 3299/1/6596 3307/1/6596
f 3299/1/6597 3308/1/6597 3307/1/6597
f 3299/1/6598 3300/1/6598 3308/1/6598
f 3300/1/6599 3309/1/6599 3308/1/6599
f 3300/1/6600 3301/1/6600 3309/1/6600
f 3301/1/6601 3310/1/6601 3309/1/6601
f 3301/1/6602 3302/1/6602 3310/1/6602
f 3302/1/6603 3311/1/6603 3310/1/6603
f 3302/1/6604 3303/1/6604 3311/1/6604
f 3303/1/6605 3312/1/6605 3311/1/6605
f 3303/1/6606 3304/1/6606 3312/1/6606
f 3304/1/6607 3305/1/6607 3312/1/6607
f 3304/1/6608 3297/1/6608 3305/1/6608
f 3305/1/6609 3314/1/6609 3313/1/6609
f 3305/1/6610 3306/1/6610 3314/1/6610
f 3306/1/6611 3315/1/6611 3314/1/6611
f 3306/1/6612 3307/1/6612 3315/1/6612
f 3307/1/6613 3316/1/6613 3315/1/6613
f 3307/1/6614 3308/1/6614 3316/1/6614
f 3308/1/6615 3317/1/6615 3316/1/6615
f 3308/1/6616 3309/1/6616 3317/1/6616
f 3309/1/6617 3318/1/6617 3317/1/6617
f 3309/1/6618 3310/1/6618 3318/1/6618
f 3310/1/6619 3319/1/6619 3318/1/6619
f 3310/1/6620 3311/1/6620 3319/1/6620
f 3311/1/6621 3320/1/6621 3319/1/6621
f 3311/1/6622 3312/1/6622 3320/1/6622
f 3312/1/6623 3313/1/6623 3320/1/6623
f 3312/1/6624 3305/1/6624 3313/1/6624
f 3313/1/6625 3322/1/6625 3321/1/6625
f 3313/1/6626 3314/1/6626 3322/1/6626
f 3314/1/6627 3323/1/6627 3322/1/6627
f 3314/1/6628 3315/1/6628 3323/1/6628
f 3315/1/6629 3324/1/6629 3323/1/6629
f 3315/1/6630 3316/1/6630 3324/1/6630
f 3316/1/6631 3325/1/6631 3324/1/6631
f 3316/1/6632 3317/1/6632 3325/1/6632
f 3317/1/6633 3326/1/6633 3325/1/6633
f 3317/1/6634 3318/1/6634 3326/1/6634
f 3318/1/6635 3327/1/6635 3326/1/6635
f 3318/1/6636 3319/1/6636 3327/1/6636
f 3319/1/6637 3328/1/6637 3327/1/6637
f 3319/1/6638 3320/1/6638 3328/1/6638
f 3320/1/6639 3321/1/6639 3328/1/6639
f 3320/1/6640 3313/1/6640 3321/1/6640
f 3321/1/6641 3330/1/6641 3329/1/6641
f 3321/1/6642 3322/1/6642 3330/1/6642
f 3322/1/6643 3331/1/6643 3330/1/6643
f 3322/1/6644 3323/1/6644 3331/1/6644
f 3323/1/6645 3332/1/6645 3331/1/6645
f 3323/1/6646 3324/1/6646 3332/1/6646
f 3324/1/6647 3333/1/6647 3332/1/6647
f 3324/1/6648 3325/1/6648 3333/1/6648
f 3325/1/6649 3334/1/6649 3333/1/6649
f 3325/1/6650 3326/1/6650 3334/1/6650
f 3326/1/6651 3335/1/6651 3334/1/6651
f 3326/1/6652 3327/1/6652 3335/1/6652
f 3327/1/6653 3336/1/6653 3335/1/6653
f 3327/1/6654 3328/1/6654 3336/1/6654
f 3328/1/6655 3329/1/6655 3336/1/6655
f 3328/1/6656 3321/1/6656 3329/1/6656
f 3329/1/6657 3338/1/6657 3337/1/6657
f 3329/1/6658 3330/1/6658 3338/1/6658
f 3330/1/6659 3339/1/6659 3338/1/6659
f 3330/1/6660 3331/1/6660 3339/1/6660
f 3331/1/6661 3340/1/6661 3339/1/6661
f 3331/1/6662 3332/1/6662 3340/1/6662
f 3332/1/6663 3341/1/6663 3340/1/6663
f 3332/1/6664 3333/1/6664 3341/1/6664
f 3333/1/6665 3342/1/6665 3341/1/6665
f 3333/1/6666 3334/1/6666 3342/1/6666
f 3334/1/6667 3343/1/6667 3342/1/6667
f 3334/1/6668 3335/1/6668 3343/1/6668
f 3335/1/6669 3344/1/6669 3343/1/6669
f 3335/1/6670 3336/1/6670 3344/1/6670
f 3336/1/6671 3337/1/6671 3344/1/6671
f 3336/1/6672 3329/1/6672 3337/1/6672
f 3337/1/6673 3346/1/6673 3345/1/6673
f 3337/1/6674 3338/1/6674 3346/1/6674
f 3338/1/6675 3347/1/6675 3346/1/6675
f 3338/1/6676 3339/1/6676 3347/1/6676
f 3339/1/6677 3348/1/6677 3347/1/6677
f 3339/1/6678 3340/1/6678 3348/1/6678
f 3340/1/6679 3349/1/6679 3348/1/6679
f 3340/1/6680 3341/1/6680 3349/1/6680
f 3341/1/6681 3350/1/6681 3349/1/6681
f 3341/1/6682 3342/1/6682 3350/1/6682
f 3342/1/6683 3351/1/6683 3350/1/6683
f 3342/1/6684 3343/1/6684 3351/1/6684
f 3343/1/6685 3352/1/6685 3351/1/6685
f 3343/1/6686 3344/1/6686 3352/1/6686
f 3344/1/6687 3345/1/6687 3352/1/6687
f 3344/1/6688 3337/1/6688 3345/1/6688
f 3345/1/6689 3354/1/6689 3353/1/6689
f 3345/1/6690 3346/1/6690 3354/1/6690
f 3346/1/6691 3355/1/6691 3354/1/6691
f 3346/1/6692 3347/1/6692 3355/1/6692
f 3347/1/6693 3356/1/6693 3355/1/6693
f 3347/1/6694 3348/1/6694 3356/1/6694
f 3348/1/6695 3357/1/6695 3356/1/6695
f 3348/1/6696 3349/1/6696 3357/1/6696
f 3349/1/6697 3358/1/6697 3357/1/6697
f 3349/1/6698 3350/1/6698 3358/1/6698
f 3350/1/6699 3359/1/6699 3358/1/6699
f 3350/1/6700 3351/1/6700 3359/1/6700
f 3351/1/6701 3360/1/6701 3359/1/6701
f 3351/1/6702 3352/1/6702 3360/1/6702
f 3352/1/6703 3353/1/6703 3360/1/6703
f 3352/1/6704 3345/1/6704 3353/1/6704
f 3353/1/6705 3362/1/6705 3361/1/6705
f 3353/1/6706 3354/1/6706 3362/1/6706
f 3354/1/6707 3363/1/6707 3362/1/6707
f 3354/1/6708 3355/1/6708 3363/1/6708
f 3355/1/6709 3364/1/6709 3363/1/6709
f 3355/1/6710 3356/1/6710 3364/1/6710
f 3356/1/6711 3365/1/6711 3364/1/6711
f 3356/1/6712 3357/1/6712 3365/1/6712
f 3357/1/6713 3366/1/6713 3365/1/6713
f 3357/1/6714 3358/1/6714 3366/1/6714
f 3358/1/6715 3367/1/6715 3366/1/6715
f 3358/1/6716 3359/1/6716 3367/1/6716
f 3359/1/6717 3368/1/6717 3367/1/6717
f 3359/1/6718 3360/1/6718 3368/1/6718
f 3360/1/6719 3361/1/6719 3368/1/6719
f 3360/1/6720 3353/1/6720 3361/1/6720
f 3361/1/6721 3370/1/6721 3369/1/6721
f 3361/1/6722 3362/1/6722 3370/1/6722
f 3362/1/6723 3371/1/6723 3370/1/6723
f 3362/1/6724 3363/1/6724 3371/1/6724
f 3363/1/6725 3372/1/6725 3371/1/6725
f 3363/1/6726 3364/1/6726 3372/1/6726
f 3364/1/6727 3373/1/6727 3372/1/6727
f 3364/1/6728 3365/1/6728 3373/1/6728
f 3365/1/6729 3374/1/6729 3373/1/6729
f 3365/1/6730 3366/1/6730 3374/1/6730
f 3366/1/6731 3375/1/6731 3374/1/6731
f 3366/1/6732 3367/1/6732 3375/1/6732
f 3367/1/6733 3376/1/6733 3375/1/6733
f 3367/1/6734 3368/1/6734 3376/1/6734
f 3368/1/6735 3369/1/6735 3376/1/6735
f 3368/1/6736 3361/1/6736 3369/1/6736
f 3369/1/6737 3378/1/6737 3377/1/6737
f 3369/1/6738 3370/1/6738 3378/1/6738
f 3370/1/6739 3379/1/6739 3378/1/6739
f 3370/1/6740 3371/1/6740 3379/1/6740
f 3371/1/6741 3380/1/6741 3379/1/6741
f 3371/1/6742 3372/1/6742 3380/1/6742
f 3372/1/6743 3381/1/6743 3380/1/6743
f 3372/1/6744 3373/1/6744 3381/1/6744
f 3373/1/6745 3382/1/6745 3381/1/6745
f 3373/1/6746 3374/1/6746 3382/1/6746
f 3374/1/6747 3383/1/6747 3382/1/6747
f 3374/1/6748 3375/1/6748 3383/1/6748
f 3375/1/6749 3384/1/6749 3383/1/6749
f 3375/1/6750 3376/1/6750 3384/1/6750
f 3376/1/6751 3377/1/6751 3384/1/6751
f 3376/1/6752 3369/1/6752 3377/1/6752
f 3377/1/6753 3386/1/6753 3385/1/6753
f 3377/1/6754 3378/1/6754 3386/1/6754
f 3378/1/6755 3387/1/6755 3386/1/6755
f 3378/1/6756 3379/1/6756 3387/1/6756
f 3379/1/6757 3388/1/6757 3387/1/6757
f 3379/1/6758 3380/1/6758 3388/1/6758
f 3380/1/6759 3389/1/6759 3388/1/6759
f 3380/1/6760 3381/1/6760 3389/1/6760
f 3381/1/6761 3390/1/6761 3389/1/6761
f 3381/1/6762 3382/1/6762 3390/1/6762
f 3382/1/6763 3391/1/6763 3390/1/6763
f 3382/1/6764 3383/1/6764 3391/1/6764
f 3383/1/6765 3392/1/6765 3391/1/6765
f 3383/1/6766 3384/1/6766 3392/1/6766
f 3384/1/6767 3385/1/6767 3392/1/6767
f 3384/1/6768 3377/1/6768 3385/1/6768
f 3385/1/6769 3394/1/6769 3393/1/6769
f 3385/1/6770 3386/1/6770 3394/1/6770
f 3386/1/6771 3395/1/6771 3394/1/6771
f 3386/1/6772 3387/1/6772 3395/1/6772
f 3387/1/6773 3396/1/6773 3395/1/6773
f 3387/1/6774 3388/1/6774 3396/1/6774
f 3388/1/6775 3397/1/6775 3396/1/6775
f 3388/1/6776 3389/1/6776 3397/1/6776
f 3389/1/6777 3398/1/6777 3397/1/6777
f 3389/1/6778 3390/1/6778 3398/1/6778
f 3390/1/6779 3399/1/6779 3398/1/6779
f 3390/1/6780 3391/1/6780 3399/1/6780
f 3391/1/6781 3400/1/6781 3399/1/6781
f 3391/1/6782 3392/1/6782 3400/1/6782
f 3392/1/6783 3393/1/6783 3400/1/6783
f 3392/1/6784 3385/1/6784 3393/1/6784
f 3393/1/6785 3402/1/6785 3401/1/6785
f 3393/1/6786 3394/1/6786 3402/1/6786
f 3394/1/6787 3403/1/6787 3402/1/6787
f 3394/1/6788 3395/1/6788 3403/1/6788
f 3395/1/6789 3404/1/6789 3403/1/6789
f 3395/1/6790 3396/1/6790 3404/1/6790
f 3396/1/6791 3405/1/6791 3404/1/6791
f 3396/1/6792 3397/1/6792 3405/1/6792
f 3397/1/6793 3406/1/6793 3405/1/6793
f 3397/1/6794 3398/1/6794 3406/1/6794
f 3398/1/6795 3407/1/6795 3406/1/6795
f 3398/1/6796 3399/1/6796 3407/1/6796
f 3399/1/6797 3408/1/6797 3407/1/6797
f 3399/1/6798 3400/1/6798 3408/1/6798
f 3400/1/6799 3401/1/6799 3408/1/6799
f 3400/1/6800 3393/1/6800 3401/1/6800
f 3401/1/6801 3410/1/6801 3409/1/6801
f 3401/1/6802 3402/1/6802 3410/1/6802
f 3402/1/6803 3411/1/6803 3410/1/6803
f 3402/1/6804 3403/1/6804 3411/1/6804
f 3403/1/6805 3412/1/6805 3411/1/6805
f 3403/1/6806 3404/1/6806 3412/1/6806
f 3404/1/6807 3413/1/6807 3412/1/6807
f 3404/1/6808 3405/1/6808 3413/1/6808
f 3405/1/6809 3414/1/6809 3413/1/6809
f 3405/1/6810 3406/1/6810 3414/1/6810
f 3406/1/6811 3415/1/6811 3414/1/6811
f 3406/1/6812 3407/1/6812 3415/1/6812
f 3407/1/6813 3416/1/6813 3415/1/6813
f 3407/1/6814 3408/1/6814 3416/1/6814
f 3408/1/6815 3409/1/6815 3416/1/6815
f 3408/1/6816 3401/1/6816 3409/1/6816
f 3409/1/6817 3418/1/6817 3417/1/6817
f 3409/1/6818 3410/1/6818 3418/1/6818
f 3410/1/6819 3419/1/6819 3418/1/6819
f 3410/1/6820 3411/1/6820 3419/1/6820
f 3411/1/6821 3420/1/6821 3419/1/6821
f 3411/1/6822 3412/1/6822 3420/1/6822
f 3412/1/6823 3421/1/6823 3420/1/6823
f 3412/1/6824 3413/1/6824 3421/1/6824
f 3413/1/6825 3422/1/6825 3421/1/6825
f 3413/1/6826 3414/1/6826 3422/1/6826
f 3414/1/6827 3423/1/6827 3422/1/6827
f 3414/1/6828 3415/1/6828 3423/1/6828
f 3415/1/6829 3424/1/6829 3423/1/6829
f 3415/1/6830 3416/1/6830 3424/1/6830
f 3416/1/6831 3417/1/6831 3424/1/6831
f 3416/1/6832 3409/1/6832 3417/1/6832
f 3417/1/6833 3426/1/6833 3425/1/6833
f 3417/1/6834 3418/1/6834 3426/1/6834
f 3418/1/6835 3427/1/6835 3426/1/6835
f 3418/1/6836 3419/1/6836 3427/1/6836
f 3419/1/6837 3428/1/6837 3427/1/6837
f 3419/1/6838 3420/1/6838 3428/1/6838
f 3420/1/6839 3429/1/6839 3428/1/6839
f 3420/1/6840 3421/1/6840 3429/1/6840
f 3421/1/6841 3430/1/6841 3429/1/6841
f 3421/1/6842 3422/1/6842 3430/1/6842
f 3422/1/6843 3431/1/6843 3430/1/6843
f 3422/1/6844 3423/1/6844 3431/1/6844
f 3423/1/6845 3432/1/6845 3431/1/6845
f 3423/1/6846 3424/1/6846 3432/1/6846
f 3424/1/6847 3425/1/6847 3432/1/6847
f 3424/1/6848 3417/1/6848 3425/1/6848
f 3425/1/6849 3434/1/6849 3433/1/6849
f 3425/1/6850 3426/1/6850 3434/1/6850
f 3426/1/6851 3435/1/6851 3434/1/6851
f 3426/1/6852 3427/1/6852 3435/1/6852
f 3427/1/6853 3436/1/6853 3435/1/6853
f 3427/1/6854 3428/1/6854 3436/1/6854
f 3428/1/6855 3437/1/6855 3436/1/6855
f 3428/1/6856 3429/1/6856 3437/1/6856
f 3429/1/6857 3438/1/6857 3437/1/6857
f 3429/1/6858 3430/1/6858 3438/1/6858
f 3430/1/6859 3439/1/6859 3438/1/6859
f 3430/1/6860 3431/1/6860 3439/1/6860
f 3431/1/6861 3440/1/6861 3439/1/6861
f 3431/1/6862 3432/1/6862 3440/1/6862
f 3432/1/6863 3433/1/6863 3440/1/6863
f 3432/1/6864 3425/1/6864 3433/1/6864
f 3433/1/6865 3442/1/6865 3441/1/6865
f 3433/1/6866 3434/1/6866 3442/1/6866
f 3434/1/6867 3443/1/6867 3442/1/6867
f 3434/1/6868 3435/1/6868 3443/1/6868
f 3435/1/6869 3444/1/6869 3443/1/6869
f 3435/1/6870 3436/1/6870 3444/1/6870
f 3436/1/6871 3445/1/6871 3444/1/6871
f 3436/1/6872 3437/1/6872 3445/1/6872
f 3437/1/6873 3446/1/6873 3445/1/6873
f 3437/1/6874 3438/1/6874 3446/1/6874
f 3438/1/6875 3447/1/6875 3446/1/6875
f 3438/1/6876 3439/1/6876 3447/1/6876
f 3439/1/6877 3448/1/6877 3447/1/6877
f 3439/1/6878 3440/1/6878 3448/1/6878
f 3440/1/6879 3441/1/6879 3448/1/6879
f 3440/1/6880 3433/1/6880 3441/1/6880
f 3441/1/6881 3450/1/6881 3449/1/6881
f 3441/1/6882 3442/1/6882 3450/1/6882
f 3442/1/6883 3451/1/6883 3450/1/6883
f 3442/1/6884 3443/1/6884 3451/1/6884
f 3443/1/6885 3452/1/6885 3451/1/6885
f 3443/1/6886 3444/1/6886 3452/1/6886
f 3444/1/6887 3453/1/6887 3452/1/6887
f 3444/1/6888 3445/1/6888 3453/1/6888
f 3445/1/6889 3454/1/6889 3453/1/6889
f 3445/1/6890 3446/1/6890 3454/1/6890
f 3446/1/6891 3455/1/6891 3454/1/6891
f 3446/1/6892 3447/1/6892 3455/1/6892
f 3447/1/6893 3456/1/6893 3455/1/6893
f 3447/1/6894 3448/1/6894 3456/1/6894
f 3448/1/6895 3449/1/6895 3456/1/6895
f 3448/1/6896 3441/1/6896 3449/1/6896
f 3449/1/6897 2306/1/6897 2305/1/6897
f 3449/1/6898 3450/1/6898 2306/1/6898
f 3450/1/6899 2307/1/6899 2306/1/6899
f 3450/1/6900 3451/1/6900 2307/1/6900
f 3451/1/6901 2308/1/6901 2307/1/6901
f 3451/1/6902 3452/1/6902 2308/1/6902
f 3452/1/6903 2309/1/6903 2308/1/6903
f 3452/1/6904 3453/1/6904 2309/1/6904
f 3453/1/6905 2310/1/6905 2309/1/6905
f 3453/1/6906 3454/1/6906 2310/1/6906
f 3454/1/6907 2311/1/6907 2310/1/6907
f 3454/1/6908 3455/1/6908 2311/1/6908
f 3455/1/6909 2312/1/6909 2311/1/6909
f 3455/1/6910 3456/1/6910 2312/1/6910
f 3456/1/6911 2305/1/6911 2312/1/6911
f 3456/1/6912 3449/1/6912 2305/1/6912
f 3457/1/6913 3459/1/6913 3458/1/6913
f 3458/1/6914 3459/1/6914 3469/1/6914
f 3458/1/6915 3469/1/6915 3468/1/6915
f 3468/1/6916 3469/1/6916 3479/1/6916
f 3468/1/6917 3479/1/6917 3478/1/6917
f 3478/1/6918 3479/1/6918 3489/1/6918
f 3478/1/6919 3489/1/6919 3488/1/6919
f 3488/1/6920 3489/1/6920 3499/1/6920
f 3488/1/6921 3499/1/6921 3498/1/6921
f 3508/1/6922 3498/1/6922 3499/1/6922
f 3457/1/6923 3460/1/6923 3459/1/6923
f 3459/1/6924 3460/1/6924 3470/1/6924
f 3459/1/6925 3470/1/6925 3469/1/6925
f 3469/1/6926 3470/1/6926 3480/1/6926
f 3469/1/6927 3480/1/6927 3479/1/6927
f 3479/1/6928 3480/1/6928 3490/1/6928
f 3479/1/6929 3490/1/6929 3489/1/6929
f 3489/1/6930 3490/1/6930 3500/1/6930
f 3489/1/6931 3500/1/6931 3499/1/6931
f 3508/1/6932 3499/1/6932 3500/1/6932
f 3457/1/6933 3461/1/6933 3460/1/6933
f 3460/1/6934 3461/1/6934 3471/1/6934
f 3460/1/6935 3471/1/6935 3470/1/6935
f 3470/1/6936 3471/1/6936 3481/1/6936
f 3470/1/6937 3481/1/6937 3480/1/6937
f 3480/1/6938 3481/1/6938 3491/1/6938
f 3480/1/6939 3491/1/6939 3490/1/6939
f 3490/1/6940 3491/1/6940 3501/1/6940
f 3490/1/6941 3501/1/6941 3500/1/6941
f 3508/1/6942 3500/1/6942 3501/1/6942
f 3457/1/6943 3462/1/6943 3461/1/6943
f 3461/1/6944 3462/1/6944 3472/1/6944
f 3461/1/6945 3472/1/6945 3471/1/6945
f 3471/1/6946 3472/1/6946 3482/1/6946
f 3471/1/6947 3482/1/6947 3481/1/6947
f 3481/1/6948 3482/1/6948 3492/1/6948
f 3481/1/6949 3492/1/6949 3491/1/6949
f 3491/1/6950 3492/1/6950 3502/1/6950
f 3491/1/6951 3502/1/6951 3501/1/6951
f 3508/1/6952 3501/1/6952 3502/1/6952
f 3457/1/6953 3463/1/6953 3462/1/6953
f 3462/1/6954 3463/1/6954 3473/1/6954
f 3462/1/6955 3473/1/6955 3472/1/6955
f 3472/1/6956 3473/1/6956 3483/1/6956
f 3472/1/6957 3483/1/6957 3482/1/6957
f 3482/1/6958 3483/1/6958 3493/1/6958
f 3482/1/6959 3493/1/6959 3492/1/6959
f 3492/1/6960 3493/1/6960 3503/1/6960
f 3492/1/6961 3503/1/6961 3502/1/6961
f 3508/1/6962 3502/1/6962 3503/1/6962
f 3457/1/6963 3464/1/6963 3463/1/6963
f 3463/1/6964 3464/1/6964 3474/1/6964
f 3463/1/6965 3474/1/6965 3473/1/6965
f 3473/1/6966 3474/1/6966 3484/1/6966
f 3473/1/6967 3484/1/6967 3483/1/6967
f 3483/1/6968 3484/1/6968 3494/1/6968
f 3483/1/6969 3494/1/6969 3493/1/6969
f 3493/1/6970 3494/1/6970 3504/1/6970
f 3493/1/6971 3504/1/6971 3503/1/6971
f 3508/1/6972 3503/1/6972 3504/1/6972
f 3457/1/6973 3465/1/6973 3464/1/6973
f 3464/1/6974 3465/1/6974 3475/1/6974
f 3464/1/6975 3475/1/6975 3474/1/6975
f 3474/1/6976 3475/1/6976 3485/1/6976
f 3474/1/6977 3485/1/6977 3484/1/6977
f 3484/1/6978 3485/1/6978 3495/1/6978
f 3484/1/6979 3495/1/6979 3494/1/6979
f 3494/1/6980 3495/1/6980 3505/1/6980
f 3494/1/6981 3505/1/6981 3504/1/6981
f 3508/1/6982 3504/1/6982 3505/1/6982
f 3457/1/6983 3466/1/6983 3465/1/6983
f 3465/1/6984 3466/1/6984 3476/1/6984
f 3465/1/6985 3476/1/6985 3475/1/6985
f 3475/1/6986 3476/1/6986 3486/1/6986
f 3475/1/6987 3486/1/6987 3485/1/6987
f 3485/1/6988 3486/1/6988 3496/1/6988
f 3485/1/6989 3496/1/6989 3495/1/6989
f 3495/1/6990 3496/1/6990 3506/1/6990
f 3495/1/6991 3506/1/6991 3505/1/6991
f 3508/1/6992 3505/1/6992 3506/1/6992
f 3457/1/6993 3467/1/6993 3466/1/6993
f 3466/1/6994 3467/1/6994 3477/1/6994
f 3466/1/6995 3477/1/6995 3476/1/6995
f 3476/1/6996 3477/1/6996 3487/1/6996
f 3476/1/6997 3487/1/6997 3486/1/6997
f 3486/1/6998 3487/1/6998 3497/1/6998
f 3486/1/6999 3497/1/6999 3496/1/6999
f 3496/1/7000 3497/1/7000 3507/1/7000
f 3496/1/7001 3507/1/7001 3506/1/7001
f 3508/1/7002 3506/1/7002 3507/1/7002
f 3457/1/7003 3458/1/7003 3467/1/7003
f 3467/1/7004 3458/1/7004 3468/1/7004
f 3467/1/7005 3468/1/7005 3477/1/7005
f 3477/1/7006 3468/1/7006 3478/1/7006
f 3477/1/7007 3478/1/7007 3487/1/7007
f 3487/1/7008 3478/1/7008 3488/1/7008
f 3487/1/7009 3488/1/7009 3497/1/7009
f 3497/1/7010 3488/1/7010 3498/1/7010
f 3497/1/7011 3498/1/7011 3507/1/7011
f 3508/1/7012 3507/1/7012 3498/1/7012
f 3509/1/7013 3511/1/7013 3510/1/7013
f 3510/1/7014 3511/1/7014 3521/1/7014
f 3510/1/7015 3521/1/7015 3520/1/7015
f 3520/1/7016 3521/1/7016 3531/1/7016
f 3520/1/7017 3531/1/7017 3530/1/7017
f 3530/1/7018 3531/1/7018 3541/1/7018
f 3530/1/7019 3541/1/7019 3540/1/7019
f 3540/1/7020 3541/1/7020 3551/1/7020
f 3540/1/7021 3551/1/7021 3550/1/7021
f 3560/1/7022 3550/1/7022 3551/1/7022
f 3509/1/7023 3512/1/7023 3511/1/7023
f 3511/1/7024 3512/1/7024 3522/1/7024
f 3511/1/7025 3522/1/7025 3521/1/7025
f 3521/1/7026 3522/1/7026 3532/1/7026
f 3521/1/7027 3532/1/7027 3531/1/7027
f 3531/1/7028 3532/1/7028 3542/1/7028
f 3531/1/7029 3542/1/7029 3541/1/7029
f 3541/1/7030 3542/1/7030 3552/1/7030
f 3541/1/7031 3552/1/7031 3551/1/7031
f 3560/1/7032 3551/1/7032 3552/1/7032
f 3509/1/7033 3513/1/7033 3512/1/7033
f 3512/1/7034 3513/1/7034 3523/1/7034
f 3512/1/7035 3523/1/7035 3522/1/7035
f 3522/1/7036 3523/1/7036 3533/1/7036
f 3522/1/7037 3533/1/7037 3532/1/7037
f 3532/1/7038 3533/1/7038 3543/1/7038
f 3532/1/7039 3543/1/7039 3542/1/7039
f 3542/1/7040 3543/1/7040 3553/1/7040
f 3542/1/7041 3553/1/7041 3552/1/7041
f 3560/1/7042 3552/1/7042 3553/1/7042
f 3509/1/7043 3514/1/7043 3513/1/7043
f 3513/1/7044 3514/1/7044 3524/1/7044
f 3513/1/7045 3524/1/7045 3523/1/7045
f 3523/1/7046 3524/1/7046 3534/1/7046
f 3523/1/7047 3534/1/7047 3533/1/7047
f 3533/1/7048 3534/1/7048 3544/1/7048
f 3533/1/7049 3544/1/7049 3543/1/7049
f 3543/1/7050 3544/1/7050 3554/1/7050
f 3543/1/7051 3554/1/7051 3553/1/7051
f 3560/1/7052 3553/1/7052 3554/1/7052
f 3509/1/7053 3515/1/7053 3514/1/7053
f 3514/1/7054 3515/1/7054 3525/1/7054
f 3514/1/7055 3525/1/7055 3524/1/7055
f 3524/1/7056 3525/1/7056 3535/1/7056
f 3524/1/7057 3535/1/7057 3534/1/7057
f 3534/1/7058 3535/1/7058 3545/1/7058
f 3534/1/7059 3545/1/7059 3544/1/7059
f 3544/1/7060 3545/1/7060 3555/1/7060
f 3544/1/7061 3555/1/7061 3554/1/7061
f 3560/1/7062 3554/1/7062 3555/1/7062
f 3509/1/7063 3516/1/7063 3515/1/7063
f 3515/1/7064 3516/1/7064 3526/1/7064
f 3515/1/7065 3526/1/7065 3525/1/7065
f 3525/1/7066 3526/1/7066 3536/1/7066
f 3525/1/7067 3536/1/7067 3535/1/7067
f 3535/1/7068 3536/1/7068 3546/1/7068
f 3535/1/7069 3546/1/7069 3545/1/7069
f 3545/1/7070 3546/1/7070 3556/1/7070
f 3545/1/7071 3556/1/7071 3555/1/7071
f 3560/1/7072 3555/1/7072 3556/1/7072
f 3509/1/7073 3517/1/7073 3516/1/7073
f 3516/1/7074 3517/1/7074 3527/1/7074
f 3516/1/7075 3527/1/7075 3526/1/7075
f 3526/1/7076 3527/1/7076 3537/1/7076
f 3526/1/7077 3537/1/7077 3536/1/7077
f 3536/1/7078 3537/1/7078 3547/1/7078
f 3536/1/7079 3547/1/7079 3546/1/7079
f 3546/1/7080 3547/1/7080 3557/1/7080
f 3546/1/7081 3557/1/7081 3556/1/7081
f 3560/1/7082 3556/1/7082 3557/1/7082
f 3509/1/7083 3518/1/7083 3517/1/7083
f 3517/1/7084 3518/1/7084 3528/1/7084
f 3517/1/7085 3528/1/7085 3527/1/7085
f 3527/1/7086 3528/1/7086 3538/1/7086
f 3527/1/7087 3538/1/7087 3537/1/7087
f 3537/1/7088 3538/1/7088 3548/1/7088
f 3537/1/7089 3548/1/7089 3547/1/7089
f 3547/1/7090 3548/1/7090 3558/1/7090
f 3547/1/7091 3558/1/7091 3557/1/7091
f 3560/1/7092 3557/1/7092 3558/1/7092
f 3509/1/7093 3519/1/7093 3518/1/7093
f 3518/1/7094 3519/1/7094 3529/1/7094
f 3518/1/7095 3529/1/7095 3528/1/7095
f 3528/1/7096 3529/1/7096 3539/1/7096
f 3528/1/7097 3539/1/7097 3538/1/7097
f 3538/1/7098 3539/1/7098 3549/1/7098
f 3538/1/7099 3549/1/7099 3548/1/7099
f 3548/1/7100 3549/1/7100 3559/1/7100
f 3548/1/7101 3559/1/7101 3558/1/7101
f 3560/1/7102 3558/1/7102 3559/1/7102
f 3509/1/7103 3510/1/7103 3519/1/7103
f 3519/1/7104 3510/1/7104 3520/1/7104
f 3519/1/7105 3520/1/7105 3529/1/7105
f 3529/1/7106 3520/1/7106 3530/1/7106
f 3529/1/7107 3530/1/7107 3539/1/7107
f 3539/1/7108 3530/1/7108 3540/1/7108
f 3539/1/7109 3540/1/7109 3549/1/7109
f 3549/1/7110 3540/1/7110 3550/1/7110
f 3549/1/7111 3550/1/7111 3559/1/7111
f 3560/1/7112 3559/1/7112 3550/1/7112
f 3561/1/7113 3563/1/7113 3562/1/7113
f 3562/1/7114 3563/1/7114 3573/1/7114
f 3562/1/7115 3573/1/7115 3572/1/7115
f 3572/1/7116 3573/1/7116 3583/1/7116
f 3572/1/7117 3583/1/7117 3582/1/7117
f 3582/1/7118 3583/1/7118 3593/1/7118
f 3582/1/7119 3593/1/7119 3592/1/7119
f 3592/1/7120 3593/1/7120 3603/1/7120
f 3592/1/7121 3603/1/7121 3602/1/7121
f 3612/1/7122 3602/1/7122 3603/1/7122
f 3561/1/7123 3564/1/7123 3563/1/7123
f 3563/1/7124 3564/1/7124 3574/1/7124
f 3563/1/7125 3574/1/7125 3573/1/7125
f 3573/1/7126 3574/1/7126 3584/1/7126
f 3573/1/7127 3584/1/7127 3583/1/7127
f 3583/1/7128 3584/1/7128 3594/1/7128
f 3583/1/7129 3594/1/7129 3593/1/7129
f 3593/1/7130 3594/1/7130 3604/1/7130
f 3593/1/7131 3604/1/7131 3603/1/7131
f 3612/1/7132 3603/1/7132 3604/1/7132
f 3561/1/7133 3565/1/7133 3564/1/7133
f 3564/1/7134 3565/1/7134 3575/1/7134
f 3564/1/7135 3575/1/7135 3574/1/7135
f 3574/1/7136 3575/1/7136 3585/1/7136
f 3574/1/7137 3585/1/7137 3584/1/7137
f 3584/1/7138 3585/1/7138 3595/1/7138
f 3584/1/7139 3595/1/7139 3594/1/7139
f 3594/1/7140 3595/1/7140 3605/1/7140
f 3594/1/7141 3605/1/7141 3604/1/7141
f 3612/1/7142 3604/1/7142 3605/1/7142
f 3561/1/7143 3566/1/7143 3565/1/7143
f 3565/1/7144 3566/1/7144 3576/1/7144
f 3565/1/7145 3576/1/7145 3575/1/7145
f 3575/1/7146 3576/1/7146 3586/1/7146
f 3575/1/7147 3586/1/7147 3585/1/7147
f 3585/1/7148 3586/1/7148 3596/1/7148
f 3585/1/7149 3596/1/7149 3595/1/7149
f 3595/1/7150 3596/1/7150 3606/1/7150
f 3595/1/7151 3606/1/7151 3605/1/7151
f 3612/1/7152 3605/1/7152 3606/1/7152
f 3561/1/7153 3567/1/7153 3566/1/7153
f 3566/1/7154 3567/1/7154 3577/1/7154
f 3566/1/7155 3577/1/7155 3576/1/7155
f 3576/1/7156 3577/1/7156 3587/1/7156
f 3576/1/7157 3587/1/7157 3586/1/7157
f 3586/1/7158 3587/1/7158 3597/1/7158
f 3586/1/7159 3597/1/7159 3596/1/7159
f 3596/1/7160 3597/1/7160 3607/1/7160
f 3596/1/7161 3607/1/7161 3606/1/7161
f 3612/1/7162 3606/1/7162 3607/1/7162
f 3561/1/7163 3568/1/7163 3567/1/7163
f 3567/1/7164 3568/1/7164 3578/1/7164
f 3567/1/7165 3578/1/7165 3577/1/7165
f 3577/1/7166 3578/1/7166 3588/1/7166
f 3577/1/7167 3588/1/7167 3587/1/7167
f 3587/1/7168 3588/1/7168 3598/1/7168
f 3587/1/7169 3598/1/7169 3597/1/7169
f 3597/1/7170 3598/1/7170 3608/1/7170
f 3597/1/7171 3608/1/7171 3607/1/7171
f 3612/1/7172 3607/1/7172 3608/1/7172
f 3561/1/7173 3569/1/7173 3568/1/7173
f 3568/1/7174 3569/1/7174 3579/1/7174
f 3568/1/7175 3579/1/7175 3578/1/7175
f 3578/1/7176 3579/1/7176 3589/1/7176
f 3578/1/7177 3589/1/7177 3588/1/7177
f 3588/1/7178 3589/1/7178 3599/1/7178
f 3588/1/7179 3599/1/7179 3598/1/7179
f 3598/1/7180 3599/1/7180 3609/1/7180
f 3598/1/7181 3609/1/7181 3608/1/7181
f 3612/1/7182 3608/1/7182 3609/1/7182
f 3561/1/7183 3570/1/7183 3569/1/7183
f 3569/1/7184 3570/1/7184 3580/1/7184
f 3569/1/7185 3580/1/7185 3579/1/7185
f 3579/1/7186 3580/1/7186 3590/1/7186
f 3579/1/7187 3590/1/7187 3589/1/7187
f 3589/1/7188 3590/1/7188 3600/1/7188
f 3589/1/7189 3600/1/7189 3599/1/7189
f 3599/1/7190 3600/1/7190 3610/1/7190
f 3599/1/7191 3610/1/7191 3609/1/7191
f 3612/1/7192 3609/1/7192 3610/1/7192
f 3561/1/7193 3571/1/7193 3570/1/7193
f 3570/1/7194 3571/1/7194 3581/1/7194
f 3570/1/7195 3581/1/7195 3580/1/7195
f 3580/1/7196 3581/1/7196 3591/1/7196
f 3580/1/7197 3591/1/7197 3590/1/7197
f 3590/1/7198 3591/1/7198 3601/1/7198
f 3590/1/7199 3601/1/7199 3600/1/7199
f 3600/1/7200 3601/1/7200 3611/1/7200
f 3600/1/7201 3611/1/7201 3610/1/7201
f 3612/1/7202 3610/1/7202 3611/1/7202
f 3561/1/7203 3562/1/7203 3571/1/7203
f 3571/1/7204 3562/1/7204 3572/1/7204
f 3571/1/7205 3572/1/7205 3581/1/7205
f 3581/1/7206 3572/1/7206 3582/1/7206
f 3581/1/7207 3582/1/7207 3591/1/7207
f 3591/1/7208 3582/1/7208 3592/1/7208
f 3591/1/7209 3592/1/7209 3601/1/7209
f 3601/1/7210 3592/1/7210 3602/1/7210
f 3601/1/7211 3602/1/7211 3611/1/7211
f 3612/1/7212 3611/1/7212 3602/1/7212
f 3613/1/7213 3615/1/7213 3614/1/7213
f 3614/1/7214 3615/1/7214 3625/1/7214
f 3614/1/7215 3625/1/7215 3624/1/7215
f 3624/1/7216 3625/1/7216 3635/1/7216
f 3624/1/7217 3635/1/7217 3634/1/7217
f 3634/1/7218 3635/1/7218 3645/1/7218
f 3634/1/7219 3645/1/7219 3644/1/7219
f 3644/1/7220 3645/1/7220 3655/1/7220
f 3644/1/7221 3655/1/7221 3654/1/7221
f 3664/1/7222 3654/1/7222 3655/1/7222
f 3613/1/7223 3616/1/7223 3615/1/7223
f 3615/1/7224 3616/1/7224 3626/1/7224
f 3615/1/7225 3626/1/7225 3625/1/7225
f 3625/1/7226 3626/1/7226 3636/1/7226
f 3625/1/7227 3636/1/7227 3635/1/7227
f 3635/1/7228 3636/1/7228 3646/1/7228
f 3635/1/7229 3646/1/7229 3645/1/7229
f 3645/1/7230 3646/1/7230 3656/1/7230
f 3645/1/7231 3656/1/7231 3655/1/7231
f 3664/1/7232 3655/1/7232 3656/1/7232
f 3613/1/7233 3617/1/7233 3616/1/7233
f 3616/1/7234 3617/1/7234 3627/1/7234
f 3616/1/7235 3627/1/7235 3626/1/7235
f 3626/1/7236 3627/1/7236 3637/1/7236
f 3626/1/7237 3637/1/7237 3636/1/7237
f 3636/1/7238 3637/1/7238 3647/1/7238
f 3636/1/7239 3647/1/7239 3646/1/7239
f 3646/1/7240 3647/1/7240 3657/1/7240
f 3646/1/7241 3657/1/7241 3656/1/7241
f 3664/1/7242 3656/1/7242 3657/1/7242
f 3613/1/7243 3618/1/7243 3617/1/7243
f 3617/1/7244 3618/1/7244 3628/1/7244
f 3617/1/7245 3628/1/7245 3627/1/7245
f 3627/1/7246 3628/1/7246 3638/1/7246
f 3627/1/7247 3638/1/7247 3637/1/7247
f 3637/1/7248 3638/1/7248 3648/1/7248
f 3637/1/7249 3648/1/7249 3647/1/7249
f 3647/1/7250 3648/1/7250 3658/1/7250
f 3647/1/7251 3658/1/7251 3657/1/7251
f 3664/1/7252 3657/1/7252 3658/1/7252
f 3613/1/7253 3619/1/7253 3618/1/7253
f 3618/1/7254 3619/1/7254 3629/1/7254
f 3618/1/7255 3629/1/7255 3628/1/7255
f 3628/1/7256 3629/1/7256 3639/1/7256
f 3628/1/7257 3639/1/7257 3638/1/7257
f 3638/1/7258 3639/1/7258 3649/1/7258
f 3638/1/7259 3649/1/7259 3648/1/7259
f 3648/1/7260 3649/1/7260 3659/1/7260
f 3648/1/7261 3659/1/7261 3658/1/7261
f 3664/1/7262 3658/1/7262 3659/1/7262
f 3613/1/7263 3620/1/7263 3619/1/7263
f 3619/1/7264 3620/1/7264 3630/1/7264
f 3619/1/7265 3630/1/7265 3629/1/7265
f 3629/1/7266 3630/1/7266 3640/1/7266
f 3629/1/7267 3640/1/7267 3639/1/7267
f 3639/1/7268 3640/1/7268 3650/1/7268
f 3639/1/7269 3650/1/7269 3649/1/7269
f 3649/1/7270 3650/1/7270 3660/1/7270
f 3649/1/7271 3660/1/7271 3659/1/7271
f 3664/1/7272 3659/1/7272 3660/1/7272
f 3613/1/7273 3621/1/7273 3620/1/7273
f 3620/1/7274 3621/1/7274 3631/1/7274
f 3620/1/7275 3631/1/7275 3630/1/7275
f 3630/1/7276 3631/1/7276 3641/1/7276
f 3630/1/7277 3641/1/7277 3640/1/7277
f 3640/1/7278 3641/1/7278 3651/1/7278
f 3640/1/7279 3651/1/7279 3650/1/7279
f 3650/1/7280 3651/1/7280 3661/1/7280
f 3650/1/7281 3661/1/7281 3660/1/7281
f 3664/1/7282 3660/1/7282 3661/1/7282
f 3613/1/7283 3622/1/7283 3621/1/7283
f 3621/1/7284 3622/1/7284 3632/1/7284
f 3621/1/7285 3632/1/7285 3631/1/7285
f 3631/1/7286 3632/1/7286 3642/1/7286
f 3631/1/7287 3642/1/7287 3641/1/7287
f 3641/1/7288 3642/1/7288 3652/1/7288
f 3641/1/7289 3652/1/7289 3651/1/7289
f 3651/1/7290 3652/1/7290 3662/1/7290
f 3651/1/7291 3662/1/7291 3661/1/7291
f 3664/1/7292 3661/1/7292 3662/1/7292
f 3613/1/7293 3623/1/7293 3622/1/7293
f 3622/1/7294 3623/1/7294 3633/1/7294
f 3622/1/7295 3633/1/7295 3632/1/7295
f 3632/1/7296 3633/1/7296 3643/1/7296
f 3632/1/7297 3643/1/7297 3642/1/7297
f 3642/1/7298 3643/1/7298 3653/1/7298
f 3642/1/7299 3653/1/7299 3652/1/7299
f 3652/1/7300 3653/1/7300 3663/1/7300
f 3652/1/7301 3663/1/7301 3662/1/7301
f 3664/1/7302 3662/1/7302 3663/1/7302
f 3613/1/7303 3614/1/7303 3623/1/7303
f 3623/1/7304 3614/1/7304 3624/1/7304
f 3623/1/7305 3624/1/7305 3633/1/7305
f 3633/1/7306 3624/1/7306 3634/1/7306
f 3633/1/7307 3634/1/7307 3643/1/7307
f 3643/1/7308 3634/1/7308 3644/1/7308
f 3643/1/7309 3644/1/7309 3653/1/7309
f 3653/1/7310 3644/1/7310 3654/1/7310
f 3653/1/7311 3654/1/7311 3663/1/7311
f 3664/1/7312 3663/1/7312 3654/1/7312
f 3665/1/7313 3667/1/7313 3666/1/7313
f 3666/1/7314 3667/1/7314 3677/1/7314
f 3666/1/7315 3677/1/7315 3676/1/7315
f 3676/1/7316 3677/1/7316 3687/1/7316
f 3676/1/7317 3687/1/7317 3686/1/7317
f 3686/1/7318 3687/1/7318 3697/1/7318
f 3686/1/7319 3697/1/7319 3696/1/7319
f 3696/1/7320 3697/1/7320 3707/1/7320
f 3696/1/7321 3707/1/7321 3706/1/7321
f 3716/1/7322 3706/1/7322 3707/1/7322
f 3665/1/7323 3668/1/7323 3667/1/7323
f 3667/1/7324 3668/1/7324 3678/1/7324
f 3667/1/7325 3678/1/7325 3677/1/7325
f 3677/1/7326 3678/1/7326 3688/1/7326
f 3677/1/7327 3688/1/7327 3687/1/7327
f 3687/1/7328 3688/1/7328 3698/1/7328
f 3687/1/7329 3698/1/7329 3697/1/7329
f 3697/1/7330 3698/1/7330 3708/1/7330
f 3697/1/7331 3708/1/7331 3707/1/7331
f 3716/1/7332 3707/1/7332 3708/1/7332
f 3665/1/7333 3669/1/7333 3668/1/7333
f 3668/1/7334 3669/1/7334 3679/1/7334
f 3668/1/7335 3679/1/7335 3678/1/7335
f 3678/1/7336 3679/1/7336 3689/1/7336
f 3678/1/7337 3689/1/7337 3688/1/7337
f 3688/1/7338 3689/1/7338 3699/1/7338
f 3688/1/7339 3699/1/7339 3698/1/7339
f 3698/1/7340 3699/1/7340 3709/1/7340
f 3698/1/7341 3709/1/7341 3708/1/7341
f 3716/1/7342 3708/1/7342 3709/1/7342
f 3665/1/7343 3670/1/7343 3669/1/7343
f 3669/1/7344 3670/1/7344 3680/1/7344
f 3669/1/7345 3680/1/7345 3679/1/7345
f 3679/1/7346 3680/1/7346 3690/1/7346
f 3679/1/7347 3690/1/7347 3689/1/7347
f 3689/1/7348 3690/1/7348 3700/1/7348
f 3689/1/7349 3700/1/7349 3699/1/7349
f 3699/1/7350 3700/1/7350 3710/1/7350
f 3699/1/7351 3710/1/7351 3709/1/7351
f 3716/1/7352 3709/1/7352 3710/1/7352
f 3665/1/7353 3671/1/7353 3670/1/7353
f 3670/1/7354 3671/1/7354 3681/1/7354
f 3670/1/7355 3681/1/7355 3680/1/7355
f 3680/1/7356 3681/1/7356 3691/1/7356
f 3680/1/7357 3691/1/7357 3690/1/7357
f 3690/1/7358 3691/1/7358 3701/1/7358
f 3690/1/7359 3701/1/7359 3700/1/7359
f 3700/1/7360 3701/1/7360 3711/1/7360
f 3700/1/7361 3711/1/7361 3710/1/7361
f 3716/1/7362 3710/1/7362 3711/1/7362
f 3665/1/7363 3672/1/7363 3671/1/7363
f 3671/1/7364 3672/1/7364 3682/1/7364
f 3671/1/7365 3682/1/7365 3681/1/7365
f 3681/1/7366 3682/1/7366 3692/1/7366
f 3681/1/7367 3692/1/7367 3691/1/7367
f 3691/1/7368 3692/1/7368 3702/1/7368
f 3691/1/7369 3702/1/7369 3701/1/7369
f 3701/1/7370 3702/1/7370 3712/1/7370
f 3701/1/7371 3712/1/7371 3711/1/7371
f 3716/1/7372 3711/1/7372 3712/1/7372
f 3665/1/7373 3673/1/7373 3672/1/7373
f 3672/1/7374 3673/1/7374 3683/1/7374
f 3672/1/7375 3683/1/7375 3682/1/7375
f 3682/1/7376 3683/1/7376 3693/1/7376
f 3682/1/7377 3693/1/7377 3692/1/7377
f 3692/1/7378 3693/1/7378 3703/1/7378
f 3692/1/7379 3703/1/7379 3702/1/7379
f 3702/1/7380 3703/1/7380 3713/1/7380
f 3702/1/7381 3713/1/7381 3712/1/7381
f 3716/1/7382 3712/1/7382 3713/1/7382
f 3665/1/7383 3674/1/7383 3673/1/7383
f 3673/1/7384 3674/1/7384 3684/1/7384
f 3673/1/7385 3684/1/7385 3683/1/7385
f 3683/1/7386 3684/1/7386 3694/1/7386
f 3683/1/7387 3694/1/7387 3693/1/7387
f 3693/1/7388 3694/1/7388 3704/1/7388
f 3693/1/7389 3704/1/7389 3703/1/7389
f 3703/1/7390 3704/1/7390 3714/1/7390
f 3703/1/7391 3714/1/7391 3713/1/7391
f 3716/1/7392 3713/1/7392 3714/1/7392
f 3665/1/7393 3675/1/7393 3674/1/7393
f 3674/1/7394 3675/1/7394 3685/1/7394
f 3674/1/7395 3685/1/7395 3684/1/7395
f 3684/1/7396 3685/1/7396 3695/1/7396
f 3684/1/7397 3695/1/7397 3694/1/7397
f 3694/1/7398 3695/1/7398 3705/1/7398
f 3694/1/7399 3705/1/7399 3704/1/7399
f 3704/1/7400 3705/1/7400 3715/1/7400
f 3704/1/7401 3715/1/7401 3714/1/7401
f 3716/1/7402 3714/1/7402 3715/1/7402
f 3665/1/7403 3666/1/7403 3675/1/7403
f 3675/1/7404 3666/1/7404 3676/1/7404
f 3675/1/7405 3676/1/7405 3685/1/7405
f 3685/1/7406 3676/1/7406 3686/1/7406
f 3685/1/7407 3686/1/7407 3695/1/7407
f 3695/1/7408 3686/1/7408 3696/1/7408
f 3695/1/7409 3696/1/7409 3705/1/7409
f 3705/1/7410 3696/1/7410 3706/1/7410
f 3705/1/7411 3706/1/7411 3715/1/7411
f 3716/1/7412 3715/1/7412 3706/1/7412
f 3717/1/7413 3719/1/7413 3718/1/7413
f 3718/1/7414 3719/1/7414 3729/1/7414
f 3718/1/7415 3729/1/7415 3728/1/7415
f 3728/1/7416 3729/1/7416 3739/1/7416
f 3728/1/7417 3739/1/7417 3738/1/7417
f 3738/1/7418 3739/1/7418 3749/1/7418
f 3738/1/7419 3749/1/7419 3748/1/7419
f 3748/1/7420 3749/1/7420 3759/1/7420
f 3748/1/7421 3759/1/7421 3758/1/7421
f 3768/1/7422 3758/1/7422 3759/1/7422
f 3717/1/7423 3720/1/7423 3719/1/7423
f 3719/1/7424 3720/1/7424 3730/1/7424
f 3719/1/7425 3730/1/7425 3729/1/7425
f 3729/1/7426 3730/1/7426 3740/1/7426
f 3729/1/7427 3740/1/7427 3739/1/7427
f 3739/1/7428 3740/1/7428 3750/1/7428
f 3739/1/7429 3750/1/7429 3749/1/7429
f 3749/1/7430 3750/1/7430 3760/1/7430
f 3749/1/7431 3760/1/7431 3759/1/7431
f 3768/1/7432 3759/1/7432 3760/1/7432
f 3717/1/7433 3721/1/7433 3720/1/7433
f 3720/1/7434 3721/1/7434 3731/1/7434
f 3720/1/7435 3731/1/7435 3730/1/7435
f 3730/1/7436 3731/1/7436 3741/1/7436
f 3730/1/7437 3741/1/7437 3740/1/7437
f 3740/1/7438 3741/1/7438 3751/1/7438
f 3740/1/7439 3751/1/7439 3750/1/7439
f 3750/1/7440 3751/1/7440 3761/1/7440
f 3750/1/7441 3761/1/7441 3760/1/7441
f 3768/1/7442 3760/1/7442 3761/1/7442
f 3717/1/7443 3722/1/7443 3721/1/7443
f 3721/1/7444 3722/1/7444 3732/1/7444
f 3721/1/7445 3732/1/7445 3731/1/7445
f 3731/1/7446 3732/1/7446 3742/1/7446
f 3731/1/7447 3742/1/7447 3741/1/7447
f 3741/1/7448 3742/1/7448 3752/1/7448
f 3741/1/7449 3752/1/7449 3751/1/7449
f 3751/1/7450 3752/1/7450 3762/1/7450
f 3751/1/7451 3762/1/7451 3761/1/7451
f 3768/1/7452 3761/1/7452 3762/1/7452
f 3717/1/7453 3723/1/7453 3722/1/7453
f 3722/1/7454 3723/1/7454 3733/1/7454
f 3722/1/7455 3733/1/7455 3732/1/7455
f 3732/1/7456 3733/1/7456 3743/1/7456
f 3732/1/7457 3743/1/7457 3742/1/7457
f 3742/1/7458 3743/1/7458 3753/1/7458
f 3742/1/7459 3753/1/7459 3752/1/7459
f 3752/1/7460 3753/1/7460 3763/1/7460
f 3752/1/7461 3763/1/7461 3762/1/7461
f 3768/1/7462 3762/1/7462 3763/1/7462
f 3717/1/7463 3724/1/7463 3723/1/7463
f 3723/1/7464 3724/1/7464 3734/1/7464
f 3723/1/7465 3734/1/7465 3733/1/7465
f 3733/1/7466 3734/1/7466 3744/1/7466
f 3733/1/7467 3744/1/7467 3743/1/7467
f 3743/1/7468 3744/1/7468 3754/1/7468
f 3743/1/7469 3754/1/7469 3753/1/7469
f 3753/1/7470 3754/1/7470 3764/1/7470
f 3753/1/7471 3764/1/7471 3763/1/7471
f 3768/1/7472 3763/1/7472 3764/1/7472
f 3717/1/7473 3725/1/7473 3724/1/7473
f 3724/1/7474 3725/1/7474 3735/1/7474
f 3724/1/7475 3735/1/7475 3734/1/7475
f 3734/1/7476 3735/1/7476 3745/1/7476
f 3734/1/7477 3745/1/7477 3744/1/7477
f 3744/1/7478 3745/1/7478 3755/1/7478
f 3744/1/7479 3755/1/7479 3754/1/7479
f 3754/1/7480 3755/1/7480 3765/1/7480
f 3754/1/7481 3765/1/7481 3764/1/7481
f 3768/1/7482 3764/1/7482 3765/1/7482
f 3717/1/7483 3726/1/7483 3725/1/7483
f 3725/1/7484 3726/1/7484 3736/1/7484
f 3725/1/7485 3736/1/7485 3735/1/7485
f 3735/1/7486 3736/1/7486 3746/1/7486
f 3735/1/7487 3746/1/7487 3745/1/7487
f 3745/1/7488 3746/1/7488 3756/1/7488
f 3745/1/7489 3756/1/7489 3755/1/7489
f 3755/1/7490 3756/1/7490 3766/1/7490
f 3755/1/7491 3766/1/7491 3765/1/7491
f 3768/1/7492 3765/1/7492 3766/1/7492
f 3717/1/7493 3727/1/7493 3726/1/7493
f 3726/1/7494 3727/1/7494 3737/1/7494
f 3726/1/7495 3737/1/7495 3736/1/7495
f 3736/1/7496 3737/1/7496 3747/1/7496
f 3736/1/7497 3747/1/7497 3746/1/7497
f 3746/1/7498 3747/1/7498 3757/1/7498
f 3746/1/7499 3757/1/7499 3756/1/7499
f 3756/1/7500 3757/1/7500 3767/1/7500
f 3756/1/7501 3767/1/7501 3766/1/7501
f 3768/1/7502 3766/1/7502 3767/1/7502
f 3717/1/7503 3718/1/7503 3727/1/7503
f 3727/1/7504 3718/1/7504 3728/1/7504
f 3727/1/7505 3728/1/7505 3737/1/7505
f 3737/1/7506 3728/1/7506 3738/1/7506
f 3737/1/7507 3738/1/7507 3747/1/7507
f 3747/1/7508 3738/1/7508 3748/1/7508
f 3747/1/7509 3748/1/7509 3757/1/7509
f 3757/1/7510 3748/1/7510 3758/1/7510
f 3757/1/7511 3758/1/7511 3767/1/7511
f 3768/1/7512 3767/1/7512 3758/1/7512
f 3769/1/7513 3771/1/7513 3770/1/7513
f 3770/1/7514 3771/1/7514 3781/1/7514
f 3770/1/7515 3781/1/7515 3780/1/7515
f 3780/1/7516 3781/1/7516 3791/1/7516
f 3780/1/7517 3791/1/7517 3790/1/7517
f 3790/1/7518 3791/1/7518 3801/1/7518
f 3790/1/7519 3801/1/7519 3800/1/7519
f 3800/1/7520 3801/1/7520 3811/1/7520
f 3800/1/7521 3811/1/7521 3810/1/7521
f 3820/1/7522 3810/1/7522 3811/1/7522
f 3769/1/7523 3772/1/7523 3771/1/7523
f 3771/1/7524 3772/1/7524 3782/1/7524
f 3771/1/7525 3782/1/7525 3781/1/7525
f 3781/1/7526 3782/1/7526 3792/1/7526
f 3781/1/7527 3792/1/7527 3791/1/7527
f 3791/1/7528 3792/1/7528 3802/1/7528
f 3791/1/7529 3802/1/7529 3801/1/7529
f 3801/1/7530 3802/1/7530 3812/1/7530
f 3801/1/7531 3812/1/7531 3811/1/7531
f 3820/1/7532 3811/1/7532 3812/1/7532
f 3769/1/7533 3773/1/7533 3772/1/7533
f 3772/1/7534 3773/1/7534 3783/1/7534
f 3772/1/7535 3783/1/7535 3782/1/7535
f 3782/1/7536 3783/1/7536 3793/1/7536
f 3782/1/7537 3793/1/7537 3792/1/7537
f 3792/1/7538 3793/1/7538 3803/1/7538
f 3792/1/7539 3803/1/7539 3802/1/7539
f 3802/1/7540 3803/1/7540 3813/1/7540
f 3802/1/7541 3813/1/7541 3812/1/7541
f 3820/1/7542 3812/1/7542 3813/1/7542
f 3769/1/7543 3774/1/7543 3773/1/7543
f 3773/1/7544 3774/1/7544 3784/1/7544
f 3773/1/7545 3784/1/7545 3783/1/7545
f 3783/1/7546 3784/1/7546 3794/1/7546
f 3783/1/7547 3794/1/7547 3793/1/7547
f 3793/1/7548 3794/1/7548 3804/1/7548
f 3793/1/7549 3804/1/7549 3803/1/7549
f 3803/1/7550 3804/1/7550 3814/1/7550
f 3803/1/7551 3814/1/7551 3813/1/7551
f 3820/1/7552 3813/1/7552 3814/1/7552
f 3769/1/7553 3775/1/7553 3774/1/7553
f 3774/1/7554 3775/1/7554 3785/1/7554
f 3774/1/7555 3785/1/7555 3784/1/7555
f 3784/1/7556 3785/1/7556 3795/1/7556
f 3784/1/7557 3795/1/7557 3794/1/7557
f 3794/1/7558 3795/1/7558 3805/1/7558
f 3794/1/7559 3805/1/7559 3804/1/7559
f 3804/1/7560 3805/1/7560 3815/1/7560
f 3804/1/7561 3815/1/7561 3814/1/7561
f 3820/1/7562 3814/1/7562 3815/1/7562
f 3769/1/7563 3776/1/7563 3775/1/7563
f 3775/1/7564 3776/1/7564 3786/1/7564
f 3775/1/7565 3786/1/7565 3785/1/7565
f 3785/1/7566 3786/1/7566 3796/1/7566
f 3785/1/7567 3796/1/7567 3795/1/7567
f 3795/1/7568 3796/1/7568 3806/1/7568
f 3795/1/7569 3806/1/7569 3805/1/7569
f 3805/1/7570 3806/1/7570 3816/1/7570
f 3805/1/7571 3816/1/7571 3815/1/7571
f 3820/1/7572 3815/1/7572 3816/1/7572
f 3769/1/7573 3777/1/7573 3776/1/7573
f 3776/1/7574 3777/1/7574 3787/1/7574
f 3776/1/7575 3787/1/7575 3786/1/7575
f 3786/1/7576 3787/1/7576 3797/1/7576
f 3786/1/7577 3797/1/7577 3796/1/7577
f 3796/1/7578 3797/1/7578 3807/1/7578
f 3796/1/7579 3807/1/7579 3806/1/7579
f 3806/1/7580 3807/1/7580 3817/1/7580
f 3806/1/7581 3817/1/7581 3816/1/7581
f 3820/1/7582 3816/1/7582 3817/1/7582
f 3769/1/7583 3778/1/7583 3777/1/7583
f 3777/1/7584 3778/1/7584 3788/1/7584
f 3777/1/7585 3788/1/7585 3787/1/7585
f 3787/1/7586 3788/1/7586 3798/1/7586
f 3787/1/7587 3798/1/7587 3797/1/7587
f 3797/1/7588 3798/1/7588 3808/1/7588
f 3797/1/7589 3808/1/7589 3807/1/7589
f 3807/1/7590 3808/1/7590 3818/1/7590
f 3807/1/7591 3818/1/7591 3817/1/7591
f 3820/1/7592 3817/1/7592 3818/1/7592
f 3769/1/7593 3779/1/7593 3778/1/7593
f 3778/1/7594 3779/1/7594 3789/1/7594
f 3778/1/7595 3789/1/7595 3788/1/7595
f 3788/1/7596 3789/1/7596 3799/1/7596
f 3788/1/7597 3799/1/7597 3798/1/7597
f 3798/1/7598 3799/1/7598 3809/1/7598
f 3798/1/7599 3809/1/7599 3808/1/7599
f 3808/1/7600 3809/1/7600 3819/1/7600
f 3808/1/7601 3819/1/7601 3818/1/7601
f 3820/1/7602 3818/1/7602 3819/1/7602
f 3769/1/7603 3770/1/7603 3779/1/7603
f 3779/1/7604 3770/1/7604 3780/1/7604
f 3779/1/7605 3780/1/7605 3789/1/7605
f 3789/1/7606 3780/1/7606 3790/1/7606
f 3789/1/7607 3790/1/7607 3799/1/7607
f 3799/1/7608 3790/1/7608 3800/1/7608
f 3799/1/7609 3800/1/7609 3809/1/7609
f 3809/1/7610 3800/1/7610 3810/1/7610
f 3809/1/7611 3810/1/7611 3819/1/7611
f 3820/1/7612 3819/1/7612 3810/1/7612
f 3821/1/7613 3823/1/7613 3822/1/7613
f 3822/1/7614 3823/1/7614 3833/1/7614
f 3822/1/7615 3833/1/7615 3832/1/7615
f 3832/1/7616 3833/1/7616 3843/1/7616
f 3832/1/7617 3843/1/7617 3842/1/7617
f 3842/1/7618 3843/1/7618 3853/1/7618
f 3842/1/7619 3853/1/7619 3852/1/7619
f 3852/1/7620 3853/1/7620 3863/1/7620
f 3852/1/7621 3863/1/7621 3862/1/7621
f 3872/1/7622 3862/1/7622 3863/1/7622
f 3821/1/7623 3824/1/7623 3823/1/7623
f 3823/1/7624 3824/1/7624 3834/1/7624
f 3823/1/7625 3834/1/7625 3833/1/7625
f 3833/1/7626 3834/1/7626 3844/1/7626
f 3833/1/7627 3844/1/7627 3843/1/7627
f 3843/1/7628 3844/1/7628 3854/1/7628
f 3843/1/7629 3854/1/7629 3853/1/7629
f 3853/1/7630 3854/1/7630 3864/1/7630
f 3853/1/7631 3864/1/7631 3863/1/7631
f 3872/1/7632 3863/1/7632 3864/1/7632
f 3821/1/7633 3825/1/7633 3824/1/7633
f 3824/1/7634 3825/1/7634 3835/1/7634
f 3824/1/7635 3835/1/7635 3834/1/7635
f 3834/1/7636 3835/1/7636 3845/1/7636
f 3834/1/7637 3845/1/7637 3844/1/7637
f 3844/1/7638 3845/1/7638 3855/1/7638
f 3844/1/7639 3855/1/7639 3854/1/7639
f 3854/1/7640 3855/1/7640 3865/1/7640
f 3854/1/7641 3865/1/7641 3864/1/7641
f 3872/1/7642 3864/1/7642 3865/1/7642
f 3821/1/7643 3826/1/7643 3825/1/7643
f 3825/1/7644 3826/1/7644 3836/1/7644
f 3825/1/7645 3836/1/7645 3835/1/7645
f 3835/1/7646 3836/1/7646 3846/1/7646
f 3835/1/7647 3846/1/7647 3845/1/7647
f 3845/1/7648 3846/1/7648 3856/1/7648
f 3845/1/7649 3856/1/7649 3855/1/7649
f 3855/1/7650 3856/1/7650 3866/1/7650
f 3855/1/7651 3866/1/7651 3865/1/7651
f 3872/1/7652 3865/1/7652 3866/1/7652
f 3821/1/7653 3827/1/7653 3826/1/7653
f 3826/1/7654 3827/1/7654 3837/1/7654
f 3826/1/7655 3837/1/7655 3836/1/7655
f 3836/1/7656 3837/1/7656 3847/1/7656
f 3836/1/7657 3847/1/7657 3846/1/7657
f 3846/1/7658 3847/1/7658 3857/1/7658
f 3846/1/7659 3857/1/7659 3856/1/7659
f 3856/1/7660 3857/1/7660 3867/1/7660
f 3856/1/7661 3867/1/7661 3866/1/7661
f 3872/1/7662 3866/1/7662 3867/1/7662
f 3821/1/7663 3828/1/7663 3827/1/7663
f 3827/1/7664 3828/1/7664 3838/1/7664
f 3827/1/7665 3838/1/7665 3837/1/7665
f 3837/1/7666 3838/1/7666 3848/1/7666
f 3837/1/7667 3848/1/7667 3847/1/7667
f 3847/1/7668 3848/1/7668 3858/1/7668
f 3847/1/7669 3858/1/7669 3857/1/7669
f 3857/1/7670 3858/1/7670 3868/1/7670
f 3857/1/7671 3868/1/7671 3867/1/7671
f 3872/1/7672 3867/1/7672 3868/1/7672
f 3821/1/7673 3829/1/7673 3828/1/7673
f 3828/1/7674 3829/1/7674 3839/1/7674
f 3828/1/7675 3839/1/7675 3838/1/7675
f 3838/1/7676 3839/1/7676 3849/1/7676
f 3838/1/7677 3849/1/7677 3848/1/7677
f 3848/1/7678 3849/1/7678 3859/1/7678
f 3848/1/7679 3859/1/7679 3858/1/7679
f 3858/1/7680 3859/1/7680 3869/1/7680
f 3858/1/7681 3869/1/7681 3868/1/7681
f 3872/1/7682 3868/1/7682 3869/1/7682
f 3821/1/7683 3830/1/7683 3829/1/7683
f 3829/1/7684 3830/1/7684 3840/1/7684
f 3829/1/7685 3840/1/7685 3839/1/7685
f 3839/1/7686 3840/1/7686 3850/1/7686
f 3839/1/7687 3850/1/7687 3849/1/7687
f 3849/1/7688 3850/1/7688 3860/1/7688
f 3849/1/7689 3860/1/7689 3859/1/7689
f 3859/1/7690 3860/1/7690 3870/1/7690
f 3859/1/7691 3870/1/7691 3869/1/7691
f 3872/1/7692 3869/1/7692 3870/1/7692
f 3821/1/7693 3831/1/7693 3830/1/7693
f 3830/1/7694 3831/1/7694 3841/1/7694
f 3830/1/7695 3841/1/7695 3840/1/7695
f 3840/1/7696 3841/1/7696 3851/1/7696
f 3840/1/7697 3851/1/7697 3850/1/7697
f 3850/1/7698 3851/1/7698 3861/1/7698
f 3850/1/7699 3861/1/7699 3860/1/7699
f 3860/1/7700 3861/1/7700 3871/1/7700
f 3860/1/7701 3871/1/7701 3870/1/7701
f 3872/1/7702 3870/1/7702 3871/1/7702
f 3821/1/7703 3822/1/7703 3831/1/7703
f 3831/1/7704 3822/1/7704 3832/1/7704
f 3831/1/7705 3832/1/7705 3841/1/7705
f 3841/1/7706 3832/1/7706 3842/1/7706
f 3841/1/7707 3842/1/7707 3851/1/7707
f 3851/1/7708 3842/1/7708 3852/1/7708
f 3851/1/7709 3852/1/7709 3861/1/7709
f 3861/1/7710 3852/1/7710 3862/1/7710
f 3861/1/7711 3862/1/7711 3871/1/7711
f 3872/1/7712 3871/1/7712 3862/1/7712
f 3873/1/7713 3875/1/7713 3874/1/7713
f 3874/1/7714 3875/1/7714 3885/1/7714
f 3874/1/7715 3885/1/7715 3884/1/7715
f 3884/1/7716 3885/1/7716 3895/1/7716
f 3884/1/7717 3895/1/7717 3894/1/7717
f 3894/1/7718 3895/1/7718 3905/1/7718
f 3894/1/7719 3905/1/7719 3904/1/7719
f 3904/1/7720 3905/1/7720 3915/1/7720
f 3904/1/7721 3915/1/7721 3914/1/7721
f 3924/1/7722 3914/1/7722 3915/1/7722
f 3873/1/7723 3876/1/7723 3875/1/7723
f 3875/1/7724 3876/1/7724 3886/1/7724
f 3875/1/7725 3886/1/7725 3885/1/7725
f 3885/1/7726 3886/1/7726 3896/1/7726
f 3885/1/7727 3896/1/7727 3895/1/7727
f 3895/1/7728 3896/1/7728 3906/1/7728
f 3895/1/7729 3906/1/7729 3905/1/7729
f 3905/1/7730 3906/1/7730 3916/1/7730
f 3905/1/7731 3916/1/7731 3915/1/7731
f 3924/1/7732 3915/1/7732 3916/1/7732
f 3873/1/7733 3877/1/7733 3876/1/7733
f 3876/1/7734 3877/1/7734 3887/1/7734
f 3876/1/7735 3887/1/7735 3886/1/7735
f 3886/1/7736 3887/1/7736 3897/1/7736
f 3886/1/7737 3897/1/7737 3896/1/7737
f 3896/1/7738 3897/1/7738 3907/1/7738
f 3896/1/7739 3907/1/7739 3906/1/7739
f 3906/1/7740 3907/1/7740 3917/1/7740
f 3906/1/7741 3917/1/7741 3916/1/7741
f 3924/1/7742 3916/1/7742 3917/1/7742
f 3873/1/7743 3878/1/7743 3877/1/7743
f 3877/1/7744 3878/1/7744 3888/1/7744
f 3877/1/7745 3888/1/7745 3887/1/7745
f 3887/1/7746 3888/1/7746 3898/1/7746
f 3887/1/7747 3898/1/7747 3897/1/7747
f 3897/1/7748 3898/1/7748 3908/1/7748
f 3897/1/7749 3908/1/7749 3907/1/7749
f 3907/1/7750 3908/1/7750 3918/1/7750
f 3907/1/7751 3918/1/7751 3917/1/7751
f 3924/1/7752 3917/1/7752 3918/1/7752
f 3873/1/7753 3879/1/7753 3878/1/7753
f 3878/1/7754 3879/1/7754 3889/1/7754
f 3878/1/7755 3889/1/7755 3888/1/7755
f 3888/1/7756 3889/1/7756 3899/1/7756
f 3888/1/7757 3899/1/7757 3898/1/7757
f 3898/1/7758 3899/1/7758 3909/1/7758
f 3898/1/7759 3909/1/7759 3908/1/7759
f 3908/1/7760 3909/1/7760 3919/1/7760
f 3908/1/7761 3919/1/7761 3918/1/7761
f 3924/1/7762 3918/1/7762 3919/1/7762
f 3873/1/7763 3880/1/7763 3879/1/7763
f 3879/1/7764 3880/1/7764 3890/1/7764
f 3879/1/7765 3890/1/7765 3889/1/7765
f 3889/1/7766 3890/1/7766 3900/1/7766
f 3889/1/7767 3900/1/7767 3899/1/7767
f 3899/1/7768 3900/1/7768 3910/1/7768
f 3899/1/7769 3910/1/7769 3909/1/7769
f 3909/1/7770 3910/1/7770 3920/1/7770
f 3909/1/7771 3920/1/7771 3919/1/7771
f 3924/1/7772 3919/1/7772 3920/1/7772
f 3873/1/7773 3881/1/7773 3880/1/7773
f 3880/1/7774 3881/1/7774 3891/1/7774
f 3880/1/7775 3891/1/7775 3890/1/7775
f 3890/1/7776 3891/1/7776 3901/1/7776
f 3890/1/7777 3901/1/7777 3900/1/7777
f 3900/1/7778 3901/1/7778 3911/1/7778
f 3900/1/7779 3911/1/7779 3910/1/7779
f 3910/1/7780 3911/1/7780 3921/1/7780
f 3910/1/7781 3921/1/7781 3920/1/7781
f 3924/1/7782 3920/1/7782 3921/1/7782
f 3873/1/7783 3882/1/7783 3881/1/7783
f 3881/1/7784 3882/1/7784 3892/1/7784
f 3881/1/7785 3892/1/7785 3891/1/7785
f 3891/1/7786 3892/1/7786 3902/1/7786
f 3891/1/7787 3902/1/7787 3901/1/7787
f 3901/1/7788 3902/1/7788 3912/1/7788
f 3901/1/7789 3912/1/7789 3911/1/7789
f 3911/1/7790 3912/1/7790 3922/1/7790
f 3911/1/7791 3922/1/7791 3921/1/7791
f 3924/1/7792 3921/1/7792 3922/1/7792
f 3873/1/7793 3883/1/7793 3882/1/7793
f 3882/1/7794 3883/1/7794 3893/1/7794
f 3882/1/7795 3893/1/7795 3892/1/7795
f 3892/1/7796 3893/1/7796 3903/1/7796
f 3892/1/7797 3903/1/7797 3902/1/7797
f 3902/1/7798 3903/1/7798 3913/1/7798
f 3902/1/7799 3913/1/7799 3912/1/7799
f 3912/1/7800 3913/1/7800 3923/1/7800
f 3912/1/7801 3923/1/7801 3922/1/7801
f 3924/1/7802 3922/1/7802 3923/1/7802
f 3873/1/7803 3874/1/7803 3883/1/7803
f 3883/1/7804 3874/1/7804 3884/1/7804
f 3883/1/7805 3884/1/7805 3893/1/7805
f 3893/1/7806 3884/1/7806 3894/1/7806
f 3893/1/7807 3894/1/7807 3903/1/7807
f 3903/1/7808 3894/1/7808 3904/1/7808
f 3903/1/7809 3904/1/7809 3913/1/7809
f 3913/1/7810 3904/1/7810 3914/1/7810
f 3913/1/7811 3914/1/7811 3923/1/7811
f 3924/1/7812 3923/1/7812 3914/1/7812
f 3925/1/7813 3927/1/7813 3926/1/7813
f 3926/1/7814 3927/1/7814 3937/1/7814
f 3926/1/7815 3937/1/7815 3936/1/7815
f 3936/1/7816 3937/1/7816 3947/1/7816
f 3936/1/7817 3947/1/7817 3946/1/7817
f 3946/1/7818 3947/1/7818 3957/1/7818
f 3946/1/7819 3957/1/7819 3956/1/7819
f 3956/1/7820 3957/1/7820 3967/1/7820
f 3956/1/7821 3967/1/7821 3966/1/7821
f 3976/1/7822 3966/1/7822 3967/1/7822
f 3925/1/7823 3928/1/7823 3927/1/7823
f 3927/1/7824 3928/1/7824 3938/1/7824
f 3927/1/7825 3938/1/7825 3937/1/7825
f 3937/1/7826 3938/1/7826 3948/1/7826
f 3937/1/7827 3948/1/7827 3947/1/7827
f 3947/1/7828 3948/1/7828 3958/1/7828
f 3947/1/7829 3958/1/7829 3957/1/7829
f 3957/1/7830 3958/1/7830 3968/1/7830
f 3957/1/7831 3968/1/7831 3967/1/7831
f 3976/1/7832 3967/1/7832 3968/1/7832
f 3925/1/7833 3929/1/7833 3928/1/7833
f 3928/1/7834 3929/1/7834 3939/1/7834
f 3928/1/7835 3939/1/7835 3938/1/7835
f 3938/1/7836 3939/1/7836 3949/1/7836
f 3938/1/7837 3949/1/7837 3948/1/7837
f 3948/1/7838 3949/1/7838 3959/1/7838
f 3948/1/7839 3959/1/7839 3958/1/7839
f 3958/1/7840 3959/1/7840 3969/1/7840
f 3958/1/7841 3969/1/7841 3968/1/7841
f 3976/1/7842 3968/1/7842 3969/1/7842
f 3925/1/7843 3930/1/7843 3929/1/7843
f 3929/1/7844 3930/1/7844 3940/1/7844
f 3929/1/7845 3940/1/7845 3939/1/7845
f 3939/1/7846 3940/1/7846 3950/1/7846
f 3939/1/7847 3950/1/7847 3949/1/7847
f 3949/1/7848 3950/1/7848 3960/1/7848
f 3949/1/7849 3960/1/7849 3959/1/7849
f 3959/1/7850 3960/1/7850 3970/1/7850
f 3959/1/7851 3970/1/7851 3969/1/7851
f 3976/1/7852 3969/1/7852 3970/1/7852
f 3925/1/7853 3931/1/7853 3930/1/7853
f 3930/1/7854 3931/1/7854 3941/1/7854
f 3930/1/7855 3941/1/7855 3940/1/7855
f 3940/1/7856 3941/1/7856 3951/1/7856
f 3940/1/7857 3951/1/7857 3950/1/7857
f 3950/1/7858 3951/1/7858 3961/1/7858
f 3950/1/7859 3961/1/7859 3960/1/7859
f 3960/1/7860 3961/1/7860 3971/1/7860
f 3960/1/7861 3971/1/7861 3970/1/7861
f 3976/1/7862 3970/1/7862 3971/1/7862
f 3925/1/7863 3932/1/7863 3931/1/7863
f 3931/1/7864 3932/1/7864 3942/1/7864
f 3931/1/7865 3942/1/7865 3941/1/7865
f 3941/1/7866 3942/1/7866 3952/1/7866
f 3941/1/7867 3952/1/7867 3951/1/7867
f 3951/1/7868 3952/1/7868 3962/1/7868
f 3951/1/7869 3962/1/7869 3961/1/7869
f 3961/1/7870 3962/1/7870 3972/1/7870
f 3961/1/7871 3972/1/7871 3971/1/7871
f 3976/1/7872 3971/1/7872 3972/1/7872
f 3925/1/7873 3933/1/7873 3932/1/7873
f 3932/1/7874 3933/1/7874 3943/1/7874
f 3932/1/7875 3943/1/7875 3942/1/7875
f 3942/1/7876 3943/1/7876 3953/1/7876
f 3942/1/7877 3953/1/7877 3952/1/7877
f 3952/1/7878 3953/1/7878 3963/1/7878
f 3952/1/7879 3963/1/7879 3962/1/7879
f 3962/1/7880 3963/1/7880 3973/1/7880
f 3962/1/7881 3973/1/7881 3972/1/7881
f 3976/1/7882 3972/1/7882 3973/1/7882
f 3925/1/7883 3934/1/7883 3933/1/7883
f 3933/1/7884 3934/1/7884 3944/1/7884
f 3933/1/7885 3944/1/7885 3943/1/7885
f 3943/1/7886 3944/1/7886 3954/1/7886
f 3943/1/7887 3954/1/7887 3953/1/7887
f 3953/1/7888 3954/1/7888 3964/1/7888
f 3953/1/7889 3964/1/7889 3963/1/7889
f 3963/1/7890 3964/1/7890 3974/1/7890
f 3963/1/7891 3974/1/7891 3973/1/7891
f 3976/1/7892 3973/1/7892 3974/1/7892
f 3925/1/7893 3935/1/7893 3934/1/7893
f 3934/1/7894 3935/1/7894 3945/1/7894
f 3934/1/7895 3945/1/7895 3944/1/7895
f 3944/1/7896 3945/1/7896 3955/1/7896
f 3944/1/7897 3955/1/7897 3954/1/7897
f 3954/1/7898 3955/1/7898 3965/1/7898
f 3954/1/7899 3965/1/7899 3964/1/7899
f 3964/1/7900 3965/1/7900 3975/1/7900
f 3964/1/7901 3975/1/7901 3974/1/7901
f 3976/1/7902 3974/1/7902 3975/1/7902
f 3925/1/7903 3926/1/7903 3935/1/7903
f 3935/1/7904 3926/1/7904 3936/1/7904
f 3935/1/7905 3936/1/7905 3945/1/7905
f 3945/1/7906 3936/1/7906 3946/1/7906
f 3945/1/7907 3946/1/7907 3955/1/7907
f 3955/1/7908 3946/1/7908 3956/1/7908
f 3955/1/7909 3956/1/7909 3965/1/7909
f 3965/1/7910 3956/1/7910 3966/1/7910
f 3965/1/7911 3966/1/7911 3975/1/7911
f 3976/1/7912 3975/1/7912 3966/1/7912
f 3977/1/7913 3979/1/7913 3978/1/7913
f 3978/1/7914 3979/1/7914 3989/1/7914
f 3978/1/7915 3989/1/7915 3988/1/7915
f 3988/1/7916 3989/1/7916 3999/1/7916
f 3988/1/7917 3999/1/7917 3998/1/7917
f 3998/1/7918 3999/1/7918 4009/1/7918
f 3998/1/7919 4009/1/7919 4008/1/7919
f 4008/1/7920 4009/1/7920 4019/1/7920
f 4008/1/7921 4019/1/7921 4018/1/7921
f 4028/1/7922 4018/1/7922 4019/1/7922
f 3977/1/7923 3980/1/7923 3979/1/7923
f 3979/1/7924 3980/1/7924 3990/1/7924
f 3979/1/7925 3990/1/7925 3989/1/7925
f 3989/1/7926 3990/1/7926 4000/1/7926
f 3989/1/7927 4000/1/7927 3999/1/7927
f 3999/1/7928 4000/1/7928 4010/1/7928
f 3999/1/7929 4010/1/7929 4009/1/7929
f 4009/1/7930 4010/1/7930 4020/1/7930
f 4009/1/7931 4020/1/7931 4019/1/7931
f 4028/1/7932 4019/1/7932 4020/1/7932
f 3977/1/7933 3981/1/7933 3980/1/7933
f 3980/1/7934 3981/1/7934 3991/1/7934
f 3980/1/7935 3991/1/7935 3990/1/7935
f 3990/1/7936 3991/1/7936 4001/1/7936
f 3990/1/7937 4001/1/7937 4000/1/7937
f 4000/1/7938 4001/1/7938 4011/1/7938
f 4000/1/7939 4011/1/7939 4010/1/7939
f 4010/1/7940 4011/1/7940 4021/1/7940
f 4010/1/7941 4021/1/7941 4020/1/7941
f 4028/1/7942 4020/1/7942 4021/1/7942
f 3977/1/7943 3982/1/7943 3981/1/7943
f 3981/1/7944 3982/1/7944 3992/1/7944
f 3981/1/7945 3992/1/7945 3991/1/7945
f 3991/1/7946 3992/1/7946 4002/1/7946
f 3991/1/7947 4002/1/7947 4001/1/7947
f 4001/1/7948 4002/1/7948 4012/1/7948
f 4001/1/7949 4012/1/7949 4011/1/7949
f 4011/1/7950 4012/1/7950 4022/1/7950
f 4011/1/7951 4022/1/7951 4021/1/7951
f 4028/1/7952 4021/1/7952 4022/1/7952
f 3977/1/7953 3983/1/7953 3982/1/7953
f 3982/1/7954 3983/1/7954 3993/1/7954
f 3982/1/7955 3993/1/7955 3992/1/7955
f 3992/1/7956 3993/1/7956 4003/1/7956
f 3992/1/7957 4003/1/7957 4002/1/7957
f 4002/1/7958 4003/1/7958 4013/1/7958
f 4002/1/7959 4013/1/7959 4012/1/7959
f 4012/1/7960 4013/1/7960 4023/1/7960
f 4012/1/7961 4023/1/7961 4022/1/7961
f 4028/1/7962 4022/1/7962 4023/1/7962
f 3977/1/7963 3984/1/7963 3983/1/7963
f 3983/1/7964 3984/1/7964 3994/1/7964
f 3983/1/7965 3994/1/7965 3993/1/7965
f 3993/1/7966 3994/1/7966 4004/1/7966
f 3993/1/7967 4004/1/7967 4003/1/7967
f 4003/1/7968 4004/1/7968 4014/1/7968
f 4003/1/7969 4014/1/7969 4013/1/7969
f 4013/1/7970 4014/1/7970 4024/1/7970
f 4013/1/7971 4024/1/7971 4023/1/7971
f 4028/1/7972 4023/1/7972 4024/1/7972
f 3977/1/7973 3985/1/7973 3984/1/7973
f 3984/1/7974 3985/1/7974 3995/1/7974
f 3984/1/7975 3995/1/7975 3994/1/7975
f 3994/1/7976 3995/1/7976 4005/1/7976
f 3994/1/7977 4005/1/7977 4004/1/7977
f 4004/1/7978 4005/1/7978 4015/1/7978
f 4004/1/7979 4015/1/7979 4014/1/7979
f 4014/1/7980 4015/1/7980 4025/1/7980
f 4014/1/7981 4025/1/7981 4024/1/7981
f 4028/1/7982 4024/1/7982 4025/1/7982
f 3977/1/7983 3986/1/7983 3985/1/7983
f 3985/1/7984 3986/1/7984 3996/1/7984
f 3985/1/7985 3996/1/7985 3995/1/7985
f 3995/1/7986 3996/1/7986 4006/1/7986
f 3995/1/7987 4006/1/7987 4005/1/7987
f 4005/1/7988 4006/1/7988 4016/1/7988
f 4005/1/7989 4016/1/7989 4015/1/7989
f 4015/1/7990 4016/1/7990 4026/1/7990
f 4015/1/7991 4026/1/7991 4025/1/7991
f 4028/1/7992 4025/1/7992 4026/1/7992
f 3977/1/7993 3987/1/7993 3986/1/7993
f 3986/1/7994 3987/1/7994 3997/1/7994
f 3986/1/7995 3997/1/7995 3996/1/7995
f 3996/1/7996 3997/1/7996 4007/1/7996
f 3996/1/7997 4007/1/7997 4006/1/7997
f 4006/1/7998 4007/1/7998 4017/1/7998
f 4006/1/7999 4017/1/7999 4016/1/7999
f 4016/1/8000 4017/1/8000 4027/1/8000
f 4016/1/8001 4027/1/8001 4026/1/8001
f 4028/1/8002 4026/1/8002 4027/1/8002
f 3977/1/8003 3978/1/8003 3987/1/8003
f 3987/1/8004 3978/1/8004 3988/1/8004
f 3987/1/8005 3988/1/8005 3997/1/8005
f 3997/1/8006 3988/1/8006 3998/1/8006
f 3997/1/8007 3998/1/8007 4007/1/8007
f 4007/1/8008 3998/1/8008 4008/1/8008
f 4007/1/8009 4008/1/8009 4017/1/8009
f 4017/1/8010 4008/1/8010 4018/1/8010
f 4017/1/8011 4018/1/8011 4027/1/8011
f 4028/1/8012 4027/1/8012 4018/1/8012
f 4029/1/8013 4031/1/8013 4030/1/8013
f 4030/1/8014 4031/1/8014 4041/1/8014
f 4030/1/8015 4041/1/8015 4040/1/8015
f 4040/1/8016 4041/1/8016 4051/1/8016
f 4040/1/8017 4051/1/8017 4050/1/8017
f 4050/1/8018 4051/1/8018 4061/1/8018
f 4050/1/8019 4061/1/8019 4060/1/8019
f 4060/1/8020 4061/1/8020 4071/1/8020
f 4060/1/8021 4071/1/8021 4070/1/8021
f 4080/1/8022 4070/1/8022 4071/1/8022
f 4029/1/8023 4032/1/8023 4031/1/8023
f 4031/1/8024 4032/1/8024 4042/1/8024
f 4031/1/8025 4042/1/8025 4041/1/8025
f 4041/1/8026 4042/1/8026 4052/1/8026
f 4041/1/8027 4052/1/8027 4051/1/8027
f 4051/1/8028 4052/1/8028 4062/1/8028
f 4051/1/8029 4062/1/8029 4061/1/8029
f 4061/1/8030 4062/1/8030 4072/1/8030
f 4061/1/8031 4072/1/8031 4071/1/8031
f 4080/1/8032 4071/1/8032 4072/1/8032
f 4029/1/8033 4033/1/8033 4032/1/8033
f 4032/1/8034 4033/1/8034 4043/1/8034
f 4032/1/8035 4043/1/8035 4042/1/8035
f 4042/1/8036 4043/1/8036 4053/1/8036
f 4042/1/8037 4053/1/8037 4052/1/8037
f 4052/1/8038 4053/1/8038 4063/1/8038
f 4052/1/8039 4063/1/8039 4062/1/8039
f 4062/1/8040 4063/1/8040 4073/1/8040
f 4062/1/8041 4073/1/8041 4072/1/8041
f 4080/1/8042 4072/1/8042 4073/1/8042
f 4029/1/8043 4034/1/8043 4033/1/8043
f 4033/1/8044 4034/1/8044 4044/1/8044
f 4033/1/8045 4044/1/8045 4043/1/8045
f 4043/1/8046 4044/1/8046 4054/1/8046
f 4043/1/8047 4054/1/8047 4053/1/8047
f 4053/1/8048 4054/1/8048 4064/1/8048
f 4053/1/8049 4064/1/8049 4063/1/8049
f 4063/1/8050 4064/1/8050 4074/1/8050
f 4063/1/8051 4074/1/8051 4073/1/8051
f 4080/1/8052 4073/1/8052 4074/1/8052
f 4029/1/8053 4035/1/8053 4034/1/8053
f 4034/1/8054 4035/1/8054 4045/1/8054
f 4034/1/8055 4045/1/8055 4044/1/8055
f 4044/1/8056 4045/1/8056 4055/1/8056
f 4044/1/8057 4055/1/8057 4054/1/8057
f 4054/1/8058 4055/1/8058 4065/1/8058
f 4054/1/8059 4065/1/8059 4064/1/8059
f 4064/1/8060 4065/1/8060 4075/1/8060
f 4064/1/8061 4075/1/8061 4074/1/8061
f 4080/1/8062 4074/1/8062 4075/1/8062
f 4029/1/8063 4036/1/8063 4035/1/8063
f 4035/1/8064 4036/1/8064 4046/1/8064
f 4035/1/8065 4046/1/8065 4045/1/8065
f 4045/1/8066 4046/1/8066 4056/1/8066
f 4045/1/8067 4056/1/8067 4055/1/8067
f 4055/1/8068 4056/1/8068 4066/1/8068
f 4055/1/8069 4066/1/8069 4065/1/8069
f 4065/1/8070 4066/1/8070 4076/1/8070
f 4065/1/8071 4076/1/8071 4075/1/8071
f 4080/1/8072 4075/1/8072 4076/1/8072
f 4029/1/8073 4037/1/8073 4036/1/8073
f 4036/1/8074 4037/1/8074 4047/1/8074
f 4036/1/8075 4047/1/8075 4046/1/8075
f 4046/1/8076 4047/1/8076 4057/1/8076
f 4046/1/8077 4057/1/8077 4056/1/8077
f 4056/1/8078 4057/1/8078 4067/1/8078
f 4056/1/8079 4067/1/8079 4066/1/8079
f 4066/1/8080 4067/1/8080 4077/1/8080
f 4066/1/8081 4077/1/8081 4076/1/8081
f 4080/1/8082 4076/1/8082 4077/1/8082
f 4029/1/8083 4038/1/8083 4037/1/8083
f 4037/1/8084 4038/1/8084 4048/1/8084
f 4037/1/8085 4048/1/8085 4047/1/8085
f 4047/1/8086 4048/1/8086 4058/1/8086
f 4047/1/8087 4058/1/8087 4057/1/8087
f 4057/1/8088 4058/1/8088 4068/1/8088
f 4057/1/8089 4068/1/8089 4067/1/8089
f 4067/1/8090 4068/1/8090 4078/1/8090
f 4067/1/8091 4078/1/8091 4077/1/8091
f 4080/1/8092 4077/1/8092 4078/1/8092
f 4029/1/8093 4039/1/8093 4038/1/8093
f 4038/1/8094 4039/1/8094 4049/1/8094
f 4038/1/8095 4049/1/8095 4048/1/8095
f 4048/1/8096 4049/1/8096 4059/1/8096
f 4048/1/8097 4059/1/8097 4058/1/8097
f 4058/1/8098 4059/1/8098 4069/1/8098
f 4058/1/8099 4069/1/8099 4068/1/8099
f 4068/1/8100 4069/1/8100 4079/1/8100
f 4068/1/8101 4079/1/8101 4078/1/8101
f 4080/1/8102 4078/1/8102 4079/1/8102
f 4029/1/8103 4030/1/8103 4039/1/8103
f 4039/1/8104 4030/1/8104 4040/1/8104
f 4039/1/8105 4040/1/8105 4049/1/8105
f 4049/1/8106 4040/1/8106 4050/1/8106
f 4049/1/8107 4050/1/8107 4059/1/8107
f 4059/1/8108 4050/1/8108 4060/1/8108
f 4059/1/8109 4060/1/8109 4069/1/8109
f 4069/1/8110 4060/1/8110 4070/1/8110
f 4069/1/8111 4070/1/8111 4079/1/8111
f 4080/1/8112 4079/1/8112 4070/1/8112
f 4081/1/8113 4083/1/8113 4082/1/8113
f 4082/1/8114 4083/1/8114 4093/1/8114
f 4082/1/8115 4093/1/8115 4092/1/8115
f 4092/1/8116 4093/1/8116 4103/1/8116
f 4092/1/8117 4103/1/8117 4102/1/8117
f 4102/1/8118 4103/1/8118 4113/1/8118
f 4102/1/8119 4113/1/8119 4112/1/8119
f 4112/1/8120 4113/1/8120 4123/1/8120
f 4112/1/8121 4123/1/8121 4122/1/8121
f 4132/1/8122 4122/1/8122 4123/1/8122
f 4081/1/8123 4084/1/8123 4083/1/8123
f 4083/1/8124 4084/1/8124 4094/1/8124
f 4083/1/8125 4094/1/8125 4093/1/8125
f 4093/1/8126 4094/1/8126 4104/1/8126
f 4093/1/8127 4104/1/8127 4103/1/8127
f 4103/1/8128 4104/1/8128 4114/1/8128
f 4103/1/8129 4114/1/8129 4113/1/8129
f 4113/1/8130 4114/1/8130 4124/1/8130
f 4113/1/8131 4124/1/8131 4123/1/8131
f 4132/1/8132 4123/1/8132 4124/1/8132
f 4081/1/8133 4085/1/8133 4084/1/8133
f 4084/1/8134 4085/1/8134 4095/1/8134
f 4084/1/8135 4095/1/8135 4094/1/8135
f 4094/1/8136 4095/1/8136 4105/1/8136
f 4094/1/8137 4105/1/8137 4104/1/8137
f 4104/1/8138 4105/1/8138 4115/1/8138
f 4104/1/8139 4115/1/8139 4114/1/8139
f 4114/1/8140 4115/1/8140 4125/1/8140
f 4114/1/8141 4125/1/8141 4124/1/8141
f 4132/1/8142 4124/1/8142 4125/1/8142
f 4081/1/8143 4086/1/8143 4085/1/8143
f 4085/1/8144 4086/1/8144 4096/1/8144
f 4085/1/8145 4096/1/8145 4095/1/8145
f 4095/1/8146 4096/1/8146 4106/1/8146
f 4095/1/8147 4106/1/8147 4105/1/8147
f 4105/1/8148 4106/1/8148 4116/1/8148
f 4105/1/8149 4116/1/8149 4115/1/8149
f 4115/1/8150 4116/1/8150 4126/1/8150
f 4115/1/8151 4126/1/8151 4125/1/8151
f 4132/1/8152 4125/1/8152 4126/1/8152
f 4081/1/8153 4087/1/8153 4086/1/8153
f 4086/1/8154 4087/1/8154 4097/1/8154
f 4086/1/8155 4097/1/8155 4096/1/8155
f 4096/1/8156 4097/1/8156 4107/1/8156
f 4096/1/8157 4107/1/8157 4106/1/8157
f 4106/1/8158 4107/1/8158 4117/1/8158
f 4106/1/8159 4117/1/8159 4116/1/8159
f 4116/1/8160 4117/1/8160 4127/1/8160
f 4116/1/8161 4127/1/8161 4126/1/8161
f 4132/1/8162 4126/1/8162 4127/1/8162
f 4081/1/8163 4088/1/8163 4087/1/8163
f 4087/1/8164 4088/1/8164 4098/1/8164
f 4087/1/8165 4098/1/8165 4097/1/8165
f 4097/1/8166 4098/1/8166 4108/1/8166
f 4097/1/8167 4108/1/8167 4107/1/8167
f 4107/1/8168 4108/1/8168 4118/1/8168
f 4107/1/8169 4118/1/8169 4117/1/8169
f 4117/1/8170 4118/1/8170 4128/1/8170
f 4117/1/8171 4128/1/8171 4127/1/8171
f 4132/1/8172 4127/1/8172 4128/1/8172
f 4081/1/8173 4089/1/8173 4088/1/8173
f 4088/1/8174 4089/1/8174 4099/1/8174
f 4088/1/8175 4099/1/8175 4098/1/8175
f 4098/1/8176 4099/1/8176 4109/1/8176
f 4098/1/8177 4109/1/8177 4108/1/8177
f 4108/1/8178 4109/1/8178 4119/1/8178
f 4108/1/8179 4119/1/8179 4118/1/8179
f 4118/1/8180 4119/1/8180 4129/1/8180
f 4118/1/8181 4129/1/8181 4128/1/8181
f 4132/1/8182 4128/1/8182 4129/1/8182
f 4081/1/8183 4090/1/8183 4089/1/8183
f 4089/1/8184 4090/1/8184 4100/1/8184
f 4089/1/8185 4100/1/8185 4099/1/8185
f 4099/1/8186 4100/1/8186 4110/1/8186
f 4099/1/8187 4110/1/8187 4109/1/8187
f 4109/1/8188 4110/1/8188 4120/1/8188
f 4109/1/8189 4120/1/8189 4119/1/8189
f 4119/1/8190 4120/1/8190 4130/1/8190
f 4119/1/8191 4130/1/8191 4129/1/8191
f 4132/1/8192 4129/1/8192 4130/1/8192
f 4081/1/8193 4091/1/8193 4090/1/8193
f 4090/1/8194 4091/1/8194 4101/1/8194
f 4090/1/8195 4101/1/8195 4100/1/8195
f 4100/1/8196 4101/1/8196 4111/1/8196
f 4100/1/8197 4111/1/8197 4110/1/8197
f 4110/1/8198 4111/1/8198 4121/1/8198
f 4110/1/8199 4121/1/8199 4120/1/8199
f 4120/1/8200 4121/1/8200 4131/1/8200
f 4120/1/8201 4131/1/8201 4130/1/8201
f 4132/1/8202 4130/1/8202 4131/1/8202
f 4081/1/8203 4082/1/8203 4091/1/8203
f 4091/1/8204 4082/1/8204 4092/1/8204
f 4091/1/8205 4092/1/8205 4101/1/8205
f 4101/1/8206 4092/1/8206 4102/1/8206
f 4101/1/8207 4102/1/8207 4111/1/8207
f 4111/1/8208 4102/1/8208 4112/1/8208
f 4111/1/8209 4112/1/8209 4121/1/8209
f 4121/1/8210 4112/1/8210 4122/1/8210
f 4121/1/8211 4122/1/8211 4131/1/8211
f 4132/1/8212 4131/1/8212 4122/1/8212
f 4133/1/8213 4135/1/8213 4134/1/8213
f 4134/1/8214 4135/1/8214 4145/1/8214
f 4134/1/8215 4145/1/8215 4144/1/8215
f 4144/1/8216 4145/1/8216 4155/1/8216
f 4144/1/8217 4155/1/8217 4154/1/8217
f 4154/1/8218 4155/1/8218 4165/1/8218
f 4154/1/8219 4165/1/8219 4164/1/8219
f 4164/1/8220 4165/1/8220 4175/1/8220
f 4164/1/8221 4175/1/8221 4174/1/8221
f 4184/1/8222 4174/1/8222 4175/1/8222
f 4133/1/8223 4136/1/8223 4135/1/8223
f 4135/1/8224 4136/1/8224 4146/1/8224
f 4135/1/8225 4146/1/8225 4145/1/8225
f 4145/1/8226 4146/1/8226 4156/1/8226
f 4145/1/8227 4156/1/8227 4155/1/8227
f 4155/1/8228 4156/1/8228 4166/1/8228
f 4155/1/8229 4166/1/8229 4165/1/8229
f 4165/1/8230 4166/1/8230 4176/1/8230
f 4165/1/8231 4176/1/8231 4175/1/8231
f 4184/1/8232 4175/1/8232 4176/1/8232
f 4133/1/8233 4137/1/8233 4136/1/8233
f 4136/1/8234 4137/1/8234 4147/1/8234
f 4136/1/8235 4147/1/8235 4146/1/8235
f 4146/1/8236 4147/1/8236 4157/1/8236
f 4146/1/8237 4157/1/8237 4156/1/8237
f 4156/1/8238 4157/1/8238 4167/1/8238
f 4156/1/8239 4167/1/8239 4166/1/8239
f 4166/1/8240 4167/1/8240 4177/1/8240
f 4166/1/8241 4177/1/8241 4176/1/8241
f 4184/1/8242 4176/1/8242 4177/1/8242
f 4133/1/8243 4138/1/8243 4137/1/8243
f 4137/1/8244 4138/1/8244 4148/1/8244
f 4137/1/8245 4148/1/8245 4147/1/8245
f 4147/1/8246 4148/1/8246 4158/1/8246
f 4147/1/8247 4158/1/8247 4157/1/8247
f 4157/1/8248 4158/1/8248 4168/1/8248
f 4157/1/8249 4168/1/8249 4167/1/8249
f 4167/1/8250 4168/1/8250 4178/1/8250
f 4167/1/8251 4178/1/8251 4177/1/8251
f 4184/1/8252 4177/1/8252 4178/1/8252
f 4133/1/8253 4139/1/8253 4138/1/8253
f 4138/1/8254 4139/1/8254 4149/1/8254
f 4138/1/8255 4149/1/8255 4148/1/8255
f 4148/1/8256 4149/1/8256 4159/1/8256
f 4148/1/8257 4159/1/8257 4158/1/8257
f 4158/1/8258 4159/1/8258 4169/1/8258
f 4158/1/8259 4169/1/8259 4168/1/8259
f 4168/1/8260 4169/1/8260 4179/1/8260
f 4168/1/8261 4179/1/8261 4178/1/8261
f 4184/1/8262 4178/1/8262 4179/1/8262
f 4133/1/8263 4140/1/8263 4139/1/8263
f 4139/1/8264 4140/1/8264 4150/1/8264
f 4139/1/8265 4150/1/8265 4149/1/8265
f 4149/1/8266 4150/1/8266 4160/1/8266
f 4149/1/8267 4160/1/8267 4159/1/8267
f 4159/1/8268 4160/1/8268 4170/1/8268
f 4159/1/8269 4170/1/8269 4169/1/8269
f 4169/1/8270 4170/1/8270 4180/1/8270
f 4169/1/8271 4180/1/8271 4179/1/8271
f 4184/1/8272 4179/1/8272 4180/1/8272
f 4133/1/8273 4141/1/8273 4140/1/8273
f 4140/1/8274 4141/1/8274 4151/1/8274
f 4140/1/8275 4151/1/8275 4150/1/8275
f 4150/1/8276 4151/1/8276 4161/1/8276
f 4150/1/8277 4161/1/8277 4160/1/8277
f 4160/1/8278 4161/1/8278 4171/1/8278
f 4160/1/8279 4171/1/8279 4170/1/8279
f 4170/1/8280 4171/1/8280 4181/1/8280
f 4170/1/8281 4181/1/8281 4180/1/8281
f 4184/1/8282 4180/1/8282 4181/1/8282
f 4133/1/8283 4142/1/8283 4141/1/8283
f 4141/1/8284 4142/1/8284 4152/1/8284
f 4141/1/8285 4152/1/8285 4151/1/8285
f 4151/1/8286 4152/1/8286 4162/1/8286
f 4151/1/8287 4162/1/8287 4161/1/8287
f 4161/1/8288 4162/1/8288 4172/1/8288
f 4161/1/8289 4172/1/8289 4171/1/8289
f 4171/1/8290 4172/1/8290 4182/1/8290
f 4171/1/8291 4182/1/8291 4181/1/8291
f 4184/1/8292 4181/1/8292 4182/1/8292
f 4133/1/8293 4143/1/8293 4142/1/8293
f 4142/1/8294 4143/1/8294 4153/1/8294
f 4142/1/8295 4153/1/8295 4152/1/8295
f 4152/1/8296 4153/1/8296 4163/1/8296
f 4152/1/8297 4163/1/8297 4162/1/8297
f 4162/1/8298 4163/1/8298 4173/1/8298
f 4162/1/8299 4173/1/8299 4172/1/8299
f 4172/1/8300 4173/1/8300 4183/1/8300
f 4172/1/8301 4183/1/8301 4182/1/8301
f 4184/1/8302 4182/1/8302 4183/1/8302
f 4133/1/8303 4134/1/8303 4143/1/8303
f 4143/1/8304 4134/1/8304 4144/1/8304
f 4143/1/8305 4144/1/8305 4153/1/8305
f 4153/1/8306 4144/1/8306 4154/1/8306
f 4153/1/8307 4154/1/8307 4163/1/8307
f 4163/1/8308 4154/1/8308 4164/1/8308
f 4163/1/8309 4164/1/8309 4173/1/8309
f 4173/1/8310 4164/1/8310 4174/1/8310
f 4173/1/8311 4174/1/8311 4183/1/8311
f 4184/1/8312 4183/1/8312 4174/1/8312
f 4185/1/8313 4187/1/8313 4186/1/8313
f 4186/1/8314 4187/1/8314 4197/1/8314
f 4186/1/8315 4197/1/8315 4196/1/8315
f 4196/1/8316 4197/1/8316 4207/1/8316
f 4196/1/8317 4207/1/8317 4206/1/8317
f 4206/1/8318 4207/1/8318 4217/1/8318
f 4206/1/8319 4217/1/8319 4216/1/8319
f 4216/1/8320 4217/1/8320 4227/1/8320
f 4216/1/8321 4227/1/8321 4226/1/8321
f 4236/1/8322 4226/1/8322 4227/1/8322
f 4185/1/8323 4188/1/8323 4187/1/8323
f 4187/1/8324 4188/1/8324 4198/1/8324
f 4187/1/8325 4198/1/8325 4197/1/8325
f 4197/1/8326 4198/1/8326 4208/1/8326
f 4197/1/8327 4208/1/8327 4207/1/8327
f 4207/1/8328 4208/1/8328 4218/1/8328
f 4207/1/8329 4218/1/8329 4217/1/8329
f 4217/1/8330 4218/1/8330 4228/1/8330
f 4217/1/8331 4228/1/8331 4227/1/8331
f 4236/1/8332 4227/1/8332 4228/1/8332
f 4185/1/8333 4189/1/8333 4188/1/8333
f 4188/1/8334 4189/1/8334 4199/1/8334
f 4188/1/8335 4199/1/8335 4198/1/8335
f 4198/1/8336 4199/1/8336 4209/1/8336
f 4198/1/8337 4209/1/8337 4208/1/8337
f 4208/1/8338 4209/1/8338 4219/1/8338
f 4208/1/8339 4219/1/8339 4218/1/8339
f 4218/1/8340 4219/1/8340 4229/1/8340
f 4218/1/8341 4229/1/8341 4228/1/8341
f 4236/1/8342 4228/1/8342 4229/1/8342
f 4185/1/8343 4190/1/8343 4189/1/8343
f 4189/1/8344 4190/1/8344 4200/1/8344
f 4189/1/8345 4200/1/8345 4199/1/8345
f 4199/1/8346 4200/1/8346 4210/1/8346
f 4199/1/8347 4210/1/8347 4209/1/8347
f 4209/1/8348 4210/1/8348 4220/1/8348
f 4209/1/8349 4220/1/8349 4219/1/8349
f 4219/1/8350 4220/1/8350 4230/1/8350
f 4219/1/8351 4230/1/8351 4229/1/8351
f 4236/1/8352 4229/1/8352 4230/1/8352
f 4185/1/8353 4191/1/8353 4190/1/8353
f 4190/1/8354 4191/1/8354 4201/1/8354
f 4190/1/8355 4201/1/8355 4200/1/8355
f 4200/1/8356 4201/1/8356 4211/1/8356
f 4200/1/8357 4211/1/8357 4210/1/8357
f 4210/1/8358 4211/1/8358 4221/1/8358
f 4210/1/8359 4221/1/8359 4220/1/8359
f 4220/1/8360 4221/1/8360 4231/1/8360
f 4220/1/8361 4231/1/8361 4230/1/8361
f 4236/1/8362 4230/1/8362 4231/1/8362
f 4185/1/8363 4192/1/8363 4191/1/8363
f 4191/1/8364 4192/1/8364 4202/1/8364
f 4191/1/8365 4202/1/8365 4201/1/8365
f 4201/1/8366 4202/1/8366 4212/1/8366
f 4201/1/8367 4212/1/8367 4211/1/8367
f 4211/1/8368 4212/1/8368 4222/1/8368
f 4211/1/8369 4222/1/8369 4221/1/8369
f 4221/1/8370 4222/1/8370 4232/1/8370
f 4221/1/8371 4232/1/8371 4231/1/8371
f 4236/1/8372 4231/1/8372 4232/1/8372
f 4185/1/8373 4193/1/8373 4192/1/8373
f 4192/1/8374 4193/1/8374 4203/1/8374
f 4192/1/8375 4203/1/8375 4202/1/8375
f 4202/1/8376 4203/1/8376 4213/1/8376
f 4202/1/8377 4213/1/8377 4212/1/8377
f 4212/1/8378 4213/1/8378 4223/1/8378
f 4212/1/8379 4223/1/8379 4222/1/8379
f 4222/1/8380 4223/1/8380 4233/1/8380
f 4222/1/8381 4233/1/8381 4232/1/8381
f 4236/1/8382 4232/1/8382 4233/1/8382
f 4185/1/8383 4194/1/8383 4193/1/8383
f 4193/1/8384 4194/1/8384 4204/1/8384
f 4193/1/8385 4204/1/8385 4203/1/8385
f 4203/1/8386 4204/1/8386 4214/1/8386
f 4203/1/8387 4214/1/8387 4213/1/8387
f 4213/1/8388 4214/1/8388 4224/1/8388
f 4213/1/8389 4224/1/8389 4223/1/8389
f 4223/1/8390 4224/1/8390 4234/1/8390
f 4223/1/8391 4234/1/8391 4233/1/8391
f 4236/1/8392 4233/1/8392 4234/1/8392
f 4185/1/8393 4195/1/8393 4194/1/8393
f 4194/1/8394 4195/1/8394 4205/1/8394
f 4194/1/8395 4205/1/8395 4204/1/8395
f 4204/1/8396 4205/1/8396 4215/1/8396
f 4204/1/8397 4215/1/8397 4214/1/8397
f 4214/1/8398 4215/1/8398 4225/1/8398
f 4214/1/8399 4225/1/8399 4224/1/8399
f 4224/1/8400 4225/1/8400 4235/1/8400
f 4224/1/8401 4235/1/8401 4234/1/8401
f 4236/1/8402 4234/1/8402 4235/1/8402
f 4185/1/8403 4186/1/8403 4195/1/8403
f 4195/1/8404 4186/1/8404 4196/1/8404
f 4195/1/8405 4196/1/8405 4205/1/8405
f 4205/1/8406 4196/1/8406 4206/1/8406
f 4205/1/8407 4206/1/8407 4215/1/8407
f 4215/1/8408 4206/1/8408 4216/1/8408
f 4215/1/8409 4216/1/8409 4225/1/8409
f 4225/1/8410 4216/1/8410 4226/1/8410
f 4225/1/8411 4226/1/8411 4235/1/8411
f 4236/1/8412 4235/1/8412 4226/1/8412
f 4237/1/8413 4239/1/8413 4238/1/8413
f 4238/1/8414 4239/1/8414 4249/1/8414
f 4238/1/8415 4249/1/8415 4248/1/8415
f 4248/1/8416 4249/1/8416 4259/1/8416
f 4248/1/8417 4259/1/8417 4258/1/8417
f 4258/1/8418 4259/1/8418 4269/1/8418
f 4258/1/8419 4269/1/8419 4268/1/8419
f 4268/1/8420 4269/1/8420 4279/1/8420
f 4268/1/8421 4279/1/8421 4278/1/8421
f 4288/1/8422 4278/1/8422 4279/1/8422
f 4237/1/8423 4240/1/8423 4239/1/8423
f 4239/1/8424 4240/1/8424 4250/1/8424
f 4239/1/8425 4250/1/8425 4249/1/8425
f 4249/1/8426 4250/1/8426 4260/1/8426
f 4249/1/8427 4260/1/8427 4259/1/8427
f 4259/1/8428 4260/1/8428 4270/1/8428
f 4259/1/8429 4270/1/8429 4269/1/8429
f 4269/1/8430 4270/1/8430 4280/1/8430
f 4269/1/8431 4280/1/8431 4279/1/8431
f 4288/1/8432 4279/1/8432 4280/1/8432
f 4237/1/8433 4241/1/8433 4240/1/8433
f 4240/1/8434 4241/1/8434 4251/1/8434
f 4240/1/8435 4251/1/8435 4250/1/8435
f 4250/1/8436 4251/1/8436 4261/1/8436
f 4250/1/8437 4261/1/8437 4260/1/8437
f 4260/1/8438 4261/1/8438 4271/1/8438
f 4260/1/8439 4271/1/8439 4270/1/8439
f 4270/1/8440 4271/1/8440 4281/1/8440
f 4270/1/8441 4281/1/8441 4280/1/8441
f 4288/1/8442 4280/1/8442 4281/1/8442
f 4237/1/8443 4242/1/8443 4241/1/8443
f 4241/1/8444 4242/1/8444 4252/1/8444
f 4241/1/8445 4252/1/8445 4251/1/8445
f 4251/1/8446 4252/1/8446 4262/1/8446
f 4251/1/8447 4262/1/8447 4261/1/8447
f 4261/1/8448 4262/1/8448 4272/1/8448
f 4261/1/8449 4272/1/8449 4271/1/8449
f 4271/1/8450 4272/1/8450 4282/1/8450
f 4271/1/8451 4282/1/8451 4281/1/8451
f 4288/1/8452 4281/1/8452 4282/1/8452
f 4237/1/8453 4243/1/8453 4242/1/8453
f 4242/1/8454 4243/1/8454 4253/1/8454
f 4242/1/8455 4253/1/8455 4252/1/8455
f 4252/1/8456 4253/1/8456 4263/1/8456
f 4252/1/8457 4263/1/8457 4262/1/8457
f 4262/1/8458 4263/1/8458 4273/1/8458
f 4262/1/8459 4273/1/8459 4272/1/8459
f 4272/1/8460 4273/1/8460 4283/1/8460
f 4272/1/8461 4283/1/8461 4282/1/8461
f 4288/1/8462 4282/1/8462 4283/1/8462
f 4237/1/8463 4244/1/8463 4243/1/8463
f 4243/1/8464 4244/1/8464 4254/1/8464
f 4243/1/8465 4254/1/8465 4253/1/8465
f 4253/1/8466 4254/1/8466 4264/1/8466
f 4253/1/8467 4264/1/8467 4263/1/8467
f 4263/1/8468 4264/1/8468 4274/1/8468
f 4263/1/8469 4274/1/8469 4273/1/8469
f 4273/1/8470 4274/1/8470 4284/1/8470
f 4273/1/8471 4284/1/8471 4283/1/8471
f 4288/1/8472 4283/1/8472 4284/1/8472
f 4237/1/8473 4245/1/8473 4244/1/8473
f 4244/1/8474 4245/1/8474 4255/1/8474
f 4244/1/8475 4255/1/8475 4254/1/8475
f 4254/1/8476 4255/1/8476 4265/1/8476
f 4254/1/8477 4265/1/8477 4264/1/8477
f 4264/1/8478 4265/1/8478 4275/1/8478
f 4264/1/8479 4275/1/8479 4274/1/8479
f 4274/1/8480 4275/1/8480 4285/1/8480
f 4274/1/8481 4285/1/8481 4284/1/8481
f 4288/1/8482 4284/1/8482 4285/1/8482
f 4237/1/8483 4246/1/8483 4245/1/8483
f 4245/1/8484 4246/1/8484 4256/1/8484
f 4245/1/8485 4256/1/8485 4255/1/8485
f 4255/1/8486 4256/1/8486 4266/1/8486
f 4255/1/8487 4266/1/8487 4265/1/8487
f 4265/1/8488 4266/1/8488 4276/1/8488
f 4265/1/8489 4276/1/8489 4275/1/8489
f 4275/1/8490 4276/1/8490 4286/1/8490
f 4275/1/8491 4286/1/8491 4285/1/8491
f 4288/1/8492 4285/1/8492 4286/1/8492
f 4237/1/8493 4247/1/8493 4246/1/8493
f 4246/1/8494 4247/1/8494 4257/1/8494
f 4246/1/8495 4257/1/8495 4256/1/8495
f 4256/1/8496 4257/1/8496 4267/1/8496
f 4256/1/8497 4267/1/8497 4266/1/8497
f 4266/1/8498 4267/1/8498 4277/1/8498
f 4266/1/8499 4277/1/8499 4276/1/8499
f 4276/1/8500 4277/1/8500 4287/1/8500
f 4276/1/8501 4287/1/8501 4286/1/8501
f 4288/1/8502 4286/1/8502 4287/1/8502
f 4237/1/8503 4238/1/8503 4247/1/8503
f 4247/1/8504 4238/1/8504 4248/1/8504
f 4247/1/8505 4248/1/8505 4257/1/8505
f 4257/1/8506 4248/1/8506 4258/1/8506
f 4257/1/8507 4258/1/8507 4267/1/8507
f 4267/1/8508 4258/1/8508 4268/1/8508
f 4267/1/8509 4268/1/8509 4277/1/8509
f 4277/1/8510 4268/1/8510 4278/1/8510
f 4277/1/8511 4278/1/8511 4287/1/8511
f 4288/1/8512 4287/1/8512 4278/1/8512
f 4289/1/8513 4300/1/8513 4299/1/8513
f 4289/1/8514 4290/1/8514 4300/1/8514
f 4290/1/8515 4301/1/8515 4300/1/8515
f 4290/1/8516 4291/1/8516 4301/1/8516
f 4291/1/8517 4302/1/8517 4301/1/8517
f 4291/1/8518 4292/1/8518 4302/1/8518
f 4292/1/8519 4303/1/8519 4302/1/8519
f 4292/1/8520 4293/1/8520 4303/1/8520
f 4293/1/8521 4304/1/8521 4303/1/8521
f 4293/1/8522 4294/1/8522 4304/1/8522
f 4294/1/8523 4305/1/8523 4304/1/8523
f 4294/1/8524 4295/1/8524 4305/1/8524
f 4295/1/8525 4306/1/8525 4305/1/8525
f 4295/1/8526 4296/1/8526 4306/1/8526
f 4296/1/8527 4307/1/8527 4306/1/8527
f 4296/1/8528 4297/1/8528 4307/1/8528
f 4297/1/8529 4308/1/8529 4307/1/8529
f 4297/1/8530 4298/1/8530 4308/1/8530
f 4298/1/8531 4299/1/8531 4308/1/8531
f 4298/1/8532 4289/1/8532 4299/1/8532
f 4299/1/8533 4310/1/8533 4309/1/8533
f 4299/1/8534 4300/1/8534 4310/1/8534
f 4300/1/8535 4311/1/8535 4310/1/8535
f 4300/1/8536 4301/1/8536 4311/1/8536
f 4301/1/8537 4312/1/8537 4311/1/8537
f 4301/1/8538 4302/1/8538 4312/1/8538
f 4302/1/8539 4313/1/8539 4312/1/8539
f 4302/1/8540 4303/1/8540 4313/1/8540
f 4303/1/8541 4314/1/8541 4313/1/8541
f 4303/1/8542 4304/1/8542 4314/1/8542
f 4304/1/8543 4315/1/8543 4314/1/8543
f 4304/1/8544 4305/1/8544 4315/1/8544
f 4305/1/8545 4316/1/8545 4315/1/8545
f 4305/1/8546 4306/1/8546 4316/1/8546
f 4306/1/8547 4317/1/8547 4316/1/8547
f 4306/1/8548 4307/1/8548 4317/1/8548
f 4307/1/8549 4318/1/8549 4317/1/8549
f 4307/1/8550 4308/1/8550 4318/1/8550
f 4308/1/8551 4309/1/8551 4318/1/8551
f 4308/1/8552 4299/1/8552 4309/1/8552
f 4309/1/8553 4320/1/8553 4319/1/8553
f 4309/1/8554 4310/1/8554 4320/1/8554
f 4310/1/8555 4321/1/8555 4320/1/8555
f 4310/1/8556 4311/1/8556 4321/1/8556
f 4311/1/8557 4322/1/8557 4321/1/8557
f 4311/1/8558 4312/1/8558 4322/1/8558
f 4312/1/8559 4323/1/8559 4322/1/8559
f 4312/1/8560 4313/1/8560 4323/1/8560
f 4313/1/8561 4324/1/8561 4323/1/8561
f 4313/1/8562 4314/1/8562 4324/1/8562
f 4314/1/8563 4325/1/8563 4324/1/8563
f 4314/1/8564 4315/1/8564 4325/1/8564
f 4315/1/8565 4326/1/8565 4325/1/8565
f 4315/1/8566 4316/1/8566 4326/1/8566
f 4316/1/8567 4327/1/8567 4326/1/8567
f 4316/1/8568 4317/1/8568 4327/1/8568
f 4317/1/8569 4328/1/8569 4327/1/8569
f 4317/1/8570 4318/1/8570 4328/1/8570
f 4318/1/8571 4319/1/8571 4328/1/8571
f 4318/1/8572 4309/1/8572 4319/1/8572
f 4319/1/8573 4330/1/8573 4329/1/8573
f 4319/1/8574 4320/1/8574 4330/1/8574
f 4320/1/8575 4331/1/8575 4330/1/8575
f 4320/1/8576 4321/1/8576 4331/1/8576
f 4321/1/8577 4332/1/8577 4331/1/8577
f 4321/1/8578 4322/1/8578 4332/1/8578
f 4322/1/8579 4333/1/8579 4332/1/8579
f 4322/1/8580 4323/1/8580 4333/1/8580
f 4323/1/8581 4334/1/8581 4333/1/8581
f 4323/1/8582 4324/1/8582 4334/1/8582
f 4324/1/8583 4335/1/8583 4334/1/8583
f 4324/1/8584 4325/1/8584 4335/1/8584
f 4325/1/8585 4336/1/8585 4335/1/8585
f 4325/1/8586 4326/1/8586 4336/1/8586
f 4326/1/8587 4337/1/8587 4336/1/8587
f 4326/1/8588 4327/1/8588 4337/1/8588
f 4327/1/8589 4338/1/8589 4337/1/8589
f 4327/1/8590 4328/1/8590 4338/1/8590
f 4328/1/8591 4329/1/8591 4338/1/8591
f 4328/1/8592 4319/1/8592 4329/1/8592
f 4329/1/8593 4340/1/8593 4339/1/8593
f 4329/1/8594 4330/1/8594 4340/1/8594
f 4330/1/8595 4341/1/8595 4340/1/8595
f 4330/1/8596 4331/1/8596 4341/1/8596
f 4331/1/8597 4342/1/8597 4341/1/8597
f 4331/1/8598 4332/1/8598 4342/1/8598
f 4332/1/8599 4343/1/8599 4342/1/8599
f 4332/1/8600 4333/1/8600 4343/1/8600
f 4333/1/8601 4344/1/8601 4343/1/8601
f 4333/1/8602 4334/1/8602 4344/1/8602
f 4334/1/8603 4345/1/8603 4344/1/8603
f 4334/1/8604 4335/1/8604 4345/1/8604
f 4335/1/8605 4346/1/8605 4345/1/8605
f 4335/1/8606 4336/1/8606 4346/1/8606
f 4336/1/8607 4347/1/8607 4346/1/8607
f 4336/1/8608 4337/1/8608 4347/1/8608
f 4337/1/8609 4348/1/8609 4347/1/8609
f 4337/1/8610 4338/1/8610 4348/1/8610
f 4338/1/8611 4339/1/8611 4348/1/8611
f 4338/1/8612 4329/1/8612 4339/1/8612
f 4339/1/8613 4350/1/8613 4349/1/8613
f 4339/1/8614 4340/1/8614 4350/1/8614
f 4340/1/8615 4351/1/8615 4350/1/8615
f 4340/1/8616 4341/1/8616 4351/1/8616
f 4341/1/8617 4352/1/8617 4351/1/8617
f 4341/1/8618 4342/1/8618 4352/1/8618
f 4342/1/8619 4353/1/8619 4352/1/8619
f 4342/1/8620 4343/1/8620 4353/1/8620
f 4343/1/8621 4354/1/8621 4353/1/8621
f 4343/1/8622 4344/1/8622 4354/1/8622
f 4344/1/8623 4355/1/8623 4354/1/8623
f 4344/1/8624 4345/1/8624 4355/1/8624
f 4345/1/8625 4356/1/8625 4355/1/8625
f 4345/1/8626 4346/1/8626 4356/1/8626
f 4346/1/8627 4357/1/8627 4356/1/8627
f 4346/1/8628 4347/1/8628 4357/1/8628
f 4347/1/8629 4358/1/8629 4357/1/8629
f 4347/1/8630 4348/1/8630 4358/1/8630
f 4348/1/8631 4349/1/8631 4358/1/8631
f 4348/1/8632 4339/1/8632 4349/1/8632
f 4349/1/8633 4360/1/8633 4359/1/8633
f 4349/1/8634 4350/1/8634 4360/1/8634
f 4350/1/8635 4361/1/8635 4360/1/8635
f 4350/1/8636 4351/1/8636 4361/1/8636
f 4351/1/8637 4362/1/8637 4361/1/8637
f 4351/1/8638 4352/1/8638 4362/1/8638
f 4352/1/8639 4363/1/8639 4362/1/8639
f 4352/1/8640 4353/1/8640 4363/1/8640
f 4353/1/8641 4364/1/8641 4363/1/8641
f 4353/1/8642 4354/1/8642 4364/1/8642
f 4354/1/8643 4365/1/8643 4364/1/8643
f 4354/1/8644 4355/1/8644 4365/1/8644
f 4355/1/8645 4366/1/8645 4365/1/8645
f 4355/1/8646 4356/1/8646 4366/1/8646
f 4356/1/8647 4367/1/8647 4366/1/8647
f 4356/1/8648 4357/1/8648 4367/1/8648
f 4357/1/8649 4368/1/8649 4367/1/8649
f 4357/1/8650 4358/1/8650 4368/1/8650
f 4358/1/8651 4359/1/8651 4368/1/8651
f 4358/1/8652 4349/1/8652 4359/1/8652
f 4369/1/8653 4290/1/8653 4289/1/8653
f 4369/1/8654 4291/1/8654 4290/1/8654
f 4369/1/8655 4292/1/8655 4291/1/8655
f 4369/1/8656 4293/1/8656 4292/1/8656
f 4369/1/8657 4294/1/8657 4293/1/8657
f 4369/1/8658 4295/1/8658 4294/1/8658
f 4369/1/8659 4296/1/8659 4295/1/8659
f 4369/1/8660 4297/1/8660 4296/1/8660
f 4369/1/8661 4298/1/8661 4297/1/8661
f 4369/1/8662 4289/1/8662 4298/1/8662
f 4370/1/8663 4359/1/8663 4360/1/8663
f 4370/1/8664 4360/1/8664 4361/1/8664
f 4370/1/8665 4361/1/8665 4362/1/8665
f 4370/1/8666 4362/1/8666 4363/1/8666
f 4370/1/8667 4363/1/8667 4364/1/8667
f 4370/1/8668 4364/1/8668 4365/1/8668
f 4370/1/8669 4365/1/8669 4366/1/8669
f 4370/1/8670 4366/1/8670 4367/1/8670
f 4370/1/8671 4367/1/8671 4368/1/8671
f 4370/1/8672 4368/1/8672 4359/1/8672
f 4371/1/8673 4382/1/8673 4381/1/8673
f 4371/1/8674 4372/1/8674 4382/1/8674
f 4372/1/8675 4383/1/8675 4382/1/8675
f 4372/1/8676 4373/1/8676 4383/1/8676
f 4373/1/8677 4384/1/8677 4383/1/8677
f 4373/1/8678 4374/1/8678 4384/1/8678
f 4374/1/8679 4385/1/8679 4384/1/8679
f 4374/1/8680 4375/1/8680 4385/1/8680
f 4375/1/8681 4386/1/8681 4385/1/8681
f 4375/1/8682 4376/1/8682 4386/1/8682
f 4376/1/8683 4387/1/8683 4386/1/8683
f 4376/1/8684 4377/1/8684 4387/1/8684
f 4377/1/8685 4388/1/8685 4387/1/8685
f 4377/1/8686 4378/1/8686 4388/1/8686
f 4378/1/8687 4389/1/8687 4388/1/8687
f 4378/1/8688 4379/1/8688 4389/1/8688
f 4379/1/8689 4390/1/8689 4389/1/8689
f 4379/1/8690 4380/1/8690 4390/1/8690
f 4380/1/8691 4381/1/8691 4390/1/8691
f 4380/1/8692 4371/1/8692 4381/1/8692
f 4381/1/8693 4392/1/8693 4391/1/8693
f 4381/1/8694 4382/1/8694 4392/1/8694
f 4382/1/8695 4393/1/8695 4392/1/8695
f 4382/1/8696 4383/1/8696 4393/1/8696
f 4383/1/8697 4394/1/8697 4393/1/8697
f 4383/1/8698 4384/1/8698 4394/1/8698
f 4384/1/8699 4395/1/8699 4394/1/8699
f 4384/1/8700 4385/1/8700 4395/1/8700
f 4385/1/8701 4396/1/8701 4395/1/8701
f 4385/1/8702 4386/1/8702 4396/1/8702
f 4386/1/8703 4397/1/8703 4396/1/8703
f 4386/1/8704 4387/1/8704 4397/1/8704
f 4387/1/8705 4398/1/8705 4397/1/8705
f 4387/1/8706 4388/1/8706 4398/1/8706
f 4388/1/8707 4399/1/8707 4398/1/8707
f 4388/1/8708 4389/1/8708 4399/1/8708
f 4389/1/8709 4400/1/8709 4399/1/8709
f 4389/1/8710 4390/1/8710 4400/1/8710
f 4390/1/8711 4391/1/8711 4400/1/8711
f 4390/1/8712 4381/1/8712 4391/1/8712
f 4391/1/8713 4402/1/8713 4401/1/8713
f 4391/1/8714 4392/1/8714 4402/1/8714
f 4392/1/8715 4403/1/8715 4402/1/8715
f 4392/1/8716 4393/1/8716 4403/1/8716
f 4393/1/8717 4404/1/8717 4403/1/8717
f 4393/1/8718 4394/1/8718 4404/1/8718
f 4394/1/8719 4405/1/8719 4404/1/8719
f 4394/1/8720 4395/1/8720 4405/1/8720
f 4395/1/8721 4406/1/8721 4405/1/8721
f 4395/1/8722 4396/1/8722 4406/1/8722
f 4396/1/8723 4407/1/8723 4406/1/8723
f 4396/1/8724 4397/1/8724 4407/1/8724
f 4397/1/8725 4408/1/8725 4407/1/8725
f 4397/1/8726 4398/1/8726 4408/1/8726
f 4398/1/8727 4409/1/8727 4408/1/8727
f 4398/1/8728 4399/1/8728 4409/1/8728
f 4399/1/8729 4410/1/8729 4409/1/8729
f 4399/1/8730 4400/1/8730 4410/1/8730
f 4400/1/8731 4401/1/8731 4410/1/8731
f 4400/1/8732 4391/1/8732 4401/1/8732
f 4401/1/8733 4412/1/8733 4411/1/8733
f 4401/1/8734 4402/1/8734 4412/1/8734
f 4402/1/8735 4413/1/8735 4412/1/8735
f 4402/1/8736 4403/1/8736 4413/1/8736
f 4403/1/8737 4414/1/8737 4413/1/8737
f 4403/1/8738 4404/1/8738 4414/1/8738
f 4404/1/8739 4415/1/8739 4414/1/8739
f 4404/1/8740 4405/1/8740 4415/1/8740
f 4405/1/8741 4416/1/8741 4415/1/8741
f 4405/1/8742 4406/1/8742 4416/1/8742
f 4406/1/8743 4417/1/8743 4416/1/8743
f 4406/1/8744 4407/1/8744 4417/1/8744
f 4407/1/8745 4418/1/8745 4417/1/8745
f 4407/1/8746 4408/1/8746 4418/1/8746
f 4408/1/8747 4419/1/8747 4418/1/8747
f 4408/1/8748 4409/1/8748 4419/1/8748
f 4409/1/8749 4420/1/8749 4419/1/8749
f 4409/1/8750 4410/1/8750 4420/1/8750
f 4410/1/8751 4411/1/8751 4420/1/8751
f 4410/1/8752 4401/1/8752 4411/1/8752
f 4411/1/8753 4422/1/8753 4421/1/8753
f 4411/1/8754 4412/1/8754 4422/1/8754
f 4412/1/8755 4423/1/8755 4422/1/8755
f 4412/1/8756 4413/1/8756 4423/1/8756
f 4413/1/8757 4424/1/8757 4423/1/8757
f 4413/1/8758 4414/1/8758 4424/1/8758
f 4414/1/8759 4425/1/8759 4424/1/8759
f 4414/1/8760 4415/1/8760 4425/1/8760
f 4415/1/8761 4426/1/8761 4425/1/8761
f 4415/1/8762 4416/1/8762 4426/1/8762
f 4416/1/8763 4427/1/8763 4426/1/8763
f 4416/1/8764 4417/1/8764 4427/1/8764
f 4417/1/8765 4428/1/8765 4427/1/8765
f 4417/1/8766 4418/1/8766 4428/1/8766
f 4418/1/8767 4429/1/8767 4428/1/8767
f 4418/1/8768 4419/1/8768 4429/1/8768
f 4419/1/8769 4430/1/8769 4429/1/8769
f 4419/1/8770 4420/1/8770 4430/1/8770
f 4420/1/8771 4421/1/8771 4430/1/8771
f 4420/1/8772 4411/1/8772 4421/1/8772
f 4421/1/8773 4432/1/8773 4431/1/8773
f 4421/1/8774 4422/1/8774 4432/1/8774
f 4422/1/8775 4433/1/8775 4432/1/8775
f 4422/1/8776 4423/1/8776 4433/1/8776
f 4423/1/8777 4434/1/8777 4433/1/8777
f 4423/1/8778 4424/1/8778 4434/1/8778
f 4424/1/8779 4435/1/8779 4434/1/8779
f 4424/1/8780 4425/1/8780 4435/1/8780
f 4425/1/8781 4436/1/8781 4435/1/8781
f 4425/1/8782 4426/1/8782 4436/1/8782
f 4426/1/8783 4437/1/8783 4436/1/8783
f 4426/1/8784 4427/1/8784 4437/1/8784
f 4427/1/8785 4438/1/8785 4437/1/8785
f 4427/1/8786 4428/1/8786 4438/1/8786
f 4428/1/8787 4439/1/8787 4438/1/8787
f 4428/1/8788 4429/1/8788 4439/1/8788
f 4429/1/8789 4440/1/8789 4439/1/8789
f 4429/1/8790 4430/1/8790 4440/1/8790
f 4430/1/8791 4431/1/8791 4440/1/8791
f 4430/1/8792 4421/1/8792 4431/1/8792
f 4431/1/8793 4442/1/8793 4441/1/8793
f 4431/1/8794 4432/1/8794 4442/1/8794
f 4432/1/8795 4443/1/8795 4442/1/8795
f 4432/1/8796 4433/1/8796 4443/1/8796
f 4433/1/8797 4444/1/8797 4443/1/8797
f 4433/1/8798 4434/1/8798 4444/1/8798
f 4434/1/8799 4445/1/8799 4444/1/8799
f 4434/1/8800 4435/1/8800 4445/1/8800
f 4435/1/8801 4446/1/8801 4445/1/8801
f 4435/1/8802 4436/1/8802 4446/1/8802
f 4436/1/8803 4447/1/8803 4446/1/8803
f 4436/1/8804 4437/1/8804 4447/1/8804
f 4437/1/8805 4448/1/8805 4447/1/8805
f 4437/1/8806 4438/1/8806 4448/1/8806
f 4438/1/8807 4449/1/8807 4448/1/8807
f 4438/1/8808 4439/1/8808 4449/1/8808
f 4439/1/8809 4450/1/8809 4449/1/8809
f 4439/1/8810 4440/1/8810 4450/1/8810
f 4440/1/8811 4441/1/8811 4450/1/8811
f 4440/1/8812 4431/1/8812 4441/1/8812
f 4451/1/8813 4372/1/8813 4371/1/8813
f 4451/1/8814 4373/1/8814 4372/1/8814
f 4451/1/8815 4374/1/8815 4373/1/8815
f 4451/1/8816 4375/1/8816 4374/1/8816
f 4451/1/8817 4376/1/8817 4375/1/8817
f 4451/1/8818 4377/1/8818 4376/1/8818
f 4451/1/8819 4378/1/8819 4377/1/8819
f 4451/1/8820 4379/1/8820 4378/1/8820
f 4451/1/8821 4380/1/8821 4379/1/8821
f 4451/1/8822 4371/1/8822 4380/1/8822
f 4452/1/8823 4441/1/8823 4442/1/8823
f 4452/1/8824 4442/1/8824 4443/1/8824
f 4452/1/8825 4443/1/8825 4444/1/8825
f 4452/1/8826 4444/1/8826 4445/1/8826
f 4452/1/8827 4445/1/8827 4446/1/8827
f 4452/1/8828 4446/1/8828 4447/1/8828
f 4452/1/8829 4447/1/8829 4448/1/8829
f 4452/1/8830 4448/1/8830 4449/1/8830
f 4452/1/8831 4449/1/8831 4450/1/8831
f 4452/1/8832 4450/1/8832 4441/1/8832
f 4453/1/8833 4466/1/8833 4465/1/8833
f 4453/1/8834 4454/1/8834 4466/1/8834
f 4454/1/8835 4467/1/8835 4466/1/8835
f 4454/1/8836 4455/1/8836 4467/1/8836
f 4455/1/8837 4468/1/8837 4467/1/8837
f 4455/1/8838 4456/1/8838 4468/1/8838
f 4456/1/8839 4469/1/8839 4468/1/8839
f 4456/1/8840 4457/1/8840 4469/1/8840
f 4457/1/8841 4470/1/8841 4469/1/8841
f 4457/1/8842 4458/1/8842 4470/1/8842
f 4458/1/8843 4471/1/8843 4470/1/8843
f 4458/1/8844 4459/1/8844 4471/1/8844
f 4459/1/8845 4472/1/8845 4471/1/8845
f 4459/1/8846 4460/1/8846 4472/1/8846
f 4460/1/8847 4473/1/8847 4472/1/8847
f 4460/1/8848 4461/1/8848 4473/1/8848
f 4461/1/8849 4474/1/8849 4473/1/8849
f 4461/1/8850 4462/1/8850 4474/1/8850
f 4462/1/8851 4475/1/8851 4474/1/8851
f 4462/1/8852 4463/1/8852 4475/1/8852
f 4463/1/8853 4476/1/8853 4475/1/8853
f 4463/1/8854 4464/1/8854 4476/1/8854
f 4464/1/8855 4465/1/8855 4476/1/8855
f 4464/1/8856 4453/1/8856 4465/1/8856
f 4465/1/8857 4478/1/8857 4477/1/8857
f 4465/1/8858 4466/1/8858 4478/1/8858
f 4466/1/8859 4479/1/8859 4478/1/8859
f 4466/1/8860 4467/1/8860 4479/1/8860
f 4467/1/8861 4480/1/8861 4479/1/8861
f 4467/1/8862 4468/1/8862 4480/1/8862
f 4468/1/8863 4481/1/8863 4480/1/8863
f 4468/1/8864 4469/1/8864 4481/1/8864
f 4469/1/8865 4482/1/8865 4481/1/8865
f 4469/1/8866 4470/1/8866 4482/1/8866
f 4470/1/8867 4483/1/8867 4482/1/8867
f 4470/1/8868 4471/1/8868 4483/1/8868
f 4471/1/8869 4484/1/8869 4483/1/8869
f 4471/1/8870 4472/1/8870 4484/1/8870
f 4472/1/8871 4485/1/8871 4484/1/8871
f 4472/1/8872 4473/1/8872 4485/1/8872
f 4473/1/8873 4486/1/8873 4485/1/8873
f 4473/1/8874 4474/1/8874 4486/1/8874
f 4474/1/8875 4487/1/8875 4486/1/8875
f 4474/1/8876 4475/1/8876 4487/1/8876
f 4475/1/8877 4488/1/8877 4487/1/8877
f 4475/1/8878 4476/1/8878 4488/1/8878
f 4476/1/8879 4477/1/8879 4488/1/8879
f 4476/1/8880 4465/1/8880 4477/1/8880
f 4489/1/8881 4454/1/8881 4453/1/8881
f 4489/1/8882 4455/1/8882 4454/1/8882
f 4489/1/8883 4456/1/8883 4455/1/8883
f 4489/1/8884 4457/1/8884 4456/1/8884
f 4489/1/8885 4458/1/8885 4457/1/8885
f 4489/1/8886 4459/1/8886 4458/1/8886
f 4489/1/8887 4460/1/8887 4459/1/8887
f 4489/1/8888 4461/1/8888 4460/1/8888
f 4489/1/8889 4462/1/8889 4461/1/8889
f 4489/1/8890 4463/1/8890 4462/1/8890
f 4489/1/8891 4464/1/8891 4463/1/8891
f 4489/1/8892 4453/1/8892 4464/1/8892
f 4490/1/8893 4477/1/8893 4478/1/8893
f 4490/1/8894 4478/1/8894 4479/1/8894
f 4490/1/8895 4479/1/8895 4480/1/8895
f 4490/1/8896 4480/1/8896 4481/1/8896
f 4490/1/8897 4481/1/8897 4482/1/8897
f 4490/1/8898 4482/1/8898 4483/1/8898
f 4490/1/8899 4483/1/8899 4484/1/8899
f 4490/1/8900 4484/1/8900 4485/1/8900
f 4490/1/8901 4485/1/8901 4486/1/8901
f 4490/1/8902 4486/1/8902 4487/1/8902
f 4490/1/8903 4487/1/8903 4488/1/8903
f 4490/1/8904 4488/1/8904 4477/1/8904
f 4491/1/8905 4504/1/8905 4503/1/8905
f 4491/1/8906 4492/1/8906 4504/1/8906
f 4492/1/8907 4505/1/8907 4504/1/8907
f 4492/1/8908 4493/1/8908 4505/1/8908
f 4493/1/8909 4506/1/8909 4505/1/8909
f 4493/1/8910 4494/1/8910 4506/1/8910
f 4494/1/8911 4507/1/8911 4506/1/8911
f 4494/1/8912 4495/1/8912 4507/1/8912
f 4495/1/8913 4508/1/8913 4507/1/8913
f 4495/1/8914 4496/1/8914 4508/1/8914
f 4496/1/8915 4509/1/8915 4508/1/8915
f 4496/1/8916 4497/1/8916 4509/1/8916
f 4497/1/8917 4510/1/8917 4509/1/8917
f 4497/1/8918 4498/1/8918 4510/1/8918
f 4498/1/8919 4511/1/8919 4510/1/8919
f 4498/1/8920 4499/1/8920 4511/1/8920
f 4499/1/8921 4512/1/8921 4511/1/8921
f 4499/1/8922 4500/1/8922 4512/1/8922
f 4500/1/8923 4513/1/8923 4512/1/8923
f 4500/1/8924 4501/1/8924 4513/1/8924
f 4501/1/8925 4514/1/8925 4513/1/8925
f 4501/1/8926 4502/1/8926 4514/1/8926
f 4502/1/8927 4503/1/8927 4514/1/8927
f 4502/1/8928 4491/1/8928 4503/1/8928
f 4515/1/8929 4492/1/8929 4491/1/8929
f 4515/1/8930 4493/1/8930 4492/1/8930
f 4515/1/8931 4494/1/8931 4493/1/8931
f 4515/1/8932 4495/1/8932 4494/1/8932
f 4515/1/8933 4496/1/8933 4495/1/8933
f 4515/1/8934 4497/1/8934 4496/1/8934
f 4515/1/8935 4498/1/8935 4497/1/8935
f 4515/1/8936 4499/1/8936 4498/1/8936
f 4515/1/8937 4500/1/8937 4499/1/8937
f 4515/1/8938 4501/1/8938 4500/1/8938
f 4515/1/8939 4502/1/8939 4501/1/8939
f 4515/1/8940 4491/1/8940 4502/1/8940
f 4516/1/8941 4503/1/8941 4504/1/8941
f 4516/1/8942 4504/1/8942 4505/1/8942
f 4516/1/8943 4505/1/8943 4506/1/8943
f 4516/1/8944 4506/1/8944 4507/1/8944
f 4516/1/8945 4507/1/8945 4508/1/8945
f 4516/1/8946 4508/1/8946 4509/1/8946
f 4516/1/8947 4509/1/8947 4510/1/8947
f 4516/1/8948 4510/1/8948 4511/1/8948
f 4516/1/8949 4511/1/8949 4512/1/8949
f 4516/1/8950 4512/1/8950 4513/1/8950
f 4516/1/8951 4513/1/8951 4514/1/8951
f 4516/1/8952 4514/1/8952 4503/1/8952
f 4517/1/8953 4530/1/8953 4529/1/8953
f 4517/1/8954 4518/1/8954 4530/1/8954
f 4518/1/8955 4531/1/8955 4530/1/8955
f 4518/1/8956 4519/1/8956 4531/1/8956
f 4519/1/8957 4532/1/8957 4531/1/8957
f 4519/1/8958 4520/1/8958 4532/1/8958
f 4520/1/8959 4533/1/8959 4532/1/8959
f 4520/1/8960 4521/1/8960 4533/1/8960
f 4521/1/8961 4534/1/8961 4533/1/8961
f 4521/1/8962 4522/1/8962 4534/1/8962
f 4522/1/8963 4535/1/8963 4534/1/8963
f 4522/1/8964 4523/1/8964 4535/1/8964
f 4523/1/8965 4536/1/8965 4535/1/8965
f 4523/1/8966 4524/1/8966 4536/1/8966
f 4524/1/8967 4537/1/8967 4536/1/8967
f 4524/1/8968 4525/1/8968 4537/1/8968
f 4525/1/8969 4538/1/8969 4537/1/8969
f 4525/1/8970 4526/1/8970 4538/1/8970
f 4526/1/8971 4539/1/8971 4538/1/8971
f 4526/1/8972 4527/1/8972 4539/1/8972
f 4527/1/8973 4540/1/8973 4539/1/8973
f 4527/1/8974 4528/1/8974 4540/1/8974
f 4528/1/8975 4529/1/8975 4540/1/8975
f 4528/1/8976 4517/1/8976 4529/1/8976
f 4529/1/8977 4542/1/8977 4541/1/8977
f 4529/1/8978 4530/1/8978 4542/1/8978
f 4530/1/8979 4543/1/8979 4542/1/8979
f 4530/1/8980 4531/1/8980 4543/1/8980
f 4531/1/8981 4544/1/8981 4543/1/8981
f 4531/1/8982 4532/1/8982 4544/1/8982
f 4532/1/8983 4545/1/8983 4544/1/8983
f 4532/1/8984 4533/1/8984 4545/1/8984
f 4533/1/8985 4546/1/8985 4545/1/8985
f 4533/1/8986 4534/1/8986 4546/1/8986
f 4534/1/8987 4547/1/8987 4546/1/8987
f 4534/1/8988 4535/1/8988 4547/1/8988
f 4535/1/8989 4548/1/8989 4547/1/8989
f 4535/1/8990 4536/1/8990 4548/1/8990
f 4536/1/8991 4549/1/8991 4548/1/8991
f 4536/1/8992 4537/1/8992 4549/1/8992
f 4537/1/8993 4550/1/8993 4549/1/8993
f 4537/1/8994 4538/1/8994 4550/1/8994
f 4538/1/8995 4551/1/8995 4550/1/8995
f 4538/1/8996 4539/1/8996 4551/1/8996
f 4539/1/8997 4552/1/8997 4551/1/8997
f 4539/1/8998 4540/1/8998 4552/1/8998
f 4540/1/8999 4541/1/8999 4552/1/8999
f 4540/1/9000 4529/1/9000 4541/1/9000
f 4541/1/9001 4554/1/9001 4553/1/9001
f 4541/1/9002 4542/1/9002 4554/1/9002
f 4542/1/9003 4555/1/9003 4554/1/9003
f 4542/1/9004 4543/1/9004 4555/1/9004
f 4543/1/9005 4556/1/9005 4555/1/9005
f 4543/1/9006 4544/1/9006 4556/1/9006
f 4544/1/9007 4557/1/9007 4556/1/9007
f 4544/1/9008 4545/1/9008 4557/1/9008
f 4545/1/9009 4558/1/9009 4557/1/9009
f 4545/1/9010 4546/1/9010 4558/1/9010
f 4546/1/9011 4559/1/9011 4558/1/9011
f 4546/1/9012 4547/1/9012 4559/1/9012
f 4547/1/9013 4560/1/9013 4559/1/9013
f 4547/1/9014 4548/1/9014 4560/1/9014
f 4548/1/9015 4561/1/9015 4560/1/9015
f 4548/1/9016 4549/1/9016 4561/1/9016
f 4549/1/9017 4562/1/9017 4561/1/9017
f 4549/1/9018 4550/1/9018 4562/1/9018
f 4550/1/9019 4563/1/9019 4562/1/9019
f 4550/1/9020 4551/1/9020 4563/1/9020
f 4551/1/9021 4564/1/9021 4563/1/9021
f 4551/1/9022 4552/1/9022 4564/1/9022
f 4552/1/9023 4553/1/9023 4564/1/9023
f 4552/1/9024 4541/1/9024 4553/1/9024
f 4553/1/9025 4566/1/9025 4565/1/9025
f 4553/1/9026 4554/1/9026 4566/1/9026
f 4554/1/9027 4567/1/9027 4566/1/9027
f 4554/1/9028 4555/1/9028 4567/1/9028
f 4555/1/9029 4568/1/9029 4567/1/9029
f 4555/1/9030 4556/1/9030 4568/1/9030
f 4556/1/9031 4569/1/9031 4568/1/9031
f 4556/1/9032 4557/1/9032 4569/1/9032
f 4557/1/9033 4570/1/9033 4569/1/9033
f 4557/1/9034 4558/1/9034 4570/1/9034
f 4558/1/9035 4571/1/9035 4570/1/9035
f 4558/1/9036 4559/1/9036 4571/1/9036
f 4559/1/9037 4572/1/9037 4571/1/9037
f 4559/1/9038 4560/1/9038 4572/1/9038
f 4560/1/9039 4573/1/9039 4572/1/9039
f 4560/1/9040 4561/1/9040 4573/1/9040
f 4561/1/9041 4574/1/9041 4573/1/9041
f 4561/1/9042 4562/1/9042 4574/1/9042
f 4562/1/9043 4575/1/9043 4574/1/9043
f 4562/1/9044 4563/1/9044 4575/1/9044
f 4563/1/9045 4576/1/9045 4575/1/9045
f 4563/1/9046 4564/1/9046 4576/1/9046
f 4564/1/9047 4565/1/9047 4576/1/9047
f 4564/1/9048 4553/1/9048 4565/1/9048
f 4565/1/9049 4578/1/9049 4577/1/9049
f 4565/1/9050 4566/1/9050 4578/1/9050
f 4566/1/9051 4579/1/9051 4578/1/9051
f 4566/1/9052 4567/1/9052 4579/1/9052
f 4567/1/9053 4580/1/9053 4579/1/9053
f 4567/1/9054 4568/1/9054 4580/1/9054
f 4568/1/9055 4581/1/9055 4580/1/9055
f 4568/1/9056 4569/1/9056 4581/1/9056
f 4569/1/9057 4582/1/9057 4581/1/9057
f 4569/1/9058 4570/1/9058 4582/1/9058
f 4570/1/9059 4583/1/9059 4582/1/9059
f 4570/1/9060 4571/1/9060 4583/1/9060
f 4571/1/9061 4584/1/9061 4583/1/9061
f 4571/1/9062 4572/1/9062 4584/1/9062
f 4572/1/9063 4585/1/9063 4584/1/9063
f 4572/1/9064 4573/1/9064 4585/1/9064
f 4573/1/9065 4586/1/9065 4585/1/9065
f 4573/1/9066 4574/1/9066 4586/1/9066
f 4574/1/9067 4587/1/9067 4586/1/9067
f 4574/1/9068 4575/1/9068 4587/1/9068
f 4575/1/9069 4588/1/9069 4587/1/9069
f 4575/1/9070 4576/1/9070 4588/1/9070
f 4576/1/9071 4577/1/9071 4588/1/9071
f 4576/1/9072 4565/1/9072 4577/1/9072
f 4577/1/9073 4590/1/9073 4589/1/9073
f 4577/1/9074 4578/1/9074 4590/1/9074
f 4578/1/9075 4591/1/9075 4590/1/9075
f 4578/1/9076 4579/1/9076 4591/1/9076
f 4579/1/9077 4592/1/9077 4591/1/9077
f 4579/1/9078 4580/1/9078 4592/1/9078
f 4580/1/9079 4593/1/9079 4592/1/9079
f 4580/1/9080 4581/1/9080 4593/1/9080
f 4581/1/9081 4594/1/9081 4593/1/9081
f 4581/1/9082 4582/1/9082 4594/1/9082
f 4582/1/9083 4595/1/9083 4594/1/9083
f 4582/1/9084 4583/1/9084 4595/1/9084
f 4583/1/9085 4596/1/9085 4595/1/9085
f 4583/1/9086 4584/1/9086 4596/1/9086
f 4584/1/9087 4597/1/9087 4596/1/9087
f 4584/1/9088 4585/1/9088 4597/1/9088
f 4585/1/9089 4598/1/9089 4597/1/9089
f 4585/1/9090 4586/1/9090 4598/1/9090
f 4586/1/9091 4599/1/9091 4598/1/9091
f 4586/1/9092 4587/1/9092 4599/1/9092
f 4587/1/9093 4600/1/9093 4599/1/9093
f 4587/1/9094 4588/1/9094 4600/1/9094
f 4588/1/9095 4589/1/9095 4600/1/9095
f 4588/1/9096 4577/1/9096 4589/1/9096
f 4589/1/9097 4602/1/9097 4601/1/9097
f 4589/1/9098 4590/1/9098 4602/1/9098
f 4590/1/9099 4603/1/9099 4602/1/9099
f 4590/1/9100 4591/1/9100 4603/1/9100
f 4591/1/9101 4604/1/9101 4603/1/9101
f 4591/1/9102 4592/1/9102 4604/1/9102
f 4592/1/9103 4605/1/9103 4604/1/9103
f 4592/1/9104 4593/1/9104 4605/1/9104
f 4593/1/9105 4606/1/9105 4605/1/9105
f 4593/1/9106 4594/1/9106 4606/1/9106
f 4594/1/9107 4607/1/9107 4606/1/9107
f 4594/1/9108 4595/1/9108 4607/1/9108
f 4595/1/9109 4608/1/9109 4607/1/9109
f 4595/1/9110 4596/1/9110 4608/1/9110
f 4596/1/9111 4609/1/9111 4608/1/9111
f 4596/1/9112 4597/1/9112 4609/1/9112
f 4597/1/9113 4610/1/9113 4609/1/9113
f 4597/1/9114 4598/1/9114 4610/1/9114
f 4598/1/9115 4611/1/9115 4610/1/9115
f 4598/1/9116 4599/1/9116 4611/1/9116
f 4599/1/9117 4612/1/9117 4611/1/9117
f 4599/1/9118 4600/1/9118 4612/1/9118
f 4600/1/9119 4601/1/9119 4612/1/9119
f 4600/1/9120 4589/1/9120 4601/1/9120
f 4601/1/9121 4614/1/9121 4613/1/9121
f 4601/1/9122 4602/1/9122 4614/1/9122
f 4602/1/9123 4615/1/9123 4614/1/9123
f 4602/1/9124 4603/1/9124 4615/1/9124
f 4603/1/9125 4616/1/9125 4615/1/9125
f 4603/1/9126 4604/1/9126 4616/1/9126
f 4604/1/9127 4617/1/9127 4616/1/9127
f 4604/1/9128 4605/1/9128 4617/1/9128
f 4605/1/9129 4618/1/9129 4617/1/9129
f 4605/1/9130 4606/1/9130 4618/1/9130
f 4606/1/9131 4619/1/9131 4618/1/9131
f 4606/1/9132 4607/1/9132 4619/1/9132
f 4607/1/9133 4620/1/9133 4619/1/9133
f 4607/1/9134 4608/1/9134 4620/1/9134
f 4608/1/9135 4621/1/9135 4620/1/9135
f 4608/1/9136 4609/1/9136 4621/1/9136
f 4609/1/9137 4622/1/9137 4621/1/9137
f 4609/1/9138 4610/1/9138 4622/1/9138
f 4610/1/9139 4623/1/9139 4622/1/9139
f 4610/1/9140 4611/1/9140 4623/1/9140
f 4611/1/9141 4624/1/9141 4623/1/9141
f 4611/1/9142 4612/1/9142 4624/1/9142
f 4612/1/9143 4613/1/9143 4624/1/9143
f 4612/1/9144 4601/1/9144 4613/1/9144
f 4613/1/9145 4626/1/9145 4625/1/9145
f 4613/1/9146 4614/1/9146 4626/1/9146
f 4614/1/9147 4627/1/9147 4626/1/9147
f 4614/1/9148 4615/1/9148 4627/1/9148
f 4615/1/9149 4628/1/9149 4627/1/9149
f 4615/1/9150 4616/1/9150 4628/1/9150
f 4616/1/9151 4629/1/9151 4628/1/9151
f 4616/1/9152 4617/1/9152 4629/1/9152
f 4617/1/9153 4630/1/9153 4629/1/9153
f 4617/1/9154 4618/1/9154 4630/1/9154
f 4618/1/9155 4631/1/9155 4630/1/9155
f 4618/1/9156 4619/1/9156 4631/1/9156
f 4619/1/9157 4632/1/9157 4631/1/9157
f 4619/1/9158 4620/1/9158 4632/1/9158
f 4620/1/9159 4633/1/9159 4632/1/9159
f 4620/1/9160 4621/1/9160 4633/1/9160
f 4621/1/9161 4634/1/9161 4633/1/9161
f 4621/1/9162 4622/1/9162 4634/1/9162
f 4622/1/9163 4635/1/9163 4634/1/9163
f 4622/1/9164 4623/1/9164 4635/1/9164
f 4623/1/9165 4636/1/9165 4635/1/9165
f 4623/1/9166 4624/1/9166 4636/1/9166
f 4624/1/9167 4625/1/9167 4636/1/9167
f 4624/1/9168 4613/1/9168 4625/1/9168
f 4637/1/9169 4518/1/9169 4517/1/9169
f 4637/1/9170 4519/1/9170 4518/1/9170
f 4637/1/9171 4520/1/9171 4519/1/9171
f 4637/1/9172 4521/1/9172 4520/1/9172
f 4637/1/9173 4522/1/9173 4521/1/9173
f 4637/1/9174 4523/1/9174 4522/1/9174
f 4637/1/9175 4524/1/9175 4523/1/9175
f 4637/1/9176 4525/1/9176 4524/1/9176
f 4637/1/9177 4526/1/9177 4525/1/9177
f 4637/1/9178 4527/1/9178 4526/1/9178
f 4637/1/9179 4528/1/9179 4527/1/9179
f 4637/1/9180 4517/1/9180 4528/1/9180
f 4638/1/9181 4625/1/9181 4626/1/9181
f 4638/1/9182 4626/1/9182 4627/1/9182
f 4638/1/9183 4627/1/9183 4628/1/9183
f 4638/1/9184 4628/1/9184 4629/1/9184
f 4638/1/9185 4629/1/9185 4630/1/9185
f 4638/1/9186 4630/1/9186 4631/1/9186
f 4638/1/9187 4631/1/9187 4632/1/9187
f 4638/1/9188 4632/1/9188 4633/1/9188
f 4638/1/9189 4633/1/9189 4634/1/9189
f 4638/1/9190 4634/1/9190 4635/1/9190
f 4638/1/9191 4635/1/9191 4636/1/9191
f 4638/1/9192 4636/1/9192 4625/1/9192
f 4639/1/9193 4652/1/9193 4651/1/9193
f 4639/1/9194 4640/1/9194 4652/1/9194
f 4640/1/9195 4653/1/9195 4652/1/9195
f 4640/1/9196 4641/1/9196 4653/1/9196
f 4641/1/9197 4654/1/9197 4653/1/9197
f 4641/1/9198 4642/1/9198 4654/1/9198
f 4642/1/9199 4655/1/9199 4654/1/9199
f 4642/1/9200 4643/1/9200 4655/1/9200
f 4643/1/9201 4656/1/9201 4655/1/9201
f 4643/1/9202 4644/1/9202 4656/1/9202
f 4644/1/9203 4657/1/9203 4656/1/9203
f 4644/1/9204 4645/1/9204 4657/1/9204
f 4645/1/9205 4658/1/9205 4657/1/9205
f 4645/1/9206 4646/1/9206 4658/1/9206
f 4646/1/9207 4659/1/9207 4658/1/9207
f 4646/1/9208 4647/1/9208 4659/1/9208
f 4647/1/9209 4660/1/9209 4659/1/9209
f 4647/1/9210 4648/1/9210 4660/1/9210
f 4648/1/9211 4661/1/9211 4660/1/9211
f 4648/1/9212 4649/1/9212 4661/1/9212
f 4649/1/9213 4662/1/9213 4661/1/9213
f 4649/1/9214 4650/1/9214 4662/1/9214
f 4650/1/9215 4651/1/9215 4662/1/9215
f 4650/1/9216 4639/1/9216 4651/1/9216
f 4651/1/9217 4664/1/9217 4663/1/9217
f 4651/1/9218 4652/1/9218 4664/1/9218
f 4652/1/9219 4665/1/9219 4664/1/9219
f 4652/1/9220 4653/1/9220 4665/1/9220
f 4653/1/9221 4666/1/9221 4665/1/9221
f 4653/1/9222 4654/1/9222 4666/1/9222
f 4654/1/9223 4667/1/9223 4666/1/9223
f 4654/1/9224 4655/1/9224 4667/1/9224
f 4655/1/9225 4668/1/9225 4667/1/9225
f 4655/1/9226 4656/1/9226 4668/1/9226
f 4656/1/9227 4669/1/9227 4668/1/9227
f 4656/1/9228 4657/1/9228 4669/1/9228
f 4657/1/9229 4670/1/9229 4669/1/9229
f 4657/1/9230 4658/1/9230 4670/1/9230
f 4658/1/9231 4671/1/9231 4670/1/9231
f 4658/1/9232 4659/1/9232 4671/1/9232
f 4659/1/9233 4672/1/9233 4671/1/9233
f 4659/1/9234 4660/1/9234 4672/1/9234
f 4660/1/9235 4673/1/9235 4672/1/9235
f 4660/1/9236 4661/1/9236 4673/1/9236
f 4661/1/9237 4674/1/9237 4673/1/9237
f 4661/1/9238 4662/1/9238 4674/1/9238
f 4662/1/9239 4663/1/9239 4674/1/9239
f 4662/1/9240 4651/1/9240 4663/1/9240
f 4663/1/9241 4676/1/9241 4675/1/9241
f 4663/1/9242 4664/1/9242 4676/1/9242
f 4664/1/9243 4677/1/9243 4676/1/9243
f 4664/1/9244 4665/1/9244 4677/1/9244
f 4665/1/9245 4678/1/9245 4677/1/9245
f 4665/1/9246 4666/1/9246 4678/1/9246
f 4666/1/9247 4679/1/9247 4678/1/9247
f 4666/1/9248 4667/1/9248 4679/1/9248
f 4667/1/9249 4680/1/9249 4679/1/9249
f 4667/1/9250 4668/1/9250 4680/1/9250
f 4668/1/9251 4681/1/9251 4680/1/9251
f 4668/1/9252 4669/1/9252 4681/1/9252
f 4669/1/9253 4682/1/9253 4681/1/9253
f 4669/1/9254 4670/1/9254 4682/1/9254
f 4670/1/9255 4683/1/9255 4682/1/9255
f 4670/1/9256 4671/1/9256 4683/1/9256
f 4671/1/9257 4684/1/9257 4683/1/9257
f 4671/1/9258 4672/1/9258 4684/1/9258
f 4672/1/9259 4685/1/9259 4684/1/9259
f 4672/1/9260 4673/1/9260 4685/1/9260
f 4673/1/9261 4686/1/9261 4685/1/9261
f 4673/1/9262 4674/1/9262 4686/1/9262
f 4674/1/9263 4675/1/9263 4686/1/9263
f 4674/1/9264 4663/1/9264 4675/1/9264
f 4675/1/9265 4688/1/9265 4687/1/9265
f 4675/1/9266 4676/1/9266 4688/1/9266
f 4676/1/9267 4689/1/9267 4688/1/9267
f 4676/1/9268 4677/1/9268 4689/1/9268
f 4677/1/9269 4690/1/9269 4689/1/9269
f 4677/1/9270 4678/1/9270 4690/1/9270
f 4678/1/9271 4691/1/9271 4690/1/9271
f 4678/1/9272 4679/1/9272 4691/1/9272
f 4679/1/9273 4692/1/9273 4691/1/9273
f 4679/1/9274 4680/1/9274 4692/1/9274
f 4680/1/9275 4693/1/9275 4692/1/9275
f 4680/1/9276 4681/1/9276 4693/1/9276
f 4681/1/9277 4694/1/9277 4693/1/9277
f 4681/1/9278 4682/1/9278 4694/1/9278
f 4682/1/9279 4695/1/9279 4694/1/9279
f 4682/1/9280 4683/1/9280 4695/1/9280
f 4683/1/9281 4696/1/9281 4695/1/9281
f 4683/1/9282 4684/1/9282 4696/1/9282
f 4684/1/9283 4697/1/9283 4696/1/9283
f 4684/1/9284 4685/1/9284 4697/1/9284
f 4685/1/9285 4698/1/9285 4697/1/9285
f 4685/1/9286 4686/1/9286 4698/1/9286
f 4686/1/9287 4687/1/9287 4698/1/9287
f 4686/1/9288 4675/1/9288 4687/1/9288
f 4687/1/9289 4700/1/9289 4699/1/9289
f 4687/1/9290 4688/1/9290 4700/1/9290
f 4688/1/9291 4701/1/9291 4700/1/9291
f 4688/1/9292 4689/1/9292 4701/1/9292
f 4689/1/9293 4702/1/9293 4701/1/9293
f 4689/1/9294 4690/1/9294 4702/1/9294
f 4690/1/9295 4703/1/9295 4702/1/9295
f 4690/1/9296 4691/1/9296 4703/1/9296
f 4691/1/9297 4704/1/9297 4703/1/9297
f 4691/1/9298 4692/1/9298 4704/1/9298
f 4692/1/9299 4705/1/9299 4704/1/9299
f 4692/1/9300 4693/1/9300 4705/1/9300
f 4693/1/9301 4706/1/9301 4705/1/9301
f 4693/1/9302 4694/1/9302 4706/1/9302
f 4694/1/9303 4707/1/9303 4706/1/9303
f 4694/1/9304 4695/1/9304 4707/1/9304
f 4695/1/9305 4708/1/9305 4707/1/9305
f 4695/1/9306 4696/1/9306 4708/1/9306
f 4696/1/9307 4709/1/9307 4708/1/9307
f 4696/1/9308 4697/1/9308 4709/1/9308
f 4697/1/9309 4710/1/9309 4709/1/9309
f 4697/1/9310 4698/1/9310 4710/1/9310
f 4698/1/9311 4699/1/9311 4710/1/9311
f 4698/1/9312 4687/1/9312 4699/1/9312
f 4699/1/9313 4712/1/9313 4711/1/9313
f 4699/1/9314 4700/1/9314 4712/1/9314
f 4700/1/9315 4713/1/9315 4712/1/9315
f 4700/1/9316 4701/1/9316 4713/1/9316
f 4701/1/9317 4714/1/9317 4713/1/9317
f 4701/1/9318 4702/1/9318 4714/1/9318
f 4702/1/9319 4715/1/9319 4714/1/9319
f 4702/1/9320 4703/1/9320 4715/1/9320
f 4703/1/9321 4716/1/9321 4715/1/9321
f 4703/1/9322 4704/1/9322 4716/1/9322
f 4704/1/9323 4717/1/9323 4716/1/9323
f 4704/1/9324 4705/1/9324 4717/1/9324
f 4705/1/9325 4718/1/9325 4717/1/9325
f 4705/1/9326 4706/1/9326 4718/1/9326
f 4706/1/9327 4719/1/9327 4718/1/9327
f 4706/1/9328 4707/1/9328 4719/1/9328
f 4707/1/9329 4720/1/9329 4719/1/9329
f 4707/1/9330 4708/1/9330 4720/1/9330
f 4708/1/9331 4721/1/9331 4720/1/9331
f 4708/1/9332 4709/1/9332 4721/1/9332
f 4709/1/9333 4722/1/9333 4721/1/9333
f 4709/1/9334 4710/1/9334 4722/1/9334
f 4710/1/9335 4711/1/9335 4722/1/9335
f 4710/1/9336 4699/1/9336 4711/1/9336
f 4711/1/9337 4724/1/9337 4723/1/9337
f 4711/1/9338 4712/1/9338 4724/1/9338
f 4712/1/9339 4725/1/9339 4724/1/9339
f 4712/1/9340 4713/1/9340 4725/1/9340
f 4713/1/9341 4726/1/9341 4725/1/9341
f 4713/1/9342 4714/1/9342 4726/1/9342
f 4714/1/9343 4727/1/9343 4726/1/9343
f 4714/1/9344 4715/1/9344 4727/1/9344
f 4715/1/9345 4728/1/9345 4727/1/9345
f 4715/1/9346 4716/1/9346 4728/1/9346
f 4716/1/9347 4729/1/9347 4728/1/9347
f 4716/1/9348 4717/1/9348 4729/1/9348
f 4717/1/9349 4730/1/9349 4729/1/9349
f 4717/1/9350 4718/1/9350 4730/1/9350
f 4718/1/9351 4731/1/9351 4730/1/9351
f 4718/1/9352 4719/1/9352 4731/1/9352
f 4719/1/9353 4732/1/9353 4731/1/9353
f 4719/1/9354 4720/1/9354 4732/1/9354
f 4720/1/9355 4733/1/9355 4732/1/9355
f 4720/1/9356 4721/1/9356 4733/1/9356
f 4721/1/9357 4734/1/9357 4733/1/9357
f 4721/1/9358 4722/1/9358 4734/1/9358
f 4722/1/9359 4723/1/9359 4734/1/9359
f 4722/1/9360 4711/1/9360 4723/1/9360
f 4735/1/9361 4640/1/9361 4639/1/9361
f 4735/1/9362 4641/1/9362 4640/1/9362
f 4735/1/9363 4642/1/9363 4641/1/9363
f 4735/1/9364 4643/1/9364 4642/1/9364
f 4735/1/9365 4644/1/9365 4643/1/9365
f 4735/1/9366 4645/1/9366 4644/1/9366
f 4735/1/9367 4646/1/9367 4645/1/9367
f 4735/1/9368 4647/1/9368 4646/1/9368
f 4735/1/9369 4648/1/9369 4647/1/9369
f 4735/1/9370 4649/1/9370 4648/1/9370
f 4735/1/9371 4650/1/9371 4649/1/9371
f 4735/1/9372 4639/1/9372 4650/1/9372
f 4736/1/9373 4723/1/9373 4724/1/9373
f 4736/1/9374 4724/1/9374 4725/1/9374
f 4736/1/9375 4725/1/9375 4726/1/9375
f 4736/1/9376 4726/1/9376 4727/1/9376
f 4736/1/9377 4727/1/9377 4728/1/9377
f 4736/1/9378 4728/1/9378 4729/1/9378
f 4736/1/9379 4729/1/9379 4730/1/9379
f 4736/1/9380 4730/1/9380 4731/1/9380
f 4736/1/9381 4731/1/9381 4732/1/9381
f 4736/1/9382 4732/1/9382 4733/1/9382
f 4736/1/9383 4733/1/9383 4734/1/9383
f 4736/1/9384 4734/1/9384 4723/1/9384
f 4737/1/9385 4746/1/9385 4745/1/9385
f 4737/1/9386 4738/1/9386 4746/1/9386
f 4738/1/9387 4747/1/9387 4746/1/9387
f 4738/1/9388 4739/1/9388 4747/1/9388
f 4739/1/9389 4748/1/9389 4747/1/9389
f 4739/1/9390 4740/1/9390 4748/1/9390
f 4740/1/9391 4749/1/9391 4748/1/9391
f 4740/1/9392 4741/1/9392 4749/1/9392
f 4741/1/9393 4750/1/9393 4749/1/9393
f 4741/1/9394 4742/1/9394 4750/1/9394
f 4742/1/9395 4751/1/9395 4750/1/9395
f 4742/1/9396 4743/1/9396 4751/1/9396
f 4743/1/9397 4752/1/9397 4751/1/9397
f 4743/1/9398 4744/1/9398 4752/1/9398
f 4744/1/9399 4745/1/9399 4752/1/9399
f 4744/1/9400 4737/1/9400 4745/1/9400
f 4753/1/9401 4738/1/9401 4737/1/9401
f 4753/1/9402 4739/1/9402 4738/1/9402
f 4753/1/9403 4740/1/9403 4739/1/9403
f 4753/1/9404 4741/1/9404 4740/1/9404
f 4753/1/9405 4742/1/9405 4741/1/9405
f 4753/1/9406 4743/1/9406 4742/1/9406
f 4753/1/9407 4744/1/9407 4743/1/9407
f 4753/1/9408 4737/1/9408 4744/1/9408
f 4754/1/9409 4745/1/9409 4746/1/9409
f 4754/1/9410 4746/1/9410 4747/1/9410
f 4754/1/9411 4747/1/9411 4748/1/9411
f 4754/1/9412 4748/1/9412 4749/1/9412
f 4754/1/9413 4749/1/9413 4750/1/9413
f 4754/1/9414 4750/1/9414 4751/1/9414
f 4754/1/9415 4751/1/9415 4752/1/9415
f 4754/1/9416 4752/1/9416 4745/1/9416
f 4755/1/9417 4764/1/9417 4763/1/9417
f 4755/1/9418 4756/1/9418 4764/1/9418
f 4756/1/9419 4765/1/9419 4764/1/9419
f 4756/1/9420 4757/1/9420 4765/1/9420
f 4757/1/9421 4766/1/9421 4765/1/9421
f 4757/1/9422 4758/1/9422 4766/1/9422
f 4758/1/9423 4767/1/9423 4766/1/9423
f 4758/1/9424 4759/1/9424 4767/1/9424
f 4759/1/9425 4768/1/9425 4767/1/9425
f 4759/1/9426 4760/1/9426 4768/1/9426
f 4760/1/9427 4769/1/9427 4768/1/9427
f 4760/1/9428 4761/1/9428 4769/1/9428
f 4761/1/9429 4770/1/9429 4769/1/9429
f 4761/1/9430 4762/1/9430 4770/1/9430
f 4762/1/9431 4763/1/9431 4770/1/9431
f 4762/1/9432 4755/1/9432 4763/1/9432
f 4771/1/9433 4756/1/9433 4755/1/9433
f 4771/1/9434 4757/1/9434 4756/1/9434
f 4771/1/9435 4758/1/9435 4757/1/9435
f 4771/1/9436 4759/1/9436 4758/1/9436
f 4771/1/9437 4760/1/9437 4759/1/9437
f 4771/1/9438 4761/1/9438 4760/1/9438
f 4771/1/9439 4762/1/9439 4761/1/9439
f 4771/1/9440 4755/1/9440 4762/1/9440
f 4772/1/9441 4763/1/9441 4764/1/9441
f 4772/1/9442 4764/1/9442 4765/1/9442
f 4772/1/9443 4765/1/9443 4766/1/9443
f 4772/1/9444 4766/1/9444 4767/1/9444
f 4772/1/9445 4767/1/9445 4768/1/9445
f 4772/1/9446 4768/1/9446 4769/1/9446
f 4772/1/9447 4769/1/9447 4770/1/9447
f 4772/1/9448 4770/1/9448 4763/1/9448
f 4773/1/9449 4782/1/9449 4781/1/9449
f 4773/1/9450 4774/1/9450 4782/1/9450
f 4774/1/9451 4783/1/9451 4782/1/9451
f 4774/1/9452 4775/1/9452 4783/1/9452
f 4775/1/9453 4784/1/9453 4783/1/9453
f 4775/1/9454 4776/1/9454 4784/1/9454
f 4776/1/9455 4785/1/9455 4784/1/9455
f 4776/1/9456 4777/1/9456 4785/1/9456
f 4777/1/9457 4786/1/9457 4785/1/9457
f 4777/1/9458 4778/1/9458 4786/1/9458
f 4778/1/9459 4787/1/9459 4786/1/9459
f 4778/1/9460 4779/1/9460 4787/1/9460
f 4779/1/9461 4788/1/9461 4787/1/9461
f 4779/1/9462 4780/1/9462 4788/1/9462
f 4780/1/9463 4781/1/9463 4788/1/9463
f 4780/1/9464 4773/1/9464 4781/1/9464
f 4789/1/9465 4774/1/9465 4773/1/9465
f 4789/1/9466 4775/1/9466 4774/1/9466
f 4789/1/9467 4776/1/9467 4775/1/9467
f 4789/1/9468 4777/1/9468 4776/1/9468
f 4789/1/9469 4778/1/9469 4777/1/9469
f 4789/1/9470 4779/1/9470 4778/1/9470
f 4789/1/9471 4780/1/9471 4779/1/9471
f 4789/1/9472 4773/1/9472 4780/1/9472
f 4790/1/9473 4781/1/9473 4782/1/9473
f 4790/1/9474 4782/1/9474 4783/1/9474
f 4790/1/9475 4783/1/9475 4784/1/9475
f 4790/1/9476 4784/1/9476 4785/1/9476
f 4790/1/9477 4785/1/9477 4786/1/9477
f 4790/1/9478 4786/1/9478 4787/1/9478
f 4790/1/9479 4787/1/9479 4788/1/9479
f 4790/1/9480 4788/1/9480 4781/1/9480
f 4791/1/9481 4800/1/9481 4799/1/9481
f 4791/1/9482 4792/1/9482 4800/1/9482
f 4792/1/9483 4801/1/9483 4800/1/9483
f 4792/1/9484 4793/1/9484 4801/1/9484
f 4793/1/9485 4802/1/9485 4801/1/9485
f 4793/1/9486 4794/1/9486 4802/1/9486
f 4794/1/9487 4803/1/9487 4802/1/9487
f 4794/1/9488 4795/1/9488 4803/1/9488
f 4795/1/9489 4804/1/9489 4803/1/9489
f 4795/1/9490 4796/1/9490 4804/1/9490
f 4796/1/9491 4805/1/9491 4804/1/9491
f 4796/1/9492 4797/1/9492 4805/1/9492
f 4797/1/9493 4806/1/9493 4805/1/9493
f 4797/1/9494 4798/1/9494 4806/1/9494
f 4798/1/9495 4799/1/9495 4806/1/9495
f 4798/1/9496 4791/1/9496 4799/1/9496
f 4807/1/9497 4792/1/9497 4791/1/9497
f 4807/1/9498 4793/1/9498 4792/1/9498
f 4807/1/9499 4794/1/9499 4793/1/9499
f 4807/1/9500 4795/1/9500 4794/1/9500
f 4807/1/9501 4796/1/9501 4795/1/9501
f 4807/1/9502 4797/1/9502 4796/1/9502
f 4807/1/9503 4798/1/9503 4797/1/9503
f 4807/1/9504 4791/1/9504 4798/1/9504
f 4808/1/9505 4799/1/9505 4800/1/9505
f 4808/1/9506 4800/1/9506 4801/1/9506
f 4808/1/9507 4801/1/9507 4802/1/9507
f 4808/1/9508 4802/1/9508 4803/1/9508
f 4808/1/9509 4803/1/9509 4804/1/9509
f 4808/1/9510 4804/1/9510 4805/1/9510
f 4808/1/9511 4805/1/9511 4806/1/9511
f 4808/1/9512 4806/1/9512 4799/1/9512
f 4809/1/9513 4829/1/9513 4830/1/9513
f 4809/1/9514 4830/1/9514 4810/1/9514
f 4810/1/9515 4830/1/9515 4831/1/9515
f 4810/1/9516 4831/1/9516 4811/1/9516
f 4811/1/9517 4831/1/9517 4832/1/9517
f 4811/1/9518 4832/1/9518 4812/1/9518
f 4812/1/9519 4832/1/9519 4833/1/9519
f 4812/1/9520 4833/1/9520 4813/1/9520
f 4813/1/9521 4833/1/9521 4834/1/9521
f 4813/1/9522 4834/1/9522 4814/1/9522
f 4814/1/9523 4834/1/9523 4835/1/9523
f 4814/1/9524 4835/1/9524 4815/1/9524
f 4815/1/9525 4835/1/9525 4836/1/9525
f 4815/1/9526 4836/1/9526 4816/1/9526
f 4816/1/9527 4836/1/9527 4837/1/9527
f 4816/1/9528 4837/1/9528 4817/1/9528
f 4817/1/9529 4837/1/9529 4838/1/9529
f 4817/1/9530 4838/1/9530 4818/1/9530
f 4818/1/9531 4838/1/9531 4839/1/9531
f 4818/1/9532 4839/1/9532 4819/1/9532
f 4819/1/9533 4839/1/9533 4840/1/9533
f 4819/1/9534 4840/1/9534 4820/1/9534
f 4820/1/9535 4840/1/9535 4841/1/9535
f 4820/1/9536 4841/1/9536 4821/1/9536
f 4821/1/9537 4841/1/9537 4842/1/9537
f 4821/1/9538 4842/1/9538 4822/1/9538
f 4822/1/9539 4842/1/9539 4843/1/9539
f 4822/1/9540 4843/1/9540 4823/1/9540
f 4823/1/9541 4843/1/9541 4844/1/9541
f 4823/1/9542 4844/1/9542 4824/1/9542
f 4824/1/9543 4844/1/9543 4845/1/9543
f 4824/1/9544 4845/1/9544 4825/1/9544
f 4825/1/9545 4845/1/9545 4846/1/9545
f 4825/1/9546 4846/1/9546 4826/1/9546
f 4826/1/9547 4846/1/9547 4847/1/9547
f 4826/1/9548 4847/1/9548 4827/1/9548
f 4827/1/9549 4847/1/9549 4848/1/9549
f 4827/1/9550 4848/1/9550 4828/1/9550
f 4828/1/9551 4848/1/9551 4829/1/9551
f 4828/1/9552 4829/1/9552 4809/1/9552
f 4829/1/9553 4849/1/9553 4850/1/9553
f 4829/1/9554 4850/1/9554 4830/1/9554
f 4830/1/9555 4850/1/9555 4851/1/9555
f 4830/1/9556 4851/1/9556 4831/1/9556
f 4831/1/9557 4851/1/9557 4852/1/9557
f 4831/1/9558 4852/1/9558 4832/1/9558
f 4832/1/9559 4852/1/9559 4853/1/9559
f 4832/1/9560 4853/1/9560 4833/1/9560
f 4833/1/9561 4853/1/9561 4854/1/9561
f 4833/1/9562 4854/1/9562 4834/1/9562
f 4834/1/9563 4854/1/9563 4855/1/9563
f 4834/1/9564 4855/1/9564 4835/1/9564
f 4835/1/9565 4855/1/9565 4856/1/9565
f 4835/1/9566 4856/1/9566 4836/1/9566
f 4836/1/9567 4856/1/9567 4857/1/9567
f 4836/1/9568 4857/1/9568 4837/1/9568
f 4837/1/9569 4857/1/9569 4858/1/9569
f 4837/1/9570 4858/1/9570 4838/1/9570
f 4838/1/9571 4858/1/9571 4859/1/9571
f 4838/1/9572 4859/1/9572 4839/1/9572
f 4839/1/9573 4859/1/9573 4860/1/9573
f 4839/1/9574 4860/1/9574 4840/1/9574
f 4840/1/9575 4860/1/9575 4861/1/9575
f 4840/1/9576 4861/1/9576 4841/1/9576
f 4841/1/9577 4861/1/9577 4862/1/9577
f 4841/1/9578 4862/1/9578 4842/1/9578
f 4842/1/9579 4862/1/9579 4863/1/9579
f 4842/1/9580 4863/1/9580 4843/1/9580
f 4843/1/9581 4863/1/9581 4864/1/9581
f 4843/1/9582 4864/1/9582 4844/1/9582
f 4844/1/9583 4864/1/9583 4865/1/9583
f 4844/1/9584 4865/1/9584 4845/1/9584
f 4845/1/9585 4865/1/9585 4866/1/9585
f 4845/1/9586 4866/1/9586 4846/1/9586
f 4846/1/9587 4866/1/9587 4867/1/9587
f 4846/1/9588 4867/1/9588 4847/1/9588
f 4847/1/9589 4867/1/9589 4868/1/9589
f 4847/1/9590 4868/1/9590 4848/1/9590
f 4848/1/9591 4868/1/9591 4849/1/9591
f 4848/1/9592 4849/1/9592 4829/1/9592
f 4849/1/9593 4869/1/9593 4870/1/9593
f 4849/1/9594 4870/1/9594 4850/1/9594
f 4850/1/9595 4870/1/9595 4871/1/9595
f 4850/1/9596 4871/1/9596 4851/1/9596
f 4851/1/9597 4871/1/9597 4872/1/9597
f 4851/1/9598 4872/1/9598 4852/1/9598
f 4852/1/9599 4872/1/9599 4873/1/9599
f 4852/1/9600 4873/1/9600 4853/1/9600
f 4853/1/9601 4873/1/9601 4874/1/9601
f 4853/1/9602 4874/1/9602 4854/1/9602
f 4854/1/9603 4874/1/9603 4875/1/9603
f 4854/1/9604 4875/1/9604 4855/1/9604
f 4855/1/9605 4875/1/9605 4876/1/9605
f 4855/1/9606 4876/1/9606 4856/1/9606
f 4856/1/9607 4876/1/9607 4877/1/9607
f 4856/1/9608 4877/1/9608 4857/1/9608
f 4857/1/9609 4877/1/9609 4878/1/9609
f 4857/1/9610 4878/1/9610 4858/1/9610
f 4858/1/9611 4878/1/9611 4879/1/9611
f 4858/1/9612 4879/1/9612 4859/1/9612
f 4859/1/9613 4879/1/9613 4880/1/9613
f 4859/1/9614 4880/1/9614 4860/1/9614
f 4860/1/9615 4880/1/9615 4881/1/9615
f 4860/1/9616 4881/1/9616 4861/1/9616
f 4861/1/9617 4881/1/9617 4882/1/9617
f 4861/1/9618 4882/1/9618 4862/1/9618
f 4862/1/9619 4882/1/9619 4883/1/9619
f 4862/1/9620 4883/1/9620 4863/1/9620
f 4863/1/9621 4883/1/9621 4884/1/9621
f 4863/1/9622 4884/1/9622 4864/1/9622
f 4864/1/9623 4884/1/9623 4885/1/9623
f 4864/1/9624 4885/1/9624 4865/1/9624
f 4865/1/9625 4885/1/9625 4886/1/9625
f 4865/1/9626 4886/1/9626 4866/1/9626
f 4866/1/9627 4886/1/9627 4887/1/9627
f 4866/1/9628 4887/1/9628 4867/1/9628
f 4867/1/9629 4887/1/9629 4888/1/9629
f 4867/1/9630 4888/1/9630 4868/1/9630
f 4868/1/9631 4888/1/9631 4869/1/9631
f 4868/1/9632 4869/1/9632 4849/1/9632
f 4869/1/9633 4889/1/9633 4890/1/9633
f 4869/1/9634 4890/1/9634 4870/1/9634
f 4870/1/9635 4890/1/9635 4891/1/9635
f 4870/1/9636 4891/1/9636 4871/1/9636
f 4871/1/9637 4891/1/9637 4892/1/9637
f 4871/1/9638 4892/1/9638 4872/1/9638
f 4872/1/9639 4892/1/9639 4893/1/9639
f 4872/1/9640 4893/1/9640 4873/1/9640
f 4873/1/9641 4893/1/9641 4894/1/9641
f 4873/1/9642 4894/1/9642 4874/1/9642
f 4874/1/9643 4894/1/9643 4895/1/9643
f 4874/1/9644 4895/1/9644 4875/1/9644
f 4875/1/9645 4895/1/9645 4896/1/9645
f 4875/1/9646 4896/1/9646 4876/1/9646
f 4876/1/9647 4896/1/9647 4897/1/9647
f 4876/1/9648 4897/1/9648 4877/1/9648
f 4877/1/9649 4897/1/9649 4898/1/9649
f 4877/1/9650 4898/1/9650 4878/1/9650
f 4878/1/9651 4898/1/9651 4899/1/9651
f 4878/1/9652 4899/1/9652 4879/1/9652
f 4879/1/9653 4899/1/9653 4900/1/9653
f 4879/1/9654 4900/1/9654 4880/1/9654
f 4880/1/9655 4900/1/9655 4901/1/9655
f 4880/1/9656 4901/1/9656 4881/1/9656
f 4881/1/9657 4901/1/9657 4902/1/9657
f 4881/1/9658 4902/1/9658 4882/1/9658
f 4882/1/9659 4902/1/9659 4903/1/9659
f 4882/1/9660 4903/1/9660 4883/1/9660
f 4883/1/9661 4903/1/9661 4904/1/9661
f 4883/1/9662 4904/1/9662 4884/1/9662
f 4884/1/9663 4904/1/9663 4905/1/9663
f 4884/1/9664 4905/1/9664 4885/1/9664
f 4885/1/9665 4905/1/9665 4906/1/9665
f 4885/1/9666 4906/1/9666 4886/1/9666
f 4886/1/9667 4906/1/9667 4907/1/9667
f 4886/1/9668 4907/1/9668 4887/1/9668
f 4887/1/9669 4907/1/9669 4908/1/9669
f 4887/1/9670 4908/1/9670 4888/1/9670
f 4888/1/9671 4908/1/9671 4889/1/9671
f 4888/1/9672 4889/1/9672 4869/1/9672
f 4889/1/9673 4909/1/9673 4910/1/9673
f 4889/1/9674 4910/1/9674 4890/1/9674
f 4890/1/9675 4910/1/9675 4911/1/9675
f 4890/1/9676 4911/1/9676 4891/1/9676
f 4891/1/9677 4911/1/9677 4912/1/9677
f 4891/1/9678 4912/1/9678 4892/1/9678
f 4892/1/9679 4912/1/9679 4913/1/9679
f 4892/1/9680 4913/1/9680 4893/1/9680
f 4893/1/9681 4913/1/9681 4914/1/9681
f 4893/1/9682 4914/1/9682 4894/1/9682
f 4894/1/9683 4914/1/9683 4915/1/9683
f 4894/1/9684 4915/1/9684 4895/1/9684
f 4895/1/9685 4915/1/9685 4916/1/9685
f 4895/1/9686 4916/1/9686 4896/1/9686
f 4896/1/9687 4916/1/9687 4917/1/9687
f 4896/1/9688 4917/1/9688 4897/1/9688
f 4897/1/9689 4917/1/9689 4918/1/9689
f 4897/1/9690 4918/1/9690 4898/1/9690
f 4898/1/9691 4918/1/9691 4919/1/9691
f 4898/1/9692 4919/1/9692 4899/1/9692
f 4899/1/9693 4919/1/9693 4920/1/9693
f 4899/1/9694 4920/1/9694 4900/1/9694
f 4900/1/9695 4920/1/9695 4921/1/9695
f 4900/1/9696 4921/1/9696 4901/1/9696
f 4901/1/9697 4921/1/9697 4922/1/9697
f 4901/1/9698 4922/1/9698 4902/1/9698
f 4902/1/9699 4922/1/9699 4923/1/9699
f 4902/1/9700 4923/1/9700 4903/1/9700
f 4903/1/9701 4923/1/9701 4924/1/9701
f 4903/1/9702 4924/1/9702 4904/1/9702
f 4904/1/9703 4924/1/9703 4925/1/9703
f 4904/1/9704 4925/1/9704 4905/1/9704
f 4905/1/9705 4925/1/9705 4926/1/9705
f 4905/1/9706 4926/1/9706 4906/1/9706
f 4906/1/9707 4926/1/9707 4927/1/9707
f 4906/1/9708 4927/1/9708 4907/1/9708
f 4907/1/9709 4927/1/9709 4928/1/9709
f 4907/1/9710 4928/1/9710 4908/1/9710
f 4908/1/9711 4928/1/9711 4909/1/9711
f 4908/1/9712 4909/1/9712 4889/1/9712
f 4909/1/9713 4929/1/9713 4930/1/9713
f 4909/1/9714 4930/1/9714 4910/1/9714
f 4910/1/9715 4930/1/9715 4931/1/9715
f 4910/1/9716 4931/1/9716 4911/1/9716
f 4911/1/9717 4931/1/9717 4932/1/9717
f 4911/1/9718 4932/1/9718 4912/1/9718
f 4912/1/9719 4932/1/9719 4933/1/9719
f 4912/1/9720 4933/1/9720 4913/1/9720
f 4913/1/9721 4933/1/9721 4934/1/9721
f 4913/1/9722 4934/1/9722 4914/1/9722
f 4914/1/9723 4934/1/9723 4935/1/9723
f 4914/1/9724 4935/1/9724 4915/1/9724
f 4915/1/9725 4935/1/9725 4936/1/9725
f 4915/1/9726 4936/1/9726 4916/1/9726
f 4916/1/9727 4936/1/9727 4937/1/9727
f 4916/1/9728 4937/1/9728 4917/1/9728
f 4917/1/9729 4937/1/9729 4938/1/9729
f 4917/1/9730 4938/1/9730 4918/1/9730
f 4918/1/9731 4938/1/9731 4939/1/9731
f 4918/1/9732 4939/1/9732 4919/1/9732
f 4919/1/9733 4939/1/9733 4940/1/9733
f 4919/1/9734 4940/1/9734 4920/1/9734
f 4920/1/9735 4940/1/9735 4941/1/9735
f 4920/1/9736 4941/1/9736 4921/1/9736
f 4921/1/9737 4941/1/9737 4942/1/9737
f 4921/1/9738 4942/1/9738 4922/1/9738
f 4922/1/9739 4942/1/9739 4943/1/9739
f 4922/1/9740 4943/1/9740 4923/1/9740
f 4923/1/9741 4943/1/9741 4944/1/9741
f 4923/1/9742 4944/1/9742 4924/1/9742
f 4924/1/9743 4944/1/9743 4945/1/9743
f 4924/1/9744 4945/1/9744 4925/1/9744
f 4925/1/9745 4945/1/9745 4946/1/9745
f 4925/1/9746 4946/1/9746 4926/1/9746
f 4926/1/9747 4946/1/9747 4947/1/9747
f 4926/1/9748 4947/1/9748 4927/1/9748
f 4927/1/9749 4947/1/9749 4948/1/9749
f 4927/1/9750 4948/1/9750 4928/1/9750
f 4928/1/9751 4948/1/9751 4929/1/9751
f 4928/1/9752 4929/1/9752 4909/1/9752
f 4929/1/9753 4949/1/9753 4950/1/9753
f 4929/1/9754 4950/1/9754 4930/1/9754
f 4930/1/9755 4950/1/9755 4951/1/9755
f 4930/1/9756 4951/1/9756 4931/1/9756
f 4931/1/9757 4951/1/9757 4952/1/9757
f 4931/1/9758 4952/1/9758 4932/1/9758
f 4932/1/9759 4952/1/9759 4953/1/9759
f 4932/1/9760 4953/1/9760 4933/1/9760
f 4933/1/9761 4953/1/9761 4954/1/9761
f 4933/1/9762 4954/1/9762 4934/1/9762
f 4934/1/9763 4954/1/9763 4955/1/9763
f 4934/1/9764 4955/1/9764 4935/1/9764
f 4935/1/9765 4955/1/9765 4956/1/9765
f 4935/1/9766 4956/1/9766 4936/1/9766
f 4936/1/9767 4956/1/9767 4957/1/9767
f 4936/1/9768 4957/1/9768 4937/1/9768
f 4937/1/9769 4957/1/9769 4958/1/9769
f 4937/1/9770 4958/1/9770 4938/1/9770
f 4938/1/9771 4958/1/9771 4959/1/9771
f 4938/1/9772 4959/1/9772 4939/1/9772
f 4939/1/9773 4959/1/9773 4960/1/9773
f 4939/1/9774 4960/1/9774 4940/1/9774
f 4940/1/9775 4960/1/9775 4961/1/9775
f 4940/1/9776 4961/1/9776 4941/1/9776
f 4941/1/9777 4961/1/9777 4962/1/9777
f 4941/1/9778 4962/1/9778 4942/1/9778
f 4942/1/9779 4962/1/9779 4963/1/9779
f 4942/1/9780 4963/1/9780 4943/1/9780
f 4943/1/9781 4963/1/9781 4964/1/9781
f 4943/1/9782 4964/1/9782 4944/1/9782
f 4944/1/9783 4964/1/9783 4965/1/9783
f 4944/1/9784 4965/1/9784 4945/1/9784
f 4945/1/9785 4965/1/9785 4966/1/9785
f 4945/1/9786 4966/1/9786 4946/1/9786
f 4946/1/9787 4966/1/9787 4967/1/9787
f 4946/1/9788 4967/1/9788 4947/1/9788
f 4947/1/9789 4967/1/9789 4968/1/9789
f 4947/1/9790 4968/1/9790 4948/1/9790
f 4948/1/9791 4968/1/9791 4949/1/9791
f 4948/1/9792 4949/1/9792 4929/1/9792
f 4949/1/9793 4969/1/9793 4970/1/9793
f 4949/1/9794 4970/1/9794 4950/1/9794
f 4950/1/9795 4970/1/9795 4971/1/9795
f 4950/1/9796 4971/1/9796 4951/1/9796
f 4951/1/9797 4971/1/9797 4972/1/9797
f 4951/1/9798 4972/1/9798 4952/1/9798
f 4952/1/9799 4972/1/9799 4973/1/9799
f 4952/1/9800 4973/1/9800 4953/1/9800
f 4953/1/9801 4973/1/9801 4974/1/9801
f 4953/1/9802 4974/1/9802 4954/1/9802
f 4954/1/9803 4974/1/9803 4975/1/9803
f 4954/1/9804 4975/1/9804 4955/1/9804
f 4955/1/9805 4975/1/9805 4976/1/9805
f 4955/1/9806 4976/1/9806 4956/1/9806
f 4956/1/9807 4976/1/9807 4977/1/9807
f 4956/1/9808 4977/1/9808 4957/1/9808
f 4957/1/9809 4977/1/9809 4978/1/9809
f 4957/1/9810 4978/1/9810 4958/1/9810
f 4958/1/9811 4978/1/9811 4979/1/9811
f 4958/1/9812 4979/1/9812 4959/1/9812
f 4959/1/9813 4979/1/9813 4980/1/9813
f 4959/1/9814 4980/1/9814 4960/1/9814
f 4960/1/9815 4980/1/9815 4981/1/9815
f 4960/1/9816 4981/1/9816 4961/1/9816
f 4961/1/9817 4981/1/9817 4982/1/9817
f 4961/1/9818 4982/1/9818 4962/1/9818
f 4962/1/9819 4982/1/9819 4983/1/9819
f 4962/1/9820 4983/1/9820 4963/1/9820
f 4963/1/9821 4983/1/9821 4984/1/9821
f 4963/1/9822 4984/1/9822 4964/1/9822
f 4964/1/9823 4984/1/9823 4985/1/9823
f 4964/1/9824 4985/1/9824 4965/1/9824
f 4965/1/9825 4985/1/9825 4986/1/9825
f 4965/1/9826 4986/1/9826 4966/1/9826
f 4966/1/9827 4986/1/9827 4987/1/9827
f 4966/1/9828 4987/1/9828 4967/1/9828
f 4967/1/9829 4987/1/9829 4988/1/9829
f 4967/1/9830 4988/1/9830 4968/1/9830
f 4968/1/9831 4988/1/9831 4969/1/9831
f 4968/1/9832 4969/1/9832 4949/1/9832
f 4969/1/9833 4989/1/9833 4990/1/9833
f 4969/1/9834 4990/1/9834 4970/1/9834
f 4970/1/9835 4990/1/9835 4991/1/9835
f 4970/1/9836 4991/1/9836 4971/1/9836
f 4971/1/9837 4991/1/9837 4992/1/9837
f 4971/1/9838 4992/1/9838 4972/1/9838
f 4972/1/9839 4992/1/9839 4993/1/9839
f 4972/1/9840 4993/1/9840 4973/1/9840
f 4973/1/9841 4993/1/9841 4994/1/9841
f 4973/1/9842 4994/1/9842 4974/1/9842
f 4974/1/9843 4994/1/9843 4995/1/9843
f 4974/1/9844 4995/1/9844 4975/1/9844
f 4975/1/9845 4995/1/9845 4996/1/9845
f 4975/1/9846 4996/1/9846 4976/1/9846
f 4976/1/9847 4996/1/9847 4997/1/9847
f 4976/1/9848 4997/1/9848 4977/1/9848
f 4977/1/9849 4997/1/9849 4998/1/9849
f 4977/1/9850 4998/1/9850 4978/1/9850
f 4978/1/9851 4998/1/9851 4999/1/9851
f 4978/1/9852 4999/1/9852 4979/1/9852
f 4979/1/9853 4999/1/9853 5000/1/9853
f 4979/1/9854 5000/1/9854 4980/1/9854
f 4980/1/9855 5000/1/9855 5001/1/9855
f 4980/1/9856 5001/1/9856 4981/1/9856
f 4981/1/9857 5001/1/9857 5002/1/9857
f 4981/1/9858 5002/1/9858 4982/1/9858
f 4982/1/9859 5002/1/9859 5003/1/9859
f 4982/1/9860 5003/1/9860 4983/1/9860
f 4983/1/9861 5003/1/9861 5004/1/9861
f 4983/1/9862 5004/1/9862 4984/1/9862
f 4984/1/9863 5004/1/9863 5005/1/9863
f 4984/1/9864 5005/1/9864 4985/1/9864
f 4985/1/9865 5005/1/9865 5006/1/9865
f 4985/1/9866 5006/1/9866 4986/1/9866
f 4986/1/9867 5006/1/9867 5007/1/9867
f 4986/1/9868 5007/1/9868 4987/1/9868
f 4987/1/9869 5007/1/9869 5008/1/9869
f 4987/1/9870 5008/1/9870 4988/1/9870
f 4988/1/9871 5008/1/9871 4989/1/9871
f 4988/1/9872 4989/1/9872 4969/1/9872
f 4989/1/9873 5009/1/9873 5010/1/9873
f 4989/1/9874 5010/1/9874 4990/1/9874
f 4990/1/9875 5010/1/9875 5011/1/9875
f 4990/1/9876 5011/1/9876 4991/1/9876
f 4991/1/9877 5011/1/9877 5012/1/9877
f 4991/1/9878 5012/1/9878 4992/1/9878
f 4992/1/9879 5012/1/9879 5013/1/9879
f 4992/1/9880 5013/1/9880 4993/1/9880
f 4993/1/9881 5013/1/9881 5014/1/9881
f 4993/1/9882 5014/1/9882 4994/1/9882
f 4994/1/9883 5014/1/9883 5015/1/9883
f 4994/1/9884 5015/1/9884 4995/1/9884
f 4995/1/9885 5015/1/9885 5016/1/9885
f 4995/1/9886 5016/1/9886 4996/1/9886
f 4996/1/9887 5016/1/9887 5017/1/9887
f 4996/1/9888 5017/1/9888 4997/1/9888
f 4997/1/9889 5017/1/9889 5018/1/9889
f 4997/1/9890 5018/1/9890 4998/1/9890
f 4998/1/9891 5018/1/9891 5019/1/9891
f 4998/1/9892 5019/1/9892 4999/1/9892
f 4999/1/9893 5019/1/9893 5020/1/9893
f 4999/1/9894 5020/1/9894 5000/1/9894
f 5000/1/9895 5020/1/9895 5021/1/9895
f 5000/1/9896 5021/1/9896 5001/1/9896
f 5001/1/9897 5021/1/9897 5022/1/9897
f 5001/1/9898 5022/1/9898 5002/1/9898
f 5002/1/9899 5022/1/9899 5023/1/9899
f 5002/1/9900 5023/1/9900 5003/1/9900
f 5003/1/9901 5023/1/9901 5024/1/9901
f 5003/1/9902 5024/1/9902 5004/1/9902
f 5004/1/9903 5024/1/9903 5025/1/9903
f 5004/1/9904 5025/1/9904 5005/1/9904
f 5005/1/9905 5025/1/9905 5026/1/9905
f 5005/1/9906 5026/1/9906 5006/1/9906
f 5006/1/9907 5026/1/9907 5027/1/9907
f 5006/1/9908 5027/1/9908 5007/1/9908
f 5007/1/9909 5027/1/9909 5028/1/9909
f 5007/1/9910 5028/1/9910 5008/1/9910
f 5008/1/9911 5028/1/9911 5009/1/9911
f 5008/1/9912 5009/1/9912 4989/1/9912
f 5009/1/9913 5029/1/9913 5030/1/9913
f 5009/1/9914 5030/1/9914 5010/1/9914
f 5010/1/9915 5030/1/9915 5031/1/9915
f 5010/1/9916 5031/1/9916 5011/1/9916
f 5011/1/9917 5031/1/9917 5032/1/9917
f 5011/1/9918 5032/1/9918 5012/1/9918
f 5012/1/9919 5032/1/9919 5033/1/9919
f 5012/1/9920 5033/1/9920 5013/1/9920
f 5013/1/9921 5033/1/9921 5034/1/9921
f 5013/1/9922 5034/1/9922 5014/1/9922
f 5014/1/9923 5034/1/9923 5035/1/9923
f 5014/1/9924 5035/1/9924 5015/1/9924
f 5015/1/9925 5035/1/9925 5036/1/9925
f 5015/1/9926 5036/1/9926 5016/1/9926
f 5016/1/9927 5036/1/9927 5037/1/9927
f 5016/1/9928 5037/1/9928 5017/1/9928
f 5017/1/9929 5037/1/9929 5038/1/9929
f 5017/1/9930 5038/1/9930 5018/1/9930
f 5018/1/9931 5038/1/9931 5039/1/9931
f 5018/1/9932 5039/1/9932 5019/1/9932
f 5019/1/9933 5039/1/9933 5040/1/9933
f 5019/1/9934 5040/1/9934 5020/1/9934
f 5020/1/9935 5040/1/9935 5041/1/9935
f 5020/1/9936 5041/1/9936 5021/1/9936
f 5021/1/9937 5041/1/9937 5042/1/9937
f 5021/1/9938 5042/1/9938 5022/1/9938
f 5022/1/9939 5042/1/9939 5043/1/9939
f 5022/1/9940 5043/1/9940 5023/1/9940
f 5023/1/9941 5043/1/9941 5044/1/9941
f 5023/1/9942 5044/1/9942 5024/1/9942
f 5024/1/9943 5044/1/9943 5045/1/9943
f 5024/1/9944 5045/1/9944 5025/1/9944
f 5025/1/9945 5045/1/9945 5046/1/9945
f 5025/1/9946 5046/1/9946 5026/1/9946
f 5026/1/9947 5046/1/9947 5047/1/9947
f 5026/1/9948 5047/1/9948 5027/1/9948
f 5027/1/9949 5047/1/9949 5048/1/9949
f 5027/1/9950 5048/1/9950 5028/1/9950
f 5028/1/9951 5048/1/9951 5029/1/9951
f 5028/1/9952 5029/1/9952 5009/1/9952
f 5029/1/9953 5049/1/9953 5050/1/9953
f 5029/1/9954 5050/1/9954 5030/1/9954
f 5030/1/9955 5050/1/9955 5051/1/9955
f 5030/1/9956 5051/1/9956 5031/1/9956
f 5031/1/9957 5051/1/9957 5052/1/9957
f 5031/1/9958 5052/1/9958 5032/1/9958
f 5032/1/9959 5052/1/9959 5053/1/9959
f 5032/1/9960 5053/1/9960 5033/1/9960
f 5033/1/9961 5053/1/9961 5054/1/9961
f 5033/1/9962 5054/1/9962 5034/1/9962
f 5034/1/9963 5054/1/9963 5055/1/9963
f 5034/1/9964 5055/1/9964 5035/1/9964
f 5035/1/9965 5055/1/9965 5056/1/9965
f 5035/1/9966 5056/1/9966 5036/1/9966
f 5036/1/9967 5056/1/9967 5057/1/9967
f 5036/1/9968 5057/1/9968 5037/1/9968
f 5037/1/9969 5057/1/9969 5058/1/9969
f 5037/1/9970 5058/1/9970 5038/1/9970
f 5038/1/9971 5058/1/9971 5059/1/9971
f 5038/1/9972 5059/1/9972 5039/1/9972
f 5039/1/9973 5059/1/9973 5060/1/9973
f 5039/1/9974 5060/1/9974 5040/1/9974
f 5040/1/9975 5060/1/9975 5061/1/9975
f 5040/1/9976 5061/1/9976 5041/1/9976
f 5041/1/9977 5061/1/9977 5062/1/9977
f 5041/1/9978 5062/1/9978 5042/1/9978
f 5042/1/9979 5062/1/9979 5063/1/9979
f 5042/1/9980 5063/1/9980 5043/1/9980
f 5043/1/9981 5063/1/9981 5064/1/9981
f 5043/1/9982 5064/1/9982 5044/1/9982
f 5044/1/9983 5064/1/9983 5065/1/9983
f 5044/1/9984 5065/1/9984 5045/1/9984
f 5045/1/9985 5065/1/9985 5066/1/9985
f 5045/1/9986 5066/1/9986 5046/1/9986
f 5046/1/9987 5066/1/9987 5067/1/9987
f 5046/1/9988 5067/1/9988 5047/1/9988
f 5047/1/9989 5067/1/9989 5068/1/9989
f 5047/1/9990 5068/1/9990 5048/1/9990
f 5048/1/9991 5068/1/9991 5049/1/9991
f 5048/1/9992 5049/1/9992 5029/1/9992
f 5049/1/9993 5069/1/9993 5070/1/9993
f 5049/1/9994 5070/1/9994 5050/1/9994
f 5050/1/9995 5070/1/9995 5071/1/9995
f 5050/1/9996 5071/1/9996 5051/1/9996
f 5051/1/9997 5071/1/9997 5072/1/9997
f 5051/1/9998 5072/1/9998 5052/1/9998
f 5052/1/9999 5072/1/9999 5073/1/9999
f 5052/1/10000 5073/1/10000 5053/1/10000
f 5053/1/10001 5073/1/10001 5074/1/10001
f 5053/1/10002 5074/1/10002 5054/1/10002
f 5054/1/10003 5074/1/10003 5075/1/10003
f 5054/1/10004 5075/1/10004 5055/1/10004
f 5055/1/10005 5075/1/10005 5076/1/10005
f 5055/1/10006 5076/1/10006 5056/1/10006
f 5056/1/10007 5076/1/10007 5077/1/10007
f 5056/1/10008 5077/1/10008 5057/1/10008
f 5057/1/10009 5077/1/10009 5078/1/10009
f 5057/1/10010 5078/1/10010 5058/1/10010
f 5058/1/10011 5078/1/10011 5079/1/10011
f 5058/1/10012 5079/1/10012 5059/1/10012
f 5059/1/10013 5079/1/10013 5080/1/10013
f 5059/1/10014 5080/1/10014 5060/1/10014
f 5060/1/10015 5080/1/10015 5081/1/10015
f 5060/1/10016 5081/1/10016 5061/1/10016
f 5061/1/10017 5081/1/10017 5082/1/10017
f 5061/1/10018 5082/1/10018 5062/1/10018
f 5062/1/10019 5082/1/10019 5083/1/10019
f 5062/1/10020 5083/1/10020 5063/1/10020
f 5063/1/10021 5083/1/10021 5084/1/10021
f 5063/1/10022 5084/1/10022 5064/1/10022
f 5064/1/10023 5084/1/10023 5085/1/10023
f 5064/1/10024 5085/1/10024 5065/1/10024
f 5065/1/10025 5085/1/10025 5086/1/10025
f 5065/1/10026 5086/1/10026 5066/1/10026
f 5066/1/10027 5086/1/10027 5087/1/10027
f 5066/1/10028 5087/1/10028 5067/1/10028
f 5067/1/10029 5087/1/10029 5088/1/10029
f 5067/1/10030 5088/1/10030 5068/1/10030
f 5068/1/10031 5088/1/10031 5069/1/10031
f 5068/1/10032 5069/1/10032 5049/1/10032
f 5069/1/10033 5089/1/10033 5090/1/10033
f 5069/1/10034 5090/1/10034 5070/1/10034
f 5070/1/10035 5090/1/10035 5091/1/10035
f 5070/1/10036 5091/1/10036 5071/1/10036
f 5071/1/10037 5091/1/10037 5092/1/10037
f 5071/1/10038 5092/1/10038 5072/1/10038
f 5072/1/10039 5092/1/10039 5093/1/10039
f 5072/1/10040 5093/1/10040 5073/1/10040
f 5073/1/10041 5093/1/10041 5094/1/10041
f 5073/1/10042 5094/1/10042 5074/1/10042
f 5074/1/10043 5094/1/10043 5095/1/10043
f 5074/1/10044 5095/1/10044 5075/1/10044
f 5075/1/10045 5095/1/10045 5096/1/10045
f 5075/1/10046 5096/1/10046 5076/1/10046
f 5076/1/10047 5096/1/10047 5097/1/10047
f 5076/1/10048 5097/1/10048 5077/1/10048
f 5077/1/10049 5097/1/10049 5098/1/10049
f 5077/1/10050 5098/1/10050 5078/1/10050
f 5078/1/10051 5098/1/10051 5099/1/10051
f 5078/1/10052 5099/1/10052 5079/1/10052
f 5079/1/10053 5099/1/10053 5100/1/10053
f 5079/1/10054 5100/1/10054 5080/1/10054
f 5080/1/10055 5100/1/10055 5101/1/10055
f 5080/1/10056 5101/1/10056 5081/1/10056
f 5081/1/10057 5101/1/10057 5102/1/10057
f 5081/1/10058 5102/1/10058 5082/1/10058
f 5082/1/10059 5102/1/10059 5103/1/10059
f 5082/1/10060 5103/1/10060 5083/1/10060
f 5083/1/10061 5103/1/10061 5104/1/10061
f 5083/1/10062 5104/1/10062 5084/1/10062
f 5084/1/10063 5104/1/10063 5105/1/10063
f 5084/1/10064 5105/1/10064 5085/1/10064
f 5085/1/10065 5105/1/10065 5106/1/10065
f 5085/1/10066 5106/1/10066 5086/1/10066
f 5086/1/10067 5106/1/10067 5107/1/10067
f 5086/1/10068 5107/1/10068 5087/1/10068
f 5087/1/10069 5107/1/10069 5108/1/10069
f 5087/1/10070 5108/1/10070 5088/1/10070
f 5088/1/10071 5108/1/10071 5089/1/10071
f 5088/1/10072 5089/1/10072 5069/1/10072
f 5089/1/10073 5109/1/10073 5110/1/10073
f 5089/1/10074 5110/1/10074 5090/1/10074
f 5090/1/10075 5110/1/10075 5111/1/10075
f 5090/1/10076 5111/1/10076 5091/1/10076
f 5091/1/10077 5111/1/10077 5112/1/10077
f 5091/1/10078 5112/1/10078 5092/1/10078
f 5092/1/10079 5112/1/10079 5113/1/10079
f 5092/1/10080 5113/1/10080 5093/1/10080
f 5093/1/10081 5113/1/10081 5114/1/10081
f 5093/1/10082 5114/1/10082 5094/1/10082
f 5094/1/10083 5114/1/10083 5115/1/10083
f 5094/1/10084 5115/1/10084 5095/1/10084
f 5095/1/10085 5115/1/10085 5116/1/10085
f 5095/1/10086 5116/1/10086 5096/1/10086
f 5096/1/10087 5116/1/10087 5117/1/10087
f 5096/1/10088 5117/1/10088 5097/1/10088
f 5097/1/10089 5117/1/10089 5118/1/10089
f 5097/1/10090 5118/1/10090 5098/1/10090
f 5098/1/10091 5118/1/10091 5119/1/10091
f 5098/1/10092 5119/1/10092 5099/1/10092
f 5099/1/10093 5119/1/10093 5120/1/10093
f 5099/1/10094 5120/1/10094 5100/1/10094
f 5100/1/10095 5120/1/10095 5121/1/10095
f 5100/1/10096 5121/1/10096 5101/1/10096
f 5101/1/10097 5121/1/10097 5122/1/10097
f 5101/1/10098 5122/1/10098 5102/1/10098
f 5102/1/10099 5122/1/10099 5123/1/10099
f 5102/1/10100 5123/1/10100 5103/1/10100
f 5103/1/10101 5123/1/10101 5124/1/10101
f 5103/1/10102 5124/1/10102 5104/1/10102
f 5104/1/10103 5124/1/10103 5125/1/10103
f 5104/1/10104 5125/1/10104 5105/1/10104
f 5105/1/10105 5125/1/10105 5126/1/10105
f 5105/1/10106 5126/1/10106 5106/1/10106
f 5106/1/10107 5126/1/10107 5127/1/10107
f 5106/1/10108 5127/1/10108 5107/1/10108
f 5107/1/10109 5127/1/10109 5128/1/10109
f 5107/1/10110 5128/1/10110 5108/1/10110
f 5108/1/10111 5128/1/10111 5109/1/10111
f 5108/1/10112 5109/1/10112 5089/1/10112
f 5109/1/10113 5129/1/10113 5130/1/10113
f 5109/1/10114 5130/1/10114 5110/1/10114
f 5110/1/10115 5130/1/10115 5131/1/10115
f 5110/1/10116 5131/1/10116 5111/1/10116
f 5111/1/10117 5131/1/10117 5132/1/10117
f 5111/1/10118 5132/1/10118 5112/1/10118
f 5112/1/10119 5132/1/10119 5133/1/10119
f 5112/1/10120 5133/1/10120 5113/1/10120
f 5113/1/10121 5133/1/10121 5134/1/10121
f 5113/1/10122 5134/1/10122 5114/1/10122
f 5114/1/10123 5134/1/10123 5135/1/10123
f 5114/1/10124 5135/1/10124 5115/1/10124
f 5115/1/10125 5135/1/10125 5136/1/10125
f 5115/1/10126 5136/1/10126 5116/1/10126
f 5116/1/10127 5136/1/10127 5137/1/10127
f 5116/1/10128 5137/1/10128 5117/1/10128
f 5117/1/10129 5137/1/10129 5138/1/10129
f 5117/1/10130 5138/1/10130 5118/1/10130
f 5118/1/10131 5138/1/10131 5139/1/10131
f 5118/1/10132 5139/1/10132 5119/1/10132
f 5119/1/10133 5139/1/10133 5140/1/10133
f 5119/1/10134 5140/1/10134 5120/1/10134
f 5120/1/10135 5140/1/10135 5141/1/10135
f 5120/1/10136 5141/1/10136 5121/1/10136
f 5121/1/10137 5141/1/10137 5142/1/10137
f 5121/1/10138 5142/1/10138 5122/1/10138
f 5122/1/10139 5142/1/10139 5143/1/10139
f 5122/1/10140 5143/1/10140 5123/1/10140
f 5123/1/10141 5143/1/10141 5144/1/10141
f 5123/1/10142 5144/1/10142 5124/1/10142
f 5124/1/10143 5144/1/10143 5145/1/10143
f 5124/1/10144 5145/1/10144 5125/1/10144
f 5125/1/10145 5145/1/10145 5146/1/10145
f 5125/1/10146 5146/1/10146 5126/1/10146
f 5126/1/10147 5146/1/10147 5147/1/10147
f 5126/1/10148 5147/1/10148 5127/1/10148
f 5127/1/10149 5147/1/10149 5148/1/10149
f 5127/1/10150 5148/1/10150 5128/1/10150
f 5128/1/10151 5148/1/10151 5129/1/10151
f 5128/1/10152 5129/1/10152 5109/1/10152
f 5129/1/10153 5149/1/10153 5150/1/10153
f 5129/1/10154 5150/1/10154 5130/1/10154
f 5130/1/10155 5150/1/10155 5151/1/10155
f 5130/1/10156 5151/1/10156 5131/1/10156
f 5131/1/10157 5151/1/10157 5152/1/10157
f 5131/1/10158 5152/1/10158 5132/1/10158
f 5132/1/10159 5152/1/10159 5153/1/10159
f 5132/1/10160 5153/1/10160 5133/1/10160
f 5133/1/10161 5153/1/10161 5154/1/10161
f 5133/1/10162 5154/1/10162 5134/1/10162
f 5134/1/10163 5154/1/10163 5155/1/10163
f 5134/1/10164 5155/1/10164 5135/1/10164
f 5135/1/10165 5155/1/10165 5156/1/10165
f 5135/1/10166 5156/1/10166 5136/1/10166
f 5136/1/10167 5156/1/10167 5157/1/10167
f 5136/1/10168 5157/1/10168 5137/1/10168
f 5137/1/10169 5157/1/10169 5158/1/10169
f 5137/1/10170 5158/1/10170 5138/1/10170
f 5138/1/10171 5158/1/10171 5159/1/10171
f 5138/1/10172 5159/1/10172 5139/1/10172
f 5139/1/10173 5159/1/10173 5160/1/10173
f 5139/1/10174 5160/1/10174 5140/1/10174
f 5140/1/10175 5160/1/10175 5161/1/10175
f 5140/1/10176 5161/1/10176 5141/1/10176
f 5141/1/10177 5161/1/10177 5162/1/10177
f 5141/1/10178 5162/1/10178 5142/1/10178
f 5142/1/10179 5162/1/10179 5163/1/10179
f 5142/1/10180 5163/1/10180 5143/1/10180
f 5143/1/10181 5163/1/10181 5164/1/10181
f 5143/1/10182 5164/1/10182 5144/1/10182
f 5144/1/10183 5164/1/10183 5165/1/10183
f 5144/1/10184 5165/1/10184 5145/1/10184
f 5145/1/10185 5165/1/10185 5166/1/10185
f 5145/1/10186 5166/1/10186 5146/1/10186
f 5146/1/10187 5166/1/10187 5167/1/10187
f 5146/1/10188 5167/1/10188 5147/1/10188
f 5147/1/10189 5167/1/10189 5168/1/10189
f 5147/1/10190 5168/1/10190 5148/1/10190
f 5148/1/10191 5168/1/10191 5149/1/10191
f 5148/1/10192 5149/1/10192 5129/1/10192
f 5149/1/10193 5169/1/10193 5170/1/10193
f 5149/1/10194 5170/1/10194 5150/1/10194
f 5150/1/10195 5170/1/10195 5171/1/10195
f 5150/1/10196 5171/1/10196 5151/1/10196
f 5151/1/10197 5171/1/10197 5172/1/10197
f 5151/1/10198 5172/1/10198 5152/1/10198
f 5152/1/10199 5172/1/10199 5173/1/10199
f 5152/1/10200 5173/1/10200 5153/1/10200
f 5153/1/10201 5173/1/10201 5174/1/10201
f 5153/1/10202 5174/1/10202 5154/1/10202
f 5154/1/10203 5174/1/10203 5175/1/10203
f 5154/1/10204 5175/1/10204 5155/1/10204
f 5155/1/10205 5175/1/10205 5176/1/10205
f 5155/1/10206 5176/1/10206 5156/1/10206
f 5156/1/10207 5176/1/10207 5177/1/10207
f 5156/1/10208 5177/1/10208 5157/1/10208
f 5157/1/10209 5177/1/10209 5178/1/10209
f 5157/1/10210 5178/1/10210 5158/1/10210
f 5158/1/10211 5178/1/10211 5179/1/10211
f 5158/1/10212 5179/1/10212 5159/1/10212
f 5159/1/10213 5179/1/10213 5180/1/10213
f 5159/1/10214 5180/1/10214 5160/1/10214
f 5160/1/10215 5180/1/10215 5181/1/10215
f 5160/1/10216 5181/1/10216 5161/1/10216
f 5161/1/10217 5181/1/10217 5182/1/10217
f 5161/1/10218 5182/1/10218 5162/1/10218
f 5162/1/10219 5182/1/10219 5183/1/10219
f 5162/1/10220 5183/1/10220 5163/1/10220
f 5163/1/10221 5183/1/10221 5184/1/10221
f 5163/1/10222 5184/1/10222 5164/1/10222
f 5164/1/10223 5184/1/10223 5185/1/10223
f 5164/1/10224 5185/1/10224 5165/1/10224
f 5165/1/10225 5185/1/10225 5186/1/10225
f 5165/1/10226 5186/1/10226 5166/1/10226
f 5166/1/10227 5186/1/10227 5187/1/10227
f 5166/1/10228 5187/1/10228 5167/1/10228
f 5167/1/10229 5187/1/10229 5188/1/10229
f 5167/1/10230 5188/1/10230 5168/1/10230
f 5168/1/10231 5188/1/10231 5169/1/10231
f 5168/1/10232 5169/1/10232 5149/1/10232
f 5169/1/10233 5189/1/10233 5190/1/10233
f 5169/1/10234 5190/1/10234 5170/1/10234
f 5170/1/10235 5190/1/10235 5191/1/10235
f 5170/1/10236 5191/1/10236 5171/1/10236
f 5171/1/10237 5191/1/10237 5192/1/10237
f 5171/1/10238 5192/1/10238 5172/1/10238
f 5172/1/10239 5192/1/10239 5193/1/10239
f 5172/1/10240 5193/1/10240 5173/1/10240
f 5173/1/10241 5193/1/10241 5194/1/10241
f 5173/1/10242 5194/1/10242 5174/1/10242
f 5174/1/10243 5194/1/10243 5195/1/10243
f 5174/1/10244 5195/1/10244 5175/1/10244
f 5175/1/10245 5195/1/10245 5196/1/10245
f 5175/1/10246 5196/1/10246 5176/1/10246
f 5176/1/10247 5196/1/10247 5197/1/10247
f 5176/1/10248 5197/1/10248 5177/1/10248
f 5177/1/10249 5197/1/10249 5198/1/10249
f 5177/1/10250 5198/1/10250 5178/1/10250
f 5178/1/10251 5198/1/10251 5199/1/10251
f 5178/1/10252 5199/1/10252 5179/1/10252
f 5179/1/10253 5199/1/10253 5200/1/10253
f 5179/1/10254 5200/1/10254 5180/1/10254
f 5180/1/10255 5200/1/10255 5201/1/10255
f 5180/1/10256 5201/1/10256 5181/1/10256
f 5181/1/10257 5201/1/10257 5202/1/10257
f 5181/1/10258 5202/1/10258 5182/1/10258
f 5182/1/10259 5202/1/10259 5203/1/10259
f 5182/1/10260 5203/1/10260 5183/1/10260
f 5183/1/10261 5203/1/10261 5204/1/10261
f 5183/1/10262 5204/1/10262 5184/1/10262
f 5184/1/10263 5204/1/10263 5205/1/10263
f 5184/1/10264 5205/1/10264 5185/1/10264
f 5185/1/10265 5205/1/10265 5206/1/10265
f 5185/1/10266 5206/1/10266 5186/1/10266
f 5186/1/10267 5206/1/10267 5207/1/10267
f 5186/1/10268 5207/1/10268 5187/1/10268
f 5187/1/10269 5207/1/10269 5208/1/10269
f 5187/1/10270 5208/1/10270 5188/1/10270
f 5188/1/10271 5208/1/10271 5189/1/10271
f 5188/1/10272 5189/1/10272 5169/1/10272
f 5189/1/10273 5209/1/10273 5210/1/10273
f 5189/1/10274 5210/1/10274 5190/1/10274
f 5190/1/10275 5210/1/10275 5211/1/10275
f 5190/1/10276 5211/1/10276 5191/1/10276
f 5191/1/10277 5211/1/10277 5212/1/10277
f 5191/1/10278 5212/1/10278 5192/1/10278
f 5192/1/10279 5212/1/10279 5213/1/10279
f 5192/1/10280 5213/1/10280 5193/1/10280
f 5193/1/10281 5213/1/10281 5214/1/10281
f 5193/1/10282 5214/1/10282 5194/1/10282
f 5194/1/10283 5214/1/10283 5215/1/10283
f 5194/1/10284 5215/1/10284 5195/1/10284
f 5195/1/10285 5215/1/10285 5216/1/10285
f 5195/1/10286 5216/1/10286 5196/1/10286
f 5196/1/10287 5216/1/10287 5217/1/10287
f 5196/1/10288 5217/1/10288 5197/1/10288
f 5197/1/10289 5217/1/10289 5218/1/10289
f 5197/1/10290 5218/1/10290 5198/1/10290
f 5198/1/10291 5218/1/10291 5219/1/10291
f 5198/1/10292 5219/1/10292 5199/1/10292
f 5199/1/10293 5219/1/10293 5220/1/10293
f 5199/1/10294 5220/1/10294 5200/1/10294
f 5200/1/10295 5220/1/10295 5221/1/10295
f 5200/1/10296 5221/1/10296 5201/1/10296
f 5201/1/10297 5221/1/10297 5222/1/10297
f 5201/1/10298 5222/1/10298 5202/1/10298
f 5202/1/10299 5222/1/10299 5223/1/10299
f 5202/1/10300 5223/1/10300 5203/1/10300
f 5203/1/10301 5223/1/10301 5224/1/10301
f 5203/1/10302 5224/1/10302 5204/1/10302
f 5204/1/10303 5224/1/10303 5225/1/10303
f 5204/1/10304 5225/1/10304 5205/1/10304
f 5205/1/10305 5225/1/10305 5226/1/10305
f 5205/1/10306 5226/1/10306 5206/1/10306
f 5206/1/10307 5226/1/10307 5227/1/10307
f 5206/1/10308 5227/1/10308 5207/1/10308
f 5207/1/10309 5227/1/10309 5228/1/10309
f 5207/1/10310 5228/1/10310 5208/1/10310
f 5208/1/10311 5228/1/10311 5209/1/10311
f 5208/1/10312 5209/1/10312 5189/1/10312
f 5209/1/10313 5229/1/10313 5230/1/10313
f 5209/1/10314 5230/1/10314 5210/1/10314
f 5210/1/10315 5230/1/10315 5231/1/10315
f 5210/1/10316 5231/1/10316 5211/1/10316
f 5211/1/10317 5231/1/10317 5232/1/10317
f 5211/1/10318 5232/1/10318 5212/1/10318
f 5212/1/10319 5232/1/10319 5233/1/10319
f 5212/1/10320 5233/1/10320 5213/1/10320
f 5213/1/10321 5233/1/10321 5234/1/10321
f 5213/1/10322 5234/1/10322 5214/1/10322
f 5214/1/10323 5234/1/10323 5235/1/10323
f 5214/1/10324 5235/1/10324 5215/1/10324
f 5215/1/10325 5235/1/10325 5236/1/10325
f 5215/1/10326 5236/1/10326 5216/1/10326
f 5216/1/10327 5236/1/10327 5237/1/10327
f 5216/1/10328 5237/1/10328 5217/1/10328
f 5217/1/10329 5237/1/10329 5238/1/10329
f 5217/1/10330 5238/1/10330 5218/1/10330
f 5218/1/10331 5238/1/10331 5239/1/10331
f 5218/1/10332 5239/1/10332 5219/1/10332
f 5219/1/10333 5239/1/10333 5240/1/10333
f 5219/1/10334 5240/1/10334 5220/1/10334
f 5220/1/10335 5240/1/10335 5241/1/10335
f 5220/1/10336 5241/1/10336 5221/1/10336
f 5221/1/10337 5241/1/10337 5242/1/10337
f 5221/1/10338 5242/1/10338 5222/1/10338
f 5222/1/10339 5242/1/10339 5243/1/10339
f 5222/1/10340 5243/1/10340 5223/1/10340
f 5223/1/10341 5243/1/10341 5244/1/10341
f 5223/1/10342 5244/1/10342 5224/1/10342
f 5224/1/10343 5244/1/10343 5245/1/10343
f 5224/1/10344 5245/1/10344 5225/1/10344
f 5225/1/10345 5245/1/10345 5246/1/10345
f 5225/1/10346 5246/1/10346 5226/1/10346
f 5226/1/10347 5246/1/10347 5247/1/10347
f 5226/1/10348 5247/1/10348 5227/1/10348
f 5227/1/10349 5247/1/10349 5248/1/10349
f 5227/1/10350 5248/1/10350 5228/1/10350
f 5228/1/10351 5248/1/10351 5229/1/10351
f 5228/1/10352 5229/1/10352 5209/1/10352
f 5229/1/10353 5249/1/10353 5250/1/10353
f 5229/1/10354 5250/1/10354 5230/1/10354
f 5230/1/10355 5250/1/10355 5251/1/10355
f 5230/1/10356 5251/1/10356 5231/1/10356
f 5231/1/10357 5251/1/10357 5252/1/10357
f 5231/1/10358 5252/1/10358 5232/1/10358
f 5232/1/10359 5252/1/10359 5253/1/10359
f 5232/1/10360 5253/1/10360 5233/1/10360
f 5233/1/10361 5253/1/10361 5254/1/10361
f 5233/1/10362 5254/1/10362 5234/1/10362
f 5234/1/10363 5254/1/10363 5255/1/10363
f 5234/1/10364 5255/1/10364 5235/1/10364
f 5235/1/10365 5255/1/10365 5256/1/10365
f 5235/1/10366 5256/1/10366 5236/1/10366
f 5236/1/10367 5256/1/10367 5257/1/10367
f 5236/1/10368 5257/1/10368 5237/1/10368
f 5237/1/10369 5257/1/10369 5258/1/10369
f 5237/1/10370 5258/1/10370 5238/1/10370
f 5238/1/10371 5258/1/10371 5259/1/10371
f 5238/1/10372 5259/1/10372 5239/1/10372
f 5239/1/10373 5259/1/10373 5260/1/10373
f 5239/1/10374 5260/1/10374 5240/1/10374
f 5240/1/10375 5260/1/10375 5261/1/10375
f 5240/1/10376 5261/1/10376 5241/1/10376
f 5241/1/10377 5261/1/10377 5262/1/10377
f 5241/1/10378 5262/1/10378 5242/1/10378
f 5242/1/10379 5262/1/10379 5263/1/10379
f 5242/1/10380 5263/1/10380 5243/1/10380
f 5243/1/10381 5263/1/10381 5264/1/10381
f 5243/1/10382 5264/1/10382 5244/1/10382
f 5244/1/10383 5264/1/10383 5265/1/10383
f 5244/1/10384 5265/1/10384 5245/1/10384
f 5245/1/10385 5265/1/10385 5266/1/10385
f 5245/1/10386 5266/1/10386 5246/1/10386
f 5246/1/10387 5266/1/10387 5267/1/10387
f 5246/1/10388 5267/1/10388 5247/1/10388
f 5247/1/10389 5267/1/10389 5268/1/10389
f 5247/1/10390 5268/1/10390 5248/1/10390
f 5248/1/10391 5268/1/10391 5249/1/10391
f 5248/1/10392 5249/1/10392 5229/1/10392
f 5249/1/10393 5269/1/10393 5270/1/10393
f 5249/1/10394 5270/1/10394 5250/1/10394
f 5250/1/10395 5270/1/10395 5271/1/10395
f 5250/1/10396 5271/1/10396 5251/1/10396
f 5251/1/10397 5271/1/10397 5272/1/10397
f 5251/1/10398 5272/1/10398 5252/1/10398
f 5252/1/10399 5272/1/10399 5273/1/10399
f 5252/1/10400 5273/1/10400 5253/1/10400
f 5253/1/10401 5273/1/10401 5274/1/10401
f 5253/1/10402 5274/1/10402 5254/1/10402
f 5254/1/10403 5274/1/10403 5275/1/10403
f 5254/1/10404 5275/1/10404 5255/1/10404
f 5255/1/10405 5275/1/10405 5276/1/10405
f 5255/1/10406 5276/1/10406 5256/1/10406
f 5256/1/10407 5276/1/10407 5277/1/10407
f 5256/1/10408 5277/1/10408 5257/1/10408
f 5257/1/10409 5277/1/10409 5278/1/10409
f 5257/1/10410 5278/1/10410 5258/1/10410
f 5258/1/10411 5278/1/10411 5279/1/10411
f 5258/1/10412 5279/1/10412 5259/1/10412
f 5259/1/10413 5279/1/10413 5280/1/10413
f 5259/1/10414 5280/1/10414 5260/1/10414
f 5260/1/10415 5280/1/10415 5281/1/10415
f 5260/1/10416 5281/1/10416 5261/1/10416
f 5261/1/10417 5281/1/10417 5282/1/10417
f 5261/1/10418 5282/1/10418 5262/1/10418
f 5262/1/10419 5282/1/10419 5283/1/10419
f 5262/1/10420 5283/1/10420 5263/1/10420
f 5263/1/10421 5283/1/10421 5284/1/10421
f 5263/1/10422 5284/1/10422 5264/1/10422
f 5264/1/10423 5284/1/10423 5285/1/10423
f 5264/1/10424 5285/1/10424 5265/1/10424
f 5265/1/10425 5285/1/10425 5286/1/10425
f 5265/1/10426 5286/1/10426 5266/1/10426
f 5266/1/10427 5286/1/10427 5287/1/10427
f 5266/1/10428 5287/1/10428 5267/1/10428
f 5267/1/10429 5287/1/10429 5288/1/10429
f 5267/1/10430 5288/1/10430 5268/1/10430
f 5268/1/10431 5288/1/10431 5269/1/10431
f 5268/1/10432 5269/1/10432 5249/1/10432
f 5289/1/10433 4809/1/10433 4810/1/10433
f 5289/1/10434 4810/1/10434 4811/1/10434
f 5289/1/10435 4811/1/10435 4812/1/10435
f 5289/1/10436 4812/1/10436 4813/1/10436
f 5289/1/10437 4813/1/10437 4814/1/10437
f 5289/1/10438 4814/1/10438 4815/1/10438
f 5289/1/10439 4815/1/10439 4816/1/10439
f 5289/1/10440 4816/1/10440 4817/1/10440
f 5289/1/10441 4817/1/10441 4818/1/10441
f 5289/1/10442 4818/1/10442 4819/1/10442
f 5289/1/10443 4819/1/10443 4820/1/10443
f 5289/1/10444 4820/1/10444 4821/1/10444
f 5289/1/10445 4821/1/10445 4822/1/10445
f 5289/1/10446 4822/1/10446 4823/1/10446
f 5289/1/10447 4823/1/10447 4824/1/10447
f 5289/1/10448 4824/1/10448 4825/1/10448
f 5289/1/10449 4825/1/10449 4826/1/10449
f 5289/1/10450 4826/1/10450 4827/1/10450
f 5289/1/10451 4827/1/10451 4828/1/10451
f 5289/1/10452 4828/1/10452 4809/1/10452
f 5290/1/10453 5270/1/10453 5269/1/10453
f 5290/1/10454 5271/1/10454 5270/1/10454
f 5290/1/10455 5272/1/10455 5271/1/10455
f 5290/1/10456 5273/1/10456 5272/1/10456
f 5290/1/10457 5274/1/10457 5273/1/10457
f 5290/1/10458 5275/1/10458 5274/1/10458
f 5290/1/10459 5276/1/10459 5275/1/10459
f 5290/1/10460 5277/1/10460 5276/1/10460
f 5290/1/10461 5278/1/10461 5277/1/10461
f 5290/1/10462 5279/1/10462 5278/1/10462
f 5290/1/10463 5280/1/10463 5279/1/10463
f 5290/1/10464 5281/1/10464 5280/1/10464
f 5290/1/10465 5282/1/10465 5281/1/10465
f 5290/1/10466 5283/1/10466 5282/1/10466
f 5290/1/10467 5284/1/10467 5283/1/10467
f 5290/1/10468 5285/1/10468 5284/1/10468
f 5290/1/10469 5286/1/10469 5285/1/10469
f 5290/1/10470 5287/1/10470 5286/1/10470
f 5290/1/10471 5288/1/10471 5287/1/10471
f 5290/1/10472 5269/1/10472 5288/1/10472
f 5291/1/10473 5293/1/10473 5292/1/10473
f 5292/1/10474 5293/1/10474 5301/1/10474
f 5292/1/10475 5301/1/10475 5300/1/10475
f 5300/1/10476 5301/1/10476 5309/1/10476
f 5300/1/10477 5309/1/10477 5308/1/10477
f 5308/1/10478 5309/1/10478 5317/1/10478
f 5308/1/10479 5317/1/10479 5316/1/10479
f 5324/1/10480 5316/1/10480 5317/1/10480
f 5291/1/10481 5294/1/10481 5293/1/10481
f 5293/1/10482 5294/1/10482 5302/1/10482
f 5293/1/10483 5302/1/10483 5301/1/10483
f 5301/1/10484 5302/1/10484 5310/1/10484
f 5301/1/10485 5310/1/10485 5309/1/10485
f 5309/1/10486 5310/1/10486 5318/1/10486
f 5309/1/10487 5318/1/10487 5317/1/10487
f 5324/1/10488 5317/1/10488 5318/1/10488
f 5291/1/10489 5295/1/10489 5294/1/10489
f 5294/1/10490 5295/1/10490 5303/1/10490
f 5294/1/10491 5303/1/10491 5302/1/10491
f 5302/1/10492 5303/1/10492 5311/1/10492
f 5302/1/10493 5311/1/10493 5310/1/10493
f 5310/1/10494 5311/1/10494 5319/1/10494
f 5310/1/10495 5319/1/10495 5318/1/10495
f 5324/1/10496 5318/1/10496 5319/1/10496
f 5291/1/10497 5296/1/10497 5295/1/10497
f 5295/1/10498 5296/1/10498 5304/1/10498
f 5295/1/10499 5304/1/10499 5303/1/10499
f 5303/1/10500 5304/1/10500 5312/1/10500
f 5303/1/10501 5312/1/10501 5311/1/10501
f 5311/1/10502 5312/1/10502 5320/1/10502
f 5311/1/10503 5320/1/10503 5319/1/10503
f 5324/1/10504 5319/1/10504 5320/1/10504
f 5291/1/10505 5297/1/10505 5296/1/10505
f 5296/1/10506 5297/1/10506 5305/1/10506
f 5296/1/10507 5305/1/10507 5304/1/10507
f 5304/1/10508 5305/1/10508 5313/1/10508
f 5304/1/10509 5313/1/10509 5312/1/10509
f 5312/1/10510 5313/1/10510 5321/1/10510
f 5312/1/10511 5321/1/10511 5320/1/10511
f 5324/1/10512 5320/1/10512 5321/1/10512
f 5291/1/10513 5298/1/10513 5297/1/10513
f 5297/1/10514 5298/1/10514 5306/1/10514
f 5297/1/10515 5306/1/10515 5305/1/10515
f 5305/1/10516 5306/1/10516 5314/1/10516
f 5305/1/10517 5314/1/10517 5313/1/10517
f 5313/1/10518 5314/1/10518 5322/1/10518
f 5313/1/10519 5322/1/10519 5321/1/10519
f 5324/1/10520 5321/1/10520 5322/1/10520
f 5291/1/10521 5299/1/10521 5298/1/10521
f 5298/1/10522 5299/1/10522 5307/1/10522
f 5298/1/10523 5307/1/10523 5306/1/10523
f 5306/1/10524 5307/1/10524 5315/1/10524
f 5306/1/10525 5315/1/10525 5314/1/10525
f 5314/1/10526 5315/1/10526 5323/1/10526
f 5314/1/10527 5323/1/10527 5322/1/10527
f 5324/1/10528 5322/1/10528 5323/1/10528
f 5291/1/10529 5292/1/10529 5299/1/10529
f 5299/1/10530 5292/1/10530 5300/1/10530
f 5299/1/10531 5300/1/10531 5307/1/10531
f 5307/1/10532 5300/1/10532 5308/1/10532
f 5307/1/10533 5308/1/10533 5315/1/10533
f 5315/1/10534 5308/1/10534 5316/1/10534
f 5315/1/10535 5316/1/10535 5323/1/10535
f 5324/1/10536 5323/1/10536 5316/1/10536
f 5325/1/10537 5327/1/10537 5326/1/10537
f 5326/1/10538 5327/1/10538 5335/1/10538
f 5326/1/10539 5335/1/10539 5334/1/10539
f 5334/1/10540 5335/1/10540 5343/1/10540
f 5334/1/10541 5343/1/10541 5342/1/10541
f 5342/1/10542 5343/1/10542 5351/1/10542
f 5342/1/10543 5351/1/10543 5350/1/10543
f 5358/1/10544 5350/1/10544 5351/1/10544
f 5325/1/10545 5328/1/10545 5327/1/10545
f 5327/1/10546 5328/1/10546 5336/1/10546
f 5327/1/10547 5336/1/10547 5335/1/10547
f 5335/1/10548 5336/1/10548 5344/1/10548
f 5335/1/10549 5344/1/10549 5343/1/10549
f 5343/1/10550 5344/1/10550 5352/1/10550
f 5343/1/10551 5352/1/10551 5351/1/10551
f 5358/1/10552 5351/1/10552 5352/1/10552
f 5325/1/10553 5329/1/10553 5328/1/10553
f 5328/1/10554 5329/1/10554 5337/1/10554
f 5328/1/10555 5337/1/10555 5336/1/10555
f 5336/1/10556 5337/1/10556 5345/1/10556
f 5336/1/10557 5345/1/10557 5344/1/10557
f 5344/1/10558 5345/1/10558 5353/1/10558
f 5344/1/10559 5353/1/10559 5352/1/10559
f 5358/1/10560 5352/1/10560 5353/1/10560
f 5325/1/10561 5330/1/10561 5329/1/10561
f 5329/1/10562 5330/1/10562 5338/1/10562
f 5329/1/10563 5338/1/10563 5337/1/10563
f 5337/1/10564 5338/1/10564 5346/1/10564
f 5337/1/10565 5346/1/10565 5345/1/10565
f 5345/1/10566 5346/1/10566 5354/1/10566
f 5345/1/10567 5354/1/10567 5353/1/10567
f 5358/1/10568 5353/1/10568 5354/1/10568
f 5325/1/10569 5331/1/10569 5330/1/10569
f 5330/1/10570 5331/1/10570 5339/1/10570
f 5330/1/10571 5339/1/10571 5338/1/10571
f 5338/1/10572 5339/1/10572 5347/1/10572
f 5338/1/10573 5347/1/10573 5346/1/10573
f 5346/1/10574 5347/1/10574 5355/1/10574
f 5346/1/10575 5355/1/10575 5354/1/10575
f 5358/1/10576 5354/1/10576 5355/1/10576
f 5325/1/10577 5332/1/10577 5331/1/10577
f 5331/1/10578 5332/1/10578 5340/1/10578
f 5331/1/10579 5340/1/10579 5339/1/10579
f 5339/1/10580 5340/1/10580 5348/1/10580
f 5339/1/10581 5348/1/10581 5347/1/10581
f 5347/1/10582 5348/1/10582 5356/1/10582
f 5347/1/10583 5356/1/10583 5355/1/10583
f 5358/1/10584 5355/1/10584 5356/1/10584
f 5325/1/10585 5333/1/10585 5332/1/10585
f 5332/1/10586 5333/1/10586 5341/1/10586
f 5332/1/10587 5341/1/10587 5340/1/10587
f 5340/1/10588 5341/1/10588 5349/1/10588
f 5340/1/10589 5349/1/10589 5348/1/10589
f 5348/1/10590 5349/1/10590 5357/1/10590
f 5348/1/10591 5357/1/10591 5356/1/10591
f 5358/1/10592 5356/1/10592 5357/1/10592
f 5325/1/10593 5326/1/10593 5333/1/10593
f 5333/1/10594 5326/1/10594 5334/1/10594
f 5333/1/10595 5334/1/10595 5341/1/10595
f 5341/1/10596 5334/1/10596 5342/1/10596
f 5341/1/10597 5342/1/10597 5349/1/10597
f 5349/1/10598 5342/1/10598 5350/1/10598
f 5349/1/10599 5350/1/10599 5357/1/10599
f 5358/1/10600 5357/1/10600 5350/1/10600
f 5359/1/10601 5361/1/10601 5360/1/10601
f 5360/1/10602 5361/1/10602 5369/1/10602
f 5360/1/10603 5369/1/10603 5368/1/10603
f 5368/1/10604 5369/1/10604 5377/1/10604
f 5368/1/10605 5377/1/10605 5376/1/10605
f 5376/1/10606 5377/1/10606 5385/1/10606
f 5376/1/10607 5385/1/10607 5384/1/10607
f 5392/1/10608 5384/1/10608 5385/1/10608
f 5359/1/10609 5362/1/10609 5361/1/10609
f 5361/1/10610 5362/1/10610 5370/1/10610
f 5361/1/10611 5370/1/10611 5369/1/10611
f 5369/1/10612 5370/1/10612 5378/1/10612
f 5369/1/10613 5378/1/10613 5377/1/10613
f 5377/1/10614 5378/1/10614 5386/1/10614
f 5377/1/10615 5386/1/10615 5385/1/10615
f 5392/1/10616 5385/1/10616 5386/1/10616
f 5359/1/10617 5363/1/10617 5362/1/10617
f 5362/1/10618 5363/1/10618 5371/1/10618
f 5362/1/10619 5371/1/10619 5370/1/10619
f 5370/1/10620 5371/1/10620 5379/1/10620
f 5370/1/10621 5379/1/10621 5378/1/10621
f 5378/1/10622 5379/1/10622 5387/1/10622
f 5378/1/10623 5387/1/10623 5386/1/10623
f 5392/1/10624 5386/1/10624 5387/1/10624
f 5359/1/10625 5364/1/10625 5363/1/10625
f 5363/1/10626 5364/1/10626 5372/1/10626
f 5363/1/10627 5372/1/10627 5371/1/10627
f 5371/1/10628 5372/1/10628 5380/1/10628
f 5371/1/10629 5380/1/10629 5379/1/10629
f 5379/1/10630 5380/1/10630 5388/1/10630
f 5379/1/10631 5388/1/10631 5387/1/10631
f 5392/1/10632 5387/1/10632 5388/1/10632
f 5359/1/10633 5365/1/10633 5364/1/10633
f 5364/1/10634 5365/1/10634 5373/1/10634
f 5364/1/10635 5373/1/10635 5372/1/10635
f 5372/1/10636 5373/1/10636 5381/1/10636
f 5372/1/10637 5381/1/10637 5380/1/10637
f 5380/1/10638 5381/1/10638 5389/1/10638
f 5380/1/10639 5389/1/10639 5388/1/10639
f 5392/1/10640 5388/1/10640 5389/1/10640
f 5359/1/10641 5366/1/10641 5365/1/10641
f 5365/1/10642 5366/1/10642 5374/1/10642
f 5365/1/10643 5374/1/10643 5373/1/10643
f 5373/1/10644 5374/1/10644 5382/1/10644
f 5373/1/10645 5382/1/10645 5381/1/10645
f 5381/1/10646 5382/1/10646 5390/1/10646
f 5381/1/10647 5390/1/10647 5389/1/10647
f 5392/1/10648 5389/1/10648 5390/1/10648
f 5359/1/10649 5367/1/10649 5366/1/10649
f 5366/1/10650 5367/1/10650 5375/1/10650
f 5366/1/10651 5375/1/10651 5374/1/10651
f 5374/1/10652 5375/1/10652 5383/1/10652
f 5374/1/10653 5383/1/10653 5382/1/10653
f 5382/1/10654 5383/1/10654 5391/1/10654
f 5382/1/10655 5391/1/10655 5390/1/10655
f 5392/1/10656 5390/1/10656 5391/1/10656
f 5359/1/10657 5360/1/10657 5367/1/10657
f 5367/1/10658 5360/1/10658 5368/1/10658
f 5367/1/10659 5368/1/10659 5375/1/10659
f 5375/1/10660 5368/1/10660 5376/1/10660
f 5375/1/10661 5376/1/10661 5383/1/10661
f 5383/1/10662 5376/1/10662 5384/1/10662
f 5383/1/10663 5384/1/10663 5391/1/10663
f 5392/1/10664 5391/1/10664 5384/1/10664
f 5393/1/10665 5395/1/10665 5394/1/10665
f 5394/1/10666 5395/1/10666 5403/1/10666
f 5394/1/10667 5403/1/10667 5402/1/10667
f 5402/1/10668 5403/1/10668 5411/1/10668
f 5402/1/10669 5411/1/10669 5410/1/10669
f 5410/1/10670 5411/1/10670 5419/1/10670
f 5410/1/10671 5419/1/10671 5418/1/10671
f 5426/1/10672 5418/1/10672 5419/1/10672
f 5393/1/10673 5396/1/10673 5395/1/10673
f 5395/1/10674 5396/1/10674 5404/1/10674
f 5395/1/10675 5404/1/10675 5403/1/10675
f 5403/1/10676 5404/1/10676 5412/1/10676
f 5403/1/10677 5412/1/10677 5411/1/10677
f 5411/1/10678 5412/1/10678 5420/1/10678
f 5411/1/10679 5420/1/10679 5419/1/10679
f 5426/1/10680 5419/1/10680 5420/1/10680
f 5393/1/10681 5397/1/10681 5396/1/10681
f 5396/1/10682 5397/1/10682 5405/1/10682
f 5396/1/10683 5405/1/10683 5404/1/10683
f 5404/1/10684 5405/1/10684 5413/1/10684
f 5404/1/10685 5413/1/10685 5412/1/10685
f 5412/1/10686 5413/1/10686 5421/1/10686
f 5412/1/10687 5421/1/10687 5420/1/10687
f 5426/1/10688 5420/1/10688 5421/1/10688
f 5393/1/10689 5398/1/10689 5397/1/10689
f 5397/1/10690 5398/1/10690 5406/1/10690
f 5397/1/10691 5406/1/10691 5405/1/10691
f 5405/1/10692 5406/1/10692 5414/1/10692
f 5405/1/10693 5414/1/10693 5413/1/10693
f 5413/1/10694 5414/1/10694 5422/1/10694
f 5413/1/10695 5422/1/10695 5421/1/10695
f 5426/1/10696 5421/1/10696 5422/1/10696
f 5393/1/10697 5399/1/10697 5398/1/10697
f 5398/1/10698 5399/1/10698 5407/1/10698
f 5398/1/10699 5407/1/10699 5406/1/10699
f 5406/1/10700 5407/1/10700 5415/1/10700
f 5406/1/10701 5415/1/10701 5414/1/10701
f 5414/1/10702 5415/1/10702 5423/1/10702
f 5414/1/10703 5423/1/10703 5422/1/10703
f 5426/1/10704 5422/1/10704 5423/1/10704
f 5393/1/10705 5400/1/10705 5399/1/10705
f 5399/1/10706 5400/1/10706 5408/1/10706
f 5399/1/10707 5408/1/10707 5407/1/10707
f 5407/1/10708 5408/1/10708 5416/1/10708
f 5407/1/10709 5416/1/10709 5415/1/10709
f 5415/1/10710 5416/1/10710 5424/1/10710
f 5415/1/10711 5424/1/10711 5423/1/10711
f 5426/1/10712 5423/1/10712 5424/1/10712
f 5393/1/10713 5401/1/10713 5400/1/10713
f 5400/1/10714 5401/1/10714 5409/1/10714
f 5400/1/10715 5409/1/10715 5408/1/10715
f 5408/1/10716 5409/1/10716 5417/1/10716
f 5408/1/10717 5417/1/10717 5416/1/10717
f 5416/1/10718 5417/1/10718 5425/1/10718
f 5416/1/10719 5425/1/10719 5424/1/10719
f 5426/1/10720 5424/1/10720 5425/1/10720
f 5393/1/10721 5394/1/10721 5401/1/10721
f 5401/1/10722 5394/1/10722 5402/1/10722
f 5401/1/10723 5402/1/10723 5409/1/10723
f 5409/1/10724 5402/1/10724 5410/1/10724
f 5409/1/10725 5410/1/10725 5417/1/10725
f 5417/1/10726 5410/1/10726 5418/1/10726
f 5417/1/10727 5418/1/10727 5425/1/10727
f 5426/1/10728 5425/1/10728 5418/1/10728
f 5427/1/10729 5432/1/10729 5431/1/10729
f 5427/1/10730 5428/1/10730 5432/1/10730
f 5427/1/10731 5428/1/10731 5436/1/10731
f 5427/1/10732 5436/1/10732 5435/1/10732
f 5432/1/10733 5431/1/10733 5439/1/10733
f 5432/1/10734 5439/1/10734 5440/1/10734
f 5428/1/10735 5433/1/10735 5432/1/10735
f 5428/1/10736 5429/1/10736 5433/1/10736
f 5428/1/10737 5429/1/10737 5437/1/10737
f 5428/1/10738 5437/1/10738 5436/1/10738
f 5433/1/10739 5432/1/10739 5440/1/10739
f 5433/1/10740 5440/1/10740 5441/1/10740
f 5429/1/10741 5434/1/10741 5433/1/10741
f 5429/1/10742 5430/1/10742 5434/1/10742
f 5429/1/10743 5430/1/10743 5438/1/10743
f 5429/1/10744 5438/1/10744 5437/1/10744
f 5434/1/10745 5433/1/10745 5441/1/10745
f 5434/1/10746 5441/1/10746 5442/1/10746
f 5430/1/10747 5431/1/10747 5434/1/10747
f 5430/1/10748 5427/1/10748 5431/1/10748
f 5430/1/10749 5427/1/10749 5435/1/10749
f 5430/1/10750 5435/1/10750 5438/1/10750
f 5431/1/10751 5434/1/10751 5442/1/10751
f 5431/1/10752 5442/1/10752 5439/1/10752
f 5438/1/10753 5435/1/10753 5436/1/10753
f 5442/1/10754 5440/1/10754 5439/1/10754
f 5436/1/10755 5437/1/10755 5438/1/10755
f 5440/1/10756 5442/1/10756 5441/1/10756
f 5443/1/10757 5448/1/10757 5447/1/10757
f 5443/1/10758 5444/1/10758 5448/1/10758
f 5443/1/10759 5444/1/10759 5452/1/10759
f 5443/1/10760 5452/1/10760 5451/1/10760
f 5448/1/10761 5447/1/10761 5455/1/10761
f 5448/1/10762 5455/1/10762 5456/1/10762
f 5444/1/10763 5449/1/10763 5448/1/10763
f 5444/1/10764 5445/1/10764 5449/1/10764
f 5444/1/10765 5445/1/10765 5453/1/10765
f 5444/1/10766 5453/1/10766 5452/1/10766
f 5449/1/10767 5448/1/10767 5456/1/10767
f 5449/1/10768 5456/1/10768 5457/1/10768
f 5445/1/10769 5450/1/10769 5449/1/10769
f 5445/1/10770 5446/1/10770 5450/1/10770
f 5445/1/10771 5446/1/10771 5454/1/10771
f 5445/1/10772 5454/1/10772 5453/1/10772
f 5450/1/10773 5449/1/10773 5457/1/10773
f 5450/1/10774 5457/1/10774 5458/1/10774
f 5446/1/10775 5447/1/10775 5450/1/10775
f 5446/1/10776 5443/1/10776 5447/1/10776
f 5446/1/10777 5443/1/10777 5451/1/10777
f 5446/1/10778 5451/1/10778 5454/1/10778
f 5447/1/10779 5450/1/10779 5458/1/10779
f 5447/1/10780 5458/1/10780 5455/1/10780
f 5454/1/10781 5451/1/10781 5452/1/10781
f 5458/1/10782 5456/1/10782 5455/1/10782
f 5452/1/10783 5453/1/10783 5454/1/10783
f 5456/1/10784 5458/1/10784 5457/1/10784
f 5459/1/10785 5464/1/10785 5463/1/10785
f 5459/1/10786 5460/1/10786 5464/1/10786
f 5459/1/10787 5460/1/10787 5468/1/10787
f 5459/1/10788 5468/1/10788 5467/1/10788
f 5464/1/10789 5463/1/10789 5471/1/10789
f 5464/1/10790 5471/1/10790 5472/1/10790
f 5460/1/10791 5465/1/10791 5464/1/10791
f 5460/1/10792 5461/1/10792 5465/1/10792
f 5460/1/10793 5461/1/10793 5469/1/10793
f 5460/1/10794 5469/1/10794 5468/1/10794
f 5465/1/10795 5464/1/10795 5472/1/10795
f 5465/1/10796 5472/1/10796 5473/1/10796
f 5461/1/10797 5466/1/10797 5465/1/10797
f 5461/1/10798 5462/1/10798 5466/1/10798
f 5461/1/10799 5462/1/10799 5470/1/10799
f 5461/1/10800 5470/1/10800 5469/1/10800
f 5466/1/10801 5465/1/10801 5473/1/10801
f 5466/1/10802 5473/1/10802 5474/1/10802
f 5462/1/10803 5463/1/10803 5466/1/10803
f 5462/1/10804 5459/1/10804 5463/1/10804
f 5462/1/10805 5459/1/10805 5467/1/10805
f 5462/1/10806 5467/1/10806 5470/1/10806
f 5463/1/10807 5466/1/10807 5474/1/10807
f 5463/1/10808 5474/1/10808 5471/1/10808
f 5470/1/10809 5467/1/10809 5468/1/10809
f 5474/1/10810 5472/1/10810 5471/1/10810
f 5468/1/10811 5469/1/10811 5470/1/10811
f 5472/1/10812 5474/1/10812 5473/1/10812
f 5475/1/10813 5477/1/10813 5476/1/10813
f 5476/1/10814 5477/1/10814 5487/1/10814
f 5476/1/10815 5487/1/10815 5486/1/10815
f 5486/1/10816 5487/1/10816 5497/1/10816
f 5486/1/10817 5497/1/10817 5496/1/10817
f 5496/1/10818 5497/1/10818 5507/1/10818
f 5496/1/10819 5507/1/10819 5506/1/10819
f 5506/1/10820 5507/1/10820 5517/1/10820
f 5506/1/10821 5517/1/10821 5516/1/10821
f 5526/1/10822 5516/1/10822 5517/1/10822
f 5475/1/10823 5478/1/10823 5477/1/10823
f 5477/1/10824 5478/1/10824 5488/1/10824
f 5477/1/10825 5488/1/10825 5487/1/10825
f 5487/1/10826 5488/1/10826 5498/1/10826
f 5487/1/10827 5498/1/10827 5497/1/10827
f 5497/1/10828 5498/1/10828 5508/1/10828
f 5497/1/10829 5508/1/10829 5507/1/10829
f 5507/1/10830 5508/1/10830 5518/1/10830
f 5507/1/10831 5518/1/10831 5517/1/10831
f 5526/1/10832 5517/1/10832 5518/1/10832
f 5475/1/10833 5479/1/10833 5478/1/10833
f 5478/1/10834 5479/1/10834 5489/1/10834
f 5478/1/10835 5489/1/10835 5488/1/10835
f 5488/1/10836 5489/1/10836 5499/1/10836
f 5488/1/10837 5499/1/10837 5498/1/10837
f 5498/1/10838 5499/1/10838 5509/1/10838
f 5498/1/10839 5509/1/10839 5508/1/10839
f 5508/1/10840 5509/1/10840 5519/1/10840
f 5508/1/10841 5519/1/10841 5518/1/10841
f 5526/1/10842 5518/1/10842 5519/1/10842
f 5475/1/10843 5480/1/10843 5479/1/10843
f 5479/1/10844 5480/1/10844 5490/1/10844
f 5479/1/10845 5490/1/10845 5489/1/10845
f 5489/1/10846 5490/1/10846 5500/1/10846
f 5489/1/10847 5500/1/10847 5499/1/10847
f 5499/1/10848 5500/1/10848 5510/1/10848
f 5499/1/10849 5510/1/10849 5509/1/10849
f 5509/1/10850 5510/1/10850 5520/1/10850
f 5509/1/10851 5520/1/10851 5519/1/10851
f 5526/1/10852 5519/1/10852 5520/1/10852
f 5475/1/10853 5481/1/10853 5480/1/10853
f 5480/1/10854 5481/1/10854 5491/1/10854
f 5480/1/10855 5491/1/10855 5490/1/10855
f 5490/1/10856 5491/1/10856 5501/1/10856
f 5490/1/10857 5501/1/10857 5500/1/10857
f 5500/1/10858 5501/1/10858 5511/1/10858
f 5500/1/10859 5511/1/10859 5510/1/10859
f 5510/1/10860 5511/1/10860 5521/1/10860
f 5510/1/10861 5521/1/10861 5520/1/10861
f 5526/1/10862 5520/1/10862 5521/1/10862
f 5475/1/10863 5482/1/10863 5481/1/10863
f 5481/1/10864 5482/1/10864 5492/1/10864
f 5481/1/10865 5492/1/10865 5491/1/10865
f 5491/1/10866 5492/1/10866 5502/1/10866
f 5491/1/10867 5502/1/10867 5501/1/10867
f 5501/1/10868 5502/1/10868 5512/1/10868
f 5501/1/10869 5512/1/10869 5511/1/10869
f 5511/1/10870 5512/1/10870 5522/1/10870
f 5511/1/10871 5522/1/10871 5521/1/10871
f 5526/1/10872 5521/1/10872 5522/1/10872
f 5475/1/10873 5483/1/10873 5482/1/10873
f 5482/1/10874 5483/1/10874 5493/1/10874
f 5482/1/10875 5493/1/10875 5492/1/10875
f 5492/1/10876 5493/1/10876 5503/1/10876
f 5492/1/10877 5503/1/10877 5502/1/10877
f 5502/1/10878 5503/1/10878 5513/1/10878
f 5502/1/10879 5513/1/10879 5512/1/10879
f 5512/1/10880 5513/1/10880 5523/1/10880
f 5512/1/10881 5523/1/10881 5522/1/10881
f 5526/1/10882 5522/1/10882 5523/1/10882
f 5475/1/10883 5484/1/10883 5483/1/10883
f 5483/1/10884 5484/1/10884 5494/1/10884
f 5483/1/10885 5494/1/10885 5493/1/10885
f 5493/1/10886 5494/1/10886 5504/1/10886
f 5493/1/10887 5504/1/10887 5503/1/10887
f 5503/1/10888 5504/1/10888 5514/1/10888
f 5503/1/10889 5514/1/10889 5513/1/10889
f 5513/1/10890 5514/1/10890 5524/1/10890
f 5513/1/10891 5524/1/10891 5523/1/10891
f 5526/1/10892 5523/1/10892 5524/1/10892
f 5475/1/10893 5485/1/10893 5484/1/10893
f 5484/1/10894 5485/1/10894 5495/1/10894
f 5484/1/10895 5495/1/10895 5494/1/10895
f 5494/1/10896 5495/1/10896 5505/1/10896
f 5494/1/10897 5505/1/10897 5504/1/10897
f 5504/1/10898 5505/1/10898 5515/1/10898
f 5504/1/10899 5515/1/10899 5514/1/10899
f 5514/1/10900 5515/1/10900 5525/1/10900
f 5514/1/10901 5525/1/10901 5524/1/10901
f 5526/1/10902 5524/1/10902 5525/1/10902
f 5475/1/10903 5476/1/10903 5485/1/10903
f 5485/1/10904 5476/1/10904 5486/1/10904
f 5485/1/10905 5486/1/10905 5495/1/10905
f 5495/1/10906 5486/1/10906 5496/1/10906
f 5495/1/10907 5496/1/10907 5505/1/10907
f 5505/1/10908 5496/1/10908 5506/1/10908
f 5505/1/10909 5506/1/10909 5515/1/10909
f 5515/1/10910 5506/1/10910 5516/1/10910
f 5515/1/10911 5516/1/10911 5525/1/10911
f 5526/1/10912 5525/1/10912 5516/1/10912
f 5527/1/10913 5529/1/10913 5528/1/10913
f 5528/1/10914 5529/1/10914 5539/1/10914
f 5528/1/10915 5539/1/10915 5538/1/10915
f 5538/1/10916 5539/1/10916 5549/1/10916
f 5538/1/10917 5549/1/10917 5548/1/10917
f 5548/1/10918 5549/1/10918 5559/1/10918
f 5548/1/10919 5559/1/10919 5558/1/10919
f 5558/1/10920 5559/1/10920 5569/1/10920
f 5558/1/10921 5569/1/10921 5568/1/10921
f 5578/1/10922 5568/1/10922 5569/1/10922
f 5527/1/10923 5530/1/10923 5529/1/10923
f 5529/1/10924 5530/1/10924 5540/1/10924
f 5529/1/10925 5540/1/10925 5539/1/10925
f 5539/1/10926 5540/1/10926 5550/1/10926
f 5539/1/10927 5550/1/10927 5549/1/10927
f 5549/1/10928 5550/1/10928 5560/1/10928
f 5549/1/10929 5560/1/10929 5559/1/10929
f 5559/1/10930 5560/1/10930 5570/1/10930
f 5559/1/10931 5570/1/10931 5569/1/10931
f 5578/1/10932 5569/1/10932 5570/1/10932
f 5527/1/10933 5531/1/10933 5530/1/10933
f 5530/1/10934 5531/1/10934 5541/1/10934
f 5530/1/10935 5541/1/10935 5540/1/10935
f 5540/1/10936 5541/1/10936 5551/1/10936
f 5540/1/10937 5551/1/10937 5550/1/10937
f 5550/1/10938 5551/1/10938 5561/1/10938
f 5550/1/10939 5561/1/10939 5560/1/10939
f 5560/1/10940 5561/1/10940 5571/1/10940
f 5560/1/10941 5571/1/10941 5570/1/10941
f 5578/1/10942 5570/1/10942 5571/1/10942
f 5527/1/10943 5532/1/10943 5531/1/10943
f 5531/1/10944 5532/1/10944 5542/1/10944
f 5531/1/10945 5542/1/10945 5541/1/10945
f 5541/1/10946 5542/1/10946 5552/1/10946
f 5541/1/10947 5552/1/10947 5551/1/10947
f 5551/1/10948 5552/1/10948 5562/1/10948
f 5551/1/10949 5562/1/10949 5561/1/10949
f 5561/1/10950 5562/1/10950 5572/1/10950
f 5561/1/10951 5572/1/10951 5571/1/10951
f 5578/1/10952 5571/1/10952 5572/1/10952
f 5527/1/10953 5533/1/10953 5532/1/10953
f 5532/1/10954 5533/1/10954 5543/1/10954
f 5532/1/10955 5543/1/10955 5542/1/10955
f 5542/1/10956 5543/1/10956 5553/1/10956
f 5542/1/10957 5553/1/10957 5552/1/10957
f 5552/1/10958 5553/1/10958 5563/1/10958
f 5552/1/10959 5563/1/10959 5562/1/10959
f 5562/1/10960 5563/1/10960 5573/1/10960
f 5562/1/10961 5573/1/10961 5572/1/10961
f 5578/1/10962 5572/1/10962 5573/1/10962
f 5527/1/10963 5534/1/10963 5533/1/10963
f 5533/1/10964 5534/1/10964 5544/1/10964
f 5533/1/10965 5544/1/10965 5543/1/10965
f 5543/1/10966 5544/1/10966 5554/1/10966
f 5543/1/10967 5554/1/10967 5553/1/10967
f 5553/1/10968 5554/1/10968 5564/1/10968
f 5553/1/10969 5564/1/10969 5563/1/10969
f 5563/1/10970 5564/1/10970 5574/1/10970
f 5563/1/10971 5574/1/10971 5573/1/10971
f 5578/1/10972 5573/1/10972 5574/1/10972
f 5527/1/10973 5535/1/10973 5534/1/10973
f 5534/1/10974 5535/1/10974 5545/1/10974
f 5534/1/10975 5545/1/10975 5544/1/10975
f 5544/1/10976 5545/1/10976 5555/1/10976
f 5544/1/10977 5555/1/10977 5554/1/10977
f 5554/1/10978 5555/1/10978 5565/1/10978
f 5554/1/10979 5565/1/10979 5564/1/10979
f 5564/1/10980 5565/1/10980 5575/1/10980
f 5564/1/10981 5575/1/10981 5574/1/10981
f 5578/1/10982 5574/1/10982 5575/1/10982
f 5527/1/10983 5536/1/10983 5535/1/10983
f 5535/1/10984 5536/1/10984 5546/1/10984
f 5535/1/10985 5546/1/10985 5545/1/10985
f 5545/1/10986 5546/1/10986 5556/1/10986
f 5545/1/10987 5556/1/10987 5555/1/10987
f 5555/1/10988 5556/1/10988 5566/1/10988
f 5555/1/10989 5566/1/10989 5565/1/10989
f 5565/1/10990 5566/1/10990 5576/1/10990
f 5565/1/10991 5576/1/10991 5575/1/10991
f 5578/1/10992 5575/1/10992 5576/1/10992
f 5527/1/10993 5537/1/10993 5536/1/10993
f 5536/1/10994 5537/1/10994 5547/1/10994
f 5536/1/10995 5547/1/10995 5546/1/10995
f 5546/1/10996 5547/1/10996 5557/1/10996
f 5546/1/10997 5557/1/10997 5556/1/10997
f 5556/1/10998 5557/1/10998 5567/1/10998
f 5556/1/10999 5567/1/10999 5566/1/10999
f 5566/1/11000 5567/1/11000 5577/1/11000
f 5566/1/11001 5577/1/11001 5576/1/11001
f 5578/1/11002 5576/1/11002 5577/1/11002
f 5527/1/11003 5528/1/11003 5537/1/11003
f 5537/1/11004 5528/1/11004 5538/1/11004
f 5537/1/11005 5538/1/11005 5547/1/11005
f 5547/1/11006 5538/1/11006 5548/1/11006
f 5547/1/11007 5548/1/11007 5557/1/11007
f 5557/1/11008 5548/1/11008 5558/1/11008
f 5557/1/11009 5558/1/11009 5567/1/11009
f 5567/1/11010 5558/1/11010 5568/1/11010
f 5567/1/11011 5568/1/11011 5577/1/11011
f 5578/1/11012 5577/1/11012 5568/1/11012
f 5579/1/11013 5581/1/11013 5580/1/11013
f 5580/1/11014 5581/1/11014 5591/1/11014
f 5580/1/11015 5591/1/11015 5590/1/11015
f 5590/1/11016 5591/1/11016 5601/1/11016
f 5590/1/11017 5601/1/11017 5600/1/11017
f 5600/1/11018 5601/1/11018 5611/1/11018
f 5600/1/11019 5611/1/11019 5610/1/11019
f 5610/1/11020 5611/1/11020 5621/1/11020
f 5610/1/11021 5621/1/11021 5620/1/11021
f 5630/1/11022 5620/1/11022 5621/1/11022
f 5579/1/11023 5582/1/11023 5581/1/11023
f 5581/1/11024 5582/1/11024 5592/1/11024
f 5581/1/11025 5592/1/11025 5591/1/11025
f 5591/1/11026 5592/1/11026 5602/1/11026
f 5591/1/11027 5602/1/11027 5601/1/11027
f 5601/1/11028 5602/1/11028 5612/1/11028
f 5601/1/11029 5612/1/11029 5611/1/11029
f 5611/1/11030 5612/1/11030 5622/1/11030
f 5611/1/11031 5622/1/11031 5621/1/11031
f 5630/1/11032 5621/1/11032 5622/1/11032
f 5579/1/11033 5583/1/11033 5582/1/11033
f 5582/1/11034 5583/1/11034 5593/1/11034
f 5582/1/11035 5593/1/11035 5592/1/11035
f 5592/1/11036 5593/1/11036 5603/1/11036
f 5592/1/11037 5603/1/11037 5602/1/11037
f 5602/1/11038 5603/1/11038 5613/1/11038
f 5602/1/11039 5613/1/11039 5612/1/11039
f 5612/1/11040 5613/1/11040 5623/1/11040
f 5612/1/11041 5623/1/11041 5622/1/11041
f 5630/1/11042 5622/1/11042 5623/1/11042
f 5579/1/11043 5584/1/11043 5583/1/11043
f 5583/1/11044 5584/1/11044 5594/1/11044
f 5583/1/11045 5594/1/11045 5593/1/11045
f 5593/1/11046 5594/1/11046 5604/1/11046
f 5593/1/11047 5604/1/11047 5603/1/11047
f 5603/1/11048 5604/1/11048 5614/1/11048
f 5603/1/11049 5614/1/11049 5613/1/11049
f 5613/1/11050 5614/1/11050 5624/1/11050
f 5613/1/11051 5624/1/11051 5623/1/11051
f 5630/1/11052 5623/1/11052 5624/1/11052
f 5579/1/11053 5585/1/11053 5584/1/11053
f 5584/1/11054 5585/1/11054 5595/1/11054
f 5584/1/11055 5595/1/11055 5594/1/11055
f 5594/1/11056 5595/1/11056 5605/1/11056
f 5594/1/11057 5605/1/11057 5604/1/11057
f 5604/1/11058 5605/1/11058 5615/1/11058
f 5604/1/11059 5615/1/11059 5614/1/11059
f 5614/1/11060 5615/1/11060 5625/1/11060
f 5614/1/11061 5625/1/11061 5624/1/11061
f 5630/1/11062 5624/1/11062 5625/1/11062
f 5579/1/11063 5586/1/11063 5585/1/11063
f 5585/1/11064 5586/1/11064 5596/1/11064
f 5585/1/11065 5596/1/11065 5595/1/11065
f 5595/1/11066 5596/1/11066 5606/1/11066
f 5595/1/11067 5606/1/11067 5605/1/11067
f 5605/1/11068 5606/1/11068 5616/1/11068
f 5605/1/11069 5616/1/11069 5615/1/11069
f 5615/1/11070 5616/1/11070 5626/1/11070
f 5615/1/11071 5626/1/11071 5625/1/11071
f 5630/1/11072 5625/1/11072 5626/1/11072
f 5579/1/11073 5587/1/11073 5586/1/11073
f 5586/1/11074 5587/1/11074 5597/1/11074
f 5586/1/11075 5597/1/11075 5596/1/11075
f 5596/1/11076 5597/1/11076 5607/1/11076
f 5596/1/11077 5607/1/11077 5606/1/11077
f 5606/1/11078 5607/1/11078 5617/1/11078
f 5606/1/11079 5617/1/11079 5616/1/11079
f 5616/1/11080 5617/1/11080 5627/1/11080
f 5616/1/11081 5627/1/11081 5626/1/11081
f 5630/1/11082 5626/1/11082 5627/1/11082
f 5579/1/11083 5588/1/11083 5587/1/11083
f 5587/1/11084 5588/1/11084 5598/1/11084
f 5587/1/11085 5598/1/11085 5597/1/11085
f 5597/1/11086 5598/1/11086 5608/1/11086
f 5597/1/11087 5608/1/11087 5607/1/11087
f 5607/1/11088 5608/1/11088 5618/1/11088
f 5607/1/11089 5618/1/11089 5617/1/11089
f 5617/1/11090 5618/1/11090 5628/1/11090
f 5617/1/11091 5628/1/11091 5627/1/11091
f 5630/1/11092 5627/1/11092 5628/1/11092
f 5579/1/11093 5589/1/11093 5588/1/11093
f 5588/1/11094 5589/1/11094 5599/1/11094
f 5588/1/11095 5599/1/11095 5598/1/11095
f 5598/1/11096 5599/1/11096 5609/1/11096
f 5598/1/11097 5609/1/11097 5608/1/11097
f 5608/1/11098 5609/1/11098 5619/1/11098
f 5608/1/11099 5619/1/11099 5618/1/11099
f 5618/1/11100 5619/1/11100 5629/1/11100
f 5618/1/11101 5629/1/11101 5628/1/11101
f 5630/1/11102 5628/1/11102 5629/1/11102
f 5579/1/11103 5580/1/11103 5589/1/11103
f 5589/1/11104 5580/1/11104 5590/1/11104
f 5589/1/11105 5590/1/11105 5599/1/11105
f 5599/1/11106 5590/1/11106 5600/1/11106
f 5599/1/11107 5600/1/11107 5609/1/11107
f 5609/1/11108 5600/1/11108 5610/1/11108
f 5609/1/11109 5610/1/11109 5619/1/11109
f 5619/1/11110 5610/1/11110 5620/1/11110
f 5619/1/11111 5620/1/11111 5629/1/11111
f 5630/1/11112 5629/1/11112 5620/1/11112
f 5631/1/11113 5633/1/11113 5632/1/11113
f 5632/1/11114 5633/1/11114 5643/1/11114
f 5632/1/11115 5643/1/11115 5642/1/11115
f 5642/1/11116 5643/1/11116 5653/1/11116
f 5642/1/11117 5653/1/11117 5652/1/11117
f 5652/1/11118 5653/1/11118 5663/1/11118
f 5652/1/11119 5663/1/11119 5662/1/11119
f 5662/1/11120 5663/1/11120 5673/1/11120
f 5662/1/11121 5673/1/11121 5672/1/11121
f 5682/1/11122 5672/1/11122 5673/1/11122
f 5631/1/11123 5634/1/11123 5633/1/11123
f 5633/1/11124 5634/1/11124 5644/1/11124
f 5633/1/11125 5644/1/11125 5643/1/11125
f 5643/1/11126 5644/1/11126 5654/1/11126
f 5643/1/11127 5654/1/11127 5653/1/11127
f 5653/1/11128 5654/1/11128 5664/1/11128
f 5653/1/11129 5664/1/11129 5663/1/11129
f 5663/1/11130 5664/1/11130 5674/1/11130
f 5663/1/11131 5674/1/11131 5673/1/11131
f 5682/1/11132 5673/1/11132 5674/1/11132
f 5631/1/11133 5635/1/11133 5634/1/11133
f 5634/1/11134 5635/1/11134 5645/1/11134
f 5634/1/11135 5645/1/11135 5644/1/11135
f 5644/1/11136 5645/1/11136 5655/1/11136
f 5644/1/11137 5655/1/11137 5654/1/11137
f 5654/1/11138 5655/1/11138 5665/1/11138
f 5654/1/11139 5665/1/11139 5664/1/11139
f 5664/1/11140 5665/1/11140 5675/1/11140
f 5664/1/11141 5675/1/11141 5674/1/11141
f 5682/1/11142 5674/1/11142 5675/1/11142
f 5631/1/11143 5636/1/11143 5635/1/11143
f 5635/1/11144 5636/1/11144 5646/1/11144
f 5635/1/11145 5646/1/11145 5645/1/11145
f 5645/1/11146 5646/1/11146 5656/1/11146
f 5645/1/11147 5656/1/11147 5655/1/11147
f 5655/1/11148 5656/1/11148 5666/1/11148
f 5655/1/11149 5666/1/11149 5665/1/11149
f 5665/1/11150 5666/1/11150 5676/1/11150
f 5665/1/11151 5676/1/11151 5675/1/11151
f 5682/1/11152 5675/1/11152 5676/1/11152
f 5631/1/11153 5637/1/11153 5636/1/11153
f 5636/1/11154 5637/1/11154 5647/1/11154
f 5636/1/11155 5647/1/11155 5646/1/11155
f 5646/1/11156 5647/1/11156 5657/1/11156
f 5646/1/11157 5657/1/11157 5656/1/11157
f 5656/1/11158 5657/1/11158 5667/1/11158
f 5656/1/11159 5667/1/11159 5666/1/11159
f 5666/1/11160 5667/1/11160 5677/1/11160
f 5666/1/11161 5677/1/11161 5676/1/11161
f 5682/1/11162 5676/1/11162 5677/1/11162
f 5631/1/11163 5638/1/11163 5637/1/11163
f 5637/1/11164 5638/1/11164 5648/1/11164
f 5637/1/11165 5648/1/11165 5647/1/11165
f 5647/1/11166 5648/1/11166 5658/1/11166
f 5647/1/11167 5658/1/11167 5657/1/11167
f 5657/1/11168 5658/1/11168 5668/1/11168
f 5657/1/11169 5668/1/11169 5667/1/11169
f 5667/1/11170 5668/1/11170 5678/1/11170
f 5667/1/11171 5678/1/11171 5677/1/11171
f 5682/1/11172 5677/1/11172 5678/1/11172
f 5631/1/11173 5639/1/11173 5638/1/11173
f 5638/1/11174 5639/1/11174 5649/1/11174
f 5638/1/11175 5649/1/11175 5648/1/11175
f 5648/1/11176 5649/1/11176 5659/1/11176
f 5648/1/11177 5659/1/11177 5658/1/11177
f 5658/1/11178 5659/1/11178 5669/1/11178
f 5658/1/11179 5669/1/11179 5668/1/11179
f 5668/1/11180 5669/1/11180 5679/1/11180
f 5668/1/11181 5679/1/11181 5678/1/11181
f 5682/1/11182 5678/1/11182 5679/1/11182
f 5631/1/11183 5640/1/11183 5639/1/11183
f 5639/1/11184 5640/1/11184 5650/1/11184
f 5639/1/11185 5650/1/11185 5649/1/11185
f 5649/1/11186 5650/1/11186 5660/1/11186
f 5649/1/11187 5660/1/11187 5659/1/11187
f 5659/1/11188 5660/1/11188 5670/1/11188
f 5659/1/11189 5670/1/11189 5669/1/11189
f 5669/1/11190 5670/1/11190 5680/1/11190
f 5669/1/11191 5680/1/11191 5679/1/11191
f 5682/1/11192 5679/1/11192 5680/1/11192
f 5631/1/11193 5641/1/11193 5640/1/11193
f 5640/1/11194 5641/1/11194 5651/1/11194
f 5640/1/11195 5651/1/11195 5650/1/11195
f 5650/1/11196 5651/1/11196 5661/1/11196
f 5650/1/11197 5661/1/11197 5660/1/11197
f 5660/1/11198 5661/1/11198 5671/1/11198
f 5660/1/11199 5671/1/11199 5670/1/11199
f 5670/1/11200 5671/1/11200 5681/1/11200
f 5670/1/11201 5681/1/11201 5680/1/11201
f 5682/1/11202 5680/1/11202 5681/1/11202
f 5631/1/11203 5632/1/11203 5641/1/11203
f 5641/1/11204 5632/1/11204 5642/1/11204
f 5641/1/11205 5642/1/11205 5651/1/11205
f 5651/1/11206 5642/1/11206 5652/1/11206
f 5651/1/11207 5652/1/11207 5661/1/11207
f 5661/1/11208 5652/1/11208 5662/1/11208
f 5661/1/11209 5662/1/11209 5671/1/11209
f 5671/1/11210 5662/1/11210 5672/1/11210
f 5671/1/11211 5672/1/11211 5681/1/11211
f 5682/1/11212 5681/1/11212 5672/1/11212
f 5683/1/11213 5685/1/11213 5684/1/11213
f 5684/1/11214 5685/1/11214 5695/1/11214
f 5684/1/11215 5695/1/11215 5694/1/11215
f 5694/1/11216 5695/1/11216 5705/1/11216
f 5694/1/11217 5705/1/11217 5704/1/11217
f 5704/1/11218 5705/1/11218 5715/1/11218
f 5704/1/11219 5715/1/11219 5714/1/11219
f 5714/1/11220 5715/1/11220 5725/1/11220
f 5714/1/11221 5725/1/11221 5724/1/11221
f 5734/1/11222 5724/1/11222 5725/1/11222
f 5683/1/11223 5686/1/11223 5685/1/11223
f 5685/1/11224 5686/1/11224 5696/1/11224
f 5685/1/11225 5696/1/11225 5695/1/11225
f 5695/1/11226 5696/1/11226 5706/1/11226
f 5695/1/11227 5706/1/11227 5705/1/11227
f 5705/1/11228 5706/1/11228 5716/1/11228
f 5705/1/11229 5716/1/11229 5715/1/11229
f 5715/1/11230 5716/1/11230 5726/1/11230
f 5715/1/11231 5726/1/11231 5725/1/11231
f 5734/1/11232 5725/1/11232 5726/1/11232
f 5683/1/11233 5687/1/11233 5686/1/11233
f 5686/1/11234 5687/1/11234 5697/1/11234
f 5686/1/11235 5697/1/11235 5696/1/11235
f 5696/1/11236 5697/1/11236 5707/1/11236
f 5696/1/11237 5707/1/11237 5706/1/11237
f 5706/1/11238 5707/1/11238 5717/1/11238
f 5706/1/11239 5717/1/11239 5716/1/11239
f 5716/1/11240 5717/1/11240 5727/1/11240
f 5716/1/11241 5727/1/11241 5726/1/11241
f 5734/1/11242 5726/1/11242 5727/1/11242
f 5683/1/11243 5688/1/11243 5687/1/11243
f 5687/1/11244 5688/1/11244 5698/1/11244
f 5687/1/11245 5698/1/11245 5697/1/11245
f 5697/1/11246 5698/1/11246 5708/1/11246
f 5697/1/11247 5708/1/11247 5707/1/11247
f 5707/1/11248 5708/1/11248 5718/1/11248
f 5707/1/11249 5718/1/11249 5717/1/11249
f 5717/1/11250 5718/1/11250 5728/1/11250
f 5717/1/11251 5728/1/11251 5727/1/11251
f 5734/1/11252 5727/1/11252 5728/1/11252
f 5683/1/11253 5689/1/11253 5688/1/11253
f 5688/1/11254 5689/1/11254 5699/1/11254
f 5688/1/11255 5699/1/11255 5698/1/11255
f 5698/1/11256 5699/1/11256 5709/1/11256
f 5698/1/11257 5709/1/11257 5708/1/11257
f 5708/1/11258 5709/1/11258 5719/1/11258
f 5708/1/11259 5719/1/11259 5718/1/11259
f 5718/1/11260 5719/1/11260 5729/1/11260
f 5718/1/11261 5729/1/11261 5728/1/11261
f 5734/1/11262 5728/1/11262 5729/1/11262
f 5683/1/11263 5690/1/11263 5689/1/11263
f 5689/1/11264 5690/1/11264 5700/1/11264
f 5689/1/11265 5700/1/11265 5699/1/11265
f 5699/1/11266 5700/1/11266 5710/1/11266
f 5699/1/11267 5710/1/11267 5709/1/11267
f 5709/1/11268 5710/1/11268 5720/1/11268
f 5709/1/11269 5720/1/11269 5719/1/11269
f 5719/1/11270 5720/1/11270 5730/1/11270
f 5719/1/11271 5730/1/11271 5729/1/11271
f 5734/1/11272 5729/1/11272 5730/1/11272
f 5683/1/11273 5691/1/11273 5690/1/11273
f 5690/1/11274 5691/1/11274 5701/1/11274
f 5690/1/11275 5701/1/11275 5700/1/11275
f 5700/1/11276 5701/1/11276 5711/1/11276
f 5700/1/11277 5711/1/11277 5710/1/11277
f 5710/1/11278 5711/1/11278 5721/1/11278
f 5710/1/11279 5721/1/11279 5720/1/11279
f 5720/1/11280 5721/1/11280 5731/1/11280
f 5720/1/11281 5731/1/11281 5730/1/11281
f 5734/1/11282 5730/1/11282 5731/1/11282
f 5683/1/11283 5692/1/11283 5691/1/11283
f 5691/1/11284 5692/1/11284 5702/1/11284
f 5691/1/11285 5702/1/11285 5701/1/11285
f 5701/1/11286 5702/1/11286 5712/1/11286
f 5701/1/11287 5712/1/11287 5711/1/11287
f 5711/1/11288 5712/1/11288 5722/1/11288
f 5711/1/11289 5722/1/11289 5721/1/11289
f 5721/1/11290 5722/1/11290 5732/1/11290
f 5721/1/11291 5732/1/11291 5731/1/11291
f 5734/1/11292 5731/1/11292 5732/1/11292
f 5683/1/11293 5693/1/11293 5692/1/11293
f 5692/1/11294 5693/1/11294 5703/1/11294
f 5692/1/11295 5703/1/11295 5702/1/11295
f 5702/1/11296 5703/1/11296 5713/1/11296
f 5702/1/11297 5713/1/11297 5712/1/11297
f 5712/1/11298 5713/1/11298 5723/1/11298
f 5712/1/11299 5723/1/11299 5722/1/11299
f 5722/1/11300 5723/1/11300 5733/1/11300
f 5722/1/11301 5733/1/11301 5732/1/11301
f 5734/1/11302 5732/1/11302 5733/1/11302
f 5683/1/11303 5684/1/11303 5693/1/11303
f 5693/1/11304 5684/1/11304 5694/1/11304
f 5693/1/11305 5694/1/11305 5703/1/11305
f 5703/1/11306 5694/1/11306 5704/1/11306
f 5703/1/11307 5704/1/11307 5713/1/11307
f 5713/1/11308 5704/1/11308 5714/1/11308
f 5713/1/11309 5714/1/11309 5723/1/11309
f 5723/1/11310 5714/1/11310 5724/1/11310
f 5723/1/11311 5724/1/11311 5733/1/11311
f 5734/1/11312 5733/1/11312 5724/1/11312
f 5735/1/11313 5737/1/11313 5736/1/11313
f 5736/1/11314 5737/1/11314 5747/1/11314
f 5736/1/11315 5747/1/11315 5746/1/11315
f 5746/1/11316 5747/1/11316 5757/1/11316
f 5746/1/11317 5757/1/11317 5756/1/11317
f 5756/1/11318 5757/1/11318 5767/1/11318
f 5756/1/11319 5767/1/11319 5766/1/11319
f 5766/1/11320 5767/1/11320 5777/1/11320
f 5766/1/11321 5777/1/11321 5776/1/11321
f 5786/1/11322 5776/1/11322 5777/1/11322
f 5735/1/11323 5738/1/11323 5737/1/11323
f 5737/1/11324 5738/1/11324 5748/1/11324
f 5737/1/11325 5748/1/11325 5747/1/11325
f 5747/1/11326 5748/1/11326 5758/1/11326
f 5747/1/11327 5758/1/11327 5757/1/11327
f 5757/1/11328 5758/1/11328 5768/1/11328
f 5757/1/11329 5768/1/11329 5767/1/11329
f 5767/1/11330 5768/1/11330 5778/1/11330
f 5767/1/11331 5778/1/11331 5777/1/11331
f 5786/1/11332 5777/1/11332 5778/1/11332
f 5735/1/11333 5739/1/11333 5738/1/11333
f 5738/1/11334 5739/1/11334 5749/1/11334
f 5738/1/11335 5749/1/11335 5748/1/11335
f 5748/1/11336 5749/1/11336 5759/1/11336
f 5748/1/11337 5759/1/11337 5758/1/11337
f 5758/1/11338 5759/1/11338 5769/1/11338
f 5758/1/11339 5769/1/11339 5768/1/11339
f 5768/1/11340 5769/1/11340 5779/1/11340
f 5768/1/11341 5779/1/11341 5778/1/11341
f 5786/1/11342 5778/1/11342 5779/1/11342
f 5735/1/11343 5740/1/11343 5739/1/11343
f 5739/1/11344 5740/1/11344 5750/1/11344
f 5739/1/11345 5750/1/11345 5749/1/11345
f 5749/1/11346 5750/1/11346 5760/1/11346
f 5749/1/11347 5760/1/11347 5759/1/11347
f 5759/1/11348 5760/1/11348 5770/1/11348
f 5759/1/11349 5770/1/11349 5769/1/11349
f 5769/1/11350 5770/1/11350 5780/1/11350
f 5769/1/11351 5780/1/11351 5779/1/11351
f 5786/1/11352 5779/1/11352 5780/1/11352
f 5735/1/11353 5741/1/11353 5740/1/11353
f 5740/1/11354 5741/1/11354 5751/1/11354
f 5740/1/11355 5751/1/11355 5750/1/11355
f 5750/1/11356 5751/1/11356 5761/1/11356
f 5750/1/11357 5761/1/11357 5760/1/11357
f 5760/1/11358 5761/1/11358 5771/1/11358
f 5760/1/11359 5771/1/11359 5770/1/11359
f 5770/1/11360 5771/1/11360 5781/1/11360
f 5770/1/11361 5781/1/11361 5780/1/11361
f 5786/1/11362 5780/1/11362 5781/1/11362
f 5735/1/11363 5742/1/11363 5741/1/11363
f 5741/1/11364 5742/1/11364 5752/1/11364
f 5741/1/11365 5752/1/11365 5751/1/11365
f 5751/1/11366 5752/1/11366 5762/1/11366
f 5751/1/11367 5762/1/11367 5761/1/11367
f 5761/1/11368 5762/1/11368 5772/1/11368
f 5761/1/11369 5772/1/11369 5771/1/11369
f 5771/1/11370 5772/1/11370 5782/1/11370
f 5771/1/11371 5782/1/11371 5781/1/11371
f 5786/1/11372 5781/1/11372 5782/1/11372
f 5735/1/11373 5743/1/11373 5742/1/11373
f 5742/1/11374 5743/1/11374 5753/1/11374
f 5742/1/11375 5753/1/11375 5752/1/11375
f 5752/1/11376 5753/1/11376 5763/1/11376
f 5752/1/11377 5763/1/11377 5762/1/11377
f 5762/1/11378 5763/1/11378 5773/1/11378
f 5762/1/11379 5773/1/11379 5772/1/11379
f 5772/1/11380 5773/1/11380 5783/1/11380
f 5772/1/11381 5783/1/11381 5782/1/11381
f 5786/1/11382 5782/1/11382 5783/1/11382
f 5735/1/11383 5744/1/11383 5743/1/11383
f 5743/1/11384 5744/1/11384 5754/1/11384
f 5743/1/11385 5754/1/11385 5753/1/11385
f 5753/1/11386 5754/1/11386 5764/1/11386
f 5753/1/11387 5764/1/11387 5763/1/11387
f 5763/1/11388 5764/1/11388 5774/1/11388
f 5763/1/11389 5774/1/11389 5773/1/11389
f 5773/1/11390 5774/1/11390 5784/1/11390
f 5773/1/11391 5784/1/11391 5783/1/11391
f 5786/1/11392 5783/1/11392 5784/1/11392
f 5735/1/11393 5745/1/11393 5744/1/11393
f 5744/1/11394 5745/1/11394 5755/1/11394
f 5744/1/11395 5755/1/11395 5754/1/11395
f 5754/1/11396 5755/1/11396 5765/1/11396
f 5754/1/11397 5765/1/11397 5764/1/11397
f 5764/1/11398 5765/1/11398 5775/1/11398
f 5764/1/11399 5775/1/11399 5774/1/11399
f 5774/1/11400 5775/1/11400 5785/1/11400
f 5774/1/11401 5785/1/11401 5784/1/11401
f 5786/1/11402 5784/1/11402 5785/1/11402
f 5735/1/11403 5736/1/11403 5745/1/11403
f 5745/1/11404 5736/1/11404 5746/1/11404
f 5745/1/11405 5746/1/11405 5755/1/11405
f 5755/1/11406 5746/1/11406 5756/1/11406
f 5755/1/11407 5756/1/11407 5765/1/11407
f 5765/1/11408 5756/1/11408 5766/1/11408
f 5765/1/11409 5766/1/11409 5775/1/11409
f 5775/1/11410 5766/1/11410 5776/1/11410
f 5775/1/11411 5776/1/11411 5785/1/11411
f 5786/1/11412 5785/1/11412 5776/1/11412
