# Closed pristine pirate treasure chest / AGC_Chest_Wood
o AGC_Chest_Wood
v -1.500000 0.170000 -0.925000
v 1.500000 0.170000 -0.925000
v 1.500000 -0.785000 -0.925000
v -1.500000 -0.785000 -0.925000
v 1.500000 0.170000 0.925000
v -1.500000 0.170000 0.925000
v -1.500000 -0.785000 0.925000
v 1.500000 -0.785000 0.925000
v -1.500000 0.170000 0.925000
v -1.500000 0.170000 -0.925000
v -1.500000 -0.785000 -0.925000
v -1.500000 -0.785000 0.925000
v 1.500000 0.170000 -0.925000
v 1.500000 0.170000 0.925000
v 1.500000 -0.785000 0.925000
v 1.500000 -0.785000 -0.925000
v -1.500000 0.170000 0.925000
v 1.500000 0.170000 0.925000
v 1.500000 0.170000 -0.925000
v -1.500000 0.170000 -0.925000
v -1.500000 -0.785000 -0.925000
v 1.500000 -0.785000 -0.925000
v 1.500000 -0.785000 0.925000
v -1.500000 -0.785000 0.925000
v -1.570000 -0.680000 -0.990000
v 1.570000 -0.680000 -0.990000
v 1.570000 -0.785000 -0.990000
v -1.570000 -0.785000 -0.990000
v 1.570000 -0.680000 0.990000
v -1.570000 -0.680000 0.990000
v -1.570000 -0.785000 0.990000
v 1.570000 -0.785000 0.990000
v -1.570000 -0.680000 0.990000
v -1.570000 -0.680000 -0.990000
v -1.570000 -0.785000 -0.990000
v -1.570000 -0.785000 0.990000
v 1.570000 -0.680000 -0.990000
v 1.570000 -0.680000 0.990000
v 1.570000 -0.785000 0.990000
v 1.570000 -0.785000 -0.990000
v -1.570000 -0.680000 0.990000
v 1.570000 -0.680000 0.990000
v 1.570000 -0.680000 -0.990000
v -1.570000 -0.680000 -0.990000
v -1.570000 -0.785000 -0.990000
v 1.570000 -0.785000 -0.990000
v 1.570000 -0.785000 0.990000
v -1.570000 -0.785000 0.990000
v -1.520000 -0.643000 -0.951000
v 1.520000 -0.643000 -0.951000
v 1.520000 -0.680000 -0.951000
v -1.520000 -0.680000 -0.951000
v 1.520000 -0.643000 0.951000
v -1.520000 -0.643000 0.951000
v -1.520000 -0.680000 0.951000
v 1.520000 -0.680000 0.951000
v -1.520000 -0.643000 0.951000
v -1.520000 -0.643000 -0.951000
v -1.520000 -0.680000 -0.951000
v -1.520000 -0.680000 0.951000
v 1.520000 -0.643000 -0.951000
v 1.520000 -0.643000 0.951000
v 1.520000 -0.680000 0.951000
v 1.520000 -0.680000 -0.951000
v -1.520000 -0.643000 0.951000
v 1.520000 -0.643000 0.951000
v 1.520000 -0.643000 -0.951000
v -1.520000 -0.643000 -0.951000
v -1.520000 -0.680000 -0.951000
v 1.520000 -0.680000 -0.951000
v 1.520000 -0.680000 0.951000
v -1.520000 -0.680000 0.951000
v -1.370000 -0.075000 -0.972000
v -0.390000 -0.075000 -0.972000
v -0.390000 -0.525000 -0.972000
v -1.370000 -0.525000 -0.972000
v -0.390000 -0.075000 -0.947000
v -1.370000 -0.075000 -0.947000
v -1.370000 -0.525000 -0.947000
v -0.390000 -0.525000 -0.947000
v -1.370000 -0.075000 -0.947000
v -1.370000 -0.075000 -0.972000
v -1.370000 -0.525000 -0.972000
v -1.370000 -0.525000 -0.947000
v -0.390000 -0.075000 -0.972000
v -0.390000 -0.075000 -0.947000
v -0.390000 -0.525000 -0.947000
v -0.390000 -0.525000 -0.972000
v -1.370000 -0.075000 -0.947000
v -0.390000 -0.075000 -0.947000
v -0.390000 -0.075000 -0.972000
v -1.370000 -0.075000 -0.972000
v -1.370000 -0.525000 -0.972000
v -0.390000 -0.525000 -0.972000
v -0.390000 -0.525000 -0.947000
v -1.370000 -0.525000 -0.947000
v -1.370000 -0.045000 -0.978000
v -1.335000 -0.045000 -0.978000
v -1.335000 -0.550000 -0.978000
v -1.370000 -0.550000 -0.978000
v -1.335000 -0.045000 -0.941000
v -1.370000 -0.045000 -0.941000
v -1.370000 -0.550000 -0.941000
v -1.335000 -0.550000 -0.941000
v -1.370000 -0.045000 -0.941000
v -1.370000 -0.045000 -0.978000
v -1.370000 -0.550000 -0.978000
v -1.370000 -0.550000 -0.941000
v -1.335000 -0.045000 -0.978000
v -1.335000 -0.045000 -0.941000
v -1.335000 -0.550000 -0.941000
v -1.335000 -0.550000 -0.978000
v -1.370000 -0.045000 -0.941000
v -1.335000 -0.045000 -0.941000
v -1.335000 -0.045000 -0.978000
v -1.370000 -0.045000 -0.978000
v -1.370000 -0.550000 -0.978000
v -1.335000 -0.550000 -0.978000
v -1.335000 -0.550000 -0.941000
v -1.370000 -0.550000 -0.941000
v -0.425000 -0.045000 -0.978000
v -0.390000 -0.045000 -0.978000
v -0.390000 -0.550000 -0.978000
v -0.425000 -0.550000 -0.978000
v -0.390000 -0.045000 -0.941000
v -0.425000 -0.045000 -0.941000
v -0.425000 -0.550000 -0.941000
v -0.390000 -0.550000 -0.941000
v -0.425000 -0.045000 -0.941000
v -0.425000 -0.045000 -0.978000
v -0.425000 -0.550000 -0.978000
v -0.425000 -0.550000 -0.941000
v -0.390000 -0.045000 -0.978000
v -0.390000 -0.045000 -0.941000
v -0.390000 -0.550000 -0.941000
v -0.390000 -0.550000 -0.978000
v -0.425000 -0.045000 -0.941000
v -0.390000 -0.045000 -0.941000
v -0.390000 -0.045000 -0.978000
v -0.425000 -0.045000 -0.978000
v -0.425000 -0.550000 -0.978000
v -0.390000 -0.550000 -0.978000
v -0.390000 -0.550000 -0.941000
v -0.425000 -0.550000 -0.941000
v -1.370000 -0.515000 -0.978000
v -0.390000 -0.515000 -0.978000
v -0.390000 -0.550000 -0.978000
v -1.370000 -0.550000 -0.978000
v -0.390000 -0.515000 -0.941000
v -1.370000 -0.515000 -0.941000
v -1.370000 -0.550000 -0.941000
v -0.390000 -0.550000 -0.941000
v -1.370000 -0.515000 -0.941000
v -1.370000 -0.515000 -0.978000
v -1.370000 -0.550000 -0.978000
v -1.370000 -0.550000 -0.941000
v -0.390000 -0.515000 -0.978000
v -0.390000 -0.515000 -0.941000
v -0.390000 -0.550000 -0.941000
v -0.390000 -0.550000 -0.978000
v -1.370000 -0.515000 -0.941000
v -0.390000 -0.515000 -0.941000
v -0.390000 -0.515000 -0.978000
v -1.370000 -0.515000 -0.978000
v -1.370000 -0.550000 -0.978000
v -0.390000 -0.550000 -0.978000
v -0.390000 -0.550000 -0.941000
v -1.370000 -0.550000 -0.941000
v -1.370000 -0.045000 -0.978000
v -0.390000 -0.045000 -0.978000
v -0.390000 -0.080000 -0.978000
v -1.370000 -0.080000 -0.978000
v -0.390000 -0.045000 -0.941000
v -1.370000 -0.045000 -0.941000
v -1.370000 -0.080000 -0.941000
v -0.390000 -0.080000 -0.941000
v -1.370000 -0.045000 -0.941000
v -1.370000 -0.045000 -0.978000
v -1.370000 -0.080000 -0.978000
v -1.370000 -0.080000 -0.941000
v -0.390000 -0.045000 -0.978000
v -0.390000 -0.045000 -0.941000
v -0.390000 -0.080000 -0.941000
v -0.390000 -0.080000 -0.978000
v -1.370000 -0.045000 -0.941000
v -0.390000 -0.045000 -0.941000
v -0.390000 -0.045000 -0.978000
v -1.370000 -0.045000 -0.978000
v -1.370000 -0.080000 -0.978000
v -0.390000 -0.080000 -0.978000
v -0.390000 -0.080000 -0.941000
v -1.370000 -0.080000 -0.941000
v -0.360000 -0.075000 -0.972000
v 0.360000 -0.075000 -0.972000
v 0.360000 -0.525000 -0.972000
v -0.360000 -0.525000 -0.972000
v 0.360000 -0.075000 -0.947000
v -0.360000 -0.075000 -0.947000
v -0.360000 -0.525000 -0.947000
v 0.360000 -0.525000 -0.947000
v -0.360000 -0.075000 -0.947000
v -0.360000 -0.075000 -0.972000
v -0.360000 -0.525000 -0.972000
v -0.360000 -0.525000 -0.947000
v 0.360000 -0.075000 -0.972000
v 0.360000 -0.075000 -0.947000
v 0.360000 -0.525000 -0.947000
v 0.360000 -0.525000 -0.972000
v -0.360000 -0.075000 -0.947000
v 0.360000 -0.075000 -0.947000
v 0.360000 -0.075000 -0.972000
v -0.360000 -0.075000 -0.972000
v -0.360000 -0.525000 -0.972000
v 0.360000 -0.525000 -0.972000
v 0.360000 -0.525000 -0.947000
v -0.360000 -0.525000 -0.947000
v -0.360000 -0.045000 -0.978000
v -0.325000 -0.045000 -0.978000
v -0.325000 -0.550000 -0.978000
v -0.360000 -0.550000 -0.978000
v -0.325000 -0.045000 -0.941000
v -0.360000 -0.045000 -0.941000
v -0.360000 -0.550000 -0.941000
v -0.325000 -0.550000 -0.941000
v -0.360000 -0.045000 -0.941000
v -0.360000 -0.045000 -0.978000
v -0.360000 -0.550000 -0.978000
v -0.360000 -0.550000 -0.941000
v -0.325000 -0.045000 -0.978000
v -0.325000 -0.045000 -0.941000
v -0.325000 -0.550000 -0.941000
v -0.325000 -0.550000 -0.978000
v -0.360000 -0.045000 -0.941000
v -0.325000 -0.045000 -0.941000
v -0.325000 -0.045000 -0.978000
v -0.360000 -0.045000 -0.978000
v -0.360000 -0.550000 -0.978000
v -0.325000 -0.550000 -0.978000
v -0.325000 -0.550000 -0.941000
v -0.360000 -0.550000 -0.941000
v 0.325000 -0.045000 -0.978000
v 0.360000 -0.045000 -0.978000
v 0.360000 -0.550000 -0.978000
v 0.325000 -0.550000 -0.978000
v 0.360000 -0.045000 -0.941000
v 0.325000 -0.045000 -0.941000
v 0.325000 -0.550000 -0.941000
v 0.360000 -0.550000 -0.941000
v 0.325000 -0.045000 -0.941000
v 0.325000 -0.045000 -0.978000
v 0.325000 -0.550000 -0.978000
v 0.325000 -0.550000 -0.941000
v 0.360000 -0.045000 -0.978000
v 0.360000 -0.045000 -0.941000
v 0.360000 -0.550000 -0.941000
v 0.360000 -0.550000 -0.978000
v 0.325000 -0.045000 -0.941000
v 0.360000 -0.045000 -0.941000
v 0.360000 -0.045000 -0.978000
v 0.325000 -0.045000 -0.978000
v 0.325000 -0.550000 -0.978000
v 0.360000 -0.550000 -0.978000
v 0.360000 -0.550000 -0.941000
v 0.325000 -0.550000 -0.941000
v -0.360000 -0.515000 -0.978000
v 0.360000 -0.515000 -0.978000
v 0.360000 -0.550000 -0.978000
v -0.360000 -0.550000 -0.978000
v 0.360000 -0.515000 -0.941000
v -0.360000 -0.515000 -0.941000
v -0.360000 -0.550000 -0.941000
v 0.360000 -0.550000 -0.941000
v -0.360000 -0.515000 -0.941000
v -0.360000 -0.515000 -0.978000
v -0.360000 -0.550000 -0.978000
v -0.360000 -0.550000 -0.941000
v 0.360000 -0.515000 -0.978000
v 0.360000 -0.515000 -0.941000
v 0.360000 -0.550000 -0.941000
v 0.360000 -0.550000 -0.978000
v -0.360000 -0.515000 -0.941000
v 0.360000 -0.515000 -0.941000
v 0.360000 -0.515000 -0.978000
v -0.360000 -0.515000 -0.978000
v -0.360000 -0.550000 -0.978000
v 0.360000 -0.550000 -0.978000
v 0.360000 -0.550000 -0.941000
v -0.360000 -0.550000 -0.941000
v -0.360000 -0.045000 -0.978000
v 0.360000 -0.045000 -0.978000
v 0.360000 -0.080000 -0.978000
v -0.360000 -0.080000 -0.978000
v 0.360000 -0.045000 -0.941000
v -0.360000 -0.045000 -0.941000
v -0.360000 -0.080000 -0.941000
v 0.360000 -0.080000 -0.941000
v -0.360000 -0.045000 -0.941000
v -0.360000 -0.045000 -0.978000
v -0.360000 -0.080000 -0.978000
v -0.360000 -0.080000 -0.941000
v 0.360000 -0.045000 -0.978000
v 0.360000 -0.045000 -0.941000
v 0.360000 -0.080000 -0.941000
v 0.360000 -0.080000 -0.978000
v -0.360000 -0.045000 -0.941000
v 0.360000 -0.045000 -0.941000
v 0.360000 -0.045000 -0.978000
v -0.360000 -0.045000 -0.978000
v -0.360000 -0.080000 -0.978000
v 0.360000 -0.080000 -0.978000
v 0.360000 -0.080000 -0.941000
v -0.360000 -0.080000 -0.941000
v 0.390000 -0.075000 -0.972000
v 1.370000 -0.075000 -0.972000
v 1.370000 -0.525000 -0.972000
v 0.390000 -0.525000 -0.972000
v 1.370000 -0.075000 -0.947000
v 0.390000 -0.075000 -0.947000
v 0.390000 -0.525000 -0.947000
v 1.370000 -0.525000 -0.947000
v 0.390000 -0.075000 -0.947000
v 0.390000 -0.075000 -0.972000
v 0.390000 -0.525000 -0.972000
v 0.390000 -0.525000 -0.947000
v 1.370000 -0.075000 -0.972000
v 1.370000 -0.075000 -0.947000
v 1.370000 -0.525000 -0.947000
v 1.370000 -0.525000 -0.972000
v 0.390000 -0.075000 -0.947000
v 1.370000 -0.075000 -0.947000
v 1.370000 -0.075000 -0.972000
v 0.390000 -0.075000 -0.972000
v 0.390000 -0.525000 -0.972000
v 1.370000 -0.525000 -0.972000
v 1.370000 -0.525000 -0.947000
v 0.390000 -0.525000 -0.947000
v 0.390000 -0.045000 -0.978000
v 0.425000 -0.045000 -0.978000
v 0.425000 -0.550000 -0.978000
v 0.390000 -0.550000 -0.978000
v 0.425000 -0.045000 -0.941000
v 0.390000 -0.045000 -0.941000
v 0.390000 -0.550000 -0.941000
v 0.425000 -0.550000 -0.941000
v 0.390000 -0.045000 -0.941000
v 0.390000 -0.045000 -0.978000
v 0.390000 -0.550000 -0.978000
v 0.390000 -0.550000 -0.941000
v 0.425000 -0.045000 -0.978000
v 0.425000 -0.045000 -0.941000
v 0.425000 -0.550000 -0.941000
v 0.425000 -0.550000 -0.978000
v 0.390000 -0.045000 -0.941000
v 0.425000 -0.045000 -0.941000
v 0.425000 -0.045000 -0.978000
v 0.390000 -0.045000 -0.978000
v 0.390000 -0.550000 -0.978000
v 0.425000 -0.550000 -0.978000
v 0.425000 -0.550000 -0.941000
v 0.390000 -0.550000 -0.941000
v 1.335000 -0.045000 -0.978000
v 1.370000 -0.045000 -0.978000
v 1.370000 -0.550000 -0.978000
v 1.335000 -0.550000 -0.978000
v 1.370000 -0.045000 -0.941000
v 1.335000 -0.045000 -0.941000
v 1.335000 -0.550000 -0.941000
v 1.370000 -0.550000 -0.941000
v 1.335000 -0.045000 -0.941000
v 1.335000 -0.045000 -0.978000
v 1.335000 -0.550000 -0.978000
v 1.335000 -0.550000 -0.941000
v 1.370000 -0.045000 -0.978000
v 1.370000 -0.045000 -0.941000
v 1.370000 -0.550000 -0.941000
v 1.370000 -0.550000 -0.978000
v 1.335000 -0.045000 -0.941000
v 1.370000 -0.045000 -0.941000
v 1.370000 -0.045000 -0.978000
v 1.335000 -0.045000 -0.978000
v 1.335000 -0.550000 -0.978000
v 1.370000 -0.550000 -0.978000
v 1.370000 -0.550000 -0.941000
v 1.335000 -0.550000 -0.941000
v 0.390000 -0.515000 -0.978000
v 1.370000 -0.515000 -0.978000
v 1.370000 -0.550000 -0.978000
v 0.390000 -0.550000 -0.978000
v 1.370000 -0.515000 -0.941000
v 0.390000 -0.515000 -0.941000
v 0.390000 -0.550000 -0.941000
v 1.370000 -0.550000 -0.941000
v 0.390000 -0.515000 -0.941000
v 0.390000 -0.515000 -0.978000
v 0.390000 -0.550000 -0.978000
v 0.390000 -0.550000 -0.941000
v 1.370000 -0.515000 -0.978000
v 1.370000 -0.515000 -0.941000
v 1.370000 -0.550000 -0.941000
v 1.370000 -0.550000 -0.978000
v 0.390000 -0.515000 -0.941000
v 1.370000 -0.515000 -0.941000
v 1.370000 -0.515000 -0.978000
v 0.390000 -0.515000 -0.978000
v 0.390000 -0.550000 -0.978000
v 1.370000 -0.550000 -0.978000
v 1.370000 -0.550000 -0.941000
v 0.390000 -0.550000 -0.941000
v 0.390000 -0.045000 -0.978000
v 1.370000 -0.045000 -0.978000
v 1.370000 -0.080000 -0.978000
v 0.390000 -0.080000 -0.978000
v 1.370000 -0.045000 -0.941000
v 0.390000 -0.045000 -0.941000
v 0.390000 -0.080000 -0.941000
v 1.370000 -0.080000 -0.941000
v 0.390000 -0.045000 -0.941000
v 0.390000 -0.045000 -0.978000
v 0.390000 -0.080000 -0.978000
v 0.390000 -0.080000 -0.941000
v 1.370000 -0.045000 -0.978000
v 1.370000 -0.045000 -0.941000
v 1.370000 -0.080000 -0.941000
v 1.370000 -0.080000 -0.978000
v 0.390000 -0.045000 -0.941000
v 1.370000 -0.045000 -0.941000
v 1.370000 -0.045000 -0.978000
v 0.390000 -0.045000 -0.978000
v 0.390000 -0.080000 -0.978000
v 1.370000 -0.080000 -0.978000
v 1.370000 -0.080000 -0.941000
v 0.390000 -0.080000 -0.941000
v -1.370000 -0.075000 0.947000
v -0.390000 -0.075000 0.947000
v -0.390000 -0.525000 0.947000
v -1.370000 -0.525000 0.947000
v -0.390000 -0.075000 0.972000
v -1.370000 -0.075000 0.972000
v -1.370000 -0.525000 0.972000
v -0.390000 -0.525000 0.972000
v -1.370000 -0.075000 0.972000
v -1.370000 -0.075000 0.947000
v -1.370000 -0.525000 0.947000
v -1.370000 -0.525000 0.972000
v -0.390000 -0.075000 0.947000
v -0.390000 -0.075000 0.972000
v -0.390000 -0.525000 0.972000
v -0.390000 -0.525000 0.947000
v -1.370000 -0.075000 0.972000
v -0.390000 -0.075000 0.972000
v -0.390000 -0.075000 0.947000
v -1.370000 -0.075000 0.947000
v -1.370000 -0.525000 0.947000
v -0.390000 -0.525000 0.947000
v -0.390000 -0.525000 0.972000
v -1.370000 -0.525000 0.972000
v -1.370000 -0.045000 0.941000
v -1.335000 -0.045000 0.941000
v -1.335000 -0.550000 0.941000
v -1.370000 -0.550000 0.941000
v -1.335000 -0.045000 0.978000
v -1.370000 -0.045000 0.978000
v -1.370000 -0.550000 0.978000
v -1.335000 -0.550000 0.978000
v -1.370000 -0.045000 0.978000
v -1.370000 -0.045000 0.941000
v -1.370000 -0.550000 0.941000
v -1.370000 -0.550000 0.978000
v -1.335000 -0.045000 0.941000
v -1.335000 -0.045000 0.978000
v -1.335000 -0.550000 0.978000
v -1.335000 -0.550000 0.941000
v -1.370000 -0.045000 0.978000
v -1.335000 -0.045000 0.978000
v -1.335000 -0.045000 0.941000
v -1.370000 -0.045000 0.941000
v -1.370000 -0.550000 0.941000
v -1.335000 -0.550000 0.941000
v -1.335000 -0.550000 0.978000
v -1.370000 -0.550000 0.978000
v -0.425000 -0.045000 0.941000
v -0.390000 -0.045000 0.941000
v -0.390000 -0.550000 0.941000
v -0.425000 -0.550000 0.941000
v -0.390000 -0.045000 0.978000
v -0.425000 -0.045000 0.978000
v -0.425000 -0.550000 0.978000
v -0.390000 -0.550000 0.978000
v -0.425000 -0.045000 0.978000
v -0.425000 -0.045000 0.941000
v -0.425000 -0.550000 0.941000
v -0.425000 -0.550000 0.978000
v -0.390000 -0.045000 0.941000
v -0.390000 -0.045000 0.978000
v -0.390000 -0.550000 0.978000
v -0.390000 -0.550000 0.941000
v -0.425000 -0.045000 0.978000
v -0.390000 -0.045000 0.978000
v -0.390000 -0.045000 0.941000
v -0.425000 -0.045000 0.941000
v -0.425000 -0.550000 0.941000
v -0.390000 -0.550000 0.941000
v -0.390000 -0.550000 0.978000
v -0.425000 -0.550000 0.978000
v -1.370000 -0.515000 0.941000
v -0.390000 -0.515000 0.941000
v -0.390000 -0.550000 0.941000
v -1.370000 -0.550000 0.941000
v -0.390000 -0.515000 0.978000
v -1.370000 -0.515000 0.978000
v -1.370000 -0.550000 0.978000
v -0.390000 -0.550000 0.978000
v -1.370000 -0.515000 0.978000
v -1.370000 -0.515000 0.941000
v -1.370000 -0.550000 0.941000
v -1.370000 -0.550000 0.978000
v -0.390000 -0.515000 0.941000
v -0.390000 -0.515000 0.978000
v -0.390000 -0.550000 0.978000
v -0.390000 -0.550000 0.941000
v -1.370000 -0.515000 0.978000
v -0.390000 -0.515000 0.978000
v -0.390000 -0.515000 0.941000
v -1.370000 -0.515000 0.941000
v -1.370000 -0.550000 0.941000
v -0.390000 -0.550000 0.941000
v -0.390000 -0.550000 0.978000
v -1.370000 -0.550000 0.978000
v -1.370000 -0.045000 0.941000
v -0.390000 -0.045000 0.941000
v -0.390000 -0.080000 0.941000
v -1.370000 -0.080000 0.941000
v -0.390000 -0.045000 0.978000
v -1.370000 -0.045000 0.978000
v -1.370000 -0.080000 0.978000
v -0.390000 -0.080000 0.978000
v -1.370000 -0.045000 0.978000
v -1.370000 -0.045000 0.941000
v -1.370000 -0.080000 0.941000
v -1.370000 -0.080000 0.978000
v -0.390000 -0.045000 0.941000
v -0.390000 -0.045000 0.978000
v -0.390000 -0.080000 0.978000
v -0.390000 -0.080000 0.941000
v -1.370000 -0.045000 0.978000
v -0.390000 -0.045000 0.978000
v -0.390000 -0.045000 0.941000
v -1.370000 -0.045000 0.941000
v -1.370000 -0.080000 0.941000
v -0.390000 -0.080000 0.941000
v -0.390000 -0.080000 0.978000
v -1.370000 -0.080000 0.978000
v -0.360000 -0.075000 0.947000
v 0.360000 -0.075000 0.947000
v 0.360000 -0.525000 0.947000
v -0.360000 -0.525000 0.947000
v 0.360000 -0.075000 0.972000
v -0.360000 -0.075000 0.972000
v -0.360000 -0.525000 0.972000
v 0.360000 -0.525000 0.972000
v -0.360000 -0.075000 0.972000
v -0.360000 -0.075000 0.947000
v -0.360000 -0.525000 0.947000
v -0.360000 -0.525000 0.972000
v 0.360000 -0.075000 0.947000
v 0.360000 -0.075000 0.972000
v 0.360000 -0.525000 0.972000
v 0.360000 -0.525000 0.947000
v -0.360000 -0.075000 0.972000
v 0.360000 -0.075000 0.972000
v 0.360000 -0.075000 0.947000
v -0.360000 -0.075000 0.947000
v -0.360000 -0.525000 0.947000
v 0.360000 -0.525000 0.947000
v 0.360000 -0.525000 0.972000
v -0.360000 -0.525000 0.972000
v -0.360000 -0.045000 0.941000
v -0.325000 -0.045000 0.941000
v -0.325000 -0.550000 0.941000
v -0.360000 -0.550000 0.941000
v -0.325000 -0.045000 0.978000
v -0.360000 -0.045000 0.978000
v -0.360000 -0.550000 0.978000
v -0.325000 -0.550000 0.978000
v -0.360000 -0.045000 0.978000
v -0.360000 -0.045000 0.941000
v -0.360000 -0.550000 0.941000
v -0.360000 -0.550000 0.978000
v -0.325000 -0.045000 0.941000
v -0.325000 -0.045000 0.978000
v -0.325000 -0.550000 0.978000
v -0.325000 -0.550000 0.941000
v -0.360000 -0.045000 0.978000
v -0.325000 -0.045000 0.978000
v -0.325000 -0.045000 0.941000
v -0.360000 -0.045000 0.941000
v -0.360000 -0.550000 0.941000
v -0.325000 -0.550000 0.941000
v -0.325000 -0.550000 0.978000
v -0.360000 -0.550000 0.978000
v 0.325000 -0.045000 0.941000
v 0.360000 -0.045000 0.941000
v 0.360000 -0.550000 0.941000
v 0.325000 -0.550000 0.941000
v 0.360000 -0.045000 0.978000
v 0.325000 -0.045000 0.978000
v 0.325000 -0.550000 0.978000
v 0.360000 -0.550000 0.978000
v 0.325000 -0.045000 0.978000
v 0.325000 -0.045000 0.941000
v 0.325000 -0.550000 0.941000
v 0.325000 -0.550000 0.978000
v 0.360000 -0.045000 0.941000
v 0.360000 -0.045000 0.978000
v 0.360000 -0.550000 0.978000
v 0.360000 -0.550000 0.941000
v 0.325000 -0.045000 0.978000
v 0.360000 -0.045000 0.978000
v 0.360000 -0.045000 0.941000
v 0.325000 -0.045000 0.941000
v 0.325000 -0.550000 0.941000
v 0.360000 -0.550000 0.941000
v 0.360000 -0.550000 0.978000
v 0.325000 -0.550000 0.978000
v -0.360000 -0.515000 0.941000
v 0.360000 -0.515000 0.941000
v 0.360000 -0.550000 0.941000
v -0.360000 -0.550000 0.941000
v 0.360000 -0.515000 0.978000
v -0.360000 -0.515000 0.978000
v -0.360000 -0.550000 0.978000
v 0.360000 -0.550000 0.978000
v -0.360000 -0.515000 0.978000
v -0.360000 -0.515000 0.941000
v -0.360000 -0.550000 0.941000
v -0.360000 -0.550000 0.978000
v 0.360000 -0.515000 0.941000
v 0.360000 -0.515000 0.978000
v 0.360000 -0.550000 0.978000
v 0.360000 -0.550000 0.941000
v -0.360000 -0.515000 0.978000
v 0.360000 -0.515000 0.978000
v 0.360000 -0.515000 0.941000
v -0.360000 -0.515000 0.941000
v -0.360000 -0.550000 0.941000
v 0.360000 -0.550000 0.941000
v 0.360000 -0.550000 0.978000
v -0.360000 -0.550000 0.978000
v -0.360000 -0.045000 0.941000
v 0.360000 -0.045000 0.941000
v 0.360000 -0.080000 0.941000
v -0.360000 -0.080000 0.941000
v 0.360000 -0.045000 0.978000
v -0.360000 -0.045000 0.978000
v -0.360000 -0.080000 0.978000
v 0.360000 -0.080000 0.978000
v -0.360000 -0.045000 0.978000
v -0.360000 -0.045000 0.941000
v -0.360000 -0.080000 0.941000
v -0.360000 -0.080000 0.978000
v 0.360000 -0.045000 0.941000
v 0.360000 -0.045000 0.978000
v 0.360000 -0.080000 0.978000
v 0.360000 -0.080000 0.941000
v -0.360000 -0.045000 0.978000
v 0.360000 -0.045000 0.978000
v 0.360000 -0.045000 0.941000
v -0.360000 -0.045000 0.941000
v -0.360000 -0.080000 0.941000
v 0.360000 -0.080000 0.941000
v 0.360000 -0.080000 0.978000
v -0.360000 -0.080000 0.978000
v 0.390000 -0.075000 0.947000
v 1.370000 -0.075000 0.947000
v 1.370000 -0.525000 0.947000
v 0.390000 -0.525000 0.947000
v 1.370000 -0.075000 0.972000
v 0.390000 -0.075000 0.972000
v 0.390000 -0.525000 0.972000
v 1.370000 -0.525000 0.972000
v 0.390000 -0.075000 0.972000
v 0.390000 -0.075000 0.947000
v 0.390000 -0.525000 0.947000
v 0.390000 -0.525000 0.972000
v 1.370000 -0.075000 0.947000
v 1.370000 -0.075000 0.972000
v 1.370000 -0.525000 0.972000
v 1.370000 -0.525000 0.947000
v 0.390000 -0.075000 0.972000
v 1.370000 -0.075000 0.972000
v 1.370000 -0.075000 0.947000
v 0.390000 -0.075000 0.947000
v 0.390000 -0.525000 0.947000
v 1.370000 -0.525000 0.947000
v 1.370000 -0.525000 0.972000
v 0.390000 -0.525000 0.972000
v 0.390000 -0.045000 0.941000
v 0.425000 -0.045000 0.941000
v 0.425000 -0.550000 0.941000
v 0.390000 -0.550000 0.941000
v 0.425000 -0.045000 0.978000
v 0.390000 -0.045000 0.978000
v 0.390000 -0.550000 0.978000
v 0.425000 -0.550000 0.978000
v 0.390000 -0.045000 0.978000
v 0.390000 -0.045000 0.941000
v 0.390000 -0.550000 0.941000
v 0.390000 -0.550000 0.978000
v 0.425000 -0.045000 0.941000
v 0.425000 -0.045000 0.978000
v 0.425000 -0.550000 0.978000
v 0.425000 -0.550000 0.941000
v 0.390000 -0.045000 0.978000
v 0.425000 -0.045000 0.978000
v 0.425000 -0.045000 0.941000
v 0.390000 -0.045000 0.941000
v 0.390000 -0.550000 0.941000
v 0.425000 -0.550000 0.941000
v 0.425000 -0.550000 0.978000
v 0.390000 -0.550000 0.978000
v 1.335000 -0.045000 0.941000
v 1.370000 -0.045000 0.941000
v 1.370000 -0.550000 0.941000
v 1.335000 -0.550000 0.941000
v 1.370000 -0.045000 0.978000
v 1.335000 -0.045000 0.978000
v 1.335000 -0.550000 0.978000
v 1.370000 -0.550000 0.978000
v 1.335000 -0.045000 0.978000
v 1.335000 -0.045000 0.941000
v 1.335000 -0.550000 0.941000
v 1.335000 -0.550000 0.978000
v 1.370000 -0.045000 0.941000
v 1.370000 -0.045000 0.978000
v 1.370000 -0.550000 0.978000
v 1.370000 -0.550000 0.941000
v 1.335000 -0.045000 0.978000
v 1.370000 -0.045000 0.978000
v 1.370000 -0.045000 0.941000
v 1.335000 -0.045000 0.941000
v 1.335000 -0.550000 0.941000
v 1.370000 -0.550000 0.941000
v 1.370000 -0.550000 0.978000
v 1.335000 -0.550000 0.978000
v 0.390000 -0.515000 0.941000
v 1.370000 -0.515000 0.941000
v 1.370000 -0.550000 0.941000
v 0.390000 -0.550000 0.941000
v 1.370000 -0.515000 0.978000
v 0.390000 -0.515000 0.978000
v 0.390000 -0.550000 0.978000
v 1.370000 -0.550000 0.978000
v 0.390000 -0.515000 0.978000
v 0.390000 -0.515000 0.941000
v 0.390000 -0.550000 0.941000
v 0.390000 -0.550000 0.978000
v 1.370000 -0.515000 0.941000
v 1.370000 -0.515000 0.978000
v 1.370000 -0.550000 0.978000
v 1.370000 -0.550000 0.941000
v 0.390000 -0.515000 0.978000
v 1.370000 -0.515000 0.978000
v 1.370000 -0.515000 0.941000
v 0.390000 -0.515000 0.941000
v 0.390000 -0.550000 0.941000
v 1.370000 -0.550000 0.941000
v 1.370000 -0.550000 0.978000
v 0.390000 -0.550000 0.978000
v 0.390000 -0.045000 0.941000
v 1.370000 -0.045000 0.941000
v 1.370000 -0.080000 0.941000
v 0.390000 -0.080000 0.941000
v 1.370000 -0.045000 0.978000
v 0.390000 -0.045000 0.978000
v 0.390000 -0.080000 0.978000
v 1.370000 -0.080000 0.978000
v 0.390000 -0.045000 0.978000
v 0.390000 -0.045000 0.941000
v 0.390000 -0.080000 0.941000
v 0.390000 -0.080000 0.978000
v 1.370000 -0.045000 0.941000
v 1.370000 -0.045000 0.978000
v 1.370000 -0.080000 0.978000
v 1.370000 -0.080000 0.941000
v 0.390000 -0.045000 0.978000
v 1.370000 -0.045000 0.978000
v 1.370000 -0.045000 0.941000
v 0.390000 -0.045000 0.941000
v 0.390000 -0.080000 0.941000
v 1.370000 -0.080000 0.941000
v 1.370000 -0.080000 0.978000
v 0.390000 -0.080000 0.978000
v -1.548000 -0.075000 -0.710000
v -1.528000 -0.075000 -0.710000
v -1.528000 -0.505000 -0.710000
v -1.548000 -0.505000 -0.710000
v -1.528000 -0.075000 -0.070000
v -1.548000 -0.075000 -0.070000
v -1.548000 -0.505000 -0.070000
v -1.528000 -0.505000 -0.070000
v -1.548000 -0.075000 -0.070000
v -1.548000 -0.075000 -0.710000
v -1.548000 -0.505000 -0.710000
v -1.548000 -0.505000 -0.070000
v -1.528000 -0.075000 -0.710000
v -1.528000 -0.075000 -0.070000
v -1.528000 -0.505000 -0.070000
v -1.528000 -0.505000 -0.710000
v -1.548000 -0.075000 -0.070000
v -1.528000 -0.075000 -0.070000
v -1.528000 -0.075000 -0.710000
v -1.548000 -0.075000 -0.710000
v -1.548000 -0.505000 -0.710000
v -1.528000 -0.505000 -0.710000
v -1.528000 -0.505000 -0.070000
v -1.548000 -0.505000 -0.070000
v -1.548000 -0.075000 0.070000
v -1.528000 -0.075000 0.070000
v -1.528000 -0.505000 0.070000
v -1.548000 -0.505000 0.070000
v -1.528000 -0.075000 0.710000
v -1.548000 -0.075000 0.710000
v -1.548000 -0.505000 0.710000
v -1.528000 -0.505000 0.710000
v -1.548000 -0.075000 0.710000
v -1.548000 -0.075000 0.070000
v -1.548000 -0.505000 0.070000
v -1.548000 -0.505000 0.710000
v -1.528000 -0.075000 0.070000
v -1.528000 -0.075000 0.710000
v -1.528000 -0.505000 0.710000
v -1.528000 -0.505000 0.070000
v -1.548000 -0.075000 0.710000
v -1.528000 -0.075000 0.710000
v -1.528000 -0.075000 0.070000
v -1.548000 -0.075000 0.070000
v -1.548000 -0.505000 0.070000
v -1.528000 -0.505000 0.070000
v -1.528000 -0.505000 0.710000
v -1.548000 -0.505000 0.710000
v 1.528000 -0.075000 -0.710000
v 1.548000 -0.075000 -0.710000
v 1.548000 -0.505000 -0.710000
v 1.528000 -0.505000 -0.710000
v 1.548000 -0.075000 -0.070000
v 1.528000 -0.075000 -0.070000
v 1.528000 -0.505000 -0.070000
v 1.548000 -0.505000 -0.070000
v 1.528000 -0.075000 -0.070000
v 1.528000 -0.075000 -0.710000
v 1.528000 -0.505000 -0.710000
v 1.528000 -0.505000 -0.070000
v 1.548000 -0.075000 -0.710000
v 1.548000 -0.075000 -0.070000
v 1.548000 -0.505000 -0.070000
v 1.548000 -0.505000 -0.710000
v 1.528000 -0.075000 -0.070000
v 1.548000 -0.075000 -0.070000
v 1.548000 -0.075000 -0.710000
v 1.528000 -0.075000 -0.710000
v 1.528000 -0.505000 -0.710000
v 1.548000 -0.505000 -0.710000
v 1.548000 -0.505000 -0.070000
v 1.528000 -0.505000 -0.070000
v 1.528000 -0.075000 0.070000
v 1.548000 -0.075000 0.070000
v 1.548000 -0.505000 0.070000
v 1.528000 -0.505000 0.070000
v 1.548000 -0.075000 0.710000
v 1.528000 -0.075000 0.710000
v 1.528000 -0.505000 0.710000
v 1.548000 -0.505000 0.710000
v 1.528000 -0.075000 0.710000
v 1.528000 -0.075000 0.070000
v 1.528000 -0.505000 0.070000
v 1.528000 -0.505000 0.710000
v 1.548000 -0.075000 0.070000
v 1.548000 -0.075000 0.710000
v 1.548000 -0.505000 0.710000
v 1.548000 -0.505000 0.070000
v 1.528000 -0.075000 0.710000
v 1.548000 -0.075000 0.710000
v 1.548000 -0.075000 0.070000
v 1.528000 -0.075000 0.070000
v 1.528000 -0.505000 0.070000
v 1.548000 -0.505000 0.070000
v 1.548000 -0.505000 0.710000
v 1.528000 -0.505000 0.710000
v -1.565000 0.466612 -0.904687
v 1.565000 0.466612 -0.904687
v 1.565000 0.270000 -0.965000
v -1.565000 0.270000 -0.965000
v -1.565000 0.543529 -0.844375
v 1.565000 0.543529 -0.844375
v 1.565000 0.466612 -0.904687
v -1.565000 0.466612 -0.904687
v -1.565000 0.599373 -0.784062
v 1.565000 0.599373 -0.784062
v 1.565000 0.543529 -0.844375
v -1.565000 0.543529 -0.844375
v -1.565000 0.643712 -0.723750
v 1.565000 0.643712 -0.723750
v 1.565000 0.599373 -0.784062
v -1.565000 0.599373 -0.784062
v -1.565000 0.680294 -0.663437
v 1.565000 0.680294 -0.663437
v 1.565000 0.643712 -0.723750
v -1.565000 0.643712 -0.723750
v -1.565000 0.711053 -0.603125
v 1.565000 0.711053 -0.603125
v 1.565000 0.680294 -0.663437
v -1.565000 0.680294 -0.663437
v -1.565000 0.737140 -0.542812
v 1.565000 0.737140 -0.542812
v 1.565000 0.711053 -0.603125
v -1.565000 0.711053 -0.603125
v -1.565000 0.759304 -0.482500
v 1.565000 0.759304 -0.482500
v 1.565000 0.737140 -0.542812
v -1.565000 0.737140 -0.542812
v -1.565000 0.778058 -0.422187
v 1.565000 0.778058 -0.422187
v 1.565000 0.759304 -0.482500
v -1.565000 0.759304 -0.482500
v -1.565000 0.793769 -0.361875
v 1.565000 0.793769 -0.361875
v 1.565000 0.778058 -0.422187
v -1.565000 0.778058 -0.422187
v -1.565000 0.806704 -0.301562
v 1.565000 0.806704 -0.301562
v 1.565000 0.793769 -0.361875
v -1.565000 0.793769 -0.361875
v -1.565000 0.817059 -0.241250
v 1.565000 0.817059 -0.241250
v 1.565000 0.806704 -0.301562
v -1.565000 0.806704 -0.301562
v -1.565000 0.824980 -0.180937
v 1.565000 0.824980 -0.180937
v 1.565000 0.817059 -0.241250
v -1.565000 0.817059 -0.241250
v -1.565000 0.830569 -0.120625
v 1.565000 0.830569 -0.120625
v 1.565000 0.824980 -0.180937
v -1.565000 0.824980 -0.180937
v -1.565000 0.833895 -0.060312
v 1.565000 0.833895 -0.060312
v 1.565000 0.830569 -0.120625
v -1.565000 0.830569 -0.120625
v -1.565000 0.835000 0.000000
v 1.565000 0.835000 0.000000
v 1.565000 0.833895 -0.060312
v -1.565000 0.833895 -0.060312
v -1.565000 0.833895 0.060313
v 1.565000 0.833895 0.060313
v 1.565000 0.835000 0.000000
v -1.565000 0.835000 0.000000
v -1.565000 0.830569 0.120625
v 1.565000 0.830569 0.120625
v 1.565000 0.833895 0.060313
v -1.565000 0.833895 0.060313
v -1.565000 0.824980 0.180938
v 1.565000 0.824980 0.180938
v 1.565000 0.830569 0.120625
v -1.565000 0.830569 0.120625
v -1.565000 0.817059 0.241250
v 1.565000 0.817059 0.241250
v 1.565000 0.824980 0.180938
v -1.565000 0.824980 0.180938
v -1.565000 0.806704 0.301563
v 1.565000 0.806704 0.301563
v 1.565000 0.817059 0.241250
v -1.565000 0.817059 0.241250
v -1.565000 0.793769 0.361875
v 1.565000 0.793769 0.361875
v 1.565000 0.806704 0.301563
v -1.565000 0.806704 0.301563
v -1.565000 0.778058 0.422188
v 1.565000 0.778058 0.422188
v 1.565000 0.793769 0.361875
v -1.565000 0.793769 0.361875
v -1.565000 0.759304 0.482500
v 1.565000 0.759304 0.482500
v 1.565000 0.778058 0.422188
v -1.565000 0.778058 0.422188
v -1.565000 0.737140 0.542813
v 1.565000 0.737140 0.542813
v 1.565000 0.759304 0.482500
v -1.565000 0.759304 0.482500
v -1.565000 0.711053 0.603125
v 1.565000 0.711053 0.603125
v 1.565000 0.737140 0.542813
v -1.565000 0.737140 0.542813
v -1.565000 0.680294 0.663438
v 1.565000 0.680294 0.663438
v 1.565000 0.711053 0.603125
v -1.565000 0.711053 0.603125
v -1.565000 0.643712 0.723750
v 1.565000 0.643712 0.723750
v 1.565000 0.680294 0.663438
v -1.565000 0.680294 0.663438
v -1.565000 0.599373 0.784062
v 1.565000 0.599373 0.784062
v 1.565000 0.643712 0.723750
v -1.565000 0.643712 0.723750
v -1.565000 0.543529 0.844375
v 1.565000 0.543529 0.844375
v 1.565000 0.599373 0.784062
v -1.565000 0.599373 0.784062
v -1.565000 0.466612 0.904687
v 1.565000 0.466612 0.904687
v 1.565000 0.543529 0.844375
v -1.565000 0.543529 0.844375
v -1.565000 0.270000 0.965000
v 1.565000 0.270000 0.965000
v 1.565000 0.466612 0.904687
v -1.565000 0.466612 0.904687
v -1.565000 0.270000 -0.965000
v 1.565000 0.270000 -0.965000
v 1.565000 0.150000 -0.965000
v -1.565000 0.150000 -0.965000
v 1.565000 0.270000 -0.924000
v -1.565000 0.270000 -0.924000
v -1.565000 0.150000 -0.924000
v 1.565000 0.150000 -0.924000
v -1.565000 0.270000 -0.924000
v -1.565000 0.270000 -0.965000
v -1.565000 0.150000 -0.965000
v -1.565000 0.150000 -0.924000
v 1.565000 0.270000 -0.965000
v 1.565000 0.270000 -0.924000
v 1.565000 0.150000 -0.924000
v 1.565000 0.150000 -0.965000
v -1.565000 0.270000 -0.924000
v 1.565000 0.270000 -0.924000
v 1.565000 0.270000 -0.965000
v -1.565000 0.270000 -0.965000
v -1.565000 0.150000 -0.965000
v 1.565000 0.150000 -0.965000
v 1.565000 0.150000 -0.924000
v -1.565000 0.150000 -0.924000
v -1.565000 0.270000 0.924000
v 1.565000 0.270000 0.924000
v 1.565000 0.150000 0.924000
v -1.565000 0.150000 0.924000
v 1.565000 0.270000 0.965000
v -1.565000 0.270000 0.965000
v -1.565000 0.150000 0.965000
v 1.565000 0.150000 0.965000
v -1.565000 0.270000 0.965000
v -1.565000 0.270000 0.924000
v -1.565000 0.150000 0.924000
v -1.565000 0.150000 0.965000
v 1.565000 0.270000 0.924000
v 1.565000 0.270000 0.965000
v 1.565000 0.150000 0.965000
v 1.565000 0.150000 0.924000
v -1.565000 0.270000 0.965000
v 1.565000 0.270000 0.965000
v 1.565000 0.270000 0.924000
v -1.565000 0.270000 0.924000
v -1.565000 0.150000 0.924000
v 1.565000 0.150000 0.924000
v 1.565000 0.150000 0.965000
v -1.565000 0.150000 0.965000
v -1.565000 0.150000 -0.965000
v 1.565000 0.150000 -0.965000
v 1.565000 0.150000 0.965000
v -1.565000 0.150000 0.965000
v -1.565000 0.270000 -0.965000
v -1.565000 0.150000 -0.965000
v -1.565000 0.255000 0.000000
v -1.565000 0.466612 -0.904687
v -1.565000 0.270000 -0.965000
v -1.565000 0.255000 0.000000
v -1.565000 0.543529 -0.844375
v -1.565000 0.466612 -0.904687
v -1.565000 0.255000 0.000000
v -1.565000 0.599373 -0.784062
v -1.565000 0.543529 -0.844375
v -1.565000 0.255000 0.000000
v -1.565000 0.643712 -0.723750
v -1.565000 0.599373 -0.784062
v -1.565000 0.255000 0.000000
v -1.565000 0.680294 -0.663437
v -1.565000 0.643712 -0.723750
v -1.565000 0.255000 0.000000
v -1.565000 0.711053 -0.603125
v -1.565000 0.680294 -0.663437
v -1.565000 0.255000 0.000000
v -1.565000 0.737140 -0.542812
v -1.565000 0.711053 -0.603125
v -1.565000 0.255000 0.000000
v -1.565000 0.759304 -0.482500
v -1.565000 0.737140 -0.542812
v -1.565000 0.255000 0.000000
v -1.565000 0.778058 -0.422187
v -1.565000 0.759304 -0.482500
v -1.565000 0.255000 0.000000
v -1.565000 0.793769 -0.361875
v -1.565000 0.778058 -0.422187
v -1.565000 0.255000 0.000000
v -1.565000 0.806704 -0.301562
v -1.565000 0.793769 -0.361875
v -1.565000 0.255000 0.000000
v -1.565000 0.817059 -0.241250
v -1.565000 0.806704 -0.301562
v -1.565000 0.255000 0.000000
v -1.565000 0.824980 -0.180937
v -1.565000 0.817059 -0.241250
v -1.565000 0.255000 0.000000
v -1.565000 0.830569 -0.120625
v -1.565000 0.824980 -0.180937
v -1.565000 0.255000 0.000000
v -1.565000 0.833895 -0.060312
v -1.565000 0.830569 -0.120625
v -1.565000 0.255000 0.000000
v -1.565000 0.835000 0.000000
v -1.565000 0.833895 -0.060312
v -1.565000 0.255000 0.000000
v -1.565000 0.833895 0.060313
v -1.565000 0.835000 0.000000
v -1.565000 0.255000 0.000000
v -1.565000 0.830569 0.120625
v -1.565000 0.833895 0.060313
v -1.565000 0.255000 0.000000
v -1.565000 0.824980 0.180938
v -1.565000 0.830569 0.120625
v -1.565000 0.255000 0.000000
v -1.565000 0.817059 0.241250
v -1.565000 0.824980 0.180938
v -1.565000 0.255000 0.000000
v -1.565000 0.806704 0.301563
v -1.565000 0.817059 0.241250
v -1.565000 0.255000 0.000000
v -1.565000 0.793769 0.361875
v -1.565000 0.806704 0.301563
v -1.565000 0.255000 0.000000
v -1.565000 0.778058 0.422188
v -1.565000 0.793769 0.361875
v -1.565000 0.255000 0.000000
v -1.565000 0.759304 0.482500
v -1.565000 0.778058 0.422188
v -1.565000 0.255000 0.000000
v -1.565000 0.737140 0.542813
v -1.565000 0.759304 0.482500
v -1.565000 0.255000 0.000000
v -1.565000 0.711053 0.603125
v -1.565000 0.737140 0.542813
v -1.565000 0.255000 0.000000
v -1.565000 0.680294 0.663438
v -1.565000 0.711053 0.603125
v -1.565000 0.255000 0.000000
v -1.565000 0.643712 0.723750
v -1.565000 0.680294 0.663438
v -1.565000 0.255000 0.000000
v -1.565000 0.599373 0.784062
v -1.565000 0.643712 0.723750
v -1.565000 0.255000 0.000000
v -1.565000 0.543529 0.844375
v -1.565000 0.599373 0.784062
v -1.565000 0.255000 0.000000
v -1.565000 0.466612 0.904687
v -1.565000 0.543529 0.844375
v -1.565000 0.255000 0.000000
v -1.565000 0.270000 0.965000
v -1.565000 0.466612 0.904687
v -1.565000 0.255000 0.000000
v -1.565000 0.150000 0.965000
v -1.565000 0.270000 0.965000
v -1.565000 0.255000 0.000000
v -1.565000 0.150000 -0.965000
v -1.565000 0.150000 0.965000
v -1.565000 0.255000 0.000000
v 1.565000 0.255000 0.000000
v 1.565000 0.150000 -0.965000
v 1.565000 0.270000 -0.965000
v 1.565000 0.255000 0.000000
v 1.565000 0.270000 -0.965000
v 1.565000 0.466612 -0.904687
v 1.565000 0.255000 0.000000
v 1.565000 0.466612 -0.904687
v 1.565000 0.543529 -0.844375
v 1.565000 0.255000 0.000000
v 1.565000 0.543529 -0.844375
v 1.565000 0.599373 -0.784062
v 1.565000 0.255000 0.000000
v 1.565000 0.599373 -0.784062
v 1.565000 0.643712 -0.723750
v 1.565000 0.255000 0.000000
v 1.565000 0.643712 -0.723750
v 1.565000 0.680294 -0.663437
v 1.565000 0.255000 0.000000
v 1.565000 0.680294 -0.663437
v 1.565000 0.711053 -0.603125
v 1.565000 0.255000 0.000000
v 1.565000 0.711053 -0.603125
v 1.565000 0.737140 -0.542812
v 1.565000 0.255000 0.000000
v 1.565000 0.737140 -0.542812
v 1.565000 0.759304 -0.482500
v 1.565000 0.255000 0.000000
v 1.565000 0.759304 -0.482500
v 1.565000 0.778058 -0.422187
v 1.565000 0.255000 0.000000
v 1.565000 0.778058 -0.422187
v 1.565000 0.793769 -0.361875
v 1.565000 0.255000 0.000000
v 1.565000 0.793769 -0.361875
v 1.565000 0.806704 -0.301562
v 1.565000 0.255000 0.000000
v 1.565000 0.806704 -0.301562
v 1.565000 0.817059 -0.241250
v 1.565000 0.255000 0.000000
v 1.565000 0.817059 -0.241250
v 1.565000 0.824980 -0.180937
v 1.565000 0.255000 0.000000
v 1.565000 0.824980 -0.180937
v 1.565000 0.830569 -0.120625
v 1.565000 0.255000 0.000000
v 1.565000 0.830569 -0.120625
v 1.565000 0.833895 -0.060312
v 1.565000 0.255000 0.000000
v 1.565000 0.833895 -0.060312
v 1.565000 0.835000 0.000000
v 1.565000 0.255000 0.000000
v 1.565000 0.835000 0.000000
v 1.565000 0.833895 0.060313
v 1.565000 0.255000 0.000000
v 1.565000 0.833895 0.060313
v 1.565000 0.830569 0.120625
v 1.565000 0.255000 0.000000
v 1.565000 0.830569 0.120625
v 1.565000 0.824980 0.180938
v 1.565000 0.255000 0.000000
v 1.565000 0.824980 0.180938
v 1.565000 0.817059 0.241250
v 1.565000 0.255000 0.000000
v 1.565000 0.817059 0.241250
v 1.565000 0.806704 0.301563
v 1.565000 0.255000 0.000000
v 1.565000 0.806704 0.301563
v 1.565000 0.793769 0.361875
v 1.565000 0.255000 0.000000
v 1.565000 0.793769 0.361875
v 1.565000 0.778058 0.422188
v 1.565000 0.255000 0.000000
v 1.565000 0.778058 0.422188
v 1.565000 0.759304 0.482500
v 1.565000 0.255000 0.000000
v 1.565000 0.759304 0.482500
v 1.565000 0.737140 0.542813
v 1.565000 0.255000 0.000000
v 1.565000 0.737140 0.542813
v 1.565000 0.711053 0.603125
v 1.565000 0.255000 0.000000
v 1.565000 0.711053 0.603125
v 1.565000 0.680294 0.663438
v 1.565000 0.255000 0.000000
v 1.565000 0.680294 0.663438
v 1.565000 0.643712 0.723750
v 1.565000 0.255000 0.000000
v 1.565000 0.643712 0.723750
v 1.565000 0.599373 0.784062
v 1.565000 0.255000 0.000000
v 1.565000 0.599373 0.784062
v 1.565000 0.543529 0.844375
v 1.565000 0.255000 0.000000
v 1.565000 0.543529 0.844375
v 1.565000 0.466612 0.904687
v 1.565000 0.255000 0.000000
v 1.565000 0.466612 0.904687
v 1.565000 0.270000 0.965000
v 1.565000 0.255000 0.000000
v 1.565000 0.270000 0.965000
v 1.565000 0.150000 0.965000
v 1.565000 0.255000 0.000000
v 1.565000 0.150000 0.965000
v 1.565000 0.150000 -0.965000
v -1.558000 0.791847 -0.382000
v 1.558000 0.791847 -0.382000
v 1.558000 0.787708 -0.398000
v -1.558000 0.787708 -0.398000
v -1.558000 0.787708 0.398000
v 1.558000 0.787708 0.398000
v 1.558000 0.791847 0.382000
v -1.558000 0.791847 0.382000
vt 0.285000 0.611887
vt 0.795000 0.611887
vt 0.795000 0.970848
vt 0.285000 0.970848
vt 0.795000 0.647119
vt 0.285000 0.647119
vt 0.285000 0.546080
vt 0.795000 0.546080
vt 0.285000 0.647119
vt 0.285000 0.611887
vt 0.285000 0.970848
vt 0.285000 0.546080
vt 0.795000 0.611887
vt 0.795000 0.647119
vt 0.795000 0.546080
vt 0.795000 0.970848
vt 0.285000 0.647119
vt 0.795000 0.647119
vt 0.795000 0.611887
vt 0.285000 0.611887
vt 0.285000 0.970848
vt 0.795000 0.970848
vt 0.795000 0.546080
vt 0.285000 0.546080
vt 0.273100 0.020719
vt 0.806900 0.020719
vt 0.806900 0.469610
vt 0.273100 0.469610
vt 0.806900 0.058427
vt 0.273100 0.058427
vt 0.273100 0.047318
vt 0.806900 0.047318
vt 0.273100 0.058427
vt 0.273100 0.020719
vt 0.273100 0.469610
vt 0.273100 0.047318
vt 0.806900 0.020719
vt 0.806900 0.058427
vt 0.806900 0.047318
vt 0.806900 0.469610
vt 0.273100 0.058427
vt 0.806900 0.058427
vt 0.806900 0.020719
vt 0.273100 0.020719
vt 0.273100 0.469610
vt 0.806900 0.469610
vt 0.806900 0.047318
vt 0.273100 0.047318
vt 0.281600 0.525377
vt 0.798400 0.525377
vt 0.798400 0.521462
vt 0.281600 0.521462
vt 0.798400 0.561598
vt 0.281600 0.561598
vt 0.281600 0.557684
vt 0.798400 0.557684
vt 0.281600 0.561598
vt 0.281600 0.525377
vt 0.281600 0.521462
vt 0.281600 0.557684
vt 0.798400 0.525377
vt 0.798400 0.561598
vt 0.798400 0.557684
vt 0.798400 0.521462
vt 0.281600 0.561598
vt 0.798400 0.561598
vt 0.798400 0.525377
vt 0.281600 0.525377
vt 0.281600 0.521462
vt 0.798400 0.521462
vt 0.798400 0.557684
vt 0.281600 0.557684
vt 0.307100 0.585071
vt 0.473700 0.585071
vt 0.473700 0.537461
vt 0.307100 0.537461
vt 0.473700 0.585547
vt 0.307100 0.585547
vt 0.307100 0.537937
vt 0.473700 0.537937
vt 0.307100 0.585547
vt 0.307100 0.585071
vt 0.307100 0.537461
vt 0.307100 0.537937
vt 0.473700 0.585071
vt 0.473700 0.585547
vt 0.473700 0.537937
vt 0.473700 0.537461
vt 0.307100 0.585547
vt 0.473700 0.585547
vt 0.473700 0.585071
vt 0.307100 0.585071
vt 0.307100 0.537461
vt 0.473700 0.537461
vt 0.473700 0.537937
vt 0.307100 0.537937
vt 0.307100 0.088131
vt 0.313050 0.088131
vt 0.313050 0.034702
vt 0.307100 0.034702
vt 0.313050 0.088836
vt 0.307100 0.088836
vt 0.307100 0.035407
vt 0.313050 0.035407
vt 0.307100 0.088836
vt 0.307100 0.088131
vt 0.307100 0.034702
vt 0.307100 0.035407
vt 0.313050 0.088131
vt 0.313050 0.088836
vt 0.313050 0.035407
vt 0.313050 0.034702
vt 0.307100 0.088836
vt 0.313050 0.088836
vt 0.313050 0.088131
vt 0.307100 0.088131
vt 0.307100 0.034702
vt 0.313050 0.034702
vt 0.313050 0.035407
vt 0.307100 0.035407
vt 0.467750 0.088131
vt 0.473700 0.088131
vt 0.473700 0.034702
vt 0.467750 0.034702
vt 0.473700 0.088836
vt 0.467750 0.088836
vt 0.467750 0.035407
vt 0.473700 0.035407
vt 0.467750 0.088836
vt 0.467750 0.088131
vt 0.467750 0.034702
vt 0.467750 0.035407
vt 0.473700 0.088131
vt 0.473700 0.088836
vt 0.473700 0.035407
vt 0.473700 0.034702
vt 0.467750 0.088836
vt 0.473700 0.088836
vt 0.473700 0.088131
vt 0.467750 0.088131
vt 0.467750 0.034702
vt 0.473700 0.034702
vt 0.473700 0.035407
vt 0.467750 0.035407
vt 0.307100 0.038405
vt 0.473700 0.038405
vt 0.473700 0.034702
vt 0.307100 0.034702
vt 0.473700 0.039110
vt 0.307100 0.039110
vt 0.307100 0.035407
vt 0.473700 0.035407
vt 0.307100 0.039110
vt 0.307100 0.038405
vt 0.307100 0.034702
vt 0.307100 0.035407
vt 0.473700 0.038405
vt 0.473700 0.039110
vt 0.473700 0.035407
vt 0.473700 0.034702
vt 0.307100 0.039110
vt 0.473700 0.039110
vt 0.473700 0.038405
vt 0.307100 0.038405
vt 0.307100 0.034702
vt 0.473700 0.034702
vt 0.473700 0.035407
vt 0.307100 0.035407
vt 0.307100 0.088131
vt 0.473700 0.088131
vt 0.473700 0.084428
vt 0.307100 0.084428
vt 0.473700 0.088836
vt 0.307100 0.088836
vt 0.307100 0.085133
vt 0.473700 0.085133
vt 0.307100 0.088836
vt 0.307100 0.088131
vt 0.307100 0.084428
vt 0.307100 0.085133
vt 0.473700 0.088131
vt 0.473700 0.088836
vt 0.473700 0.085133
vt 0.473700 0.084428
vt 0.307100 0.088836
vt 0.473700 0.088836
vt 0.473700 0.088131
vt 0.307100 0.088131
vt 0.307100 0.084428
vt 0.473700 0.084428
vt 0.473700 0.085133
vt 0.307100 0.085133
vt 0.478800 0.585071
vt 0.601200 0.585071
vt 0.601200 0.537461
vt 0.478800 0.537461
vt 0.601200 0.585547
vt 0.478800 0.585547
vt 0.478800 0.537937
vt 0.601200 0.537937
vt 0.478800 0.585547
vt 0.478800 0.585071
vt 0.478800 0.537461
vt 0.478800 0.537937
vt 0.601200 0.585071
vt 0.601200 0.585547
vt 0.601200 0.537937
vt 0.601200 0.537461
vt 0.478800 0.585547
vt 0.601200 0.585547
vt 0.601200 0.585071
vt 0.478800 0.585071
vt 0.478800 0.537461
vt 0.601200 0.537461
vt 0.601200 0.537937
vt 0.478800 0.537937
vt 0.478800 0.088131
vt 0.484750 0.088131
vt 0.484750 0.034702
vt 0.478800 0.034702
vt 0.484750 0.088836
vt 0.478800 0.088836
vt 0.478800 0.035407
vt 0.484750 0.035407
vt 0.478800 0.088836
vt 0.478800 0.088131
vt 0.478800 0.034702
vt 0.478800 0.035407
vt 0.484750 0.088131
vt 0.484750 0.088836
vt 0.484750 0.035407
vt 0.484750 0.034702
vt 0.478800 0.088836
vt 0.484750 0.088836
vt 0.484750 0.088131
vt 0.478800 0.088131
vt 0.478800 0.034702
vt 0.484750 0.034702
vt 0.484750 0.035407
vt 0.478800 0.035407
vt 0.595250 0.088131
vt 0.601200 0.088131
vt 0.601200 0.034702
vt 0.595250 0.034702
vt 0.601200 0.088836
vt 0.595250 0.088836
vt 0.595250 0.035407
vt 0.601200 0.035407
vt 0.595250 0.088836
vt 0.595250 0.088131
vt 0.595250 0.034702
vt 0.595250 0.035407
vt 0.601200 0.088131
vt 0.601200 0.088836
vt 0.601200 0.035407
vt 0.601200 0.034702
vt 0.595250 0.088836
vt 0.601200 0.088836
vt 0.601200 0.088131
vt 0.595250 0.088131
vt 0.595250 0.034702
vt 0.601200 0.034702
vt 0.601200 0.035407
vt 0.595250 0.035407
vt 0.478800 0.038405
vt 0.601200 0.038405
vt 0.601200 0.034702
vt 0.478800 0.034702
vt 0.601200 0.039110
vt 0.478800 0.039110
vt 0.478800 0.035407
vt 0.601200 0.035407
vt 0.478800 0.039110
vt 0.478800 0.038405
vt 0.478800 0.034702
vt 0.478800 0.035407
vt 0.601200 0.038405
vt 0.601200 0.039110
vt 0.601200 0.035407
vt 0.601200 0.034702
vt 0.478800 0.039110
vt 0.601200 0.039110
vt 0.601200 0.038405
vt 0.478800 0.038405
vt 0.478800 0.034702
vt 0.601200 0.034702
vt 0.601200 0.035407
vt 0.478800 0.035407
vt 0.478800 0.088131
vt 0.601200 0.088131
vt 0.601200 0.084428
vt 0.478800 0.084428
vt 0.601200 0.088836
vt 0.478800 0.088836
vt 0.478800 0.085133
vt 0.601200 0.085133
vt 0.478800 0.088836
vt 0.478800 0.088131
vt 0.478800 0.084428
vt 0.478800 0.085133
vt 0.601200 0.088131
vt 0.601200 0.088836
vt 0.601200 0.085133
vt 0.601200 0.084428
vt 0.478800 0.088836
vt 0.601200 0.088836
vt 0.601200 0.088131
vt 0.478800 0.088131
vt 0.478800 0.084428
vt 0.601200 0.084428
vt 0.601200 0.085133
vt 0.478800 0.085133
vt 0.606300 0.585071
vt 0.772900 0.585071
vt 0.772900 0.537461
vt 0.606300 0.537461
vt 0.772900 0.585547
vt 0.606300 0.585547
vt 0.606300 0.537937
vt 0.772900 0.537937
vt 0.606300 0.585547
vt 0.606300 0.585071
vt 0.606300 0.537461
vt 0.606300 0.537937
vt 0.772900 0.585071
vt 0.772900 0.585547
vt 0.772900 0.537937
vt 0.772900 0.537461
vt 0.606300 0.585547
vt 0.772900 0.585547
vt 0.772900 0.585071
vt 0.606300 0.585071
vt 0.606300 0.537461
vt 0.772900 0.537461
vt 0.772900 0.537937
vt 0.606300 0.537937
vt 0.606300 0.088131
vt 0.612250 0.088131
vt 0.612250 0.034702
vt 0.606300 0.034702
vt 0.612250 0.088836
vt 0.606300 0.088836
vt 0.606300 0.035407
vt 0.612250 0.035407
vt 0.606300 0.088836
vt 0.606300 0.088131
vt 0.606300 0.034702
vt 0.606300 0.035407
vt 0.612250 0.088131
vt 0.612250 0.088836
vt 0.612250 0.035407
vt 0.612250 0.034702
vt 0.606300 0.088836
vt 0.612250 0.088836
vt 0.612250 0.088131
vt 0.606300 0.088131
vt 0.606300 0.034702
vt 0.612250 0.034702
vt 0.612250 0.035407
vt 0.606300 0.035407
vt 0.766950 0.088131
vt 0.772900 0.088131
vt 0.772900 0.034702
vt 0.766950 0.034702
vt 0.772900 0.088836
vt 0.766950 0.088836
vt 0.766950 0.035407
vt 0.772900 0.035407
vt 0.766950 0.088836
vt 0.766950 0.088131
vt 0.766950 0.034702
vt 0.766950 0.035407
vt 0.772900 0.088131
vt 0.772900 0.088836
vt 0.772900 0.035407
vt 0.772900 0.034702
vt 0.766950 0.088836
vt 0.772900 0.088836
vt 0.772900 0.088131
vt 0.766950 0.088131
vt 0.766950 0.034702
vt 0.772900 0.034702
vt 0.772900 0.035407
vt 0.766950 0.035407
vt 0.606300 0.038405
vt 0.772900 0.038405
vt 0.772900 0.034702
vt 0.606300 0.034702
vt 0.772900 0.039110
vt 0.606300 0.039110
vt 0.606300 0.035407
vt 0.772900 0.035407
vt 0.606300 0.039110
vt 0.606300 0.038405
vt 0.606300 0.034702
vt 0.606300 0.035407
vt 0.772900 0.038405
vt 0.772900 0.039110
vt 0.772900 0.035407
vt 0.772900 0.034702
vt 0.606300 0.039110
vt 0.772900 0.039110
vt 0.772900 0.038405
vt 0.606300 0.038405
vt 0.606300 0.034702
vt 0.772900 0.034702
vt 0.772900 0.035407
vt 0.606300 0.035407
vt 0.606300 0.088131
vt 0.772900 0.088131
vt 0.772900 0.084428
vt 0.606300 0.084428
vt 0.772900 0.088836
vt 0.606300 0.088836
vt 0.606300 0.085133
vt 0.772900 0.085133
vt 0.606300 0.088836
vt 0.606300 0.088131
vt 0.606300 0.084428
vt 0.606300 0.085133
vt 0.772900 0.088131
vt 0.772900 0.088836
vt 0.772900 0.085133
vt 0.772900 0.084428
vt 0.606300 0.088836
vt 0.772900 0.088836
vt 0.772900 0.088131
vt 0.606300 0.088131
vt 0.606300 0.084428
vt 0.772900 0.084428
vt 0.772900 0.085133
vt 0.606300 0.085133
vt 0.307100 0.621617
vt 0.473700 0.621617
vt 0.473700 0.574007
vt 0.307100 0.574007
vt 0.473700 0.622093
vt 0.307100 0.622093
vt 0.307100 0.574483
vt 0.473700 0.574483
vt 0.307100 0.622093
vt 0.307100 0.621617
vt 0.307100 0.574007
vt 0.307100 0.574483
vt 0.473700 0.621617
vt 0.473700 0.622093
vt 0.473700 0.574483
vt 0.473700 0.574007
vt 0.307100 0.622093
vt 0.473700 0.622093
vt 0.473700 0.621617
vt 0.307100 0.621617
vt 0.307100 0.574007
vt 0.473700 0.574007
vt 0.473700 0.574483
vt 0.307100 0.574483
vt 0.307100 0.124676
vt 0.313050 0.124676
vt 0.313050 0.071247
vt 0.307100 0.071247
vt 0.313050 0.125381
vt 0.307100 0.125381
vt 0.307100 0.071952
vt 0.313050 0.071952
vt 0.307100 0.125381
vt 0.307100 0.124676
vt 0.307100 0.071247
vt 0.307100 0.071952
vt 0.313050 0.124676
vt 0.313050 0.125381
vt 0.313050 0.071952
vt 0.313050 0.071247
vt 0.307100 0.125381
vt 0.313050 0.125381
vt 0.313050 0.124676
vt 0.307100 0.124676
vt 0.307100 0.071247
vt 0.313050 0.071247
vt 0.313050 0.071952
vt 0.307100 0.071952
vt 0.467750 0.124676
vt 0.473700 0.124676
vt 0.473700 0.071247
vt 0.467750 0.071247
vt 0.473700 0.125381
vt 0.467750 0.125381
vt 0.467750 0.071952
vt 0.473700 0.071952
vt 0.467750 0.125381
vt 0.467750 0.124676
vt 0.467750 0.071247
vt 0.467750 0.071952
vt 0.473700 0.124676
vt 0.473700 0.125381
vt 0.473700 0.071952
vt 0.473700 0.071247
vt 0.467750 0.125381
vt 0.473700 0.125381
vt 0.473700 0.124676
vt 0.467750 0.124676
vt 0.467750 0.071247
vt 0.473700 0.071247
vt 0.473700 0.071952
vt 0.467750 0.071952
vt 0.307100 0.074950
vt 0.473700 0.074950
vt 0.473700 0.071247
vt 0.307100 0.071247
vt 0.473700 0.075655
vt 0.307100 0.075655
vt 0.307100 0.071952
vt 0.473700 0.071952
vt 0.307100 0.075655
vt 0.307100 0.074950
vt 0.307100 0.071247
vt 0.307100 0.071952
vt 0.473700 0.074950
vt 0.473700 0.075655
vt 0.473700 0.071952
vt 0.473700 0.071247
vt 0.307100 0.075655
vt 0.473700 0.075655
vt 0.473700 0.074950
vt 0.307100 0.074950
vt 0.307100 0.071247
vt 0.473700 0.071247
vt 0.473700 0.071952
vt 0.307100 0.071952
vt 0.307100 0.124676
vt 0.473700 0.124676
vt 0.473700 0.120973
vt 0.307100 0.120973
vt 0.473700 0.125381
vt 0.307100 0.125381
vt 0.307100 0.121678
vt 0.473700 0.121678
vt 0.307100 0.125381
vt 0.307100 0.124676
vt 0.307100 0.120973
vt 0.307100 0.121678
vt 0.473700 0.124676
vt 0.473700 0.125381
vt 0.473700 0.121678
vt 0.473700 0.120973
vt 0.307100 0.125381
vt 0.473700 0.125381
vt 0.473700 0.124676
vt 0.307100 0.124676
vt 0.307100 0.120973
vt 0.473700 0.120973
vt 0.473700 0.121678
vt 0.307100 0.121678
vt 0.478800 0.621617
vt 0.601200 0.621617
vt 0.601200 0.574007
vt 0.478800 0.574007
vt 0.601200 0.622093
vt 0.478800 0.622093
vt 0.478800 0.574483
vt 0.601200 0.574483
vt 0.478800 0.622093
vt 0.478800 0.621617
vt 0.478800 0.574007
vt 0.478800 0.574483
vt 0.601200 0.621617
vt 0.601200 0.622093
vt 0.601200 0.574483
vt 0.601200 0.574007
vt 0.478800 0.622093
vt 0.601200 0.622093
vt 0.601200 0.621617
vt 0.478800 0.621617
vt 0.478800 0.574007
vt 0.601200 0.574007
vt 0.601200 0.574483
vt 0.478800 0.574483
vt 0.478800 0.124676
vt 0.484750 0.124676
vt 0.484750 0.071247
vt 0.478800 0.071247
vt 0.484750 0.125381
vt 0.478800 0.125381
vt 0.478800 0.071952
vt 0.484750 0.071952
vt 0.478800 0.125381
vt 0.478800 0.124676
vt 0.478800 0.071247
vt 0.478800 0.071952
vt 0.484750 0.124676
vt 0.484750 0.125381
vt 0.484750 0.071952
vt 0.484750 0.071247
vt 0.478800 0.125381
vt 0.484750 0.125381
vt 0.484750 0.124676
vt 0.478800 0.124676
vt 0.478800 0.071247
vt 0.484750 0.071247
vt 0.484750 0.071952
vt 0.478800 0.071952
vt 0.595250 0.124676
vt 0.601200 0.124676
vt 0.601200 0.071247
vt 0.595250 0.071247
vt 0.601200 0.125381
vt 0.595250 0.125381
vt 0.595250 0.071952
vt 0.601200 0.071952
vt 0.595250 0.125381
vt 0.595250 0.124676
vt 0.595250 0.071247
vt 0.595250 0.071952
vt 0.601200 0.124676
vt 0.601200 0.125381
vt 0.601200 0.071952
vt 0.601200 0.071247
vt 0.595250 0.125381
vt 0.601200 0.125381
vt 0.601200 0.124676
vt 0.595250 0.124676
vt 0.595250 0.071247
vt 0.601200 0.071247
vt 0.601200 0.071952
vt 0.595250 0.071952
vt 0.478800 0.074950
vt 0.601200 0.074950
vt 0.601200 0.071247
vt 0.478800 0.071247
vt 0.601200 0.075655
vt 0.478800 0.075655
vt 0.478800 0.071952
vt 0.601200 0.071952
vt 0.478800 0.075655
vt 0.478800 0.074950
vt 0.478800 0.071247
vt 0.478800 0.071952
vt 0.601200 0.074950
vt 0.601200 0.075655
vt 0.601200 0.071952
vt 0.601200 0.071247
vt 0.478800 0.075655
vt 0.601200 0.075655
vt 0.601200 0.074950
vt 0.478800 0.074950
vt 0.478800 0.071247
vt 0.601200 0.071247
vt 0.601200 0.071952
vt 0.478800 0.071952
vt 0.478800 0.124676
vt 0.601200 0.124676
vt 0.601200 0.120973
vt 0.478800 0.120973
vt 0.601200 0.125381
vt 0.478800 0.125381
vt 0.478800 0.121678
vt 0.601200 0.121678
vt 0.478800 0.125381
vt 0.478800 0.124676
vt 0.478800 0.120973
vt 0.478800 0.121678
vt 0.601200 0.124676
vt 0.601200 0.125381
vt 0.601200 0.121678
vt 0.601200 0.120973
vt 0.478800 0.125381
vt 0.601200 0.125381
vt 0.601200 0.124676
vt 0.478800 0.124676
vt 0.478800 0.120973
vt 0.601200 0.120973
vt 0.601200 0.121678
vt 0.478800 0.121678
vt 0.606300 0.621617
vt 0.772900 0.621617
vt 0.772900 0.574007
vt 0.606300 0.574007
vt 0.772900 0.622093
vt 0.606300 0.622093
vt 0.606300 0.574483
vt 0.772900 0.574483
vt 0.606300 0.622093
vt 0.606300 0.621617
vt 0.606300 0.574007
vt 0.606300 0.574483
vt 0.772900 0.621617
vt 0.772900 0.622093
vt 0.772900 0.574483
vt 0.772900 0.574007
vt 0.606300 0.622093
vt 0.772900 0.622093
vt 0.772900 0.621617
vt 0.606300 0.621617
vt 0.606300 0.574007
vt 0.772900 0.574007
vt 0.772900 0.574483
vt 0.606300 0.574483
vt 0.606300 0.124676
vt 0.612250 0.124676
vt 0.612250 0.071247
vt 0.606300 0.071247
vt 0.612250 0.125381
vt 0.606300 0.125381
vt 0.606300 0.071952
vt 0.612250 0.071952
vt 0.606300 0.125381
vt 0.606300 0.124676
vt 0.606300 0.071247
vt 0.606300 0.071952
vt 0.612250 0.124676
vt 0.612250 0.125381
vt 0.612250 0.071952
vt 0.612250 0.071247
vt 0.606300 0.125381
vt 0.612250 0.125381
vt 0.612250 0.124676
vt 0.606300 0.124676
vt 0.606300 0.071247
vt 0.612250 0.071247
vt 0.612250 0.071952
vt 0.606300 0.071952
vt 0.766950 0.124676
vt 0.772900 0.124676
vt 0.772900 0.071247
vt 0.766950 0.071247
vt 0.772900 0.125381
vt 0.766950 0.125381
vt 0.766950 0.071952
vt 0.772900 0.071952
vt 0.766950 0.125381
vt 0.766950 0.124676
vt 0.766950 0.071247
vt 0.766950 0.071952
vt 0.772900 0.124676
vt 0.772900 0.125381
vt 0.772900 0.071952
vt 0.772900 0.071247
vt 0.766950 0.125381
vt 0.772900 0.125381
vt 0.772900 0.124676
vt 0.766950 0.124676
vt 0.766950 0.071247
vt 0.772900 0.071247
vt 0.772900 0.071952
vt 0.766950 0.071952
vt 0.606300 0.074950
vt 0.772900 0.074950
vt 0.772900 0.071247
vt 0.606300 0.071247
vt 0.772900 0.075655
vt 0.606300 0.075655
vt 0.606300 0.071952
vt 0.772900 0.071952
vt 0.606300 0.075655
vt 0.606300 0.074950
vt 0.606300 0.071247
vt 0.606300 0.071952
vt 0.772900 0.074950
vt 0.772900 0.075655
vt 0.772900 0.071952
vt 0.772900 0.071247
vt 0.606300 0.075655
vt 0.772900 0.075655
vt 0.772900 0.074950
vt 0.606300 0.074950
vt 0.606300 0.071247
vt 0.772900 0.071247
vt 0.772900 0.071952
vt 0.606300 0.071952
vt 0.606300 0.124676
vt 0.772900 0.124676
vt 0.772900 0.120973
vt 0.606300 0.120973
vt 0.772900 0.125381
vt 0.606300 0.125381
vt 0.606300 0.121678
vt 0.772900 0.121678
vt 0.606300 0.125381
vt 0.606300 0.124676
vt 0.606300 0.120973
vt 0.606300 0.121678
vt 0.772900 0.124676
vt 0.772900 0.125381
vt 0.772900 0.121678
vt 0.772900 0.120973
vt 0.606300 0.125381
vt 0.772900 0.125381
vt 0.772900 0.124676
vt 0.606300 0.124676
vt 0.606300 0.120973
vt 0.772900 0.120973
vt 0.772900 0.121678
vt 0.606300 0.121678
vt 0.276840 0.590061
vt 0.280240 0.590061
vt 0.280240 0.544567
vt 0.276840 0.544567
vt 0.280240 0.602249
vt 0.276840 0.602249
vt 0.276840 0.556755
vt 0.280240 0.556755
vt 0.276840 0.602249
vt 0.276840 0.590061
vt 0.276840 0.544567
vt 0.276840 0.556755
vt 0.280240 0.590061
vt 0.280240 0.602249
vt 0.280240 0.556755
vt 0.280240 0.544567
vt 0.276840 0.602249
vt 0.280240 0.602249
vt 0.280240 0.590061
vt 0.276840 0.590061
vt 0.276840 0.544567
vt 0.280240 0.544567
vt 0.280240 0.556755
vt 0.276840 0.556755
vt 0.276840 0.604915
vt 0.280240 0.604915
vt 0.280240 0.559421
vt 0.276840 0.559421
vt 0.280240 0.617103
vt 0.276840 0.617103
vt 0.276840 0.571609
vt 0.280240 0.571609
vt 0.276840 0.617103
vt 0.276840 0.604915
vt 0.276840 0.559421
vt 0.276840 0.571609
vt 0.280240 0.604915
vt 0.280240 0.617103
vt 0.280240 0.571609
vt 0.280240 0.559421
vt 0.276840 0.617103
vt 0.280240 0.617103
vt 0.280240 0.604915
vt 0.276840 0.604915
vt 0.276840 0.559421
vt 0.280240 0.559421
vt 0.280240 0.571609
vt 0.276840 0.571609
vt 0.799760 0.590061
vt 0.803160 0.590061
vt 0.803160 0.544567
vt 0.799760 0.544567
vt 0.803160 0.602249
vt 0.799760 0.602249
vt 0.799760 0.556755
vt 0.803160 0.556755
vt 0.799760 0.602249
vt 0.799760 0.590061
vt 0.799760 0.544567
vt 0.799760 0.556755
vt 0.803160 0.590061
vt 0.803160 0.602249
vt 0.803160 0.556755
vt 0.803160 0.544567
vt 0.799760 0.602249
vt 0.803160 0.602249
vt 0.803160 0.590061
vt 0.799760 0.590061
vt 0.799760 0.544567
vt 0.803160 0.544567
vt 0.803160 0.556755
vt 0.799760 0.556755
vt 0.799760 0.604915
vt 0.803160 0.604915
vt 0.803160 0.559421
vt 0.799760 0.559421
vt 0.803160 0.617103
vt 0.799760 0.617103
vt 0.799760 0.571609
vt 0.803160 0.571609
vt 0.799760 0.617103
vt 0.799760 0.604915
vt 0.799760 0.559421
vt 0.799760 0.571609
vt 0.803160 0.604915
vt 0.803160 0.617103
vt 0.803160 0.571609
vt 0.803160 0.559421
vt 0.799760 0.617103
vt 0.803160 0.617103
vt 0.803160 0.604915
vt 0.799760 0.604915
vt 0.799760 0.559421
vt 0.803160 0.559421
vt 0.803160 0.571609
vt 0.799760 0.571609
vt 0.273950 0.643656
vt 0.806050 0.643656
vt 0.806050 0.621706
vt 0.273950 0.621706
vt 0.273950 0.652942
vt 0.806050 0.652942
vt 0.806050 0.643656
vt 0.273950 0.643656
vt 0.273950 0.659999
vt 0.806050 0.659999
vt 0.806050 0.652942
vt 0.273950 0.652942
vt 0.273950 0.665839
vt 0.806050 0.665839
vt 0.806050 0.659999
vt 0.273950 0.659999
vt 0.273950 0.670858
vt 0.806050 0.670858
vt 0.806050 0.665839
vt 0.273950 0.665839
vt 0.273950 0.675260
vt 0.806050 0.675260
vt 0.806050 0.670858
vt 0.273950 0.670858
vt 0.273950 0.679169
vt 0.806050 0.679169
vt 0.806050 0.675260
vt 0.273950 0.675260
vt 0.273950 0.682663
vt 0.806050 0.682663
vt 0.806050 0.679169
vt 0.273950 0.679169
vt 0.273950 0.685795
vt 0.806050 0.685795
vt 0.806050 0.682663
vt 0.273950 0.682663
vt 0.273950 0.688606
vt 0.806050 0.688606
vt 0.806050 0.685795
vt 0.273950 0.685795
vt 0.273950 0.691123
vt 0.806050 0.691123
vt 0.806050 0.688606
vt 0.273950 0.688606
vt 0.273950 0.693367
vt 0.806050 0.693367
vt 0.806050 0.691123
vt 0.273950 0.691123
vt 0.273950 0.695354
vt 0.806050 0.695354
vt 0.806050 0.693367
vt 0.273950 0.693367
vt 0.273950 0.697094
vt 0.806050 0.697094
vt 0.806050 0.695354
vt 0.273950 0.695354
vt 0.273950 0.698595
vt 0.806050 0.698595
vt 0.806050 0.697094
vt 0.273950 0.697094
vt 0.273950 0.699860
vt 0.806050 0.699860
vt 0.806050 0.698595
vt 0.273950 0.698595
vt 0.273950 0.700892
vt 0.806050 0.700892
vt 0.806050 0.699860
vt 0.273950 0.699860
vt 0.273950 0.701688
vt 0.806050 0.701688
vt 0.806050 0.700892
vt 0.273950 0.700892
vt 0.273950 0.702246
vt 0.806050 0.702246
vt 0.806050 0.701688
vt 0.273950 0.701688
vt 0.273950 0.702556
vt 0.806050 0.702556
vt 0.806050 0.702246
vt 0.273950 0.702246
vt 0.273950 0.702609
vt 0.806050 0.702609
vt 0.806050 0.702556
vt 0.273950 0.702556
vt 0.273950 0.702389
vt 0.806050 0.702389
vt 0.806050 0.702609
vt 0.273950 0.702609
vt 0.273950 0.701876
vt 0.806050 0.701876
vt 0.806050 0.702389
vt 0.273950 0.702389
vt 0.273950 0.701040
vt 0.806050 0.701040
vt 0.806050 0.701876
vt 0.273950 0.701876
vt 0.273950 0.699844
vt 0.806050 0.699844
vt 0.806050 0.701040
vt 0.273950 0.701040
vt 0.273950 0.698232
vt 0.806050 0.698232
vt 0.806050 0.699844
vt 0.273950 0.699844
vt 0.273950 0.696127
vt 0.806050 0.696127
vt 0.806050 0.698232
vt 0.273950 0.698232
vt 0.273950 0.693405
vt 0.806050 0.693405
vt 0.806050 0.696127
vt 0.273950 0.696127
vt 0.273950 0.689862
vt 0.806050 0.689862
vt 0.806050 0.693405
vt 0.273950 0.693405
vt 0.273950 0.685103
vt 0.806050 0.685103
vt 0.806050 0.689862
vt 0.273950 0.689862
vt 0.273950 0.678113
vt 0.806050 0.678113
vt 0.806050 0.685103
vt 0.273950 0.685103
vt 0.273950 0.658460
vt 0.806050 0.658460
vt 0.806050 0.678113
vt 0.273950 0.678113
vt 0.273950 0.621706
vt 0.806050 0.621706
vt 0.806050 0.609010
vt 0.273950 0.609010
vt 0.806050 0.622486
vt 0.273950 0.622486
vt 0.273950 0.609790
vt 0.806050 0.609790
vt 0.273950 0.622486
vt 0.273950 0.621706
vt 0.273950 0.609010
vt 0.273950 0.609790
vt 0.806050 0.621706
vt 0.806050 0.622486
vt 0.806050 0.609790
vt 0.806050 0.609010
vt 0.273950 0.622486
vt 0.806050 0.622486
vt 0.806050 0.621706
vt 0.273950 0.621706
vt 0.273950 0.609010
vt 0.806050 0.609010
vt 0.806050 0.609790
vt 0.273950 0.609790
vt 0.273950 0.657680
vt 0.806050 0.657680
vt 0.806050 0.644984
vt 0.273950 0.644984
vt 0.806050 0.658460
vt 0.273950 0.658460
vt 0.273950 0.645764
vt 0.806050 0.645764
vt 0.273950 0.658460
vt 0.273950 0.657680
vt 0.273950 0.644984
vt 0.273950 0.645764
vt 0.806050 0.657680
vt 0.806050 0.658460
vt 0.806050 0.645764
vt 0.806050 0.644984
vt 0.273950 0.658460
vt 0.806050 0.658460
vt 0.806050 0.657680
vt 0.273950 0.657680
vt 0.273950 0.644984
vt 0.806050 0.644984
vt 0.806050 0.645764
vt 0.273950 0.645764
vt 0.273950 0.609010
vt 0.806050 0.609010
vt 0.806050 0.645764
vt 0.273950 0.645764
vt 0.273950 0.621706
vt 0.273950 0.609010
vt 0.273950 0.638496
vt 0.273950 0.643656
vt 0.273950 0.621706
vt 0.273950 0.638496
vt 0.273950 0.652942
vt 0.273950 0.643656
vt 0.273950 0.638496
vt 0.273950 0.659999
vt 0.273950 0.652942
vt 0.273950 0.638496
vt 0.273950 0.665839
vt 0.273950 0.659999
vt 0.273950 0.638496
vt 0.273950 0.670858
vt 0.273950 0.665839
vt 0.273950 0.638496
vt 0.273950 0.675260
vt 0.273950 0.670858
vt 0.273950 0.638496
vt 0.273950 0.679169
vt 0.273950 0.675260
vt 0.273950 0.638496
vt 0.273950 0.682663
vt 0.273950 0.679169
vt 0.273950 0.638496
vt 0.273950 0.685795
vt 0.273950 0.682663
vt 0.273950 0.638496
vt 0.273950 0.688606
vt 0.273950 0.685795
vt 0.273950 0.638496
vt 0.273950 0.691123
vt 0.273950 0.688606
vt 0.273950 0.638496
vt 0.273950 0.693367
vt 0.273950 0.691123
vt 0.273950 0.638496
vt 0.273950 0.695354
vt 0.273950 0.693367
vt 0.273950 0.638496
vt 0.273950 0.697094
vt 0.273950 0.695354
vt 0.273950 0.638496
vt 0.273950 0.698595
vt 0.273950 0.697094
vt 0.273950 0.638496
vt 0.273950 0.699860
vt 0.273950 0.698595
vt 0.273950 0.638496
vt 0.273950 0.700892
vt 0.273950 0.699860
vt 0.273950 0.638496
vt 0.273950 0.701688
vt 0.273950 0.700892
vt 0.273950 0.638496
vt 0.273950 0.702246
vt 0.273950 0.701688
vt 0.273950 0.638496
vt 0.273950 0.702556
vt 0.273950 0.702246
vt 0.273950 0.638496
vt 0.273950 0.702609
vt 0.273950 0.702556
vt 0.273950 0.638496
vt 0.273950 0.702389
vt 0.273950 0.702609
vt 0.273950 0.638496
vt 0.273950 0.701876
vt 0.273950 0.702389
vt 0.273950 0.638496
vt 0.273950 0.701040
vt 0.273950 0.701876
vt 0.273950 0.638496
vt 0.273950 0.699844
vt 0.273950 0.701040
vt 0.273950 0.638496
vt 0.273950 0.698232
vt 0.273950 0.699844
vt 0.273950 0.638496
vt 0.273950 0.696127
vt 0.273950 0.698232
vt 0.273950 0.638496
vt 0.273950 0.693405
vt 0.273950 0.696127
vt 0.273950 0.638496
vt 0.273950 0.689862
vt 0.273950 0.693405
vt 0.273950 0.638496
vt 0.273950 0.685103
vt 0.273950 0.689862
vt 0.273950 0.638496
vt 0.273950 0.678113
vt 0.273950 0.685103
vt 0.273950 0.638496
vt 0.273950 0.658460
vt 0.273950 0.678113
vt 0.273950 0.638496
vt 0.273950 0.645764
vt 0.273950 0.658460
vt 0.273950 0.638496
vt 0.273950 0.609010
vt 0.273950 0.645764
vt 0.273950 0.638496
vt 0.806050 0.638496
vt 0.806050 0.609010
vt 0.806050 0.621706
vt 0.806050 0.638496
vt 0.806050 0.621706
vt 0.806050 0.643656
vt 0.806050 0.638496
vt 0.806050 0.643656
vt 0.806050 0.652942
vt 0.806050 0.638496
vt 0.806050 0.652942
vt 0.806050 0.659999
vt 0.806050 0.638496
vt 0.806050 0.659999
vt 0.806050 0.665839
vt 0.806050 0.638496
vt 0.806050 0.665839
vt 0.806050 0.670858
vt 0.806050 0.638496
vt 0.806050 0.670858
vt 0.806050 0.675260
vt 0.806050 0.638496
vt 0.806050 0.675260
vt 0.806050 0.679169
vt 0.806050 0.638496
vt 0.806050 0.679169
vt 0.806050 0.682663
vt 0.806050 0.638496
vt 0.806050 0.682663
vt 0.806050 0.685795
vt 0.806050 0.638496
vt 0.806050 0.685795
vt 0.806050 0.688606
vt 0.806050 0.638496
vt 0.806050 0.688606
vt 0.806050 0.691123
vt 0.806050 0.638496
vt 0.806050 0.691123
vt 0.806050 0.693367
vt 0.806050 0.638496
vt 0.806050 0.693367
vt 0.806050 0.695354
vt 0.806050 0.638496
vt 0.806050 0.695354
vt 0.806050 0.697094
vt 0.806050 0.638496
vt 0.806050 0.697094
vt 0.806050 0.698595
vt 0.806050 0.638496
vt 0.806050 0.698595
vt 0.806050 0.699860
vt 0.806050 0.638496
vt 0.806050 0.699860
vt 0.806050 0.700892
vt 0.806050 0.638496
vt 0.806050 0.700892
vt 0.806050 0.701688
vt 0.806050 0.638496
vt 0.806050 0.701688
vt 0.806050 0.702246
vt 0.806050 0.638496
vt 0.806050 0.702246
vt 0.806050 0.702556
vt 0.806050 0.638496
vt 0.806050 0.702556
vt 0.806050 0.702609
vt 0.806050 0.638496
vt 0.806050 0.702609
vt 0.806050 0.702389
vt 0.806050 0.638496
vt 0.806050 0.702389
vt 0.806050 0.701876
vt 0.806050 0.638496
vt 0.806050 0.701876
vt 0.806050 0.701040
vt 0.806050 0.638496
vt 0.806050 0.701040
vt 0.806050 0.699844
vt 0.806050 0.638496
vt 0.806050 0.699844
vt 0.806050 0.698232
vt 0.806050 0.638496
vt 0.806050 0.698232
vt 0.806050 0.696127
vt 0.806050 0.638496
vt 0.806050 0.696127
vt 0.806050 0.693405
vt 0.806050 0.638496
vt 0.806050 0.693405
vt 0.806050 0.689862
vt 0.806050 0.638496
vt 0.806050 0.689862
vt 0.806050 0.685103
vt 0.806050 0.638496
vt 0.806050 0.685103
vt 0.806050 0.678113
vt 0.806050 0.638496
vt 0.806050 0.678113
vt 0.806050 0.658460
vt 0.806050 0.638496
vt 0.806050 0.658460
vt 0.806050 0.645764
vt 0.806050 0.638496
vt 0.806050 0.645764
vt 0.806050 0.609010
vt 0.275140 0.188020
vt 0.804860 0.188020
vt 0.804860 0.187277
vt 0.275140 0.187277
vt 0.275140 0.202436
vt 0.804860 0.202436
vt 0.804860 0.202569
vt 0.275140 0.202569
vn 0.000000 0.000000 -1.000000
vn 0.000000 0.000000 -1.000000
vn 0.000000 0.000000 1.000000
vn 0.000000 0.000000 1.000000
vn -1.000000 0.000000 -0.000000
vn -1.000000 -0.000000 0.000000
vn 1.000000 0.000000 -0.000000
vn 1.000000 0.000000 0.000000
vn -0.000000 1.000000 0.000000
vn 0.000000 1.000000 0.000000
vn 0.000000 -1.000000 0.000000
vn 0.000000 -1.000000 0.000000
vn 0.000000 0.000000 -1.000000
vn 0.000000 0.000000 -1.000000
vn 0.000000 0.000000 1.000000
vn 0.000000 0.000000 1.000000
vn -1.000000 0.000000 -0.000000
vn -1.000000 -0.000000 0.000000
vn 1.000000 0.000000 -0.000000
vn 1.000000 0.000000 0.000000
vn -0.000000 1.000000 0.000000
vn 0.000000 1.000000 0.000000
vn 0.000000 -1.000000 0.000000
vn 0.000000 -1.000000 0.000000
vn 0.000000 0.000000 -1.000000
vn 0.000000 0.000000 -1.000000
vn 0.000000 0.000000 1.000000
vn 0.000000 0.000000 1.000000
vn -1.000000 0.000000 -0.000000
vn -1.000000 -0.000000 0.000000
vn 1.000000 0.000000 -0.000000
vn 1.000000 0.000000 0.000000
vn -0.000000 1.000000 0.000000
vn 0.000000 1.000000 0.000000
vn 0.000000 -1.000000 0.000000
vn 0.000000 -1.000000 0.000000
vn 0.000000 0.000000 -1.000000
vn 0.000000 0.000000 -1.000000
vn 0.000000 0.000000 1.000000
vn 0.000000 0.000000 1.000000
vn -1.000000 0.000000 -0.000000
vn -1.000000 -0.000000 0.000000
vn 1.000000 0.000000 -0.000000
vn 1.000000 0.000000 0.000000
vn -0.000000 1.000000 0.000000
vn 0.000000 1.000000 0.000000
vn 0.000000 -1.000000 0.000000
vn 0.000000 -1.000000 0.000000
vn 0.000000 0.000000 -1.000000
vn 0.000000 0.000000 -1.000000
vn 0.000000 0.000000 1.000000
vn 0.000000 0.000000 1.000000
vn -1.000000 0.000000 -0.000000
vn -1.000000 -0.000000 0.000000
vn 1.000000 0.000000 -0.000000
vn 1.000000 0.000000 0.000000
vn -0.000000 1.000000 0.000000
vn 0.000000 1.000000 0.000000
vn 0.000000 -1.000000 0.000000
vn 0.000000 -1.000000 0.000000
vn 0.000000 0.000000 -1.000000
vn 0.000000 0.000000 -1.000000
vn 0.000000 0.000000 1.000000
vn 0.000000 0.000000 1.000000
vn -1.000000 0.000000 -0.000000
vn -1.000000 -0.000000 0.000000
vn 1.000000 0.000000 -0.000000
vn 1.000000 0.000000 0.000000
vn -0.000000 1.000000 0.000000
vn 0.000000 1.000000 0.000000
vn 0.000000 -1.000000 0.000000
vn 0.000000 -1.000000 0.000000
vn 0.000000 0.000000 -1.000000
vn 0.000000 0.000000 -1.000000
vn 0.000000 0.000000 1.000000
vn 0.000000 0.000000 1.000000
vn -1.000000 0.000000 -0.000000
vn -1.000000 -0.000000 0.000000
vn 1.000000 0.000000 -0.000000
vn 1.000000 0.000000 0.000000
vn -0.000000 1.000000 0.000000
vn 0.000000 1.000000 0.000000
vn 0.000000 -1.000000 0.000000
vn 0.000000 -1.000000 0.000000
vn 0.000000 0.000000 -1.000000
vn 0.000000 0.000000 -1.000000
vn 0.000000 0.000000 1.000000
vn 0.000000 0.000000 1.000000
vn -1.000000 0.000000 -0.000000
vn -1.000000 -0.000000 0.000000
vn 1.000000 0.000000 -0.000000
vn 1.000000 0.000000 0.000000
vn -0.000000 1.000000 0.000000
vn 0.000000 1.000000 0.000000
vn 0.000000 -1.000000 0.000000
vn 0.000000 -1.000000 0.000000
vn 0.000000 0.000000 -1.000000
vn 0.000000 0.000000 -1.000000
vn 0.000000 0.000000 1.000000
vn 0.000000 0.000000 1.000000
vn -1.000000 0.000000 -0.000000
vn -1.000000 -0.000000 0.000000
vn 1.000000 0.000000 -0.000000
vn 1.000000 0.000000 0.000000
vn -0.000000 1.000000 0.000000
vn 0.000000 1.000000 0.000000
vn 0.000000 -1.000000 0.000000
vn 0.000000 -1.000000 0.000000
vn 0.000000 0.000000 -1.000000
vn 0.000000 0.000000 -1.000000
vn 0.000000 0.000000 1.000000
vn 0.000000 0.000000 1.000000
vn -1.000000 0.000000 -0.000000
vn -1.000000 -0.000000 0.000000
vn 1.000000 0.000000 -0.000000
vn 1.000000 0.000000 0.000000
vn -0.000000 1.000000 0.000000
vn 0.000000 1.000000 0.000000
vn 0.000000 -1.000000 0.000000
vn 0.000000 -1.000000 0.000000
vn 0.000000 0.000000 -1.000000
vn 0.000000 0.000000 -1.000000
vn 0.000000 0.000000 1.000000
vn 0.000000 0.000000 1.000000
vn -1.000000 0.000000 -0.000000
vn -1.000000 -0.000000 0.000000
vn 1.000000 0.000000 -0.000000
vn 1.000000 0.000000 0.000000
vn -0.000000 1.000000 0.000000
vn 0.000000 1.000000 0.000000
vn 0.000000 -1.000000 0.000000
vn 0.000000 -1.000000 0.000000
vn 0.000000 0.000000 -1.000000
vn 0.000000 0.000000 -1.000000
vn 0.000000 0.000000 1.000000
vn 0.000000 0.000000 1.000000
vn -1.000000 0.000000 -0.000000
vn -1.000000 -0.000000 0.000000
vn 1.000000 0.000000 -0.000000
vn 1.000000 0.000000 0.000000
vn -0.000000 1.000000 0.000000
vn 0.000000 1.000000 0.000000
vn 0.000000 -1.000000 0.000000
vn 0.000000 -1.000000 0.000000
vn 0.000000 0.000000 -1.000000
vn 0.000000 0.000000 -1.000000
vn 0.000000 0.000000 1.000000
vn 0.000000 0.000000 1.000000
vn -1.000000 0.000000 -0.000000
vn -1.000000 -0.000000 0.000000
vn 1.000000 0.000000 -0.000000
vn 1.000000 0.000000 0.000000
vn -0.000000 1.000000 0.000000
vn 0.000000 1.000000 0.000000
vn 0.000000 -1.000000 0.000000
vn 0.000000 -1.000000 0.000000
vn 0.000000 0.000000 -1.000000
vn 0.000000 0.000000 -1.000000
vn 0.000000 0.000000 1.000000
vn 0.000000 0.000000 1.000000
vn -1.000000 0.000000 -0.000000
vn -1.000000 -0.000000 0.000000
vn 1.000000 0.000000 -0.000000
vn 1.000000 0.000000 0.000000
vn -0.000000 1.000000 0.000000
vn 0.000000 1.000000 0.000000
vn 0.000000 -1.000000 0.000000
vn 0.000000 -1.000000 0.000000
vn 0.000000 0.000000 -1.000000
vn 0.000000 0.000000 -1.000000
vn 0.000000 0.000000 1.000000
vn 0.000000 0.000000 1.000000
vn -1.000000 0.000000 -0.000000
vn -1.000000 -0.000000 0.000000
vn 1.000000 0.000000 -0.000000
vn 1.000000 0.000000 0.000000
vn -0.000000 1.000000 0.000000
vn 0.000000 1.000000 0.000000
vn 0.000000 -1.000000 0.000000
vn 0.000000 -1.000000 0.000000
vn 0.000000 0.000000 -1.000000
vn 0.000000 0.000000 -1.000000
vn 0.000000 0.000000 1.000000
vn 0.000000 0.000000 1.000000
vn -1.000000 0.000000 -0.000000
vn -1.000000 -0.000000 0.000000
vn 1.000000 0.000000 -0.000000
vn 1.000000 0.000000 0.000000
vn -0.000000 1.000000 0.000000
vn 0.000000 1.000000 0.000000
vn 0.000000 -1.000000 0.000000
vn 0.000000 -1.000000 0.000000
vn 0.000000 0.000000 -1.000000
vn 0.000000 0.000000 -1.000000
vn 0.000000 0.000000 1.000000
vn 0.000000 0.000000 1.000000
vn -1.000000 0.000000 -0.000000
vn -1.000000 -0.000000 0.000000
vn 1.000000 0.000000 -0.000000
vn 1.000000 0.000000 0.000000
vn -0.000000 1.000000 0.000000
vn 0.000000 1.000000 0.000000
vn 0.000000 -1.000000 0.000000
vn 0.000000 -1.000000 0.000000
vn 0.000000 0.000000 -1.000000
vn 0.000000 0.000000 -1.000000
vn 0.000000 0.000000 1.000000
vn 0.000000 0.000000 1.000000
vn -1.000000 0.000000 -0.000000
vn -1.000000 -0.000000 0.000000
vn 1.000000 0.000000 -0.000000
vn 1.000000 0.000000 0.000000
vn -0.000000 1.000000 0.000000
vn 0.000000 1.000000 0.000000
vn 0.000000 -1.000000 0.000000
vn 0.000000 -1.000000 0.000000
vn 0.000000 0.000000 -1.000000
vn 0.000000 0.000000 -1.000000
vn 0.000000 0.000000 1.000000
vn 0.000000 0.000000 1.000000
vn -1.000000 0.000000 -0.000000
vn -1.000000 -0.000000 0.000000
vn 1.000000 0.000000 -0.000000
vn 1.000000 0.000000 0.000000
vn -0.000000 1.000000 0.000000
vn 0.000000 1.000000 0.000000
vn 0.000000 -1.000000 0.000000
vn 0.000000 -1.000000 0.000000
vn 0.000000 0.000000 -1.000000
vn 0.000000 0.000000 -1.000000
vn 0.000000 0.000000 1.000000
vn 0.000000 0.000000 1.000000
vn -1.000000 0.000000 -0.000000
vn -1.000000 -0.000000 0.000000
vn 1.000000 0.000000 -0.000000
vn 1.000000 0.000000 0.000000
vn -0.000000 1.000000 0.000000
vn 0.000000 1.000000 0.000000
vn 0.000000 -1.000000 0.000000
vn 0.000000 -1.000000 0.000000
vn 0.000000 0.000000 -1.000000
vn 0.000000 0.000000 -1.000000
vn 0.000000 0.000000 1.000000
vn 0.000000 0.000000 1.000000
vn -1.000000 0.000000 -0.000000
vn -1.000000 -0.000000 0.000000
vn 1.000000 0.000000 -0.000000
vn 1.000000 0.000000 0.000000
vn -0.000000 1.000000 0.000000
vn 0.000000 1.000000 0.000000
vn 0.000000 -1.000000 0.000000
vn 0.000000 -1.000000 0.000000
vn 0.000000 0.000000 -1.000000
vn 0.000000 0.000000 -1.000000
vn 0.000000 0.000000 1.000000
vn 0.000000 0.000000 1.000000
vn -1.000000 0.000000 -0.000000
vn -1.000000 -0.000000 0.000000
vn 1.000000 0.000000 -0.000000
vn 1.000000 0.000000 0.000000
vn -0.000000 1.000000 0.000000
vn 0.000000 1.000000 0.000000
vn 0.000000 -1.000000 0.000000
vn 0.000000 -1.000000 0.000000
vn 0.000000 0.000000 -1.000000
vn 0.000000 0.000000 -1.000000
vn 0.000000 0.000000 1.000000
vn 0.000000 0.000000 1.000000
vn -1.000000 0.000000 -0.000000
vn -1.000000 -0.000000 0.000000
vn 1.000000 0.000000 -0.000000
vn 1.000000 0.000000 0.000000
vn -0.000000 1.000000 0.000000
vn 0.000000 1.000000 0.000000
vn 0.000000 -1.000000 0.000000
vn 0.000000 -1.000000 0.000000
vn 0.000000 0.000000 -1.000000
vn 0.000000 0.000000 -1.000000
vn 0.000000 0.000000 1.000000
vn 0.000000 0.000000 1.000000
vn -1.000000 0.000000 -0.000000
vn -1.000000 -0.000000 0.000000
vn 1.000000 0.000000 -0.000000
vn 1.000000 0.000000 0.000000
vn -0.000000 1.000000 0.000000
vn 0.000000 1.000000 0.000000
vn 0.000000 -1.000000 0.000000
vn 0.000000 -1.000000 0.000000
vn 0.000000 0.000000 -1.000000
vn 0.000000 0.000000 -1.000000
vn 0.000000 0.000000 1.000000
vn 0.000000 0.000000 1.000000
vn -1.000000 0.000000 -0.000000
vn -1.000000 -0.000000 0.000000
vn 1.000000 0.000000 -0.000000
vn 1.000000 0.000000 0.000000
vn -0.000000 1.000000 0.000000
vn 0.000000 1.000000 0.000000
vn 0.000000 -1.000000 0.000000
vn 0.000000 -1.000000 0.000000
vn 0.000000 0.000000 -1.000000
vn 0.000000 0.000000 -1.000000
vn 0.000000 0.000000 1.000000
vn 0.000000 0.000000 1.000000
vn -1.000000 0.000000 -0.000000
vn -1.000000 -0.000000 0.000000
vn 1.000000 0.000000 -0.000000
vn 1.000000 0.000000 0.000000
vn -0.000000 1.000000 0.000000
vn 0.000000 1.000000 0.000000
vn 0.000000 -1.000000 0.000000
vn 0.000000 -1.000000 0.000000
vn 0.000000 0.000000 -1.000000
vn 0.000000 0.000000 -1.000000
vn 0.000000 0.000000 1.000000
vn 0.000000 0.000000 1.000000
vn -1.000000 0.000000 -0.000000
vn -1.000000 -0.000000 0.000000
vn 1.000000 0.000000 -0.000000
vn 1.000000 0.000000 0.000000
vn -0.000000 1.000000 0.000000
vn 0.000000 1.000000 0.000000
vn 0.000000 -1.000000 0.000000
vn 0.000000 -1.000000 0.000000
vn 0.000000 0.000000 -1.000000
vn 0.000000 0.000000 -1.000000
vn 0.000000 0.000000 1.000000
vn 0.000000 0.000000 1.000000
vn -1.000000 0.000000 -0.000000
vn -1.000000 -0.000000 0.000000
vn 1.000000 0.000000 -0.000000
vn 1.000000 0.000000 0.000000
vn -0.000000 1.000000 0.000000
vn 0.000000 1.000000 0.000000
vn 0.000000 -1.000000 0.000000
vn 0.000000 -1.000000 0.000000
vn 0.000000 0.000000 -1.000000
vn 0.000000 0.000000 -1.000000
vn 0.000000 0.000000 1.000000
vn 0.000000 0.000000 1.000000
vn -1.000000 0.000000 -0.000000
vn -1.000000 -0.000000 0.000000
vn 1.000000 0.000000 -0.000000
vn 1.000000 0.000000 0.000000
vn -0.000000 1.000000 0.000000
vn 0.000000 1.000000 0.000000
vn 0.000000 -1.000000 0.000000
vn 0.000000 -1.000000 0.000000
vn 0.000000 0.000000 -1.000000
vn 0.000000 0.000000 -1.000000
vn 0.000000 0.000000 1.000000
vn 0.000000 0.000000 1.000000
vn -1.000000 0.000000 -0.000000
vn -1.000000 -0.000000 0.000000
vn 1.000000 0.000000 -0.000000
vn 1.000000 0.000000 0.000000
vn -0.000000 1.000000 0.000000
vn 0.000000 1.000000 0.000000
vn 0.000000 -1.000000 0.000000
vn 0.000000 -1.000000 0.000000
vn 0.000000 0.000000 -1.000000
vn 0.000000 0.000000 -1.000000
vn 0.000000 0.000000 1.000000
vn 0.000000 0.000000 1.000000
vn -1.000000 0.000000 -0.000000
vn -1.000000 -0.000000 0.000000
vn 1.000000 0.000000 -0.000000
vn 1.000000 0.000000 0.000000
vn -0.000000 1.000000 0.000000
vn 0.000000 1.000000 0.000000
vn 0.000000 -1.000000 0.000000
vn 0.000000 -1.000000 0.000000
vn 0.000000 0.000000 -1.000000
vn 0.000000 0.000000 -1.000000
vn 0.000000 0.000000 1.000000
vn 0.000000 0.000000 1.000000
vn -1.000000 0.000000 -0.000000
vn -1.000000 -0.000000 0.000000
vn 1.000000 0.000000 -0.000000
vn 1.000000 0.000000 0.000000
vn -0.000000 1.000000 0.000000
vn 0.000000 1.000000 0.000000
vn 0.000000 -1.000000 0.000000
vn 0.000000 -1.000000 0.000000
vn 0.000000 0.000000 -1.000000
vn 0.000000 0.000000 -1.000000
vn 0.000000 0.000000 1.000000
vn 0.000000 0.000000 1.000000
vn -1.000000 0.000000 -0.000000
vn -1.000000 -0.000000 0.000000
vn 1.000000 0.000000 -0.000000
vn 1.000000 0.000000 0.000000
vn -0.000000 1.000000 0.000000
vn 0.000000 1.000000 0.000000
vn 0.000000 -1.000000 0.000000
vn 0.000000 -1.000000 0.000000
vn 0.000000 0.000000 -1.000000
vn 0.000000 0.000000 -1.000000
vn 0.000000 0.000000 1.000000
vn 0.000000 0.000000 1.000000
vn -1.000000 0.000000 -0.000000
vn -1.000000 -0.000000 0.000000
vn 1.000000 0.000000 -0.000000
vn 1.000000 0.000000 0.000000
vn -0.000000 1.000000 0.000000
vn 0.000000 1.000000 0.000000
vn 0.000000 -1.000000 0.000000
vn 0.000000 -1.000000 0.000000
vn 0.000000 0.000000 -1.000000
vn 0.000000 0.000000 -1.000000
vn 0.000000 0.000000 1.000000
vn 0.000000 0.000000 1.000000
vn -1.000000 0.000000 -0.000000
vn -1.000000 -0.000000 0.000000
vn 1.000000 0.000000 -0.000000
vn 1.000000 0.000000 0.000000
vn -0.000000 1.000000 0.000000
vn 0.000000 1.000000 0.000000
vn 0.000000 -1.000000 0.000000
vn 0.000000 -1.000000 0.000000
vn 0.000000 0.000000 -1.000000
vn 0.000000 0.000000 -1.000000
vn 0.000000 0.000000 1.000000
vn 0.000000 0.000000 1.000000
vn -1.000000 0.000000 -0.000000
vn -1.000000 -0.000000 0.000000
vn 1.000000 0.000000 -0.000000
vn 1.000000 0.000000 0.000000
vn -0.000000 1.000000 0.000000
vn 0.000000 1.000000 0.000000
vn 0.000000 -1.000000 0.000000
vn 0.000000 -1.000000 0.000000
vn 0.000000 0.000000 -1.000000
vn 0.000000 0.000000 -1.000000
vn 0.000000 0.000000 1.000000
vn 0.000000 0.000000 1.000000
vn -1.000000 0.000000 -0.000000
vn -1.000000 -0.000000 0.000000
vn 1.000000 0.000000 -0.000000
vn 1.000000 0.000000 0.000000
vn -0.000000 1.000000 0.000000
vn 0.000000 1.000000 0.000000
vn 0.000000 -1.000000 0.000000
vn 0.000000 -1.000000 0.000000
vn 0.000000 0.293271 -0.956029
vn 0.000000 0.293271 -0.956029
vn 0.000000 0.617044 -0.786929
vn 0.000000 0.617044 -0.786929
vn 0.000000 0.733768 -0.679400
vn 0.000000 0.733768 -0.679400
vn 0.000000 0.805703 -0.592320
vn 0.000000 0.805703 -0.592320
vn 0.000000 0.855017 -0.518600
vn 0.000000 0.855017 -0.518600
vn 0.000000 0.890839 -0.454319
vn 0.000000 0.890839 -0.454319
vn 0.000000 0.917822 -0.396993
vn 0.000000 0.917822 -0.396993
vn 0.000000 0.938628 -0.344931
vn 0.000000 0.938628 -0.344931
vn 0.000000 0.954901 -0.296925
vn 0.000000 0.954901 -0.296925
vn 0.000000 0.967708 -0.252075
vn 0.000000 0.967708 -0.252075
vn 0.000000 0.977768 -0.209690
vn 0.000000 0.977768 -0.209690
vn 0.000000 0.985578 -0.169219
vn 0.000000 0.985578 -0.169219
vn 0.000000 0.991487 -0.130208
vn 0.000000 0.991487 -0.130208
vn 0.000000 0.995734 -0.092273
vn 0.000000 0.995734 -0.092273
vn 0.000000 0.998482 -0.055076
vn 0.000000 0.998482 -0.055076
vn 0.000000 0.999832 -0.018311
vn 0.000000 0.999832 -0.018311
vn -0.000000 0.999832 0.018311
vn 0.000000 0.999832 0.018311
vn -0.000000 0.998482 0.055076
vn 0.000000 0.998482 0.055076
vn -0.000000 0.995734 0.092273
vn 0.000000 0.995734 0.092273
vn -0.000000 0.991487 0.130208
vn 0.000000 0.991487 0.130208
vn -0.000000 0.985578 0.169219
vn 0.000000 0.985578 0.169219
vn -0.000000 0.977768 0.209690
vn 0.000000 0.977768 0.209690
vn -0.000000 0.967708 0.252075
vn 0.000000 0.967708 0.252075
vn -0.000000 0.954901 0.296925
vn 0.000000 0.954901 0.296925
vn -0.000000 0.938628 0.344931
vn 0.000000 0.938628 0.344931
vn -0.000000 0.917822 0.396993
vn 0.000000 0.917822 0.396993
vn -0.000000 0.890839 0.454319
vn 0.000000 0.890839 0.454319
vn -0.000000 0.855017 0.518600
vn 0.000000 0.855017 0.518600
vn -0.000000 0.805703 0.592320
vn 0.000000 0.805703 0.592320
vn -0.000000 0.733768 0.679400
vn 0.000000 0.733768 0.679400
vn -0.000000 0.617044 0.786929
vn 0.000000 0.617044 0.786929
vn -0.000000 0.293271 0.956029
vn 0.000000 0.293271 0.956029
vn 0.000000 0.000000 -1.000000
vn 0.000000 0.000000 -1.000000
vn 0.000000 0.000000 1.000000
vn 0.000000 0.000000 1.000000
vn -1.000000 0.000000 -0.000000
vn -1.000000 -0.000000 0.000000
vn 1.000000 0.000000 -0.000000
vn 1.000000 0.000000 0.000000
vn -0.000000 1.000000 0.000000
vn 0.000000 1.000000 0.000000
vn 0.000000 -1.000000 0.000000
vn 0.000000 -1.000000 0.000000
vn 0.000000 0.000000 -1.000000
vn 0.000000 0.000000 -1.000000
vn 0.000000 0.000000 1.000000
vn 0.000000 0.000000 1.000000
vn -1.000000 0.000000 -0.000000
vn -1.000000 -0.000000 0.000000
vn 1.000000 0.000000 -0.000000
vn 1.000000 0.000000 0.000000
vn -0.000000 1.000000 0.000000
vn 0.000000 1.000000 0.000000
vn 0.000000 -1.000000 0.000000
vn 0.000000 -1.000000 0.000000
vn 0.000000 -1.000000 0.000000
vn 0.000000 -1.000000 0.000000
vn -1.000000 0.000000 0.000000
vn -1.000000 -0.000000 0.000000
vn -1.000000 -0.000000 0.000000
vn -1.000000 -0.000000 0.000000
vn -1.000000 -0.000000 0.000000
vn -1.000000 -0.000000 0.000000
vn -1.000000 -0.000000 0.000000
vn -1.000000 -0.000000 0.000000
vn -1.000000 -0.000000 0.000000
vn -1.000000 -0.000000 0.000000
vn -1.000000 -0.000000 0.000000
vn -1.000000 -0.000000 0.000000
vn -1.000000 -0.000000 0.000000
vn -1.000000 -0.000000 0.000000
vn -1.000000 -0.000000 0.000000
vn -1.000000 -0.000000 0.000000
vn -1.000000 -0.000000 0.000000
vn -1.000000 0.000000 -0.000000
vn -1.000000 0.000000 -0.000000
vn -1.000000 0.000000 -0.000000
vn -1.000000 0.000000 -0.000000
vn -1.000000 0.000000 -0.000000
vn -1.000000 0.000000 -0.000000
vn -1.000000 0.000000 -0.000000
vn -1.000000 0.000000 -0.000000
vn -1.000000 0.000000 -0.000000
vn -1.000000 0.000000 -0.000000
vn -1.000000 0.000000 -0.000000
vn -1.000000 0.000000 -0.000000
vn -1.000000 0.000000 -0.000000
vn -1.000000 0.000000 -0.000000
vn -1.000000 0.000000 -0.000000
vn -1.000000 0.000000 -0.000000
vn -1.000000 0.000000 0.000000
vn -1.000000 0.000000 0.000000
vn 1.000000 0.000000 0.000000
vn 1.000000 0.000000 0.000000
vn 1.000000 0.000000 0.000000
vn 1.000000 0.000000 0.000000
vn 1.000000 0.000000 0.000000
vn 1.000000 0.000000 0.000000
vn 1.000000 0.000000 0.000000
vn 1.000000 0.000000 0.000000
vn 1.000000 0.000000 0.000000
vn 1.000000 0.000000 0.000000
vn 1.000000 0.000000 0.000000
vn 1.000000 0.000000 0.000000
vn 1.000000 0.000000 0.000000
vn 1.000000 0.000000 0.000000
vn 1.000000 0.000000 0.000000
vn 1.000000 0.000000 0.000000
vn 1.000000 -0.000000 0.000000
vn 1.000000 0.000000 0.000000
vn 1.000000 0.000000 0.000000
vn 1.000000 0.000000 0.000000
vn 1.000000 0.000000 0.000000
vn 1.000000 0.000000 0.000000
vn 1.000000 0.000000 0.000000
vn 1.000000 0.000000 0.000000
vn 1.000000 0.000000 0.000000
vn 1.000000 0.000000 0.000000
vn 1.000000 0.000000 0.000000
vn 1.000000 0.000000 0.000000
vn 1.000000 0.000000 0.000000
vn 1.000000 0.000000 0.000000
vn 1.000000 0.000000 0.000000
vn 1.000000 0.000000 0.000000
vn 1.000000 0.000000 0.000000
vn 1.000000 0.000000 -0.000000
vn 1.000000 0.000000 0.000000
vn 0.000000 0.968127 -0.250459
vn 0.000000 0.968127 -0.250459
vn -0.000000 0.968127 0.250459
vn 0.000000 0.968127 0.250459
f 1/1/1 2/2/1 3/3/1
f 1/1/2 3/3/2 4/4/2
f 5/5/3 6/6/3 7/7/3
f 5/5/4 7/7/4 8/8/4
f 9/9/5 10/10/5 11/11/5
f 9/9/6 11/11/6 12/12/6
f 13/13/7 14/14/7 15/15/7
f 13/13/8 15/15/8 16/16/8
f 17/17/9 18/18/9 19/19/9
f 17/17/10 19/19/10 20/20/10
f 21/21/11 22/22/11 23/23/11
f 21/21/12 23/23/12 24/24/12
f 25/25/13 26/26/13 27/27/13
f 25/25/14 27/27/14 28/28/14
f 29/29/15 30/30/15 31/31/15
f 29/29/16 31/31/16 32/32/16
f 33/33/17 34/34/17 35/35/17
f 33/33/18 35/35/18 36/36/18
f 37/37/19 38/38/19 39/39/19
f 37/37/20 39/39/20 40/40/20
f 41/41/21 42/42/21 43/43/21
f 41/41/22 43/43/22 44/44/22
f 45/45/23 46/46/23 47/47/23
f 45/45/24 47/47/24 48/48/24
f 49/49/25 50/50/25 51/51/25
f 49/49/26 51/51/26 52/52/26
f 53/53/27 54/54/27 55/55/27
f 53/53/28 55/55/28 56/56/28
f 57/57/29 58/58/29 59/59/29
f 57/57/30 59/59/30 60/60/30
f 61/61/31 62/62/31 63/63/31
f 61/61/32 63/63/32 64/64/32
f 65/65/33 66/66/33 67/67/33
f 65/65/34 67/67/34 68/68/34
f 69/69/35 70/70/35 71/71/35
f 69/69/36 71/71/36 72/72/36
f 73/73/37 74/74/37 75/75/37
f 73/73/38 75/75/38 76/76/38
f 77/77/39 78/78/39 79/79/39
f 77/77/40 79/79/40 80/80/40
f 81/81/41 82/82/41 83/83/41
f 81/81/42 83/83/42 84/84/42
f 85/85/43 86/86/43 87/87/43
f 85/85/44 87/87/44 88/88/44
f 89/89/45 90/90/45 91/91/45
f 89/89/46 91/91/46 92/92/46
f 93/93/47 94/94/47 95/95/47
f 93/93/48 95/95/48 96/96/48
f 97/97/49 98/98/49 99/99/49
f 97/97/50 99/99/50 100/100/50
f 101/101/51 102/102/51 103/103/51
f 101/101/52 103/103/52 104/104/52
f 105/105/53 106/106/53 107/107/53
f 105/105/54 107/107/54 108/108/54
f 109/109/55 110/110/55 111/111/55
f 109/109/56 111/111/56 112/112/56
f 113/113/57 114/114/57 115/115/57
f 113/113/58 115/115/58 116/116/58
f 117/117/59 118/118/59 119/119/59
f 117/117/60 119/119/60 120/120/60
f 121/121/61 122/122/61 123/123/61
f 121/121/62 123/123/62 124/124/62
f 125/125/63 126/126/63 127/127/63
f 125/125/64 127/127/64 128/128/64
f 129/129/65 130/130/65 131/131/65
f 129/129/66 131/131/66 132/132/66
f 133/133/67 134/134/67 135/135/67
f 133/133/68 135/135/68 136/136/68
f 137/137/69 138/138/69 139/139/69
f 137/137/70 139/139/70 140/140/70
f 141/141/71 142/142/71 143/143/71
f 141/141/72 143/143/72 144/144/72
f 145/145/73 146/146/73 147/147/73
f 145/145/74 147/147/74 148/148/74
f 149/149/75 150/150/75 151/151/75
f 149/149/76 151/151/76 152/152/76
f 153/153/77 154/154/77 155/155/77
f 153/153/78 155/155/78 156/156/78
f 157/157/79 158/158/79 159/159/79
f 157/157/80 159/159/80 160/160/80
f 161/161/81 162/162/81 163/163/81
f 161/161/82 163/163/82 164/164/82
f 165/165/83 166/166/83 167/167/83
f 165/165/84 167/167/84 168/168/84
f 169/169/85 170/170/85 171/171/85
f 169/169/86 171/171/86 172/172/86
f 173/173/87 174/174/87 175/175/87
f 173/173/88 175/175/88 176/176/88
f 177/177/89 178/178/89 179/179/89
f 177/177/90 179/179/90 180/180/90
f 181/181/91 182/182/91 183/183/91
f 181/181/92 183/183/92 184/184/92
f 185/185/93 186/186/93 187/187/93
f 185/185/94 187/187/94 188/188/94
f 189/189/95 190/190/95 191/191/95
f 189/189/96 191/191/96 192/192/96
f 193/193/97 194/194/97 195/195/97
f 193/193/98 195/195/98 196/196/98
f 197/197/99 198/198/99 199/199/99
f 197/197/100 199/199/100 200/200/100
f 201/201/101 202/202/101 203/203/101
f 201/201/102 203/203/102 204/204/102
f 205/205/103 206/206/103 207/207/103
f 205/205/104 207/207/104 208/208/104
f 209/209/105 210/210/105 211/211/105
f 209/209/106 211/211/106 212/212/106
f 213/213/107 214/214/107 215/215/107
f 213/213/108 215/215/108 216/216/108
f 217/217/109 218/218/109 219/219/109
f 217/217/110 219/219/110 220/220/110
f 221/221/111 222/222/111 223/223/111
f 221/221/112 223/223/112 224/224/112
f 225/225/113 226/226/113 227/227/113
f 225/225/114 227/227/114 228/228/114
f 229/229/115 230/230/115 231/231/115
f 229/229/116 231/231/116 232/232/116
f 233/233/117 234/234/117 235/235/117
f 233/233/118 235/235/118 236/236/118
f 237/237/119 238/238/119 239/239/119
f 237/237/120 239/239/120 240/240/120
f 241/241/121 242/242/121 243/243/121
f 241/241/122 243/243/122 244/244/122
f 245/245/123 246/246/123 247/247/123
f 245/245/124 247/247/124 248/248/124
f 249/249/125 250/250/125 251/251/125
f 249/249/126 251/251/126 252/252/126
f 253/253/127 254/254/127 255/255/127
f 253/253/128 255/255/128 256/256/128
f 257/257/129 258/258/129 259/259/129
f 257/257/130 259/259/130 260/260/130
f 261/261/131 262/262/131 263/263/131
f 261/261/132 263/263/132 264/264/132
f 265/265/133 266/266/133 267/267/133
f 265/265/134 267/267/134 268/268/134
f 269/269/135 270/270/135 271/271/135
f 269/269/136 271/271/136 272/272/136
f 273/273/137 274/274/137 275/275/137
f 273/273/138 275/275/138 276/276/138
f 277/277/139 278/278/139 279/279/139
f 277/277/140 279/279/140 280/280/140
f 281/281/141 282/282/141 283/283/141
f 281/281/142 283/283/142 284/284/142
f 285/285/143 286/286/143 287/287/143
f 285/285/144 287/287/144 288/288/144
f 289/289/145 290/290/145 291/291/145
f 289/289/146 291/291/146 292/292/146
f 293/293/147 294/294/147 295/295/147
f 293/293/148 295/295/148 296/296/148
f 297/297/149 298/298/149 299/299/149
f 297/297/150 299/299/150 300/300/150
f 301/301/151 302/302/151 303/303/151
f 301/301/152 303/303/152 304/304/152
f 305/305/153 306/306/153 307/307/153
f 305/305/154 307/307/154 308/308/154
f 309/309/155 310/310/155 311/311/155
f 309/309/156 311/311/156 312/312/156
f 313/313/157 314/314/157 315/315/157
f 313/313/158 315/315/158 316/316/158
f 317/317/159 318/318/159 319/319/159
f 317/317/160 319/319/160 320/320/160
f 321/321/161 322/322/161 323/323/161
f 321/321/162 323/323/162 324/324/162
f 325/325/163 326/326/163 327/327/163
f 325/325/164 327/327/164 328/328/164
f 329/329/165 330/330/165 331/331/165
f 329/329/166 331/331/166 332/332/166
f 333/333/167 334/334/167 335/335/167
f 333/333/168 335/335/168 336/336/168
f 337/337/169 338/338/169 339/339/169
f 337/337/170 339/339/170 340/340/170
f 341/341/171 342/342/171 343/343/171
f 341/341/172 343/343/172 344/344/172
f 345/345/173 346/346/173 347/347/173
f 345/345/174 347/347/174 348/348/174
f 349/349/175 350/350/175 351/351/175
f 349/349/176 351/351/176 352/352/176
f 353/353/177 354/354/177 355/355/177
f 353/353/178 355/355/178 356/356/178
f 357/357/179 358/358/179 359/359/179
f 357/357/180 359/359/180 360/360/180
f 361/361/181 362/362/181 363/363/181
f 361/361/182 363/363/182 364/364/182
f 365/365/183 366/366/183 367/367/183
f 365/365/184 367/367/184 368/368/184
f 369/369/185 370/370/185 371/371/185
f 369/369/186 371/371/186 372/372/186
f 373/373/187 374/374/187 375/375/187
f 373/373/188 375/375/188 376/376/188
f 377/377/189 378/378/189 379/379/189
f 377/377/190 379/379/190 380/380/190
f 381/381/191 382/382/191 383/383/191
f 381/381/192 383/383/192 384/384/192
f 385/385/193 386/386/193 387/387/193
f 385/385/194 387/387/194 388/388/194
f 389/389/195 390/390/195 391/391/195
f 389/389/196 391/391/196 392/392/196
f 393/393/197 394/394/197 395/395/197
f 393/393/198 395/395/198 396/396/198
f 397/397/199 398/398/199 399/399/199
f 397/397/200 399/399/200 400/400/200
f 401/401/201 402/402/201 403/403/201
f 401/401/202 403/403/202 404/404/202
f 405/405/203 406/406/203 407/407/203
f 405/405/204 407/407/204 408/408/204
f 409/409/205 410/410/205 411/411/205
f 409/409/206 411/411/206 412/412/206
f 413/413/207 414/414/207 415/415/207
f 413/413/208 415/415/208 416/416/208
f 417/417/209 418/418/209 419/419/209
f 417/417/210 419/419/210 420/420/210
f 421/421/211 422/422/211 423/423/211
f 421/421/212 423/423/212 424/424/212
f 425/425/213 426/426/213 427/427/213
f 425/425/214 427/427/214 428/428/214
f 429/429/215 430/430/215 431/431/215
f 429/429/216 431/431/216 432/432/216
f 433/433/217 434/434/217 435/435/217
f 433/433/218 435/435/218 436/436/218
f 437/437/219 438/438/219 439/439/219
f 437/437/220 439/439/220 440/440/220
f 441/441/221 442/442/221 443/443/221
f 441/441/222 443/443/222 444/444/222
f 445/445/223 446/446/223 447/447/223
f 445/445/224 447/447/224 448/448/224
f 449/449/225 450/450/225 451/451/225
f 449/449/226 451/451/226 452/452/226
f 453/453/227 454/454/227 455/455/227
f 453/453/228 455/455/228 456/456/228
f 457/457/229 458/458/229 459/459/229
f 457/457/230 459/459/230 460/460/230
f 461/461/231 462/462/231 463/463/231
f 461/461/232 463/463/232 464/464/232
f 465/465/233 466/466/233 467/467/233
f 465/465/234 467/467/234 468/468/234
f 469/469/235 470/470/235 471/471/235
f 469/469/236 471/471/236 472/472/236
f 473/473/237 474/474/237 475/475/237
f 473/473/238 475/475/238 476/476/238
f 477/477/239 478/478/239 479/479/239
f 477/477/240 479/479/240 480/480/240
f 481/481/241 482/482/241 483/483/241
f 481/481/242 483/483/242 484/484/242
f 485/485/243 486/486/243 487/487/243
f 485/485/244 487/487/244 488/488/244
f 489/489/245 490/490/245 491/491/245
f 489/489/246 491/491/246 492/492/246
f 493/493/247 494/494/247 495/495/247
f 493/493/248 495/495/248 496/496/248
f 497/497/249 498/498/249 499/499/249
f 497/497/250 499/499/250 500/500/250
f 501/501/251 502/502/251 503/503/251
f 501/501/252 503/503/252 504/504/252
f 505/505/253 506/506/253 507/507/253
f 505/505/254 507/507/254 508/508/254
f 509/509/255 510/510/255 511/511/255
f 509/509/256 511/511/256 512/512/256
f 513/513/257 514/514/257 515/515/257
f 513/513/258 515/515/258 516/516/258
f 517/517/259 518/518/259 519/519/259
f 517/517/260 519/519/260 520/520/260
f 521/521/261 522/522/261 523/523/261
f 521/521/262 523/523/262 524/524/262
f 525/525/263 526/526/263 527/527/263
f 525/525/264 527/527/264 528/528/264
f 529/529/265 530/530/265 531/531/265
f 529/529/266 531/531/266 532/532/266
f 533/533/267 534/534/267 535/535/267
f 533/533/268 535/535/268 536/536/268
f 537/537/269 538/538/269 539/539/269
f 537/537/270 539/539/270 540/540/270
f 541/541/271 542/542/271 543/543/271
f 541/541/272 543/543/272 544/544/272
f 545/545/273 546/546/273 547/547/273
f 545/545/274 547/547/274 548/548/274
f 549/549/275 550/550/275 551/551/275
f 549/549/276 551/551/276 552/552/276
f 553/553/277 554/554/277 555/555/277
f 553/553/278 555/555/278 556/556/278
f 557/557/279 558/558/279 559/559/279
f 557/557/280 559/559/280 560/560/280
f 561/561/281 562/562/281 563/563/281
f 561/561/282 563/563/282 564/564/282
f 565/565/283 566/566/283 567/567/283
f 565/565/284 567/567/284 568/568/284
f 569/569/285 570/570/285 571/571/285
f 569/569/286 571/571/286 572/572/286
f 573/573/287 574/574/287 575/575/287
f 573/573/288 575/575/288 576/576/288
f 577/577/289 578/578/289 579/579/289
f 577/577/290 579/579/290 580/580/290
f 581/581/291 582/582/291 583/583/291
f 581/581/292 583/583/292 584/584/292
f 585/585/293 586/586/293 587/587/293
f 585/585/294 587/587/294 588/588/294
f 589/589/295 590/590/295 591/591/295
f 589/589/296 591/591/296 592/592/296
f 593/593/297 594/594/297 595/595/297
f 593/593/298 595/595/298 596/596/298
f 597/597/299 598/598/299 599/599/299
f 597/597/300 599/599/300 600/600/300
f 601/601/301 602/602/301 603/603/301
f 601/601/302 603/603/302 604/604/302
f 605/605/303 606/606/303 607/607/303
f 605/605/304 607/607/304 608/608/304
f 609/609/305 610/610/305 611/611/305
f 609/609/306 611/611/306 612/612/306
f 613/613/307 614/614/307 615/615/307
f 613/613/308 615/615/308 616/616/308
f 617/617/309 618/618/309 619/619/309
f 617/617/310 619/619/310 620/620/310
f 621/621/311 622/622/311 623/623/311
f 621/621/312 623/623/312 624/624/312
f 625/625/313 626/626/313 627/627/313
f 625/625/314 627/627/314 628/628/314
f 629/629/315 630/630/315 631/631/315
f 629/629/316 631/631/316 632/632/316
f 633/633/317 634/634/317 635/635/317
f 633/633/318 635/635/318 636/636/318
f 637/637/319 638/638/319 639/639/319
f 637/637/320 639/639/320 640/640/320
f 641/641/321 642/642/321 643/643/321
f 641/641/322 643/643/322 644/644/322
f 645/645/323 646/646/323 647/647/323
f 645/645/324 647/647/324 648/648/324
f 649/649/325 650/650/325 651/651/325
f 649/649/326 651/651/326 652/652/326
f 653/653/327 654/654/327 655/655/327
f 653/653/328 655/655/328 656/656/328
f 657/657/329 658/658/329 659/659/329
f 657/657/330 659/659/330 660/660/330
f 661/661/331 662/662/331 663/663/331
f 661/661/332 663/663/332 664/664/332
f 665/665/333 666/666/333 667/667/333
f 665/665/334 667/667/334 668/668/334
f 669/669/335 670/670/335 671/671/335
f 669/669/336 671/671/336 672/672/336
f 673/673/337 674/674/337 675/675/337
f 673/673/338 675/675/338 676/676/338
f 677/677/339 678/678/339 679/679/339
f 677/677/340 679/679/340 680/680/340
f 681/681/341 682/682/341 683/683/341
f 681/681/342 683/683/342 684/684/342
f 685/685/343 686/686/343 687/687/343
f 685/685/344 687/687/344 688/688/344
f 689/689/345 690/690/345 691/691/345
f 689/689/346 691/691/346 692/692/346
f 693/693/347 694/694/347 695/695/347
f 693/693/348 695/695/348 696/696/348
f 697/697/349 698/698/349 699/699/349
f 697/697/350 699/699/350 700/700/350
f 701/701/351 702/702/351 703/703/351
f 701/701/352 703/703/352 704/704/352
f 705/705/353 706/706/353 707/707/353
f 705/705/354 707/707/354 708/708/354
f 709/709/355 710/710/355 711/711/355
f 709/709/356 711/711/356 712/712/356
f 713/713/357 714/714/357 715/715/357
f 713/713/358 715/715/358 716/716/358
f 717/717/359 718/718/359 719/719/359
f 717/717/360 719/719/360 720/720/360
f 721/721/361 722/722/361 723/723/361
f 721/721/362 723/723/362 724/724/362
f 725/725/363 726/726/363 727/727/363
f 725/725/364 727/727/364 728/728/364
f 729/729/365 730/730/365 731/731/365
f 729/729/366 731/731/366 732/732/366
f 733/733/367 734/734/367 735/735/367
f 733/733/368 735/735/368 736/736/368
f 737/737/369 738/738/369 739/739/369
f 737/737/370 739/739/370 740/740/370
f 741/741/371 742/742/371 743/743/371
f 741/741/372 743/743/372 744/744/372
f 745/745/373 746/746/373 747/747/373
f 745/745/374 747/747/374 748/748/374
f 749/749/375 750/750/375 751/751/375
f 749/749/376 751/751/376 752/752/376
f 753/753/377 754/754/377 755/755/377
f 753/753/378 755/755/378 756/756/378
f 757/757/379 758/758/379 759/759/379
f 757/757/380 759/759/380 760/760/380
f 761/761/381 762/762/381 763/763/381
f 761/761/382 763/763/382 764/764/382
f 765/765/383 766/766/383 767/767/383
f 765/765/384 767/767/384 768/768/384
f 769/769/385 770/770/385 771/771/385
f 769/769/386 771/771/386 772/772/386
f 773/773/387 774/774/387 775/775/387
f 773/773/388 775/775/388 776/776/388
f 777/777/389 778/778/389 779/779/389
f 777/777/390 779/779/390 780/780/390
f 781/781/391 782/782/391 783/783/391
f 781/781/392 783/783/392 784/784/392
f 785/785/393 786/786/393 787/787/393
f 785/785/394 787/787/394 788/788/394
f 789/789/395 790/790/395 791/791/395
f 789/789/396 791/791/396 792/792/396
f 793/793/397 794/794/397 795/795/397
f 793/793/398 795/795/398 796/796/398
f 797/797/399 798/798/399 799/799/399
f 797/797/400 799/799/400 800/800/400
f 801/801/401 802/802/401 803/803/401
f 801/801/402 803/803/402 804/804/402
f 805/805/403 806/806/403 807/807/403
f 805/805/404 807/807/404 808/808/404
f 809/809/405 810/810/405 811/811/405
f 809/809/406 811/811/406 812/812/406
f 813/813/407 814/814/407 815/815/407
f 813/813/408 815/815/408 816/816/408
f 817/817/409 818/818/409 819/819/409
f 817/817/410 819/819/410 820/820/410
f 821/821/411 822/822/411 823/823/411
f 821/821/412 823/823/412 824/824/412
f 825/825/413 826/826/413 827/827/413
f 825/825/414 827/827/414 828/828/414
f 829/829/415 830/830/415 831/831/415
f 829/829/416 831/831/416 832/832/416
f 833/833/417 834/834/417 835/835/417
f 833/833/418 835/835/418 836/836/418
f 837/837/419 838/838/419 839/839/419
f 837/837/420 839/839/420 840/840/420
f 841/841/421 842/842/421 843/843/421
f 841/841/422 843/843/422 844/844/422
f 845/845/423 846/846/423 847/847/423
f 845/845/424 847/847/424 848/848/424
f 849/849/425 850/850/425 851/851/425
f 849/849/426 851/851/426 852/852/426
f 853/853/427 854/854/427 855/855/427
f 853/853/428 855/855/428 856/856/428
f 857/857/429 858/858/429 859/859/429
f 857/857/430 859/859/430 860/860/430
f 861/861/431 862/862/431 863/863/431
f 861/861/432 863/863/432 864/864/432
f 865/865/433 866/866/433 867/867/433
f 865/865/434 867/867/434 868/868/434
f 869/869/435 870/870/435 871/871/435
f 869/869/436 871/871/436 872/872/436
f 873/873/437 874/874/437 875/875/437
f 873/873/438 875/875/438 876/876/438
f 877/877/439 878/878/439 879/879/439
f 877/877/440 879/879/440 880/880/440
f 881/881/441 882/882/441 883/883/441
f 881/881/442 883/883/442 884/884/442
f 885/885/443 886/886/443 887/887/443
f 885/885/444 887/887/444 888/888/444
f 889/889/445 890/890/445 891/891/445
f 889/889/446 891/891/446 892/892/446
f 893/893/447 894/894/447 895/895/447
f 893/893/448 895/895/448 896/896/448
f 897/897/449 898/898/449 899/899/449
f 897/897/450 899/899/450 900/900/450
f 901/901/451 902/902/451 903/903/451
f 901/901/452 903/903/452 904/904/452
f 905/905/453 906/906/453 907/907/453
f 905/905/454 907/907/454 908/908/454
f 909/909/455 910/910/455 911/911/455
f 909/909/456 911/911/456 912/912/456
f 913/913/457 914/914/457 915/915/457
f 913/913/458 915/915/458 916/916/458
f 917/917/459 918/918/459 919/919/459
f 917/917/460 919/919/460 920/920/460
f 921/921/461 922/922/461 923/923/461
f 921/921/462 923/923/462 924/924/462
f 925/925/463 926/926/463 927/927/463
f 925/925/464 927/927/464 928/928/464
f 929/929/465 930/930/465 931/931/465
f 929/929/466 931/931/466 932/932/466
f 933/933/467 934/934/467 935/935/467
f 933/933/468 935/935/468 936/936/468
f 937/937/469 938/938/469 939/939/469
f 937/937/470 939/939/470 940/940/470
f 941/941/471 942/942/471 943/943/471
f 941/941/472 943/943/472 944/944/472
f 945/945/473 946/946/473 947/947/473
f 945/945/474 947/947/474 948/948/474
f 949/949/475 950/950/475 951/951/475
f 949/949/476 951/951/476 952/952/476
f 953/953/477 954/954/477 955/955/477
f 953/953/478 955/955/478 956/956/478
f 957/957/479 958/958/479 959/959/479
f 957/957/480 959/959/480 960/960/480
f 961/961/481 962/962/481 963/963/481
f 961/961/482 963/963/482 964/964/482
f 965/965/483 966/966/483 967/967/483
f 965/965/484 967/967/484 968/968/484
f 969/969/485 970/970/485 971/971/485
f 969/969/486 971/971/486 972/972/486
f 973/973/487 974/974/487 975/975/487
f 973/973/488 975/975/488 976/976/488
f 977/977/489 978/978/489 979/979/489
f 977/977/490 979/979/490 980/980/490
f 981/981/491 982/982/491 983/983/491
f 981/981/492 983/983/492 984/984/492
f 985/985/493 986/986/493 987/987/493
f 985/985/494 987/987/494 988/988/494
f 989/989/495 990/990/495 991/991/495
f 989/989/496 991/991/496 992/992/496
f 993/993/497 994/994/497 995/995/497
f 993/993/498 995/995/498 996/996/498
f 997/997/499 998/998/499 999/999/499
f 997/997/500 999/999/500 1000/1000/500
f 1001/1001/501 1002/1002/501 1003/1003/501
f 1001/1001/502 1003/1003/502 1004/1004/502
f 1005/1005/503 1006/1006/503 1007/1007/503
f 1005/1005/504 1007/1007/504 1008/1008/504
f 1009/1009/505 1010/1010/505 1011/1011/505
f 1009/1009/506 1011/1011/506 1012/1012/506
f 1013/1013/507 1014/1014/507 1015/1015/507
f 1013/1013/508 1015/1015/508 1016/1016/508
f 1017/1017/509 1018/1018/509 1019/1019/509
f 1017/1017/510 1019/1019/510 1020/1020/510
f 1021/1021/511 1022/1022/511 1023/1023/511
f 1021/1021/512 1023/1023/512 1024/1024/512
f 1025/1025/513 1026/1026/513 1027/1027/513
f 1025/1025/514 1027/1027/514 1028/1028/514
f 1029/1029/515 1030/1030/515 1031/1031/515
f 1029/1029/516 1031/1031/516 1032/1032/516
f 1033/1033/517 1034/1034/517 1035/1035/517
f 1033/1033/518 1035/1035/518 1036/1036/518
f 1037/1037/519 1038/1038/519 1039/1039/519
f 1037/1037/520 1039/1039/520 1040/1040/520
f 1041/1041/521 1042/1042/521 1043/1043/521
f 1041/1041/522 1043/1043/522 1044/1044/522
f 1045/1045/523 1046/1046/523 1047/1047/523
f 1045/1045/524 1047/1047/524 1048/1048/524
f 1049/1049/525 1050/1050/525 1051/1051/525
f 1049/1049/526 1051/1051/526 1052/1052/526
f 1053/1053/527 1054/1054/527 1055/1055/527
f 1053/1053/528 1055/1055/528 1056/1056/528
f 1057/1057/529 1058/1058/529 1059/1059/529
f 1057/1057/530 1059/1059/530 1060/1060/530
f 1061/1061/531 1062/1062/531 1063/1063/531
f 1061/1061/532 1063/1063/532 1064/1064/532
f 1065/1065/533 1066/1066/533 1067/1067/533
f 1065/1065/534 1067/1067/534 1068/1068/534
f 1069/1069/535 1070/1070/535 1071/1071/535
f 1072/1072/536 1073/1073/536 1074/1074/536
f 1075/1075/537 1076/1076/537 1077/1077/537
f 1078/1078/538 1079/1079/538 1080/1080/538
f 1081/1081/539 1082/1082/539 1083/1083/539
f 1084/1084/540 1085/1085/540 1086/1086/540
f 1087/1087/541 1088/1088/541 1089/1089/541
f 1090/1090/542 1091/1091/542 1092/1092/542
f 1093/1093/543 1094/1094/543 1095/1095/543
f 1096/1096/544 1097/1097/544 1098/1098/544
f 1099/1099/545 1100/1100/545 1101/1101/545
f 1102/1102/546 1103/1103/546 1104/1104/546
f 1105/1105/547 1106/1106/547 1107/1107/547
f 1108/1108/548 1109/1109/548 1110/1110/548
f 1111/1111/549 1112/1112/549 1113/1113/549
f 1114/1114/550 1115/1115/550 1116/1116/550
f 1117/1117/551 1118/1118/551 1119/1119/551
f 1120/1120/552 1121/1121/552 1122/1122/552
f 1123/1123/553 1124/1124/553 1125/1125/553
f 1126/1126/554 1127/1127/554 1128/1128/554
f 1129/1129/555 1130/1130/555 1131/1131/555
f 1132/1132/556 1133/1133/556 1134/1134/556
f 1135/1135/557 1136/1136/557 1137/1137/557
f 1138/1138/558 1139/1139/558 1140/1140/558
f 1141/1141/559 1142/1142/559 1143/1143/559
f 1144/1144/560 1145/1145/560 1146/1146/560
f 1147/1147/561 1148/1148/561 1149/1149/561
f 1150/1150/562 1151/1151/562 1152/1152/562
f 1153/1153/563 1154/1154/563 1155/1155/563
f 1156/1156/564 1157/1157/564 1158/1158/564
f 1159/1159/565 1160/1160/565 1161/1161/565
f 1162/1162/566 1163/1163/566 1164/1164/566
f 1165/1165/567 1166/1166/567 1167/1167/567
f 1168/1168/568 1169/1169/568 1170/1170/568
f 1171/1171/569 1172/1172/569 1173/1173/569
f 1174/1174/570 1175/1175/570 1176/1176/570
f 1177/1177/571 1178/1178/571 1179/1179/571
f 1180/1180/572 1181/1181/572 1182/1182/572
f 1183/1183/573 1184/1184/573 1185/1185/573
f 1186/1186/574 1187/1187/574 1188/1188/574
f 1189/1189/575 1190/1190/575 1191/1191/575
f 1192/1192/576 1193/1193/576 1194/1194/576
f 1195/1195/577 1196/1196/577 1197/1197/577
f 1198/1198/578 1199/1199/578 1200/1200/578
f 1201/1201/579 1202/1202/579 1203/1203/579
f 1204/1204/580 1205/1205/580 1206/1206/580
f 1207/1207/581 1208/1208/581 1209/1209/581
f 1210/1210/582 1211/1211/582 1212/1212/582
f 1213/1213/583 1214/1214/583 1215/1215/583
f 1216/1216/584 1217/1217/584 1218/1218/584
f 1219/1219/585 1220/1220/585 1221/1221/585
f 1222/1222/586 1223/1223/586 1224/1224/586
f 1225/1225/587 1226/1226/587 1227/1227/587
f 1228/1228/588 1229/1229/588 1230/1230/588
f 1231/1231/589 1232/1232/589 1233/1233/589
f 1234/1234/590 1235/1235/590 1236/1236/590
f 1237/1237/591 1238/1238/591 1239/1239/591
f 1240/1240/592 1241/1241/592 1242/1242/592
f 1243/1243/593 1244/1244/593 1245/1245/593
f 1246/1246/594 1247/1247/594 1248/1248/594
f 1249/1249/595 1250/1250/595 1251/1251/595
f 1252/1252/596 1253/1253/596 1254/1254/596
f 1255/1255/597 1256/1256/597 1257/1257/597
f 1258/1258/598 1259/1259/598 1260/1260/598
f 1261/1261/599 1262/1262/599 1263/1263/599
f 1264/1264/600 1265/1265/600 1266/1266/600
f 1267/1267/601 1268/1268/601 1269/1269/601
f 1270/1270/602 1271/1271/602 1272/1272/602
f 1273/1273/603 1274/1274/603 1275/1275/603
f 1276/1276/604 1277/1277/604 1278/1278/604
f 1279/1279/605 1280/1280/605 1281/1281/605
f 1279/1279/606 1281/1281/606 1282/1282/606
f 1283/1283/607 1284/1284/607 1285/1285/607
f 1283/1283/608 1285/1285/608 1286/1286/608
