# Closed pristine pirate treasure chest / AGC_Chest_Tintable_Bands
o AGC_Chest_Tintable_Bands
v -1.155000 0.489612 -0.904687
v -0.995000 0.489612 -0.904687
v -0.995000 0.293000 -0.965000
v -1.155000 0.293000 -0.965000
v -1.155000 0.462612 -0.904687
v -1.155000 0.489612 -0.904687
v -1.155000 0.293000 -0.965000
v -1.155000 0.266000 -0.965000
v -0.995000 0.266000 -0.965000
v -0.995000 0.293000 -0.965000
v -0.995000 0.489612 -0.904687
v -0.995000 0.462612 -0.904687
v -1.155000 0.566529 -0.844375
v -0.995000 0.566529 -0.844375
v -0.995000 0.489612 -0.904687
v -1.155000 0.489612 -0.904687
v -1.155000 0.539529 -0.844375
v -1.155000 0.566529 -0.844375
v -1.155000 0.489612 -0.904687
v -1.155000 0.462612 -0.904687
v -0.995000 0.462612 -0.904687
v -0.995000 0.489612 -0.904687
v -0.995000 0.566529 -0.844375
v -0.995000 0.539529 -0.844375
v -1.155000 0.622373 -0.784062
v -0.995000 0.622373 -0.784062
v -0.995000 0.566529 -0.844375
v -1.155000 0.566529 -0.844375
v -1.155000 0.595373 -0.784062
v -1.155000 0.622373 -0.784062
v -1.155000 0.566529 -0.844375
v -1.155000 0.539529 -0.844375
v -0.995000 0.539529 -0.844375
v -0.995000 0.566529 -0.844375
v -0.995000 0.622373 -0.784062
v -0.995000 0.595373 -0.784062
v -1.155000 0.666712 -0.723750
v -0.995000 0.666712 -0.723750
v -0.995000 0.622373 -0.784062
v -1.155000 0.622373 -0.784062
v -1.155000 0.639712 -0.723750
v -1.155000 0.666712 -0.723750
v -1.155000 0.622373 -0.784062
v -1.155000 0.595373 -0.784062
v -0.995000 0.595373 -0.784062
v -0.995000 0.622373 -0.784062
v -0.995000 0.666712 -0.723750
v -0.995000 0.639712 -0.723750
v -1.155000 0.703294 -0.663437
v -0.995000 0.703294 -0.663437
v -0.995000 0.666712 -0.723750
v -1.155000 0.666712 -0.723750
v -1.155000 0.676294 -0.663437
v -1.155000 0.703294 -0.663437
v -1.155000 0.666712 -0.723750
v -1.155000 0.639712 -0.723750
v -0.995000 0.639712 -0.723750
v -0.995000 0.666712 -0.723750
v -0.995000 0.703294 -0.663437
v -0.995000 0.676294 -0.663437
v -1.155000 0.734053 -0.603125
v -0.995000 0.734053 -0.603125
v -0.995000 0.703294 -0.663437
v -1.155000 0.703294 -0.663437
v -1.155000 0.707053 -0.603125
v -1.155000 0.734053 -0.603125
v -1.155000 0.703294 -0.663437
v -1.155000 0.676294 -0.663437
v -0.995000 0.676294 -0.663437
v -0.995000 0.703294 -0.663437
v -0.995000 0.734053 -0.603125
v -0.995000 0.707053 -0.603125
v -1.155000 0.760140 -0.542812
v -0.995000 0.760140 -0.542812
v -0.995000 0.734053 -0.603125
v -1.155000 0.734053 -0.603125
v -1.155000 0.733140 -0.542812
v -1.155000 0.760140 -0.542812
v -1.155000 0.734053 -0.603125
v -1.155000 0.707053 -0.603125
v -0.995000 0.707053 -0.603125
v -0.995000 0.734053 -0.603125
v -0.995000 0.760140 -0.542812
v -0.995000 0.733140 -0.542812
v -1.155000 0.782304 -0.482500
v -0.995000 0.782304 -0.482500
v -0.995000 0.760140 -0.542812
v -1.155000 0.760140 -0.542812
v -1.155000 0.755304 -0.482500
v -1.155000 0.782304 -0.482500
v -1.155000 0.760140 -0.542812
v -1.155000 0.733140 -0.542812
v -0.995000 0.733140 -0.542812
v -0.995000 0.760140 -0.542812
v -0.995000 0.782304 -0.482500
v -0.995000 0.755304 -0.482500
v -1.155000 0.801058 -0.422187
v -0.995000 0.801058 -0.422187
v -0.995000 0.782304 -0.482500
v -1.155000 0.782304 -0.482500
v -1.155000 0.774058 -0.422187
v -1.155000 0.801058 -0.422187
v -1.155000 0.782304 -0.482500
v -1.155000 0.755304 -0.482500
v -0.995000 0.755304 -0.482500
v -0.995000 0.782304 -0.482500
v -0.995000 0.801058 -0.422187
v -0.995000 0.774058 -0.422187
v -1.155000 0.816769 -0.361875
v -0.995000 0.816769 -0.361875
v -0.995000 0.801058 -0.422187
v -1.155000 0.801058 -0.422187
v -1.155000 0.789769 -0.361875
v -1.155000 0.816769 -0.361875
v -1.155000 0.801058 -0.422187
v -1.155000 0.774058 -0.422187
v -0.995000 0.774058 -0.422187
v -0.995000 0.801058 -0.422187
v -0.995000 0.816769 -0.361875
v -0.995000 0.789769 -0.361875
v -1.155000 0.829704 -0.301562
v -0.995000 0.829704 -0.301562
v -0.995000 0.816769 -0.361875
v -1.155000 0.816769 -0.361875
v -1.155000 0.802704 -0.301562
v -1.155000 0.829704 -0.301562
v -1.155000 0.816769 -0.361875
v -1.155000 0.789769 -0.361875
v -0.995000 0.789769 -0.361875
v -0.995000 0.816769 -0.361875
v -0.995000 0.829704 -0.301562
v -0.995000 0.802704 -0.301562
v -1.155000 0.840059 -0.241250
v -0.995000 0.840059 -0.241250
v -0.995000 0.829704 -0.301562
v -1.155000 0.829704 -0.301562
v -1.155000 0.813059 -0.241250
v -1.155000 0.840059 -0.241250
v -1.155000 0.829704 -0.301562
v -1.155000 0.802704 -0.301562
v -0.995000 0.802704 -0.301562
v -0.995000 0.829704 -0.301562
v -0.995000 0.840059 -0.241250
v -0.995000 0.813059 -0.241250
v -1.155000 0.847980 -0.180937
v -0.995000 0.847980 -0.180937
v -0.995000 0.840059 -0.241250
v -1.155000 0.840059 -0.241250
v -1.155000 0.820980 -0.180937
v -1.155000 0.847980 -0.180937
v -1.155000 0.840059 -0.241250
v -1.155000 0.813059 -0.241250
v -0.995000 0.813059 -0.241250
v -0.995000 0.840059 -0.241250
v -0.995000 0.847980 -0.180937
v -0.995000 0.820980 -0.180937
v -1.155000 0.853569 -0.120625
v -0.995000 0.853569 -0.120625
v -0.995000 0.847980 -0.180937
v -1.155000 0.847980 -0.180937
v -1.155000 0.826569 -0.120625
v -1.155000 0.853569 -0.120625
v -1.155000 0.847980 -0.180937
v -1.155000 0.820980 -0.180937
v -0.995000 0.820980 -0.180937
v -0.995000 0.847980 -0.180937
v -0.995000 0.853569 -0.120625
v -0.995000 0.826569 -0.120625
v -1.155000 0.856895 -0.060312
v -0.995000 0.856895 -0.060312
v -0.995000 0.853569 -0.120625
v -1.155000 0.853569 -0.120625
v -1.155000 0.829895 -0.060312
v -1.155000 0.856895 -0.060312
v -1.155000 0.853569 -0.120625
v -1.155000 0.826569 -0.120625
v -0.995000 0.826569 -0.120625
v -0.995000 0.853569 -0.120625
v -0.995000 0.856895 -0.060312
v -0.995000 0.829895 -0.060312
v -1.155000 0.858000 0.000000
v -0.995000 0.858000 0.000000
v -0.995000 0.856895 -0.060312
v -1.155000 0.856895 -0.060312
v -1.155000 0.831000 0.000000
v -1.155000 0.858000 0.000000
v -1.155000 0.856895 -0.060312
v -1.155000 0.829895 -0.060312
v -0.995000 0.829895 -0.060312
v -0.995000 0.856895 -0.060312
v -0.995000 0.858000 0.000000
v -0.995000 0.831000 0.000000
v -1.155000 0.856895 0.060313
v -0.995000 0.856895 0.060313
v -0.995000 0.858000 0.000000
v -1.155000 0.858000 0.000000
v -1.155000 0.829895 0.060313
v -1.155000 0.856895 0.060313
v -1.155000 0.858000 0.000000
v -1.155000 0.831000 0.000000
v -0.995000 0.831000 0.000000
v -0.995000 0.858000 0.000000
v -0.995000 0.856895 0.060313
v -0.995000 0.829895 0.060313
v -1.155000 0.853569 0.120625
v -0.995000 0.853569 0.120625
v -0.995000 0.856895 0.060313
v -1.155000 0.856895 0.060313
v -1.155000 0.826569 0.120625
v -1.155000 0.853569 0.120625
v -1.155000 0.856895 0.060313
v -1.155000 0.829895 0.060313
v -0.995000 0.829895 0.060313
v -0.995000 0.856895 0.060313
v -0.995000 0.853569 0.120625
v -0.995000 0.826569 0.120625
v -1.155000 0.847980 0.180938
v -0.995000 0.847980 0.180938
v -0.995000 0.853569 0.120625
v -1.155000 0.853569 0.120625
v -1.155000 0.820980 0.180938
v -1.155000 0.847980 0.180938
v -1.155000 0.853569 0.120625
v -1.155000 0.826569 0.120625
v -0.995000 0.826569 0.120625
v -0.995000 0.853569 0.120625
v -0.995000 0.847980 0.180938
v -0.995000 0.820980 0.180938
v -1.155000 0.840059 0.241250
v -0.995000 0.840059 0.241250
v -0.995000 0.847980 0.180938
v -1.155000 0.847980 0.180938
v -1.155000 0.813059 0.241250
v -1.155000 0.840059 0.241250
v -1.155000 0.847980 0.180938
v -1.155000 0.820980 0.180938
v -0.995000 0.820980 0.180938
v -0.995000 0.847980 0.180938
v -0.995000 0.840059 0.241250
v -0.995000 0.813059 0.241250
v -1.155000 0.829704 0.301563
v -0.995000 0.829704 0.301563
v -0.995000 0.840059 0.241250
v -1.155000 0.840059 0.241250
v -1.155000 0.802704 0.301563
v -1.155000 0.829704 0.301563
v -1.155000 0.840059 0.241250
v -1.155000 0.813059 0.241250
v -0.995000 0.813059 0.241250
v -0.995000 0.840059 0.241250
v -0.995000 0.829704 0.301563
v -0.995000 0.802704 0.301563
v -1.155000 0.816769 0.361875
v -0.995000 0.816769 0.361875
v -0.995000 0.829704 0.301563
v -1.155000 0.829704 0.301563
v -1.155000 0.789769 0.361875
v -1.155000 0.816769 0.361875
v -1.155000 0.829704 0.301563
v -1.155000 0.802704 0.301563
v -0.995000 0.802704 0.301563
v -0.995000 0.829704 0.301563
v -0.995000 0.816769 0.361875
v -0.995000 0.789769 0.361875
v -1.155000 0.801058 0.422188
v -0.995000 0.801058 0.422188
v -0.995000 0.816769 0.361875
v -1.155000 0.816769 0.361875
v -1.155000 0.774058 0.422188
v -1.155000 0.801058 0.422188
v -1.155000 0.816769 0.361875
v -1.155000 0.789769 0.361875
v -0.995000 0.789769 0.361875
v -0.995000 0.816769 0.361875
v -0.995000 0.801058 0.422188
v -0.995000 0.774058 0.422188
v -1.155000 0.782304 0.482500
v -0.995000 0.782304 0.482500
v -0.995000 0.801058 0.422188
v -1.155000 0.801058 0.422188
v -1.155000 0.755304 0.482500
v -1.155000 0.782304 0.482500
v -1.155000 0.801058 0.422188
v -1.155000 0.774058 0.422188
v -0.995000 0.774058 0.422188
v -0.995000 0.801058 0.422188
v -0.995000 0.782304 0.482500
v -0.995000 0.755304 0.482500
v -1.155000 0.760140 0.542813
v -0.995000 0.760140 0.542813
v -0.995000 0.782304 0.482500
v -1.155000 0.782304 0.482500
v -1.155000 0.733140 0.542813
v -1.155000 0.760140 0.542813
v -1.155000 0.782304 0.482500
v -1.155000 0.755304 0.482500
v -0.995000 0.755304 0.482500
v -0.995000 0.782304 0.482500
v -0.995000 0.760140 0.542813
v -0.995000 0.733140 0.542813
v -1.155000 0.734053 0.603125
v -0.995000 0.734053 0.603125
v -0.995000 0.760140 0.542813
v -1.155000 0.760140 0.542813
v -1.155000 0.707053 0.603125
v -1.155000 0.734053 0.603125
v -1.155000 0.760140 0.542813
v -1.155000 0.733140 0.542813
v -0.995000 0.733140 0.542813
v -0.995000 0.760140 0.542813
v -0.995000 0.734053 0.603125
v -0.995000 0.707053 0.603125
v -1.155000 0.703294 0.663438
v -0.995000 0.703294 0.663438
v -0.995000 0.734053 0.603125
v -1.155000 0.734053 0.603125
v -1.155000 0.676294 0.663438
v -1.155000 0.703294 0.663438
v -1.155000 0.734053 0.603125
v -1.155000 0.707053 0.603125
v -0.995000 0.707053 0.603125
v -0.995000 0.734053 0.603125
v -0.995000 0.703294 0.663438
v -0.995000 0.676294 0.663438
v -1.155000 0.666712 0.723750
v -0.995000 0.666712 0.723750
v -0.995000 0.703294 0.663438
v -1.155000 0.703294 0.663438
v -1.155000 0.639712 0.723750
v -1.155000 0.666712 0.723750
v -1.155000 0.703294 0.663438
v -1.155000 0.676294 0.663438
v -0.995000 0.676294 0.663438
v -0.995000 0.703294 0.663438
v -0.995000 0.666712 0.723750
v -0.995000 0.639712 0.723750
v -1.155000 0.622373 0.784062
v -0.995000 0.622373 0.784062
v -0.995000 0.666712 0.723750
v -1.155000 0.666712 0.723750
v -1.155000 0.595373 0.784062
v -1.155000 0.622373 0.784062
v -1.155000 0.666712 0.723750
v -1.155000 0.639712 0.723750
v -0.995000 0.639712 0.723750
v -0.995000 0.666712 0.723750
v -0.995000 0.622373 0.784062
v -0.995000 0.595373 0.784062
v -1.155000 0.566529 0.844375
v -0.995000 0.566529 0.844375
v -0.995000 0.622373 0.784062
v -1.155000 0.622373 0.784062
v -1.155000 0.539529 0.844375
v -1.155000 0.566529 0.844375
v -1.155000 0.622373 0.784062
v -1.155000 0.595373 0.784062
v -0.995000 0.595373 0.784062
v -0.995000 0.622373 0.784062
v -0.995000 0.566529 0.844375
v -0.995000 0.539529 0.844375
v -1.155000 0.489612 0.904687
v -0.995000 0.489612 0.904687
v -0.995000 0.566529 0.844375
v -1.155000 0.566529 0.844375
v -1.155000 0.462612 0.904687
v -1.155000 0.489612 0.904687
v -1.155000 0.566529 0.844375
v -1.155000 0.539529 0.844375
v -0.995000 0.539529 0.844375
v -0.995000 0.566529 0.844375
v -0.995000 0.489612 0.904687
v -0.995000 0.462612 0.904687
v -1.155000 0.293000 0.965000
v -0.995000 0.293000 0.965000
v -0.995000 0.489612 0.904687
v -1.155000 0.489612 0.904687
v -1.155000 0.266000 0.965000
v -1.155000 0.293000 0.965000
v -1.155000 0.489612 0.904687
v -1.155000 0.462612 0.904687
v -0.995000 0.462612 0.904687
v -0.995000 0.489612 0.904687
v -0.995000 0.293000 0.965000
v -0.995000 0.266000 0.965000
v -1.155000 0.270000 -1.018000
v -0.995000 0.270000 -1.018000
v -0.995000 -0.645000 -1.018000
v -1.155000 -0.645000 -1.018000
v -0.995000 0.270000 -0.962000
v -1.155000 0.270000 -0.962000
v -1.155000 -0.645000 -0.962000
v -0.995000 -0.645000 -0.962000
v -1.155000 0.270000 -0.962000
v -1.155000 0.270000 -1.018000
v -1.155000 -0.645000 -1.018000
v -1.155000 -0.645000 -0.962000
v -0.995000 0.270000 -1.018000
v -0.995000 0.270000 -0.962000
v -0.995000 -0.645000 -0.962000
v -0.995000 -0.645000 -1.018000
v -1.155000 0.270000 -0.962000
v -0.995000 0.270000 -0.962000
v -0.995000 0.270000 -1.018000
v -1.155000 0.270000 -1.018000
v -1.155000 -0.645000 -1.018000
v -0.995000 -0.645000 -1.018000
v -0.995000 -0.645000 -0.962000
v -1.155000 -0.645000 -0.962000
v -1.053157 -0.534130 -1.024000
v -1.048000 -0.550000 -1.024000
v -1.075000 -0.550000 -1.028050
v -1.066657 -0.524321 -1.024000
v -1.053157 -0.534130 -1.024000
v -1.075000 -0.550000 -1.028050
v -1.083343 -0.524321 -1.024000
v -1.066657 -0.524321 -1.024000
v -1.075000 -0.550000 -1.028050
v -1.096843 -0.534130 -1.024000
v -1.083343 -0.524321 -1.024000
v -1.075000 -0.550000 -1.028050
v -1.102000 -0.550000 -1.024000
v -1.096843 -0.534130 -1.024000
v -1.075000 -0.550000 -1.028050
v -1.096843 -0.565870 -1.024000
v -1.102000 -0.550000 -1.024000
v -1.075000 -0.550000 -1.028050
v -1.083343 -0.575679 -1.024000
v -1.096843 -0.565870 -1.024000
v -1.075000 -0.550000 -1.028050
v -1.066657 -0.575679 -1.024000
v -1.083343 -0.575679 -1.024000
v -1.075000 -0.550000 -1.028050
v -1.053157 -0.565870 -1.024000
v -1.066657 -0.575679 -1.024000
v -1.075000 -0.550000 -1.028050
v -1.048000 -0.550000 -1.024000
v -1.053157 -0.565870 -1.024000
v -1.075000 -0.550000 -1.028050
v -1.053157 -0.169130 -1.024000
v -1.048000 -0.185000 -1.024000
v -1.075000 -0.185000 -1.028050
v -1.066657 -0.159321 -1.024000
v -1.053157 -0.169130 -1.024000
v -1.075000 -0.185000 -1.028050
v -1.083343 -0.159321 -1.024000
v -1.066657 -0.159321 -1.024000
v -1.075000 -0.185000 -1.028050
v -1.096843 -0.169130 -1.024000
v -1.083343 -0.159321 -1.024000
v -1.075000 -0.185000 -1.028050
v -1.102000 -0.185000 -1.024000
v -1.096843 -0.169130 -1.024000
v -1.075000 -0.185000 -1.028050
v -1.096843 -0.200870 -1.024000
v -1.102000 -0.185000 -1.024000
v -1.075000 -0.185000 -1.028050
v -1.083343 -0.210679 -1.024000
v -1.096843 -0.200870 -1.024000
v -1.075000 -0.185000 -1.028050
v -1.066657 -0.210679 -1.024000
v -1.083343 -0.210679 -1.024000
v -1.075000 -0.185000 -1.028050
v -1.053157 -0.200870 -1.024000
v -1.066657 -0.210679 -1.024000
v -1.075000 -0.185000 -1.028050
v -1.048000 -0.185000 -1.024000
v -1.053157 -0.200870 -1.024000
v -1.075000 -0.185000 -1.028050
v -1.053157 0.215870 -1.024000
v -1.048000 0.200000 -1.024000
v -1.075000 0.200000 -1.028050
v -1.066657 0.225679 -1.024000
v -1.053157 0.215870 -1.024000
v -1.075000 0.200000 -1.028050
v -1.083343 0.225679 -1.024000
v -1.066657 0.225679 -1.024000
v -1.075000 0.200000 -1.028050
v -1.096843 0.215870 -1.024000
v -1.083343 0.225679 -1.024000
v -1.075000 0.200000 -1.028050
v -1.102000 0.200000 -1.024000
v -1.096843 0.215870 -1.024000
v -1.075000 0.200000 -1.028050
v -1.096843 0.184130 -1.024000
v -1.102000 0.200000 -1.024000
v -1.075000 0.200000 -1.028050
v -1.083343 0.174321 -1.024000
v -1.096843 0.184130 -1.024000
v -1.075000 0.200000 -1.028050
v -1.066657 0.174321 -1.024000
v -1.083343 0.174321 -1.024000
v -1.075000 0.200000 -1.028050
v -1.053157 0.184130 -1.024000
v -1.066657 0.174321 -1.024000
v -1.075000 0.200000 -1.028050
v -1.048000 0.200000 -1.024000
v -1.053157 0.184130 -1.024000
v -1.075000 0.200000 -1.028050
v -1.155000 0.270000 0.962000
v -0.995000 0.270000 0.962000
v -0.995000 -0.645000 0.962000
v -1.155000 -0.645000 0.962000
v -0.995000 0.270000 1.018000
v -1.155000 0.270000 1.018000
v -1.155000 -0.645000 1.018000
v -0.995000 -0.645000 1.018000
v -1.155000 0.270000 1.018000
v -1.155000 0.270000 0.962000
v -1.155000 -0.645000 0.962000
v -1.155000 -0.645000 1.018000
v -0.995000 0.270000 0.962000
v -0.995000 0.270000 1.018000
v -0.995000 -0.645000 1.018000
v -0.995000 -0.645000 0.962000
v -1.155000 0.270000 1.018000
v -0.995000 0.270000 1.018000
v -0.995000 0.270000 0.962000
v -1.155000 0.270000 0.962000
v -1.155000 -0.645000 0.962000
v -0.995000 -0.645000 0.962000
v -0.995000 -0.645000 1.018000
v -1.155000 -0.645000 1.018000
v -1.075000 -0.550000 1.019950
v -1.048000 -0.550000 1.024000
v -1.053157 -0.534130 1.024000
v -1.075000 -0.550000 1.019950
v -1.053157 -0.534130 1.024000
v -1.066657 -0.524321 1.024000
v -1.075000 -0.550000 1.019950
v -1.066657 -0.524321 1.024000
v -1.083343 -0.524321 1.024000
v -1.075000 -0.550000 1.019950
v -1.083343 -0.524321 1.024000
v -1.096843 -0.534130 1.024000
v -1.075000 -0.550000 1.019950
v -1.096843 -0.534130 1.024000
v -1.102000 -0.550000 1.024000
v -1.075000 -0.550000 1.019950
v -1.102000 -0.550000 1.024000
v -1.096843 -0.565870 1.024000
v -1.075000 -0.550000 1.019950
v -1.096843 -0.565870 1.024000
v -1.083343 -0.575679 1.024000
v -1.075000 -0.550000 1.019950
v -1.083343 -0.575679 1.024000
v -1.066657 -0.575679 1.024000
v -1.075000 -0.550000 1.019950
v -1.066657 -0.575679 1.024000
v -1.053157 -0.565870 1.024000
v -1.075000 -0.550000 1.019950
v -1.053157 -0.565870 1.024000
v -1.048000 -0.550000 1.024000
v -1.075000 -0.185000 1.019950
v -1.048000 -0.185000 1.024000
v -1.053157 -0.169130 1.024000
v -1.075000 -0.185000 1.019950
v -1.053157 -0.169130 1.024000
v -1.066657 -0.159321 1.024000
v -1.075000 -0.185000 1.019950
v -1.066657 -0.159321 1.024000
v -1.083343 -0.159321 1.024000
v -1.075000 -0.185000 1.019950
v -1.083343 -0.159321 1.024000
v -1.096843 -0.169130 1.024000
v -1.075000 -0.185000 1.019950
v -1.096843 -0.169130 1.024000
v -1.102000 -0.185000 1.024000
v -1.075000 -0.185000 1.019950
v -1.102000 -0.185000 1.024000
v -1.096843 -0.200870 1.024000
v -1.075000 -0.185000 1.019950
v -1.096843 -0.200870 1.024000
v -1.083343 -0.210679 1.024000
v -1.075000 -0.185000 1.019950
v -1.083343 -0.210679 1.024000
v -1.066657 -0.210679 1.024000
v -1.075000 -0.185000 1.019950
v -1.066657 -0.210679 1.024000
v -1.053157 -0.200870 1.024000
v -1.075000 -0.185000 1.019950
v -1.053157 -0.200870 1.024000
v -1.048000 -0.185000 1.024000
v -1.075000 0.200000 1.019950
v -1.048000 0.200000 1.024000
v -1.053157 0.215870 1.024000
v -1.075000 0.200000 1.019950
v -1.053157 0.215870 1.024000
v -1.066657 0.225679 1.024000
v -1.075000 0.200000 1.019950
v -1.066657 0.225679 1.024000
v -1.083343 0.225679 1.024000
v -1.075000 0.200000 1.019950
v -1.083343 0.225679 1.024000
v -1.096843 0.215870 1.024000
v -1.075000 0.200000 1.019950
v -1.096843 0.215870 1.024000
v -1.102000 0.200000 1.024000
v -1.075000 0.200000 1.019950
v -1.102000 0.200000 1.024000
v -1.096843 0.184130 1.024000
v -1.075000 0.200000 1.019950
v -1.096843 0.184130 1.024000
v -1.083343 0.174321 1.024000
v -1.075000 0.200000 1.019950
v -1.083343 0.174321 1.024000
v -1.066657 0.174321 1.024000
v -1.075000 0.200000 1.019950
v -1.066657 0.174321 1.024000
v -1.053157 0.184130 1.024000
v -1.075000 0.200000 1.019950
v -1.053157 0.184130 1.024000
v -1.048000 0.200000 1.024000
v 0.995000 0.489612 -0.904687
v 1.155000 0.489612 -0.904687
v 1.155000 0.293000 -0.965000
v 0.995000 0.293000 -0.965000
v 0.995000 0.462612 -0.904687
v 0.995000 0.489612 -0.904687
v 0.995000 0.293000 -0.965000
v 0.995000 0.266000 -0.965000
v 1.155000 0.266000 -0.965000
v 1.155000 0.293000 -0.965000
v 1.155000 0.489612 -0.904687
v 1.155000 0.462612 -0.904687
v 0.995000 0.566529 -0.844375
v 1.155000 0.566529 -0.844375
v 1.155000 0.489612 -0.904687
v 0.995000 0.489612 -0.904687
v 0.995000 0.539529 -0.844375
v 0.995000 0.566529 -0.844375
v 0.995000 0.489612 -0.904687
v 0.995000 0.462612 -0.904687
v 1.155000 0.462612 -0.904687
v 1.155000 0.489612 -0.904687
v 1.155000 0.566529 -0.844375
v 1.155000 0.539529 -0.844375
v 0.995000 0.622373 -0.784062
v 1.155000 0.622373 -0.784062
v 1.155000 0.566529 -0.844375
v 0.995000 0.566529 -0.844375
v 0.995000 0.595373 -0.784062
v 0.995000 0.622373 -0.784062
v 0.995000 0.566529 -0.844375
v 0.995000 0.539529 -0.844375
v 1.155000 0.539529 -0.844375
v 1.155000 0.566529 -0.844375
v 1.155000 0.622373 -0.784062
v 1.155000 0.595373 -0.784062
v 0.995000 0.666712 -0.723750
v 1.155000 0.666712 -0.723750
v 1.155000 0.622373 -0.784062
v 0.995000 0.622373 -0.784062
v 0.995000 0.639712 -0.723750
v 0.995000 0.666712 -0.723750
v 0.995000 0.622373 -0.784062
v 0.995000 0.595373 -0.784062
v 1.155000 0.595373 -0.784062
v 1.155000 0.622373 -0.784062
v 1.155000 0.666712 -0.723750
v 1.155000 0.639712 -0.723750
v 0.995000 0.703294 -0.663437
v 1.155000 0.703294 -0.663437
v 1.155000 0.666712 -0.723750
v 0.995000 0.666712 -0.723750
v 0.995000 0.676294 -0.663437
v 0.995000 0.703294 -0.663437
v 0.995000 0.666712 -0.723750
v 0.995000 0.639712 -0.723750
v 1.155000 0.639712 -0.723750
v 1.155000 0.666712 -0.723750
v 1.155000 0.703294 -0.663437
v 1.155000 0.676294 -0.663437
v 0.995000 0.734053 -0.603125
v 1.155000 0.734053 -0.603125
v 1.155000 0.703294 -0.663437
v 0.995000 0.703294 -0.663437
v 0.995000 0.707053 -0.603125
v 0.995000 0.734053 -0.603125
v 0.995000 0.703294 -0.663437
v 0.995000 0.676294 -0.663437
v 1.155000 0.676294 -0.663437
v 1.155000 0.703294 -0.663437
v 1.155000 0.734053 -0.603125
v 1.155000 0.707053 -0.603125
v 0.995000 0.760140 -0.542812
v 1.155000 0.760140 -0.542812
v 1.155000 0.734053 -0.603125
v 0.995000 0.734053 -0.603125
v 0.995000 0.733140 -0.542812
v 0.995000 0.760140 -0.542812
v 0.995000 0.734053 -0.603125
v 0.995000 0.707053 -0.603125
v 1.155000 0.707053 -0.603125
v 1.155000 0.734053 -0.603125
v 1.155000 0.760140 -0.542812
v 1.155000 0.733140 -0.542812
v 0.995000 0.782304 -0.482500
v 1.155000 0.782304 -0.482500
v 1.155000 0.760140 -0.542812
v 0.995000 0.760140 -0.542812
v 0.995000 0.755304 -0.482500
v 0.995000 0.782304 -0.482500
v 0.995000 0.760140 -0.542812
v 0.995000 0.733140 -0.542812
v 1.155000 0.733140 -0.542812
v 1.155000 0.760140 -0.542812
v 1.155000 0.782304 -0.482500
v 1.155000 0.755304 -0.482500
v 0.995000 0.801058 -0.422187
v 1.155000 0.801058 -0.422187
v 1.155000 0.782304 -0.482500
v 0.995000 0.782304 -0.482500
v 0.995000 0.774058 -0.422187
v 0.995000 0.801058 -0.422187
v 0.995000 0.782304 -0.482500
v 0.995000 0.755304 -0.482500
v 1.155000 0.755304 -0.482500
v 1.155000 0.782304 -0.482500
v 1.155000 0.801058 -0.422187
v 1.155000 0.774058 -0.422187
v 0.995000 0.816769 -0.361875
v 1.155000 0.816769 -0.361875
v 1.155000 0.801058 -0.422187
v 0.995000 0.801058 -0.422187
v 0.995000 0.789769 -0.361875
v 0.995000 0.816769 -0.361875
v 0.995000 0.801058 -0.422187
v 0.995000 0.774058 -0.422187
v 1.155000 0.774058 -0.422187
v 1.155000 0.801058 -0.422187
v 1.155000 0.816769 -0.361875
v 1.155000 0.789769 -0.361875
v 0.995000 0.829704 -0.301562
v 1.155000 0.829704 -0.301562
v 1.155000 0.816769 -0.361875
v 0.995000 0.816769 -0.361875
v 0.995000 0.802704 -0.301562
v 0.995000 0.829704 -0.301562
v 0.995000 0.816769 -0.361875
v 0.995000 0.789769 -0.361875
v 1.155000 0.789769 -0.361875
v 1.155000 0.816769 -0.361875
v 1.155000 0.829704 -0.301562
v 1.155000 0.802704 -0.301562
v 0.995000 0.840059 -0.241250
v 1.155000 0.840059 -0.241250
v 1.155000 0.829704 -0.301562
v 0.995000 0.829704 -0.301562
v 0.995000 0.813059 -0.241250
v 0.995000 0.840059 -0.241250
v 0.995000 0.829704 -0.301562
v 0.995000 0.802704 -0.301562
v 1.155000 0.802704 -0.301562
v 1.155000 0.829704 -0.301562
v 1.155000 0.840059 -0.241250
v 1.155000 0.813059 -0.241250
v 0.995000 0.847980 -0.180937
v 1.155000 0.847980 -0.180937
v 1.155000 0.840059 -0.241250
v 0.995000 0.840059 -0.241250
v 0.995000 0.820980 -0.180937
v 0.995000 0.847980 -0.180937
v 0.995000 0.840059 -0.241250
v 0.995000 0.813059 -0.241250
v 1.155000 0.813059 -0.241250
v 1.155000 0.840059 -0.241250
v 1.155000 0.847980 -0.180937
v 1.155000 0.820980 -0.180937
v 0.995000 0.853569 -0.120625
v 1.155000 0.853569 -0.120625
v 1.155000 0.847980 -0.180937
v 0.995000 0.847980 -0.180937
v 0.995000 0.826569 -0.120625
v 0.995000 0.853569 -0.120625
v 0.995000 0.847980 -0.180937
v 0.995000 0.820980 -0.180937
v 1.155000 0.820980 -0.180937
v 1.155000 0.847980 -0.180937
v 1.155000 0.853569 -0.120625
v 1.155000 0.826569 -0.120625
v 0.995000 0.856895 -0.060312
v 1.155000 0.856895 -0.060312
v 1.155000 0.853569 -0.120625
v 0.995000 0.853569 -0.120625
v 0.995000 0.829895 -0.060312
v 0.995000 0.856895 -0.060312
v 0.995000 0.853569 -0.120625
v 0.995000 0.826569 -0.120625
v 1.155000 0.826569 -0.120625
v 1.155000 0.853569 -0.120625
v 1.155000 0.856895 -0.060312
v 1.155000 0.829895 -0.060312
v 0.995000 0.858000 0.000000
v 1.155000 0.858000 0.000000
v 1.155000 0.856895 -0.060312
v 0.995000 0.856895 -0.060312
v 0.995000 0.831000 0.000000
v 0.995000 0.858000 0.000000
v 0.995000 0.856895 -0.060312
v 0.995000 0.829895 -0.060312
v 1.155000 0.829895 -0.060312
v 1.155000 0.856895 -0.060312
v 1.155000 0.858000 0.000000
v 1.155000 0.831000 0.000000
v 0.995000 0.856895 0.060313
v 1.155000 0.856895 0.060313
v 1.155000 0.858000 0.000000
v 0.995000 0.858000 0.000000
v 0.995000 0.829895 0.060313
v 0.995000 0.856895 0.060313
v 0.995000 0.858000 0.000000
v 0.995000 0.831000 0.000000
v 1.155000 0.831000 0.000000
v 1.155000 0.858000 0.000000
v 1.155000 0.856895 0.060313
v 1.155000 0.829895 0.060313
v 0.995000 0.853569 0.120625
v 1.155000 0.853569 0.120625
v 1.155000 0.856895 0.060313
v 0.995000 0.856895 0.060313
v 0.995000 0.826569 0.120625
v 0.995000 0.853569 0.120625
v 0.995000 0.856895 0.060313
v 0.995000 0.829895 0.060313
v 1.155000 0.829895 0.060313
v 1.155000 0.856895 0.060313
v 1.155000 0.853569 0.120625
v 1.155000 0.826569 0.120625
v 0.995000 0.847980 0.180938
v 1.155000 0.847980 0.180938
v 1.155000 0.853569 0.120625
v 0.995000 0.853569 0.120625
v 0.995000 0.820980 0.180938
v 0.995000 0.847980 0.180938
v 0.995000 0.853569 0.120625
v 0.995000 0.826569 0.120625
v 1.155000 0.826569 0.120625
v 1.155000 0.853569 0.120625
v 1.155000 0.847980 0.180938
v 1.155000 0.820980 0.180938
v 0.995000 0.840059 0.241250
v 1.155000 0.840059 0.241250
v 1.155000 0.847980 0.180938
v 0.995000 0.847980 0.180938
v 0.995000 0.813059 0.241250
v 0.995000 0.840059 0.241250
v 0.995000 0.847980 0.180938
v 0.995000 0.820980 0.180938
v 1.155000 0.820980 0.180938
v 1.155000 0.847980 0.180938
v 1.155000 0.840059 0.241250
v 1.155000 0.813059 0.241250
v 0.995000 0.829704 0.301563
v 1.155000 0.829704 0.301563
v 1.155000 0.840059 0.241250
v 0.995000 0.840059 0.241250
v 0.995000 0.802704 0.301563
v 0.995000 0.829704 0.301563
v 0.995000 0.840059 0.241250
v 0.995000 0.813059 0.241250
v 1.155000 0.813059 0.241250
v 1.155000 0.840059 0.241250
v 1.155000 0.829704 0.301563
v 1.155000 0.802704 0.301563
v 0.995000 0.816769 0.361875
v 1.155000 0.816769 0.361875
v 1.155000 0.829704 0.301563
v 0.995000 0.829704 0.301563
v 0.995000 0.789769 0.361875
v 0.995000 0.816769 0.361875
v 0.995000 0.829704 0.301563
v 0.995000 0.802704 0.301563
v 1.155000 0.802704 0.301563
v 1.155000 0.829704 0.301563
v 1.155000 0.816769 0.361875
v 1.155000 0.789769 0.361875
v 0.995000 0.801058 0.422188
v 1.155000 0.801058 0.422188
v 1.155000 0.816769 0.361875
v 0.995000 0.816769 0.361875
v 0.995000 0.774058 0.422188
v 0.995000 0.801058 0.422188
v 0.995000 0.816769 0.361875
v 0.995000 0.789769 0.361875
v 1.155000 0.789769 0.361875
v 1.155000 0.816769 0.361875
v 1.155000 0.801058 0.422188
v 1.155000 0.774058 0.422188
v 0.995000 0.782304 0.482500
v 1.155000 0.782304 0.482500
v 1.155000 0.801058 0.422188
v 0.995000 0.801058 0.422188
v 0.995000 0.755304 0.482500
v 0.995000 0.782304 0.482500
v 0.995000 0.801058 0.422188
v 0.995000 0.774058 0.422188
v 1.155000 0.774058 0.422188
v 1.155000 0.801058 0.422188
v 1.155000 0.782304 0.482500
v 1.155000 0.755304 0.482500
v 0.995000 0.760140 0.542813
v 1.155000 0.760140 0.542813
v 1.155000 0.782304 0.482500
v 0.995000 0.782304 0.482500
v 0.995000 0.733140 0.542813
v 0.995000 0.760140 0.542813
v 0.995000 0.782304 0.482500
v 0.995000 0.755304 0.482500
v 1.155000 0.755304 0.482500
v 1.155000 0.782304 0.482500
v 1.155000 0.760140 0.542813
v 1.155000 0.733140 0.542813
v 0.995000 0.734053 0.603125
v 1.155000 0.734053 0.603125
v 1.155000 0.760140 0.542813
v 0.995000 0.760140 0.542813
v 0.995000 0.707053 0.603125
v 0.995000 0.734053 0.603125
v 0.995000 0.760140 0.542813
v 0.995000 0.733140 0.542813
v 1.155000 0.733140 0.542813
v 1.155000 0.760140 0.542813
v 1.155000 0.734053 0.603125
v 1.155000 0.707053 0.603125
v 0.995000 0.703294 0.663438
v 1.155000 0.703294 0.663438
v 1.155000 0.734053 0.603125
v 0.995000 0.734053 0.603125
v 0.995000 0.676294 0.663438
v 0.995000 0.703294 0.663438
v 0.995000 0.734053 0.603125
v 0.995000 0.707053 0.603125
v 1.155000 0.707053 0.603125
v 1.155000 0.734053 0.603125
v 1.155000 0.703294 0.663438
v 1.155000 0.676294 0.663438
v 0.995000 0.666712 0.723750
v 1.155000 0.666712 0.723750
v 1.155000 0.703294 0.663438
v 0.995000 0.703294 0.663438
v 0.995000 0.639712 0.723750
v 0.995000 0.666712 0.723750
v 0.995000 0.703294 0.663438
v 0.995000 0.676294 0.663438
v 1.155000 0.676294 0.663438
v 1.155000 0.703294 0.663438
v 1.155000 0.666712 0.723750
v 1.155000 0.639712 0.723750
v 0.995000 0.622373 0.784062
v 1.155000 0.622373 0.784062
v 1.155000 0.666712 0.723750
v 0.995000 0.666712 0.723750
v 0.995000 0.595373 0.784062
v 0.995000 0.622373 0.784062
v 0.995000 0.666712 0.723750
v 0.995000 0.639712 0.723750
v 1.155000 0.639712 0.723750
v 1.155000 0.666712 0.723750
v 1.155000 0.622373 0.784062
v 1.155000 0.595373 0.784062
v 0.995000 0.566529 0.844375
v 1.155000 0.566529 0.844375
v 1.155000 0.622373 0.784062
v 0.995000 0.622373 0.784062
v 0.995000 0.539529 0.844375
v 0.995000 0.566529 0.844375
v 0.995000 0.622373 0.784062
v 0.995000 0.595373 0.784062
v 1.155000 0.595373 0.784062
v 1.155000 0.622373 0.784062
v 1.155000 0.566529 0.844375
v 1.155000 0.539529 0.844375
v 0.995000 0.489612 0.904687
v 1.155000 0.489612 0.904687
v 1.155000 0.566529 0.844375
v 0.995000 0.566529 0.844375
v 0.995000 0.462612 0.904687
v 0.995000 0.489612 0.904687
v 0.995000 0.566529 0.844375
v 0.995000 0.539529 0.844375
v 1.155000 0.539529 0.844375
v 1.155000 0.566529 0.844375
v 1.155000 0.489612 0.904687
v 1.155000 0.462612 0.904687
v 0.995000 0.293000 0.965000
v 1.155000 0.293000 0.965000
v 1.155000 0.489612 0.904687
v 0.995000 0.489612 0.904687
v 0.995000 0.266000 0.965000
v 0.995000 0.293000 0.965000
v 0.995000 0.489612 0.904687
v 0.995000 0.462612 0.904687
v 1.155000 0.462612 0.904687
v 1.155000 0.489612 0.904687
v 1.155000 0.293000 0.965000
v 1.155000 0.266000 0.965000
v 0.995000 0.270000 -1.018000
v 1.155000 0.270000 -1.018000
v 1.155000 -0.645000 -1.018000
v 0.995000 -0.645000 -1.018000
v 1.155000 0.270000 -0.962000
v 0.995000 0.270000 -0.962000
v 0.995000 -0.645000 -0.962000
v 1.155000 -0.645000 -0.962000
v 0.995000 0.270000 -0.962000
v 0.995000 0.270000 -1.018000
v 0.995000 -0.645000 -1.018000
v 0.995000 -0.645000 -0.962000
v 1.155000 0.270000 -1.018000
v 1.155000 0.270000 -0.962000
v 1.155000 -0.645000 -0.962000
v 1.155000 -0.645000 -1.018000
v 0.995000 0.270000 -0.962000
v 1.155000 0.270000 -0.962000
v 1.155000 0.270000 -1.018000
v 0.995000 0.270000 -1.018000
v 0.995000 -0.645000 -1.018000
v 1.155000 -0.645000 -1.018000
v 1.155000 -0.645000 -0.962000
v 0.995000 -0.645000 -0.962000
v 1.096843 -0.534130 -1.024000
v 1.102000 -0.550000 -1.024000
v 1.075000 -0.550000 -1.028050
v 1.083343 -0.524321 -1.024000
v 1.096843 -0.534130 -1.024000
v 1.075000 -0.550000 -1.028050
v 1.066657 -0.524321 -1.024000
v 1.083343 -0.524321 -1.024000
v 1.075000 -0.550000 -1.028050
v 1.053157 -0.534130 -1.024000
v 1.066657 -0.524321 -1.024000
v 1.075000 -0.550000 -1.028050
v 1.048000 -0.550000 -1.024000
v 1.053157 -0.534130 -1.024000
v 1.075000 -0.550000 -1.028050
v 1.053157 -0.565870 -1.024000
v 1.048000 -0.550000 -1.024000
v 1.075000 -0.550000 -1.028050
v 1.066657 -0.575679 -1.024000
v 1.053157 -0.565870 -1.024000
v 1.075000 -0.550000 -1.028050
v 1.083343 -0.575679 -1.024000
v 1.066657 -0.575679 -1.024000
v 1.075000 -0.550000 -1.028050
v 1.096843 -0.565870 -1.024000
v 1.083343 -0.575679 -1.024000
v 1.075000 -0.550000 -1.028050
v 1.102000 -0.550000 -1.024000
v 1.096843 -0.565870 -1.024000
v 1.075000 -0.550000 -1.028050
v 1.096843 -0.169130 -1.024000
v 1.102000 -0.185000 -1.024000
v 1.075000 -0.185000 -1.028050
v 1.083343 -0.159321 -1.024000
v 1.096843 -0.169130 -1.024000
v 1.075000 -0.185000 -1.028050
v 1.066657 -0.159321 -1.024000
v 1.083343 -0.159321 -1.024000
v 1.075000 -0.185000 -1.028050
v 1.053157 -0.169130 -1.024000
v 1.066657 -0.159321 -1.024000
v 1.075000 -0.185000 -1.028050
v 1.048000 -0.185000 -1.024000
v 1.053157 -0.169130 -1.024000
v 1.075000 -0.185000 -1.028050
v 1.053157 -0.200870 -1.024000
v 1.048000 -0.185000 -1.024000
v 1.075000 -0.185000 -1.028050
v 1.066657 -0.210679 -1.024000
v 1.053157 -0.200870 -1.024000
v 1.075000 -0.185000 -1.028050
v 1.083343 -0.210679 -1.024000
v 1.066657 -0.210679 -1.024000
v 1.075000 -0.185000 -1.028050
v 1.096843 -0.200870 -1.024000
v 1.083343 -0.210679 -1.024000
v 1.075000 -0.185000 -1.028050
v 1.102000 -0.185000 -1.024000
v 1.096843 -0.200870 -1.024000
v 1.075000 -0.185000 -1.028050
v 1.096843 0.215870 -1.024000
v 1.102000 0.200000 -1.024000
v 1.075000 0.200000 -1.028050
v 1.083343 0.225679 -1.024000
v 1.096843 0.215870 -1.024000
v 1.075000 0.200000 -1.028050
v 1.066657 0.225679 -1.024000
v 1.083343 0.225679 -1.024000
v 1.075000 0.200000 -1.028050
v 1.053157 0.215870 -1.024000
v 1.066657 0.225679 -1.024000
v 1.075000 0.200000 -1.028050
v 1.048000 0.200000 -1.024000
v 1.053157 0.215870 -1.024000
v 1.075000 0.200000 -1.028050
v 1.053157 0.184130 -1.024000
v 1.048000 0.200000 -1.024000
v 1.075000 0.200000 -1.028050
v 1.066657 0.174321 -1.024000
v 1.053157 0.184130 -1.024000
v 1.075000 0.200000 -1.028050
v 1.083343 0.174321 -1.024000
v 1.066657 0.174321 -1.024000
v 1.075000 0.200000 -1.028050
v 1.096843 0.184130 -1.024000
v 1.083343 0.174321 -1.024000
v 1.075000 0.200000 -1.028050
v 1.102000 0.200000 -1.024000
v 1.096843 0.184130 -1.024000
v 1.075000 0.200000 -1.028050
v 0.995000 0.270000 0.962000
v 1.155000 0.270000 0.962000
v 1.155000 -0.645000 0.962000
v 0.995000 -0.645000 0.962000
v 1.155000 0.270000 1.018000
v 0.995000 0.270000 1.018000
v 0.995000 -0.645000 1.018000
v 1.155000 -0.645000 1.018000
v 0.995000 0.270000 1.018000
v 0.995000 0.270000 0.962000
v 0.995000 -0.645000 0.962000
v 0.995000 -0.645000 1.018000
v 1.155000 0.270000 0.962000
v 1.155000 0.270000 1.018000
v 1.155000 -0.645000 1.018000
v 1.155000 -0.645000 0.962000
v 0.995000 0.270000 1.018000
v 1.155000 0.270000 1.018000
v 1.155000 0.270000 0.962000
v 0.995000 0.270000 0.962000
v 0.995000 -0.645000 0.962000
v 1.155000 -0.645000 0.962000
v 1.155000 -0.645000 1.018000
v 0.995000 -0.645000 1.018000
v 1.075000 -0.550000 1.019950
v 1.102000 -0.550000 1.024000
v 1.096843 -0.534130 1.024000
v 1.075000 -0.550000 1.019950
v 1.096843 -0.534130 1.024000
v 1.083343 -0.524321 1.024000
v 1.075000 -0.550000 1.019950
v 1.083343 -0.524321 1.024000
v 1.066657 -0.524321 1.024000
v 1.075000 -0.550000 1.019950
v 1.066657 -0.524321 1.024000
v 1.053157 -0.534130 1.024000
v 1.075000 -0.550000 1.019950
v 1.053157 -0.534130 1.024000
v 1.048000 -0.550000 1.024000
v 1.075000 -0.550000 1.019950
v 1.048000 -0.550000 1.024000
v 1.053157 -0.565870 1.024000
v 1.075000 -0.550000 1.019950
v 1.053157 -0.565870 1.024000
v 1.066657 -0.575679 1.024000
v 1.075000 -0.550000 1.019950
v 1.066657 -0.575679 1.024000
v 1.083343 -0.575679 1.024000
v 1.075000 -0.550000 1.019950
v 1.083343 -0.575679 1.024000
v 1.096843 -0.565870 1.024000
v 1.075000 -0.550000 1.019950
v 1.096843 -0.565870 1.024000
v 1.102000 -0.550000 1.024000
v 1.075000 -0.185000 1.019950
v 1.102000 -0.185000 1.024000
v 1.096843 -0.169130 1.024000
v 1.075000 -0.185000 1.019950
v 1.096843 -0.169130 1.024000
v 1.083343 -0.159321 1.024000
v 1.075000 -0.185000 1.019950
v 1.083343 -0.159321 1.024000
v 1.066657 -0.159321 1.024000
v 1.075000 -0.185000 1.019950
v 1.066657 -0.159321 1.024000
v 1.053157 -0.169130 1.024000
v 1.075000 -0.185000 1.019950
v 1.053157 -0.169130 1.024000
v 1.048000 -0.185000 1.024000
v 1.075000 -0.185000 1.019950
v 1.048000 -0.185000 1.024000
v 1.053157 -0.200870 1.024000
v 1.075000 -0.185000 1.019950
v 1.053157 -0.200870 1.024000
v 1.066657 -0.210679 1.024000
v 1.075000 -0.185000 1.019950
v 1.066657 -0.210679 1.024000
v 1.083343 -0.210679 1.024000
v 1.075000 -0.185000 1.019950
v 1.083343 -0.210679 1.024000
v 1.096843 -0.200870 1.024000
v 1.075000 -0.185000 1.019950
v 1.096843 -0.200870 1.024000
v 1.102000 -0.185000 1.024000
v 1.075000 0.200000 1.019950
v 1.102000 0.200000 1.024000
v 1.096843 0.215870 1.024000
v 1.075000 0.200000 1.019950
v 1.096843 0.215870 1.024000
v 1.083343 0.225679 1.024000
v 1.075000 0.200000 1.019950
v 1.083343 0.225679 1.024000
v 1.066657 0.225679 1.024000
v 1.075000 0.200000 1.019950
v 1.066657 0.225679 1.024000
v 1.053157 0.215870 1.024000
v 1.075000 0.200000 1.019950
v 1.053157 0.215870 1.024000
v 1.048000 0.200000 1.024000
v 1.075000 0.200000 1.019950
v 1.048000 0.200000 1.024000
v 1.053157 0.184130 1.024000
v 1.075000 0.200000 1.019950
v 1.053157 0.184130 1.024000
v 1.066657 0.174321 1.024000
v 1.075000 0.200000 1.019950
v 1.066657 0.174321 1.024000
v 1.083343 0.174321 1.024000
v 1.075000 0.200000 1.019950
v 1.083343 0.174321 1.024000
v 1.096843 0.184130 1.024000
v 1.075000 0.200000 1.019950
v 1.096843 0.184130 1.024000
v 1.102000 0.200000 1.024000
v -1.570000 -0.610000 -1.017000
v 1.570000 -0.610000 -1.017000
v 1.570000 -0.685000 -1.017000
v -1.570000 -0.685000 -1.017000
v 1.570000 -0.610000 -0.953000
v -1.570000 -0.610000 -0.953000
v -1.570000 -0.685000 -0.953000
v 1.570000 -0.685000 -0.953000
v -1.570000 -0.610000 -0.953000
v -1.570000 -0.610000 -1.017000
v -1.570000 -0.685000 -1.017000
v -1.570000 -0.685000 -0.953000
v 1.570000 -0.610000 -1.017000
v 1.570000 -0.610000 -0.953000
v 1.570000 -0.685000 -0.953000
v 1.570000 -0.685000 -1.017000
v -1.570000 -0.610000 -0.953000
v 1.570000 -0.610000 -0.953000
v 1.570000 -0.610000 -1.017000
v -1.570000 -0.610000 -1.017000
v -1.570000 -0.685000 -1.017000
v 1.570000 -0.685000 -1.017000
v 1.570000 -0.685000 -0.953000
v -1.570000 -0.685000 -0.953000
v -1.570000 -0.610000 0.953000
v 1.570000 -0.610000 0.953000
v 1.570000 -0.685000 0.953000
v -1.570000 -0.685000 0.953000
v 1.570000 -0.610000 1.017000
v -1.570000 -0.610000 1.017000
v -1.570000 -0.685000 1.017000
v 1.570000 -0.685000 1.017000
v -1.570000 -0.610000 1.017000
v -1.570000 -0.610000 0.953000
v -1.570000 -0.685000 0.953000
v -1.570000 -0.685000 1.017000
v 1.570000 -0.610000 0.953000
v 1.570000 -0.610000 1.017000
v 1.570000 -0.685000 1.017000
v 1.570000 -0.685000 0.953000
v -1.570000 -0.610000 1.017000
v 1.570000 -0.610000 1.017000
v 1.570000 -0.610000 0.953000
v -1.570000 -0.610000 0.953000
v -1.570000 -0.685000 0.953000
v 1.570000 -0.685000 0.953000
v 1.570000 -0.685000 1.017000
v -1.570000 -0.685000 1.017000
v -1.587000 -0.610000 -0.960000
v -1.523000 -0.610000 -0.960000
v -1.523000 -0.685000 -0.960000
v -1.587000 -0.685000 -0.960000
v -1.523000 -0.610000 0.960000
v -1.587000 -0.610000 0.960000
v -1.587000 -0.685000 0.960000
v -1.523000 -0.685000 0.960000
v -1.587000 -0.610000 0.960000
v -1.587000 -0.610000 -0.960000
v -1.587000 -0.685000 -0.960000
v -1.587000 -0.685000 0.960000
v -1.523000 -0.610000 -0.960000
v -1.523000 -0.610000 0.960000
v -1.523000 -0.685000 0.960000
v -1.523000 -0.685000 -0.960000
v -1.587000 -0.610000 0.960000
v -1.523000 -0.610000 0.960000
v -1.523000 -0.610000 -0.960000
v -1.587000 -0.610000 -0.960000
v -1.587000 -0.685000 -0.960000
v -1.523000 -0.685000 -0.960000
v -1.523000 -0.685000 0.960000
v -1.587000 -0.685000 0.960000
v 1.523000 -0.610000 -0.960000
v 1.587000 -0.610000 -0.960000
v 1.587000 -0.685000 -0.960000
v 1.523000 -0.685000 -0.960000
v 1.587000 -0.610000 0.960000
v 1.523000 -0.610000 0.960000
v 1.523000 -0.685000 0.960000
v 1.587000 -0.685000 0.960000
v 1.523000 -0.610000 0.960000
v 1.523000 -0.610000 -0.960000
v 1.523000 -0.685000 -0.960000
v 1.523000 -0.685000 0.960000
v 1.587000 -0.610000 -0.960000
v 1.587000 -0.610000 0.960000
v 1.587000 -0.685000 0.960000
v 1.587000 -0.685000 -0.960000
v 1.523000 -0.610000 0.960000
v 1.587000 -0.610000 0.960000
v 1.587000 -0.610000 -0.960000
v 1.523000 -0.610000 -0.960000
v 1.523000 -0.685000 -0.960000
v 1.587000 -0.685000 -0.960000
v 1.587000 -0.685000 0.960000
v 1.523000 -0.685000 0.960000
v -1.570000 0.153000 -1.017000
v 1.570000 0.153000 -1.017000
v 1.570000 0.070000 -1.017000
v -1.570000 0.070000 -1.017000
v 1.570000 0.153000 -0.953000
v -1.570000 0.153000 -0.953000
v -1.570000 0.070000 -0.953000
v 1.570000 0.070000 -0.953000
v -1.570000 0.153000 -0.953000
v -1.570000 0.153000 -1.017000
v -1.570000 0.070000 -1.017000
v -1.570000 0.070000 -0.953000
v 1.570000 0.153000 -1.017000
v 1.570000 0.153000 -0.953000
v 1.570000 0.070000 -0.953000
v 1.570000 0.070000 -1.017000
v -1.570000 0.153000 -0.953000
v 1.570000 0.153000 -0.953000
v 1.570000 0.153000 -1.017000
v -1.570000 0.153000 -1.017000
v -1.570000 0.070000 -1.017000
v 1.570000 0.070000 -1.017000
v 1.570000 0.070000 -0.953000
v -1.570000 0.070000 -0.953000
v -1.570000 0.153000 0.953000
v 1.570000 0.153000 0.953000
v 1.570000 0.070000 0.953000
v -1.570000 0.070000 0.953000
v 1.570000 0.153000 1.017000
v -1.570000 0.153000 1.017000
v -1.570000 0.070000 1.017000
v 1.570000 0.070000 1.017000
v -1.570000 0.153000 1.017000
v -1.570000 0.153000 0.953000
v -1.570000 0.070000 0.953000
v -1.570000 0.070000 1.017000
v 1.570000 0.153000 0.953000
v 1.570000 0.153000 1.017000
v 1.570000 0.070000 1.017000
v 1.570000 0.070000 0.953000
v -1.570000 0.153000 1.017000
v 1.570000 0.153000 1.017000
v 1.570000 0.153000 0.953000
v -1.570000 0.153000 0.953000
v -1.570000 0.070000 0.953000
v 1.570000 0.070000 0.953000
v 1.570000 0.070000 1.017000
v -1.570000 0.070000 1.017000
v -1.587000 0.153000 -0.960000
v -1.523000 0.153000 -0.960000
v -1.523000 0.070000 -0.960000
v -1.587000 0.070000 -0.960000
v -1.523000 0.153000 0.960000
v -1.587000 0.153000 0.960000
v -1.587000 0.070000 0.960000
v -1.523000 0.070000 0.960000
v -1.587000 0.153000 0.960000
v -1.587000 0.153000 -0.960000
v -1.587000 0.070000 -0.960000
v -1.587000 0.070000 0.960000
v -1.523000 0.153000 -0.960000
v -1.523000 0.153000 0.960000
v -1.523000 0.070000 0.960000
v -1.523000 0.070000 -0.960000
v -1.587000 0.153000 0.960000
v -1.523000 0.153000 0.960000
v -1.523000 0.153000 -0.960000
v -1.587000 0.153000 -0.960000
v -1.587000 0.070000 -0.960000
v -1.523000 0.070000 -0.960000
v -1.523000 0.070000 0.960000
v -1.587000 0.070000 0.960000
v 1.523000 0.153000 -0.960000
v 1.587000 0.153000 -0.960000
v 1.587000 0.070000 -0.960000
v 1.523000 0.070000 -0.960000
v 1.587000 0.153000 0.960000
v 1.523000 0.153000 0.960000
v 1.523000 0.070000 0.960000
v 1.587000 0.070000 0.960000
v 1.523000 0.153000 0.960000
v 1.523000 0.153000 -0.960000
v 1.523000 0.070000 -0.960000
v 1.523000 0.070000 0.960000
v 1.587000 0.153000 -0.960000
v 1.587000 0.153000 0.960000
v 1.587000 0.070000 0.960000
v 1.587000 0.070000 -0.960000
v 1.523000 0.153000 0.960000
v 1.587000 0.153000 0.960000
v 1.587000 0.153000 -0.960000
v 1.523000 0.153000 -0.960000
v 1.523000 0.070000 -0.960000
v 1.587000 0.070000 -0.960000
v 1.587000 0.070000 0.960000
v 1.523000 0.070000 0.960000
v -1.573000 0.070000 -0.975000
v -1.487000 0.070000 -0.975000
v -1.487000 -0.610000 -0.975000
v -1.573000 -0.610000 -0.975000
v -1.487000 0.070000 -0.905000
v -1.573000 0.070000 -0.905000
v -1.573000 -0.610000 -0.905000
v -1.487000 -0.610000 -0.905000
v -1.573000 0.070000 -0.905000
v -1.573000 0.070000 -0.975000
v -1.573000 -0.610000 -0.975000
v -1.573000 -0.610000 -0.905000
v -1.487000 0.070000 -0.975000
v -1.487000 0.070000 -0.905000
v -1.487000 -0.610000 -0.905000
v -1.487000 -0.610000 -0.975000
v -1.573000 0.070000 -0.905000
v -1.487000 0.070000 -0.905000
v -1.487000 0.070000 -0.975000
v -1.573000 0.070000 -0.975000
v -1.573000 -0.610000 -0.975000
v -1.487000 -0.610000 -0.975000
v -1.487000 -0.610000 -0.905000
v -1.573000 -0.610000 -0.905000
v -1.573000 0.070000 0.905000
v -1.487000 0.070000 0.905000
v -1.487000 -0.610000 0.905000
v -1.573000 -0.610000 0.905000
v -1.487000 0.070000 0.975000
v -1.573000 0.070000 0.975000
v -1.573000 -0.610000 0.975000
v -1.487000 -0.610000 0.975000
v -1.573000 0.070000 0.975000
v -1.573000 0.070000 0.905000
v -1.573000 -0.610000 0.905000
v -1.573000 -0.610000 0.975000
v -1.487000 0.070000 0.905000
v -1.487000 0.070000 0.975000
v -1.487000 -0.610000 0.975000
v -1.487000 -0.610000 0.905000
v -1.573000 0.070000 0.975000
v -1.487000 0.070000 0.975000
v -1.487000 0.070000 0.905000
v -1.573000 0.070000 0.905000
v -1.573000 -0.610000 0.905000
v -1.487000 -0.610000 0.905000
v -1.487000 -0.610000 0.975000
v -1.573000 -0.610000 0.975000
v 1.487000 0.070000 -0.975000
v 1.573000 0.070000 -0.975000
v 1.573000 -0.610000 -0.975000
v 1.487000 -0.610000 -0.975000
v 1.573000 0.070000 -0.905000
v 1.487000 0.070000 -0.905000
v 1.487000 -0.610000 -0.905000
v 1.573000 -0.610000 -0.905000
v 1.487000 0.070000 -0.905000
v 1.487000 0.070000 -0.975000
v 1.487000 -0.610000 -0.975000
v 1.487000 -0.610000 -0.905000
v 1.573000 0.070000 -0.975000
v 1.573000 0.070000 -0.905000
v 1.573000 -0.610000 -0.905000
v 1.573000 -0.610000 -0.975000
v 1.487000 0.070000 -0.905000
v 1.573000 0.070000 -0.905000
v 1.573000 0.070000 -0.975000
v 1.487000 0.070000 -0.975000
v 1.487000 -0.610000 -0.975000
v 1.573000 -0.610000 -0.975000
v 1.573000 -0.610000 -0.905000
v 1.487000 -0.610000 -0.905000
v 1.487000 0.070000 0.905000
v 1.573000 0.070000 0.905000
v 1.573000 -0.610000 0.905000
v 1.487000 -0.610000 0.905000
v 1.573000 0.070000 0.975000
v 1.487000 0.070000 0.975000
v 1.487000 -0.610000 0.975000
v 1.573000 -0.610000 0.975000
v 1.487000 0.070000 0.975000
v 1.487000 0.070000 0.905000
v 1.487000 -0.610000 0.905000
v 1.487000 -0.610000 0.975000
v 1.573000 0.070000 0.905000
v 1.573000 0.070000 0.975000
v 1.573000 -0.610000 0.975000
v 1.573000 -0.610000 0.905000
v 1.487000 0.070000 0.975000
v 1.573000 0.070000 0.975000
v 1.573000 0.070000 0.905000
v 1.487000 0.070000 0.905000
v 1.487000 -0.610000 0.905000
v 1.573000 -0.610000 0.905000
v 1.573000 -0.610000 0.975000
v 1.487000 -0.610000 0.975000
v -1.570000 0.257000 -1.009000
v 1.570000 0.257000 -1.009000
v 1.570000 0.162000 -1.009000
v -1.570000 0.162000 -1.009000
v 1.570000 0.257000 -0.921000
v -1.570000 0.257000 -0.921000
v -1.570000 0.162000 -0.921000
v 1.570000 0.162000 -0.921000
v -1.570000 0.257000 -0.921000
v -1.570000 0.257000 -1.009000
v -1.570000 0.162000 -1.009000
v -1.570000 0.162000 -0.921000
v 1.570000 0.257000 -1.009000
v 1.570000 0.257000 -0.921000
v 1.570000 0.162000 -0.921000
v 1.570000 0.162000 -1.009000
v -1.570000 0.257000 -0.921000
v 1.570000 0.257000 -0.921000
v 1.570000 0.257000 -1.009000
v -1.570000 0.257000 -1.009000
v -1.570000 0.162000 -1.009000
v 1.570000 0.162000 -1.009000
v 1.570000 0.162000 -0.921000
v -1.570000 0.162000 -0.921000
v -1.570000 0.257000 0.921000
v 1.570000 0.257000 0.921000
v 1.570000 0.162000 0.921000
v -1.570000 0.162000 0.921000
v 1.570000 0.257000 1.009000
v -1.570000 0.257000 1.009000
v -1.570000 0.162000 1.009000
v 1.570000 0.162000 1.009000
v -1.570000 0.257000 1.009000
v -1.570000 0.257000 0.921000
v -1.570000 0.162000 0.921000
v -1.570000 0.162000 1.009000
v 1.570000 0.257000 0.921000
v 1.570000 0.257000 1.009000
v 1.570000 0.162000 1.009000
v 1.570000 0.162000 0.921000
v -1.570000 0.257000 1.009000
v 1.570000 0.257000 1.009000
v 1.570000 0.257000 0.921000
v -1.570000 0.257000 0.921000
v -1.570000 0.162000 0.921000
v 1.570000 0.162000 0.921000
v 1.570000 0.162000 1.009000
v -1.570000 0.162000 1.009000
v -1.577000 0.275000 -0.990000
v -1.523000 0.275000 -0.990000
v -1.523000 0.155000 -0.990000
v -1.577000 0.155000 -0.990000
v -1.523000 0.275000 0.990000
v -1.577000 0.275000 0.990000
v -1.577000 0.155000 0.990000
v -1.523000 0.155000 0.990000
v -1.577000 0.275000 0.990000
v -1.577000 0.275000 -0.990000
v -1.577000 0.155000 -0.990000
v -1.577000 0.155000 0.990000
v -1.523000 0.275000 -0.990000
v -1.523000 0.275000 0.990000
v -1.523000 0.155000 0.990000
v -1.523000 0.155000 -0.990000
v -1.577000 0.275000 0.990000
v -1.523000 0.275000 0.990000
v -1.523000 0.275000 -0.990000
v -1.577000 0.275000 -0.990000
v -1.577000 0.155000 -0.990000
v -1.523000 0.155000 -0.990000
v -1.523000 0.155000 0.990000
v -1.577000 0.155000 0.990000
v 1.523000 0.275000 -0.990000
v 1.577000 0.275000 -0.990000
v 1.577000 0.155000 -0.990000
v 1.523000 0.155000 -0.990000
v 1.577000 0.275000 0.990000
v 1.523000 0.275000 0.990000
v 1.523000 0.155000 0.990000
v 1.577000 0.155000 0.990000
v 1.523000 0.275000 0.990000
v 1.523000 0.275000 -0.990000
v 1.523000 0.155000 -0.990000
v 1.523000 0.155000 0.990000
v 1.577000 0.275000 -0.990000
v 1.577000 0.275000 0.990000
v 1.577000 0.155000 0.990000
v 1.577000 0.155000 -0.990000
v 1.523000 0.275000 0.990000
v 1.577000 0.275000 0.990000
v 1.577000 0.275000 -0.990000
v 1.523000 0.275000 -0.990000
v 1.523000 0.155000 -0.990000
v 1.577000 0.155000 -0.990000
v 1.577000 0.155000 0.990000
v 1.523000 0.155000 0.990000
v -0.205000 0.310000 -1.065000
v 0.205000 0.310000 -1.065000
v 0.205000 0.015000 -1.065000
v 0.130000 -0.090000 -1.065000
v -0.130000 -0.090000 -1.065000
v -0.205000 0.015000 -1.065000
v -0.205000 0.015000 -1.025000
v -0.130000 -0.090000 -1.025000
v 0.130000 -0.090000 -1.025000
v 0.205000 0.015000 -1.025000
v 0.205000 0.310000 -1.025000
v -0.205000 0.310000 -1.025000
v -0.205000 0.310000 -1.065000
v 0.205000 0.310000 -1.065000
v 0.205000 0.310000 -1.025000
v -0.205000 0.310000 -1.025000
v 0.205000 0.310000 -1.065000
v 0.205000 0.015000 -1.065000
v 0.205000 0.015000 -1.025000
v 0.205000 0.310000 -1.025000
v 0.205000 0.015000 -1.065000
v 0.130000 -0.090000 -1.065000
v 0.130000 -0.090000 -1.025000
v 0.205000 0.015000 -1.025000
v 0.130000 -0.090000 -1.065000
v -0.130000 -0.090000 -1.065000
v -0.130000 -0.090000 -1.025000
v 0.130000 -0.090000 -1.025000
v -0.130000 -0.090000 -1.065000
v -0.205000 0.015000 -1.065000
v -0.205000 0.015000 -1.025000
v -0.130000 -0.090000 -1.025000
v -0.205000 0.015000 -1.065000
v -0.205000 0.310000 -1.065000
v -0.205000 0.310000 -1.025000
v -0.205000 0.015000 -1.025000
v -0.085000 0.210000 -1.081000
v 0.085000 0.210000 -1.081000
v 0.085000 0.045000 -1.081000
v -0.085000 0.045000 -1.081000
v 0.085000 0.210000 -1.064000
v -0.085000 0.210000 -1.064000
v -0.085000 0.045000 -1.064000
v 0.085000 0.045000 -1.064000
v -0.085000 0.210000 -1.064000
v -0.085000 0.210000 -1.081000
v -0.085000 0.045000 -1.081000
v -0.085000 0.045000 -1.064000
v 0.085000 0.210000 -1.081000
v 0.085000 0.210000 -1.064000
v 0.085000 0.045000 -1.064000
v 0.085000 0.045000 -1.081000
v -0.085000 0.210000 -1.064000
v 0.085000 0.210000 -1.064000
v 0.085000 0.210000 -1.081000
v -0.085000 0.210000 -1.081000
v -0.085000 0.045000 -1.081000
v 0.085000 0.045000 -1.081000
v 0.085000 0.045000 -1.064000
v -0.085000 0.045000 -1.064000
v -0.036000 0.160000 -1.086000
v 0.036000 0.160000 -1.086000
v 0.052000 0.130000 -1.086000
v 0.028000 0.102000 -1.086000
v 0.016000 0.055000 -1.086000
v -0.016000 0.055000 -1.086000
v -0.028000 0.102000 -1.086000
v -0.052000 0.130000 -1.086000
v -0.052000 0.130000 -1.080000
v -0.028000 0.102000 -1.080000
v -0.016000 0.055000 -1.080000
v 0.016000 0.055000 -1.080000
v 0.028000 0.102000 -1.080000
v 0.052000 0.130000 -1.080000
v 0.036000 0.160000 -1.080000
v -0.036000 0.160000 -1.080000
v -0.036000 0.160000 -1.086000
v 0.036000 0.160000 -1.086000
v 0.036000 0.160000 -1.080000
v -0.036000 0.160000 -1.080000
v 0.036000 0.160000 -1.086000
v 0.052000 0.130000 -1.086000
v 0.052000 0.130000 -1.080000
v 0.036000 0.160000 -1.080000
v 0.052000 0.130000 -1.086000
v 0.028000 0.102000 -1.086000
v 0.028000 0.102000 -1.080000
v 0.052000 0.130000 -1.080000
v 0.028000 0.102000 -1.086000
v 0.016000 0.055000 -1.086000
v 0.016000 0.055000 -1.080000
v 0.028000 0.102000 -1.080000
v 0.016000 0.055000 -1.086000
v -0.016000 0.055000 -1.086000
v -0.016000 0.055000 -1.080000
v 0.016000 0.055000 -1.080000
v -0.016000 0.055000 -1.086000
v -0.028000 0.102000 -1.086000
v -0.028000 0.102000 -1.080000
v -0.016000 0.055000 -1.080000
v -0.028000 0.102000 -1.086000
v -0.052000 0.130000 -1.086000
v -0.052000 0.130000 -1.080000
v -0.028000 0.102000 -1.080000
v -0.052000 0.130000 -1.086000
v -0.036000 0.160000 -1.086000
v -0.036000 0.160000 -1.080000
v -0.052000 0.130000 -1.080000
v -0.131966 0.035282 -1.075000
v -0.127000 0.020000 -1.075000
v -0.153000 0.020000 -1.078900
v -0.144966 0.044727 -1.075000
v -0.131966 0.035282 -1.075000
v -0.153000 0.020000 -1.078900
v -0.161034 0.044727 -1.075000
v -0.144966 0.044727 -1.075000
v -0.153000 0.020000 -1.078900
v -0.174034 0.035282 -1.075000
v -0.161034 0.044727 -1.075000
v -0.153000 0.020000 -1.078900
v -0.179000 0.020000 -1.075000
v -0.174034 0.035282 -1.075000
v -0.153000 0.020000 -1.078900
v -0.174034 0.004718 -1.075000
v -0.179000 0.020000 -1.075000
v -0.153000 0.020000 -1.078900
v -0.161034 -0.004727 -1.075000
v -0.174034 0.004718 -1.075000
v -0.153000 0.020000 -1.078900
v -0.144966 -0.004727 -1.075000
v -0.161034 -0.004727 -1.075000
v -0.153000 0.020000 -1.078900
v -0.131966 0.004718 -1.075000
v -0.144966 -0.004727 -1.075000
v -0.153000 0.020000 -1.078900
v -0.127000 0.020000 -1.075000
v -0.131966 0.004718 -1.075000
v -0.153000 0.020000 -1.078900
v 0.174034 0.035282 -1.075000
v 0.179000 0.020000 -1.075000
v 0.153000 0.020000 -1.078900
v 0.161034 0.044727 -1.075000
v 0.174034 0.035282 -1.075000
v 0.153000 0.020000 -1.078900
v 0.144966 0.044727 -1.075000
v 0.161034 0.044727 -1.075000
v 0.153000 0.020000 -1.078900
v 0.131966 0.035282 -1.075000
v 0.144966 0.044727 -1.075000
v 0.153000 0.020000 -1.078900
v 0.127000 0.020000 -1.075000
v 0.131966 0.035282 -1.075000
v 0.153000 0.020000 -1.078900
v 0.131966 0.004718 -1.075000
v 0.127000 0.020000 -1.075000
v 0.153000 0.020000 -1.078900
v 0.144966 -0.004727 -1.075000
v 0.131966 0.004718 -1.075000
v 0.153000 0.020000 -1.078900
v 0.161034 -0.004727 -1.075000
v 0.144966 -0.004727 -1.075000
v 0.153000 0.020000 -1.078900
v 0.174034 0.004718 -1.075000
v 0.161034 -0.004727 -1.075000
v 0.153000 0.020000 -1.078900
v 0.179000 0.020000 -1.075000
v 0.174034 0.004718 -1.075000
v 0.153000 0.020000 -1.078900
v -0.128966 0.255282 -1.075000
v -0.124000 0.240000 -1.075000
v -0.150000 0.240000 -1.078900
v -0.141966 0.264727 -1.075000
v -0.128966 0.255282 -1.075000
v -0.150000 0.240000 -1.078900
v -0.158034 0.264727 -1.075000
v -0.141966 0.264727 -1.075000
v -0.150000 0.240000 -1.078900
v -0.171034 0.255282 -1.075000
v -0.158034 0.264727 -1.075000
v -0.150000 0.240000 -1.078900
v -0.176000 0.240000 -1.075000
v -0.171034 0.255282 -1.075000
v -0.150000 0.240000 -1.078900
v -0.171034 0.224718 -1.075000
v -0.176000 0.240000 -1.075000
v -0.150000 0.240000 -1.078900
v -0.158034 0.215273 -1.075000
v -0.171034 0.224718 -1.075000
v -0.150000 0.240000 -1.078900
v -0.141966 0.215273 -1.075000
v -0.158034 0.215273 -1.075000
v -0.150000 0.240000 -1.078900
v -0.128966 0.224718 -1.075000
v -0.141966 0.215273 -1.075000
v -0.150000 0.240000 -1.078900
v -0.124000 0.240000 -1.075000
v -0.128966 0.224718 -1.075000
v -0.150000 0.240000 -1.078900
v 0.171034 0.255282 -1.075000
v 0.176000 0.240000 -1.075000
v 0.150000 0.240000 -1.078900
v 0.158034 0.264727 -1.075000
v 0.171034 0.255282 -1.075000
v 0.150000 0.240000 -1.078900
v 0.141966 0.264727 -1.075000
v 0.158034 0.264727 -1.075000
v 0.150000 0.240000 -1.078900
v 0.128966 0.255282 -1.075000
v 0.141966 0.264727 -1.075000
v 0.150000 0.240000 -1.078900
v 0.124000 0.240000 -1.075000
v 0.128966 0.255282 -1.075000
v 0.150000 0.240000 -1.078900
v 0.128966 0.224718 -1.075000
v 0.124000 0.240000 -1.075000
v 0.150000 0.240000 -1.078900
v 0.141966 0.215273 -1.075000
v 0.128966 0.224718 -1.075000
v 0.150000 0.240000 -1.078900
v 0.158034 0.215273 -1.075000
v 0.141966 0.215273 -1.075000
v 0.150000 0.240000 -1.078900
v 0.171034 0.224718 -1.075000
v 0.158034 0.215273 -1.075000
v 0.150000 0.240000 -1.078900
v 0.176000 0.240000 -1.075000
v 0.171034 0.224718 -1.075000
v 0.150000 0.240000 -1.078900
v -1.610901 -0.270000 0.373170
v -1.610901 -0.234682 0.369371
v -1.635000 -0.233567 0.377122
v -1.635000 -0.270000 0.381000
v -1.596007 -0.270000 0.352670
v -1.596007 -0.237599 0.349080
v -1.610901 -0.234682 0.369371
v -1.610901 -0.270000 0.373170
v -1.596007 -0.270000 0.327330
v -1.596007 -0.241205 0.323999
v -1.596007 -0.237599 0.349080
v -1.596007 -0.270000 0.352670
v -1.610901 -0.270000 0.306830
v -1.610901 -0.244123 0.303707
v -1.596007 -0.241205 0.323999
v -1.596007 -0.270000 0.327330
v -1.635000 -0.270000 0.299000
v -1.635000 -0.245237 0.295957
v -1.610901 -0.244123 0.303707
v -1.610901 -0.270000 0.306830
v -1.659099 -0.270000 0.306830
v -1.659099 -0.244123 0.303707
v -1.635000 -0.245237 0.295957
v -1.635000 -0.270000 0.299000
v -1.673993 -0.270000 0.327330
v -1.673993 -0.241205 0.323999
v -1.659099 -0.244123 0.303707
v -1.659099 -0.270000 0.306830
v -1.673993 -0.270000 0.352670
v -1.673993 -0.237599 0.349080
v -1.673993 -0.241205 0.323999
v -1.673993 -0.270000 0.327330
v -1.659099 -0.270000 0.373170
v -1.659099 -0.234682 0.369371
v -1.673993 -0.237599 0.349080
v -1.673993 -0.270000 0.352670
v -1.635000 -0.270000 0.381000
v -1.635000 -0.233567 0.377122
v -1.659099 -0.234682 0.369371
v -1.659099 -0.270000 0.373170
v -1.610901 -0.234682 0.369371
v -1.610901 -0.200083 0.358054
v -1.635000 -0.197876 0.365567
v -1.635000 -0.233567 0.377122
v -1.596007 -0.237599 0.349080
v -1.596007 -0.205858 0.338384
v -1.610901 -0.200083 0.358054
v -1.610901 -0.234682 0.369371
v -1.596007 -0.241205 0.323999
v -1.596007 -0.212997 0.314071
v -1.596007 -0.205858 0.338384
v -1.596007 -0.237599 0.349080
v -1.610901 -0.244123 0.303707
v -1.610901 -0.218772 0.294402
v -1.596007 -0.212997 0.314071
v -1.596007 -0.241205 0.323999
v -1.635000 -0.245237 0.295957
v -1.635000 -0.220979 0.286888
v -1.610901 -0.218772 0.294402
v -1.610901 -0.244123 0.303707
v -1.659099 -0.244123 0.303707
v -1.659099 -0.218772 0.294402
v -1.635000 -0.220979 0.286888
v -1.635000 -0.245237 0.295957
v -1.673993 -0.241205 0.323999
v -1.673993 -0.212997 0.314071
v -1.659099 -0.218772 0.294402
v -1.659099 -0.244123 0.303707
v -1.673993 -0.237599 0.349080
v -1.673993 -0.205858 0.338384
v -1.673993 -0.212997 0.314071
v -1.673993 -0.241205 0.323999
v -1.659099 -0.234682 0.369371
v -1.659099 -0.200083 0.358054
v -1.673993 -0.205858 0.338384
v -1.673993 -0.237599 0.349080
v -1.635000 -0.233567 0.377122
v -1.635000 -0.197876 0.365567
v -1.659099 -0.200083 0.358054
v -1.659099 -0.234682 0.369371
v -1.610901 -0.200083 0.358054
v -1.610901 -0.166907 0.339447
v -1.635000 -0.163654 0.346570
v -1.635000 -0.197876 0.365567
v -1.596007 -0.205858 0.338384
v -1.596007 -0.175423 0.320800
v -1.610901 -0.166907 0.339447
v -1.610901 -0.200083 0.358054
v -1.596007 -0.212997 0.314071
v -1.596007 -0.185949 0.297750
v -1.596007 -0.175423 0.320800
v -1.596007 -0.205858 0.338384
v -1.610901 -0.218772 0.294402
v -1.610901 -0.194465 0.279103
v -1.596007 -0.185949 0.297750
v -1.596007 -0.212997 0.314071
v -1.635000 -0.220979 0.286888
v -1.635000 -0.197718 0.271980
v -1.610901 -0.194465 0.279103
v -1.610901 -0.218772 0.294402
v -1.659099 -0.218772 0.294402
v -1.659099 -0.194465 0.279103
v -1.635000 -0.197718 0.271980
v -1.635000 -0.220979 0.286888
v -1.673993 -0.212997 0.314071
v -1.673993 -0.185949 0.297750
v -1.659099 -0.194465 0.279103
v -1.659099 -0.218772 0.294402
v -1.673993 -0.205858 0.338384
v -1.673993 -0.175423 0.320800
v -1.673993 -0.185949 0.297750
v -1.673993 -0.212997 0.314071
v -1.659099 -0.200083 0.358054
v -1.659099 -0.166907 0.339447
v -1.673993 -0.175423 0.320800
v -1.673993 -0.205858 0.338384
v -1.635000 -0.197876 0.365567
v -1.635000 -0.163654 0.346570
v -1.659099 -0.166907 0.339447
v -1.659099 -0.200083 0.358054
v -1.610901 -0.166907 0.339447
v -1.610901 -0.135829 0.313930
v -1.635000 -0.131596 0.320518
v -1.635000 -0.163654 0.346570
v -1.596007 -0.175423 0.320800
v -1.596007 -0.146912 0.296685
v -1.610901 -0.135829 0.313930
v -1.610901 -0.166907 0.339447
v -1.596007 -0.185949 0.297750
v -1.596007 -0.160612 0.275368
v -1.596007 -0.146912 0.296685
v -1.596007 -0.175423 0.320800
v -1.610901 -0.194465 0.279103
v -1.610901 -0.171695 0.258122
v -1.596007 -0.160612 0.275368
v -1.596007 -0.185949 0.297750
v -1.635000 -0.197718 0.271980
v -1.635000 -0.175928 0.251535
v -1.610901 -0.171695 0.258122
v -1.610901 -0.194465 0.279103
v -1.659099 -0.194465 0.279103
v -1.659099 -0.171695 0.258122
v -1.635000 -0.175928 0.251535
v -1.635000 -0.197718 0.271980
v -1.673993 -0.185949 0.297750
v -1.673993 -0.160612 0.275368
v -1.659099 -0.171695 0.258122
v -1.659099 -0.194465 0.279103
v -1.673993 -0.175423 0.320800
v -1.673993 -0.146912 0.296685
v -1.673993 -0.160612 0.275368
v -1.673993 -0.185949 0.297750
v -1.659099 -0.166907 0.339447
v -1.659099 -0.135829 0.313930
v -1.673993 -0.146912 0.296685
v -1.673993 -0.175423 0.320800
v -1.635000 -0.163654 0.346570
v -1.635000 -0.131596 0.320518
v -1.659099 -0.135829 0.313930
v -1.659099 -0.166907 0.339447
v -1.610901 -0.135829 0.313930
v -1.610901 -0.107483 0.282023
v -1.635000 -0.102356 0.287941
v -1.635000 -0.131596 0.320518
v -1.596007 -0.146912 0.296685
v -1.596007 -0.120908 0.266530
v -1.610901 -0.107483 0.282023
v -1.610901 -0.135829 0.313930
v -1.596007 -0.160612 0.275368
v -1.596007 -0.137502 0.247380
v -1.596007 -0.120908 0.266530
v -1.596007 -0.146912 0.296685
v -1.610901 -0.171695 0.258122
v -1.610901 -0.150926 0.231887
v -1.596007 -0.137502 0.247380
v -1.596007 -0.160612 0.275368
v -1.635000 -0.175928 0.251535
v -1.635000 -0.156054 0.225969
v -1.610901 -0.150926 0.231887
v -1.610901 -0.171695 0.258122
v -1.659099 -0.171695 0.258122
v -1.659099 -0.150926 0.231887
v -1.635000 -0.156054 0.225969
v -1.635000 -0.175928 0.251535
v -1.673993 -0.160612 0.275368
v -1.673993 -0.137502 0.247380
v -1.659099 -0.150926 0.231887
v -1.659099 -0.171695 0.258122
v -1.673993 -0.146912 0.296685
v -1.673993 -0.120908 0.266530
v -1.673993 -0.137502 0.247380
v -1.673993 -0.160612 0.275368
v -1.659099 -0.135829 0.313930
v -1.659099 -0.107483 0.282023
v -1.673993 -0.120908 0.266530
v -1.673993 -0.146912 0.296685
v -1.635000 -0.131596 0.320518
v -1.635000 -0.102356 0.287941
v -1.659099 -0.107483 0.282023
v -1.659099 -0.135829 0.313930
v -1.610901 -0.107483 0.282023
v -1.610901 -0.082446 0.244374
v -1.635000 -0.076528 0.249502
v -1.635000 -0.102356 0.287941
v -1.596007 -0.120908 0.266530
v -1.596007 -0.097939 0.230950
v -1.610901 -0.082446 0.244374
v -1.610901 -0.107483 0.282023
v -1.596007 -0.137502 0.247380
v -1.596007 -0.117089 0.214356
v -1.596007 -0.097939 0.230950
v -1.596007 -0.120908 0.266530
v -1.610901 -0.150926 0.231887
v -1.610901 -0.132582 0.200931
v -1.596007 -0.117089 0.214356
v -1.596007 -0.137502 0.247380
v -1.635000 -0.156054 0.225969
v -1.635000 -0.138500 0.195803
v -1.610901 -0.132582 0.200931
v -1.610901 -0.150926 0.231887
v -1.659099 -0.150926 0.231887
v -1.659099 -0.132582 0.200931
v -1.635000 -0.138500 0.195803
v -1.635000 -0.156054 0.225969
v -1.673993 -0.137502 0.247380
v -1.673993 -0.117089 0.214356
v -1.659099 -0.132582 0.200931
v -1.659099 -0.150926 0.231887
v -1.673993 -0.120908 0.266530
v -1.673993 -0.097939 0.230950
v -1.673993 -0.117089 0.214356
v -1.673993 -0.137502 0.247380
v -1.659099 -0.107483 0.282023
v -1.659099 -0.082446 0.244374
v -1.673993 -0.097939 0.230950
v -1.673993 -0.120908 0.266530
v -1.635000 -0.102356 0.287941
v -1.635000 -0.076528 0.249502
v -1.659099 -0.082446 0.244374
v -1.659099 -0.107483 0.282023
v -1.610901 -0.082446 0.244374
v -1.610901 -0.061226 0.201751
v -1.635000 -0.054639 0.205984
v -1.635000 -0.076528 0.249502
v -1.596007 -0.097939 0.230950
v -1.596007 -0.078472 0.190668
v -1.610901 -0.061226 0.201751
v -1.610901 -0.082446 0.244374
v -1.596007 -0.117089 0.214356
v -1.596007 -0.099789 0.176968
v -1.596007 -0.078472 0.190668
v -1.596007 -0.097939 0.230950
v -1.610901 -0.132582 0.200931
v -1.610901 -0.117035 0.165885
v -1.596007 -0.099789 0.176968
v -1.596007 -0.117089 0.214356
v -1.635000 -0.138500 0.195803
v -1.635000 -0.123622 0.161652
v -1.610901 -0.117035 0.165885
v -1.610901 -0.132582 0.200931
v -1.659099 -0.132582 0.200931
v -1.659099 -0.117035 0.165885
v -1.635000 -0.123622 0.161652
v -1.635000 -0.138500 0.195803
v -1.673993 -0.117089 0.214356
v -1.673993 -0.099789 0.176968
v -1.659099 -0.117035 0.165885
v -1.659099 -0.132582 0.200931
v -1.673993 -0.097939 0.230950
v -1.673993 -0.078472 0.190668
v -1.673993 -0.099789 0.176968
v -1.673993 -0.117089 0.214356
v -1.659099 -0.082446 0.244374
v -1.659099 -0.061226 0.201751
v -1.673993 -0.078472 0.190668
v -1.673993 -0.097939 0.230950
v -1.635000 -0.076528 0.249502
v -1.635000 -0.054639 0.205984
v -1.659099 -0.061226 0.201751
v -1.659099 -0.082446 0.244374
v -1.610901 -0.061226 0.201751
v -1.610901 -0.044257 0.155020
v -1.635000 -0.037134 0.158273
v -1.635000 -0.054639 0.205984
v -1.596007 -0.078472 0.190668
v -1.596007 -0.062904 0.146504
v -1.610901 -0.044257 0.155020
v -1.610901 -0.061226 0.201751
v -1.596007 -0.099789 0.176968
v -1.596007 -0.085954 0.135978
v -1.596007 -0.062904 0.146504
v -1.596007 -0.078472 0.190668
v -1.610901 -0.117035 0.165885
v -1.610901 -0.104601 0.127462
v -1.596007 -0.085954 0.135978
v -1.596007 -0.099789 0.176968
v -1.635000 -0.123622 0.161652
v -1.635000 -0.111724 0.124209
v -1.610901 -0.104601 0.127462
v -1.610901 -0.117035 0.165885
v -1.659099 -0.117035 0.165885
v -1.659099 -0.104601 0.127462
v -1.635000 -0.111724 0.124209
v -1.635000 -0.123622 0.161652
v -1.673993 -0.099789 0.176968
v -1.673993 -0.085954 0.135978
v -1.659099 -0.104601 0.127462
v -1.659099 -0.117035 0.165885
v -1.673993 -0.078472 0.190668
v -1.673993 -0.062904 0.146504
v -1.673993 -0.085954 0.135978
v -1.673993 -0.099789 0.176968
v -1.659099 -0.061226 0.201751
v -1.659099 -0.044257 0.155020
v -1.673993 -0.062904 0.146504
v -1.673993 -0.078472 0.190668
v -1.635000 -0.054639 0.205984
v -1.635000 -0.037134 0.158273
v -1.659099 -0.044257 0.155020
v -1.659099 -0.061226 0.201751
v -1.610901 -0.044257 0.155020
v -1.610901 -0.031883 0.105134
v -1.635000 -0.024370 0.107340
v -1.635000 -0.037134 0.158273
v -1.596007 -0.062904 0.146504
v -1.596007 -0.051553 0.099359
v -1.610901 -0.031883 0.105134
v -1.610901 -0.044257 0.155020
v -1.596007 -0.085954 0.135978
v -1.596007 -0.075865 0.092220
v -1.596007 -0.051553 0.099359
v -1.596007 -0.062904 0.146504
v -1.610901 -0.104601 0.127462
v -1.610901 -0.095535 0.086444
v -1.596007 -0.075865 0.092220
v -1.596007 -0.085954 0.135978
v -1.635000 -0.111724 0.124209
v -1.635000 -0.103048 0.084238
v -1.610901 -0.095535 0.086444
v -1.610901 -0.104601 0.127462
v -1.659099 -0.104601 0.127462
v -1.659099 -0.095535 0.086444
v -1.635000 -0.103048 0.084238
v -1.635000 -0.111724 0.124209
v -1.673993 -0.085954 0.135978
v -1.673993 -0.075865 0.092220
v -1.659099 -0.095535 0.086444
v -1.659099 -0.104601 0.127462
v -1.673993 -0.062904 0.146504
v -1.673993 -0.051553 0.099359
v -1.673993 -0.075865 0.092220
v -1.673993 -0.085954 0.135978
v -1.659099 -0.044257 0.155020
v -1.659099 -0.031883 0.105134
v -1.673993 -0.051553 0.099359
v -1.673993 -0.062904 0.146504
v -1.635000 -0.037134 0.158273
v -1.635000 -0.024370 0.107340
v -1.659099 -0.031883 0.105134
v -1.659099 -0.044257 0.155020
v -1.610901 -0.031883 0.105134
v -1.610901 -0.024356 0.053108
v -1.635000 -0.016606 0.054222
v -1.635000 -0.024370 0.107340
v -1.596007 -0.051553 0.099359
v -1.596007 -0.044648 0.050190
v -1.610901 -0.024356 0.053108
v -1.610901 -0.031883 0.105134
v -1.596007 -0.075865 0.092220
v -1.596007 -0.069729 0.046584
v -1.596007 -0.044648 0.050190
v -1.596007 -0.051553 0.099359
v -1.610901 -0.095535 0.086444
v -1.610901 -0.090020 0.043667
v -1.596007 -0.069729 0.046584
v -1.596007 -0.075865 0.092220
v -1.635000 -0.103048 0.084238
v -1.635000 -0.097771 0.042552
v -1.610901 -0.090020 0.043667
v -1.610901 -0.095535 0.086444
v -1.659099 -0.095535 0.086444
v -1.659099 -0.090020 0.043667
v -1.635000 -0.097771 0.042552
v -1.635000 -0.103048 0.084238
v -1.673993 -0.075865 0.092220
v -1.673993 -0.069729 0.046584
v -1.659099 -0.090020 0.043667
v -1.659099 -0.095535 0.086444
v -1.673993 -0.051553 0.099359
v -1.673993 -0.044648 0.050190
v -1.673993 -0.069729 0.046584
v -1.673993 -0.075865 0.092220
v -1.659099 -0.031883 0.105134
v -1.659099 -0.024356 0.053108
v -1.673993 -0.044648 0.050190
v -1.673993 -0.051553 0.099359
v -1.635000 -0.024370 0.107340
v -1.635000 -0.016606 0.054222
v -1.659099 -0.024356 0.053108
v -1.659099 -0.031883 0.105134
v -1.610901 -0.024356 0.053108
v -1.610901 -0.021830 0.000000
v -1.635000 -0.014000 0.000000
v -1.635000 -0.016606 0.054222
v -1.596007 -0.044648 0.050190
v -1.596007 -0.042330 0.000000
v -1.610901 -0.021830 0.000000
v -1.610901 -0.024356 0.053108
v -1.596007 -0.069729 0.046584
v -1.596007 -0.067670 0.000000
v -1.596007 -0.042330 0.000000
v -1.596007 -0.044648 0.050190
v -1.610901 -0.090020 0.043667
v -1.610901 -0.088170 0.000000
v -1.596007 -0.067670 0.000000
v -1.596007 -0.069729 0.046584
v -1.635000 -0.097771 0.042552
v -1.635000 -0.096000 0.000000
v -1.610901 -0.088170 0.000000
v -1.610901 -0.090020 0.043667
v -1.659099 -0.090020 0.043667
v -1.659099 -0.088170 0.000000
v -1.635000 -0.096000 0.000000
v -1.635000 -0.097771 0.042552
v -1.673993 -0.069729 0.046584
v -1.673993 -0.067670 0.000000
v -1.659099 -0.088170 0.000000
v -1.659099 -0.090020 0.043667
v -1.673993 -0.044648 0.050190
v -1.673993 -0.042330 0.000000
v -1.673993 -0.067670 0.000000
v -1.673993 -0.069729 0.046584
v -1.659099 -0.024356 0.053108
v -1.659099 -0.021830 0.000000
v -1.673993 -0.042330 0.000000
v -1.673993 -0.044648 0.050190
v -1.635000 -0.016606 0.054222
v -1.635000 -0.014000 0.000000
v -1.659099 -0.021830 0.000000
v -1.659099 -0.024356 0.053108
v -1.610901 -0.021830 0.000000
v -1.610901 -0.024356 -0.053108
v -1.635000 -0.016606 -0.054222
v -1.635000 -0.014000 0.000000
v -1.596007 -0.042330 0.000000
v -1.596007 -0.044648 -0.050190
v -1.610901 -0.024356 -0.053108
v -1.610901 -0.021830 0.000000
v -1.596007 -0.067670 0.000000
v -1.596007 -0.069729 -0.046584
v -1.596007 -0.044648 -0.050190
v -1.596007 -0.042330 0.000000
v -1.610901 -0.088170 0.000000
v -1.610901 -0.090020 -0.043667
v -1.596007 -0.069729 -0.046584
v -1.596007 -0.067670 0.000000
v -1.635000 -0.096000 0.000000
v -1.635000 -0.097771 -0.042552
v -1.610901 -0.090020 -0.043667
v -1.610901 -0.088170 0.000000
v -1.659099 -0.088170 0.000000
v -1.659099 -0.090020 -0.043667
v -1.635000 -0.097771 -0.042552
v -1.635000 -0.096000 0.000000
v -1.673993 -0.067670 0.000000
v -1.673993 -0.069729 -0.046584
v -1.659099 -0.090020 -0.043667
v -1.659099 -0.088170 0.000000
v -1.673993 -0.042330 0.000000
v -1.673993 -0.044648 -0.050190
v -1.673993 -0.069729 -0.046584
v -1.673993 -0.067670 0.000000
v -1.659099 -0.021830 0.000000
v -1.659099 -0.024356 -0.053108
v -1.673993 -0.044648 -0.050190
v -1.673993 -0.042330 0.000000
v -1.635000 -0.014000 0.000000
v -1.635000 -0.016606 -0.054222
v -1.659099 -0.024356 -0.053108
v -1.659099 -0.021830 0.000000
v -1.610901 -0.024356 -0.053108
v -1.610901 -0.031883 -0.105134
v -1.635000 -0.024370 -0.107340
v -1.635000 -0.016606 -0.054222
v -1.596007 -0.044648 -0.050190
v -1.596007 -0.051553 -0.099359
v -1.610901 -0.031883 -0.105134
v -1.610901 -0.024356 -0.053108
v -1.596007 -0.069729 -0.046584
v -1.596007 -0.075865 -0.092220
v -1.596007 -0.051553 -0.099359
v -1.596007 -0.044648 -0.050190
v -1.610901 -0.090020 -0.043667
v -1.610901 -0.095535 -0.086444
v -1.596007 -0.075865 -0.092220
v -1.596007 -0.069729 -0.046584
v -1.635000 -0.097771 -0.042552
v -1.635000 -0.103048 -0.084238
v -1.610901 -0.095535 -0.086444
v -1.610901 -0.090020 -0.043667
v -1.659099 -0.090020 -0.043667
v -1.659099 -0.095535 -0.086444
v -1.635000 -0.103048 -0.084238
v -1.635000 -0.097771 -0.042552
v -1.673993 -0.069729 -0.046584
v -1.673993 -0.075865 -0.092220
v -1.659099 -0.095535 -0.086444
v -1.659099 -0.090020 -0.043667
v -1.673993 -0.044648 -0.050190
v -1.673993 -0.051553 -0.099359
v -1.673993 -0.075865 -0.092220
v -1.673993 -0.069729 -0.046584
v -1.659099 -0.024356 -0.053108
v -1.659099 -0.031883 -0.105134
v -1.673993 -0.051553 -0.099359
v -1.673993 -0.044648 -0.050190
v -1.635000 -0.016606 -0.054222
v -1.635000 -0.024370 -0.107340
v -1.659099 -0.031883 -0.105134
v -1.659099 -0.024356 -0.053108
v -1.610901 -0.031883 -0.105134
v -1.610901 -0.044257 -0.155020
v -1.635000 -0.037134 -0.158273
v -1.635000 -0.024370 -0.107340
v -1.596007 -0.051553 -0.099359
v -1.596007 -0.062904 -0.146504
v -1.610901 -0.044257 -0.155020
v -1.610901 -0.031883 -0.105134
v -1.596007 -0.075865 -0.092220
v -1.596007 -0.085954 -0.135978
v -1.596007 -0.062904 -0.146504
v -1.596007 -0.051553 -0.099359
v -1.610901 -0.095535 -0.086444
v -1.610901 -0.104601 -0.127462
v -1.596007 -0.085954 -0.135978
v -1.596007 -0.075865 -0.092220
v -1.635000 -0.103048 -0.084238
v -1.635000 -0.111724 -0.124209
v -1.610901 -0.104601 -0.127462
v -1.610901 -0.095535 -0.086444
v -1.659099 -0.095535 -0.086444
v -1.659099 -0.104601 -0.127462
v -1.635000 -0.111724 -0.124209
v -1.635000 -0.103048 -0.084238
v -1.673993 -0.075865 -0.092220
v -1.673993 -0.085954 -0.135978
v -1.659099 -0.104601 -0.127462
v -1.659099 -0.095535 -0.086444
v -1.673993 -0.051553 -0.099359
v -1.673993 -0.062904 -0.146504
v -1.673993 -0.085954 -0.135978
v -1.673993 -0.075865 -0.092220
v -1.659099 -0.031883 -0.105134
v -1.659099 -0.044257 -0.155020
v -1.673993 -0.062904 -0.146504
v -1.673993 -0.051553 -0.099359
v -1.635000 -0.024370 -0.107340
v -1.635000 -0.037134 -0.158273
v -1.659099 -0.044257 -0.155020
v -1.659099 -0.031883 -0.105134
v -1.610901 -0.044257 -0.155020
v -1.610901 -0.061226 -0.201751
v -1.635000 -0.054639 -0.205984
v -1.635000 -0.037134 -0.158273
v -1.596007 -0.062904 -0.146504
v -1.596007 -0.078472 -0.190668
v -1.610901 -0.061226 -0.201751
v -1.610901 -0.044257 -0.155020
v -1.596007 -0.085954 -0.135978
v -1.596007 -0.099789 -0.176968
v -1.596007 -0.078472 -0.190668
v -1.596007 -0.062904 -0.146504
v -1.610901 -0.104601 -0.127462
v -1.610901 -0.117035 -0.165885
v -1.596007 -0.099789 -0.176968
v -1.596007 -0.085954 -0.135978
v -1.635000 -0.111724 -0.124209
v -1.635000 -0.123622 -0.161652
v -1.610901 -0.117035 -0.165885
v -1.610901 -0.104601 -0.127462
v -1.659099 -0.104601 -0.127462
v -1.659099 -0.117035 -0.165885
v -1.635000 -0.123622 -0.161652
v -1.635000 -0.111724 -0.124209
v -1.673993 -0.085954 -0.135978
v -1.673993 -0.099789 -0.176968
v -1.659099 -0.117035 -0.165885
v -1.659099 -0.104601 -0.127462
v -1.673993 -0.062904 -0.146504
v -1.673993 -0.078472 -0.190668
v -1.673993 -0.099789 -0.176968
v -1.673993 -0.085954 -0.135978
v -1.659099 -0.044257 -0.155020
v -1.659099 -0.061226 -0.201751
v -1.673993 -0.078472 -0.190668
v -1.673993 -0.062904 -0.146504
v -1.635000 -0.037134 -0.158273
v -1.635000 -0.054639 -0.205984
v -1.659099 -0.061226 -0.201751
v -1.659099 -0.044257 -0.155020
v -1.610901 -0.061226 -0.201751
v -1.610901 -0.082446 -0.244374
v -1.635000 -0.076528 -0.249502
v -1.635000 -0.054639 -0.205984
v -1.596007 -0.078472 -0.190668
v -1.596007 -0.097939 -0.230950
v -1.610901 -0.082446 -0.244374
v -1.610901 -0.061226 -0.201751
v -1.596007 -0.099789 -0.176968
v -1.596007 -0.117089 -0.214356
v -1.596007 -0.097939 -0.230950
v -1.596007 -0.078472 -0.190668
v -1.610901 -0.117035 -0.165885
v -1.610901 -0.132582 -0.200931
v -1.596007 -0.117089 -0.214356
v -1.596007 -0.099789 -0.176968
v -1.635000 -0.123622 -0.161652
v -1.635000 -0.138500 -0.195803
v -1.610901 -0.132582 -0.200931
v -1.610901 -0.117035 -0.165885
v -1.659099 -0.117035 -0.165885
v -1.659099 -0.132582 -0.200931
v -1.635000 -0.138500 -0.195803
v -1.635000 -0.123622 -0.161652
v -1.673993 -0.099789 -0.176968
v -1.673993 -0.117089 -0.214356
v -1.659099 -0.132582 -0.200931
v -1.659099 -0.117035 -0.165885
v -1.673993 -0.078472 -0.190668
v -1.673993 -0.097939 -0.230950
v -1.673993 -0.117089 -0.214356
v -1.673993 -0.099789 -0.176968
v -1.659099 -0.061226 -0.201751
v -1.659099 -0.082446 -0.244374
v -1.673993 -0.097939 -0.230950
v -1.673993 -0.078472 -0.190668
v -1.635000 -0.054639 -0.205984
v -1.635000 -0.076528 -0.249502
v -1.659099 -0.082446 -0.244374
v -1.659099 -0.061226 -0.201751
v -1.610901 -0.082446 -0.244374
v -1.610901 -0.107483 -0.282023
v -1.635000 -0.102356 -0.287941
v -1.635000 -0.076528 -0.249502
v -1.596007 -0.097939 -0.230950
v -1.596007 -0.120908 -0.266530
v -1.610901 -0.107483 -0.282023
v -1.610901 -0.082446 -0.244374
v -1.596007 -0.117089 -0.214356
v -1.596007 -0.137502 -0.247380
v -1.596007 -0.120908 -0.266530
v -1.596007 -0.097939 -0.230950
v -1.610901 -0.132582 -0.200931
v -1.610901 -0.150926 -0.231887
v -1.596007 -0.137502 -0.247380
v -1.596007 -0.117089 -0.214356
v -1.635000 -0.138500 -0.195803
v -1.635000 -0.156054 -0.225969
v -1.610901 -0.150926 -0.231887
v -1.610901 -0.132582 -0.200931
v -1.659099 -0.132582 -0.200931
v -1.659099 -0.150926 -0.231887
v -1.635000 -0.156054 -0.225969
v -1.635000 -0.138500 -0.195803
v -1.673993 -0.117089 -0.214356
v -1.673993 -0.137502 -0.247380
v -1.659099 -0.150926 -0.231887
v -1.659099 -0.132582 -0.200931
v -1.673993 -0.097939 -0.230950
v -1.673993 -0.120908 -0.266530
v -1.673993 -0.137502 -0.247380
v -1.673993 -0.117089 -0.214356
v -1.659099 -0.082446 -0.244374
v -1.659099 -0.107483 -0.282023
v -1.673993 -0.120908 -0.266530
v -1.673993 -0.097939 -0.230950
v -1.635000 -0.076528 -0.249502
v -1.635000 -0.102356 -0.287941
v -1.659099 -0.107483 -0.282023
v -1.659099 -0.082446 -0.244374
v -1.610901 -0.107483 -0.282023
v -1.610901 -0.135829 -0.313930
v -1.635000 -0.131596 -0.320518
v -1.635000 -0.102356 -0.287941
v -1.596007 -0.120908 -0.266530
v -1.596007 -0.146912 -0.296685
v -1.610901 -0.135829 -0.313930
v -1.610901 -0.107483 -0.282023
v -1.596007 -0.137502 -0.247380
v -1.596007 -0.160612 -0.275368
v -1.596007 -0.146912 -0.296685
v -1.596007 -0.120908 -0.266530
v -1.610901 -0.150926 -0.231887
v -1.610901 -0.171695 -0.258122
v -1.596007 -0.160612 -0.275368
v -1.596007 -0.137502 -0.247380
v -1.635000 -0.156054 -0.225969
v -1.635000 -0.175928 -0.251535
v -1.610901 -0.171695 -0.258122
v -1.610901 -0.150926 -0.231887
v -1.659099 -0.150926 -0.231887
v -1.659099 -0.171695 -0.258122
v -1.635000 -0.175928 -0.251535
v -1.635000 -0.156054 -0.225969
v -1.673993 -0.137502 -0.247380
v -1.673993 -0.160612 -0.275368
v -1.659099 -0.171695 -0.258122
v -1.659099 -0.150926 -0.231887
v -1.673993 -0.120908 -0.266530
v -1.673993 -0.146912 -0.296685
v -1.673993 -0.160612 -0.275368
v -1.673993 -0.137502 -0.247380
v -1.659099 -0.107483 -0.282023
v -1.659099 -0.135829 -0.313930
v -1.673993 -0.146912 -0.296685
v -1.673993 -0.120908 -0.266530
v -1.635000 -0.102356 -0.287941
v -1.635000 -0.131596 -0.320518
v -1.659099 -0.135829 -0.313930
v -1.659099 -0.107483 -0.282023
v -1.610901 -0.135829 -0.313930
v -1.610901 -0.166907 -0.339447
v -1.635000 -0.163654 -0.346570
v -1.635000 -0.131596 -0.320518
v -1.596007 -0.146912 -0.296685
v -1.596007 -0.175423 -0.320800
v -1.610901 -0.166907 -0.339447
v -1.610901 -0.135829 -0.313930
v -1.596007 -0.160612 -0.275368
v -1.596007 -0.185949 -0.297750
v -1.596007 -0.175423 -0.320800
v -1.596007 -0.146912 -0.296685
v -1.610901 -0.171695 -0.258122
v -1.610901 -0.194465 -0.279103
v -1.596007 -0.185949 -0.297750
v -1.596007 -0.160612 -0.275368
v -1.635000 -0.175928 -0.251535
v -1.635000 -0.197718 -0.271980
v -1.610901 -0.194465 -0.279103
v -1.610901 -0.171695 -0.258122
v -1.659099 -0.171695 -0.258122
v -1.659099 -0.194465 -0.279103
v -1.635000 -0.197718 -0.271980
v -1.635000 -0.175928 -0.251535
v -1.673993 -0.160612 -0.275368
v -1.673993 -0.185949 -0.297750
v -1.659099 -0.194465 -0.279103
v -1.659099 -0.171695 -0.258122
v -1.673993 -0.146912 -0.296685
v -1.673993 -0.175423 -0.320800
v -1.673993 -0.185949 -0.297750
v -1.673993 -0.160612 -0.275368
v -1.659099 -0.135829 -0.313930
v -1.659099 -0.166907 -0.339447
v -1.673993 -0.175423 -0.320800
v -1.673993 -0.146912 -0.296685
v -1.635000 -0.131596 -0.320518
v -1.635000 -0.163654 -0.346570
v -1.659099 -0.166907 -0.339447
v -1.659099 -0.135829 -0.313930
v -1.610901 -0.166907 -0.339447
v -1.610901 -0.200083 -0.358054
v -1.635000 -0.197876 -0.365567
v -1.635000 -0.163654 -0.346570
v -1.596007 -0.175423 -0.320800
v -1.596007 -0.205858 -0.338384
v -1.610901 -0.200083 -0.358054
v -1.610901 -0.166907 -0.339447
v -1.596007 -0.185949 -0.297750
v -1.596007 -0.212997 -0.314071
v -1.596007 -0.205858 -0.338384
v -1.596007 -0.175423 -0.320800
v -1.610901 -0.194465 -0.279103
v -1.610901 -0.218772 -0.294402
v -1.596007 -0.212997 -0.314071
v -1.596007 -0.185949 -0.297750
v -1.635000 -0.197718 -0.271980
v -1.635000 -0.220979 -0.286888
v -1.610901 -0.218772 -0.294402
v -1.610901 -0.194465 -0.279103
v -1.659099 -0.194465 -0.279103
v -1.659099 -0.218772 -0.294402
v -1.635000 -0.220979 -0.286888
v -1.635000 -0.197718 -0.271980
v -1.673993 -0.185949 -0.297750
v -1.673993 -0.212997 -0.314071
v -1.659099 -0.218772 -0.294402
v -1.659099 -0.194465 -0.279103
v -1.673993 -0.175423 -0.320800
v -1.673993 -0.205858 -0.338384
v -1.673993 -0.212997 -0.314071
v -1.673993 -0.185949 -0.297750
v -1.659099 -0.166907 -0.339447
v -1.659099 -0.200083 -0.358054
v -1.673993 -0.205858 -0.338384
v -1.673993 -0.175423 -0.320800
v -1.635000 -0.163654 -0.346570
v -1.635000 -0.197876 -0.365567
v -1.659099 -0.200083 -0.358054
v -1.659099 -0.166907 -0.339447
v -1.610901 -0.200083 -0.358054
v -1.610901 -0.234682 -0.369371
v -1.635000 -0.233567 -0.377122
v -1.635000 -0.197876 -0.365567
v -1.596007 -0.205858 -0.338384
v -1.596007 -0.237599 -0.349080
v -1.610901 -0.234682 -0.369371
v -1.610901 -0.200083 -0.358054
v -1.596007 -0.212997 -0.314071
v -1.596007 -0.241205 -0.323999
v -1.596007 -0.237599 -0.349080
v -1.596007 -0.205858 -0.338384
v -1.610901 -0.218772 -0.294402
v -1.610901 -0.244123 -0.303707
v -1.596007 -0.241205 -0.323999
v -1.596007 -0.212997 -0.314071
v -1.635000 -0.220979 -0.286888
v -1.635000 -0.245237 -0.295957
v -1.610901 -0.244123 -0.303707
v -1.610901 -0.218772 -0.294402
v -1.659099 -0.218772 -0.294402
v -1.659099 -0.244123 -0.303707
v -1.635000 -0.245237 -0.295957
v -1.635000 -0.220979 -0.286888
v -1.673993 -0.212997 -0.314071
v -1.673993 -0.241205 -0.323999
v -1.659099 -0.244123 -0.303707
v -1.659099 -0.218772 -0.294402
v -1.673993 -0.205858 -0.338384
v -1.673993 -0.237599 -0.349080
v -1.673993 -0.241205 -0.323999
v -1.673993 -0.212997 -0.314071
v -1.659099 -0.200083 -0.358054
v -1.659099 -0.234682 -0.369371
v -1.673993 -0.237599 -0.349080
v -1.673993 -0.205858 -0.338384
v -1.635000 -0.197876 -0.365567
v -1.635000 -0.233567 -0.377122
v -1.659099 -0.234682 -0.369371
v -1.659099 -0.200083 -0.358054
v -1.610901 -0.234682 -0.369371
v -1.610901 -0.270000 -0.373170
v -1.635000 -0.270000 -0.381000
v -1.635000 -0.233567 -0.377122
v -1.596007 -0.237599 -0.349080
v -1.596007 -0.270000 -0.352670
v -1.610901 -0.270000 -0.373170
v -1.610901 -0.234682 -0.369371
v -1.596007 -0.241205 -0.323999
v -1.596007 -0.270000 -0.327330
v -1.596007 -0.270000 -0.352670
v -1.596007 -0.237599 -0.349080
v -1.610901 -0.244123 -0.303707
v -1.610901 -0.270000 -0.306830
v -1.596007 -0.270000 -0.327330
v -1.596007 -0.241205 -0.323999
v -1.635000 -0.245237 -0.295957
v -1.635000 -0.270000 -0.299000
v -1.610901 -0.270000 -0.306830
v -1.610901 -0.244123 -0.303707
v -1.659099 -0.244123 -0.303707
v -1.659099 -0.270000 -0.306830
v -1.635000 -0.270000 -0.299000
v -1.635000 -0.245237 -0.295957
v -1.673993 -0.241205 -0.323999
v -1.673993 -0.270000 -0.327330
v -1.659099 -0.270000 -0.306830
v -1.659099 -0.244123 -0.303707
v -1.673993 -0.237599 -0.349080
v -1.673993 -0.270000 -0.352670
v -1.673993 -0.270000 -0.327330
v -1.673993 -0.241205 -0.323999
v -1.659099 -0.234682 -0.369371
v -1.659099 -0.270000 -0.373170
v -1.673993 -0.270000 -0.352670
v -1.673993 -0.237599 -0.349080
v -1.635000 -0.233567 -0.377122
v -1.635000 -0.270000 -0.381000
v -1.659099 -0.270000 -0.373170
v -1.659099 -0.234682 -0.369371
v -1.610901 -0.270000 -0.373170
v -1.610901 -0.305318 -0.369371
v -1.635000 -0.306433 -0.377122
v -1.635000 -0.270000 -0.381000
v -1.596007 -0.270000 -0.352670
v -1.596007 -0.302401 -0.349080
v -1.610901 -0.305318 -0.369371
v -1.610901 -0.270000 -0.373170
v -1.596007 -0.270000 -0.327330
v -1.596007 -0.298795 -0.323999
v -1.596007 -0.302401 -0.349080
v -1.596007 -0.270000 -0.352670
v -1.610901 -0.270000 -0.306830
v -1.610901 -0.295877 -0.303707
v -1.596007 -0.298795 -0.323999
v -1.596007 -0.270000 -0.327330
v -1.635000 -0.270000 -0.299000
v -1.635000 -0.294763 -0.295957
v -1.610901 -0.295877 -0.303707
v -1.610901 -0.270000 -0.306830
v -1.659099 -0.270000 -0.306830
v -1.659099 -0.295877 -0.303707
v -1.635000 -0.294763 -0.295957
v -1.635000 -0.270000 -0.299000
v -1.673993 -0.270000 -0.327330
v -1.673993 -0.298795 -0.323999
v -1.659099 -0.295877 -0.303707
v -1.659099 -0.270000 -0.306830
v -1.673993 -0.270000 -0.352670
v -1.673993 -0.302401 -0.349080
v -1.673993 -0.298795 -0.323999
v -1.673993 -0.270000 -0.327330
v -1.659099 -0.270000 -0.373170
v -1.659099 -0.305318 -0.369371
v -1.673993 -0.302401 -0.349080
v -1.673993 -0.270000 -0.352670
v -1.635000 -0.270000 -0.381000
v -1.635000 -0.306433 -0.377122
v -1.659099 -0.305318 -0.369371
v -1.659099 -0.270000 -0.373170
v -1.610901 -0.305318 -0.369371
v -1.610901 -0.339917 -0.358054
v -1.635000 -0.342124 -0.365567
v -1.635000 -0.306433 -0.377122
v -1.596007 -0.302401 -0.349080
v -1.596007 -0.334142 -0.338384
v -1.610901 -0.339917 -0.358054
v -1.610901 -0.305318 -0.369371
v -1.596007 -0.298795 -0.323999
v -1.596007 -0.327003 -0.314071
v -1.596007 -0.334142 -0.338384
v -1.596007 -0.302401 -0.349080
v -1.610901 -0.295877 -0.303707
v -1.610901 -0.321228 -0.294402
v -1.596007 -0.327003 -0.314071
v -1.596007 -0.298795 -0.323999
v -1.635000 -0.294763 -0.295957
v -1.635000 -0.319021 -0.286888
v -1.610901 -0.321228 -0.294402
v -1.610901 -0.295877 -0.303707
v -1.659099 -0.295877 -0.303707
v -1.659099 -0.321228 -0.294402
v -1.635000 -0.319021 -0.286888
v -1.635000 -0.294763 -0.295957
v -1.673993 -0.298795 -0.323999
v -1.673993 -0.327003 -0.314071
v -1.659099 -0.321228 -0.294402
v -1.659099 -0.295877 -0.303707
v -1.673993 -0.302401 -0.349080
v -1.673993 -0.334142 -0.338384
v -1.673993 -0.327003 -0.314071
v -1.673993 -0.298795 -0.323999
v -1.659099 -0.305318 -0.369371
v -1.659099 -0.339917 -0.358054
v -1.673993 -0.334142 -0.338384
v -1.673993 -0.302401 -0.349080
v -1.635000 -0.306433 -0.377122
v -1.635000 -0.342124 -0.365567
v -1.659099 -0.339917 -0.358054
v -1.659099 -0.305318 -0.369371
v -1.610901 -0.339917 -0.358054
v -1.610901 -0.373093 -0.339447
v -1.635000 -0.376346 -0.346570
v -1.635000 -0.342124 -0.365567
v -1.596007 -0.334142 -0.338384
v -1.596007 -0.364577 -0.320800
v -1.610901 -0.373093 -0.339447
v -1.610901 -0.339917 -0.358054
v -1.596007 -0.327003 -0.314071
v -1.596007 -0.354051 -0.297750
v -1.596007 -0.364577 -0.320800
v -1.596007 -0.334142 -0.338384
v -1.610901 -0.321228 -0.294402
v -1.610901 -0.345535 -0.279103
v -1.596007 -0.354051 -0.297750
v -1.596007 -0.327003 -0.314071
v -1.635000 -0.319021 -0.286888
v -1.635000 -0.342282 -0.271980
v -1.610901 -0.345535 -0.279103
v -1.610901 -0.321228 -0.294402
v -1.659099 -0.321228 -0.294402
v -1.659099 -0.345535 -0.279103
v -1.635000 -0.342282 -0.271980
v -1.635000 -0.319021 -0.286888
v -1.673993 -0.327003 -0.314071
v -1.673993 -0.354051 -0.297750
v -1.659099 -0.345535 -0.279103
v -1.659099 -0.321228 -0.294402
v -1.673993 -0.334142 -0.338384
v -1.673993 -0.364577 -0.320800
v -1.673993 -0.354051 -0.297750
v -1.673993 -0.327003 -0.314071
v -1.659099 -0.339917 -0.358054
v -1.659099 -0.373093 -0.339447
v -1.673993 -0.364577 -0.320800
v -1.673993 -0.334142 -0.338384
v -1.635000 -0.342124 -0.365567
v -1.635000 -0.376346 -0.346570
v -1.659099 -0.373093 -0.339447
v -1.659099 -0.339917 -0.358054
v -1.610901 -0.373093 -0.339447
v -1.610901 -0.404171 -0.313930
v -1.635000 -0.408404 -0.320518
v -1.635000 -0.376346 -0.346570
v -1.596007 -0.364577 -0.320800
v -1.596007 -0.393088 -0.296685
v -1.610901 -0.404171 -0.313930
v -1.610901 -0.373093 -0.339447
v -1.596007 -0.354051 -0.297750
v -1.596007 -0.379388 -0.275368
v -1.596007 -0.393088 -0.296685
v -1.596007 -0.364577 -0.320800
v -1.610901 -0.345535 -0.279103
v -1.610901 -0.368305 -0.258122
v -1.596007 -0.379388 -0.275368
v -1.596007 -0.354051 -0.297750
v -1.635000 -0.342282 -0.271980
v -1.635000 -0.364072 -0.251535
v -1.610901 -0.368305 -0.258122
v -1.610901 -0.345535 -0.279103
v -1.659099 -0.345535 -0.279103
v -1.659099 -0.368305 -0.258122
v -1.635000 -0.364072 -0.251535
v -1.635000 -0.342282 -0.271980
v -1.673993 -0.354051 -0.297750
v -1.673993 -0.379388 -0.275368
v -1.659099 -0.368305 -0.258122
v -1.659099 -0.345535 -0.279103
v -1.673993 -0.364577 -0.320800
v -1.673993 -0.393088 -0.296685
v -1.673993 -0.379388 -0.275368
v -1.673993 -0.354051 -0.297750
v -1.659099 -0.373093 -0.339447
v -1.659099 -0.404171 -0.313930
v -1.673993 -0.393088 -0.296685
v -1.673993 -0.364577 -0.320800
v -1.635000 -0.376346 -0.346570
v -1.635000 -0.408404 -0.320518
v -1.659099 -0.404171 -0.313930
v -1.659099 -0.373093 -0.339447
v -1.610901 -0.404171 -0.313930
v -1.610901 -0.432517 -0.282023
v -1.635000 -0.437644 -0.287941
v -1.635000 -0.408404 -0.320518
v -1.596007 -0.393088 -0.296685
v -1.596007 -0.419092 -0.266530
v -1.610901 -0.432517 -0.282023
v -1.610901 -0.404171 -0.313930
v -1.596007 -0.379388 -0.275368
v -1.596007 -0.402498 -0.247380
v -1.596007 -0.419092 -0.266530
v -1.596007 -0.393088 -0.296685
v -1.610901 -0.368305 -0.258122
v -1.610901 -0.389074 -0.231887
v -1.596007 -0.402498 -0.247380
v -1.596007 -0.379388 -0.275368
v -1.635000 -0.364072 -0.251535
v -1.635000 -0.383946 -0.225969
v -1.610901 -0.389074 -0.231887
v -1.610901 -0.368305 -0.258122
v -1.659099 -0.368305 -0.258122
v -1.659099 -0.389074 -0.231887
v -1.635000 -0.383946 -0.225969
v -1.635000 -0.364072 -0.251535
v -1.673993 -0.379388 -0.275368
v -1.673993 -0.402498 -0.247380
v -1.659099 -0.389074 -0.231887
v -1.659099 -0.368305 -0.258122
v -1.673993 -0.393088 -0.296685
v -1.673993 -0.419092 -0.266530
v -1.673993 -0.402498 -0.247380
v -1.673993 -0.379388 -0.275368
v -1.659099 -0.404171 -0.313930
v -1.659099 -0.432517 -0.282023
v -1.673993 -0.419092 -0.266530
v -1.673993 -0.393088 -0.296685
v -1.635000 -0.408404 -0.320518
v -1.635000 -0.437644 -0.287941
v -1.659099 -0.432517 -0.282023
v -1.659099 -0.404171 -0.313930
v -1.610901 -0.432517 -0.282023
v -1.610901 -0.457554 -0.244374
v -1.635000 -0.463472 -0.249502
v -1.635000 -0.437644 -0.287941
v -1.596007 -0.419092 -0.266530
v -1.596007 -0.442061 -0.230950
v -1.610901 -0.457554 -0.244374
v -1.610901 -0.432517 -0.282023
v -1.596007 -0.402498 -0.247380
v -1.596007 -0.422911 -0.214356
v -1.596007 -0.442061 -0.230950
v -1.596007 -0.419092 -0.266530
v -1.610901 -0.389074 -0.231887
v -1.610901 -0.407418 -0.200931
v -1.596007 -0.422911 -0.214356
v -1.596007 -0.402498 -0.247380
v -1.635000 -0.383946 -0.225969
v -1.635000 -0.401500 -0.195803
v -1.610901 -0.407418 -0.200931
v -1.610901 -0.389074 -0.231887
v -1.659099 -0.389074 -0.231887
v -1.659099 -0.407418 -0.200931
v -1.635000 -0.401500 -0.195803
v -1.635000 -0.383946 -0.225969
v -1.673993 -0.402498 -0.247380
v -1.673993 -0.422911 -0.214356
v -1.659099 -0.407418 -0.200931
v -1.659099 -0.389074 -0.231887
v -1.673993 -0.419092 -0.266530
v -1.673993 -0.442061 -0.230950
v -1.673993 -0.422911 -0.214356
v -1.673993 -0.402498 -0.247380
v -1.659099 -0.432517 -0.282023
v -1.659099 -0.457554 -0.244374
v -1.673993 -0.442061 -0.230950
v -1.673993 -0.419092 -0.266530
v -1.635000 -0.437644 -0.287941
v -1.635000 -0.463472 -0.249502
v -1.659099 -0.457554 -0.244374
v -1.659099 -0.432517 -0.282023
v -1.610901 -0.457554 -0.244374
v -1.610901 -0.478774 -0.201751
v -1.635000 -0.485361 -0.205984
v -1.635000 -0.463472 -0.249502
v -1.596007 -0.442061 -0.230950
v -1.596007 -0.461528 -0.190668
v -1.610901 -0.478774 -0.201751
v -1.610901 -0.457554 -0.244374
v -1.596007 -0.422911 -0.214356
v -1.596007 -0.440211 -0.176968
v -1.596007 -0.461528 -0.190668
v -1.596007 -0.442061 -0.230950
v -1.610901 -0.407418 -0.200931
v -1.610901 -0.422965 -0.165885
v -1.596007 -0.440211 -0.176968
v -1.596007 -0.422911 -0.214356
v -1.635000 -0.401500 -0.195803
v -1.635000 -0.416378 -0.161652
v -1.610901 -0.422965 -0.165885
v -1.610901 -0.407418 -0.200931
v -1.659099 -0.407418 -0.200931
v -1.659099 -0.422965 -0.165885
v -1.635000 -0.416378 -0.161652
v -1.635000 -0.401500 -0.195803
v -1.673993 -0.422911 -0.214356
v -1.673993 -0.440211 -0.176968
v -1.659099 -0.422965 -0.165885
v -1.659099 -0.407418 -0.200931
v -1.673993 -0.442061 -0.230950
v -1.673993 -0.461528 -0.190668
v -1.673993 -0.440211 -0.176968
v -1.673993 -0.422911 -0.214356
v -1.659099 -0.457554 -0.244374
v -1.659099 -0.478774 -0.201751
v -1.673993 -0.461528 -0.190668
v -1.673993 -0.442061 -0.230950
v -1.635000 -0.463472 -0.249502
v -1.635000 -0.485361 -0.205984
v -1.659099 -0.478774 -0.201751
v -1.659099 -0.457554 -0.244374
v -1.610901 -0.478774 -0.201751
v -1.610901 -0.495743 -0.155020
v -1.635000 -0.502866 -0.158273
v -1.635000 -0.485361 -0.205984
v -1.596007 -0.461528 -0.190668
v -1.596007 -0.477096 -0.146504
v -1.610901 -0.495743 -0.155020
v -1.610901 -0.478774 -0.201751
v -1.596007 -0.440211 -0.176968
v -1.596007 -0.454046 -0.135978
v -1.596007 -0.477096 -0.146504
v -1.596007 -0.461528 -0.190668
v -1.610901 -0.422965 -0.165885
v -1.610901 -0.435399 -0.127462
v -1.596007 -0.454046 -0.135978
v -1.596007 -0.440211 -0.176968
v -1.635000 -0.416378 -0.161652
v -1.635000 -0.428276 -0.124209
v -1.610901 -0.435399 -0.127462
v -1.610901 -0.422965 -0.165885
v -1.659099 -0.422965 -0.165885
v -1.659099 -0.435399 -0.127462
v -1.635000 -0.428276 -0.124209
v -1.635000 -0.416378 -0.161652
v -1.673993 -0.440211 -0.176968
v -1.673993 -0.454046 -0.135978
v -1.659099 -0.435399 -0.127462
v -1.659099 -0.422965 -0.165885
v -1.673993 -0.461528 -0.190668
v -1.673993 -0.477096 -0.146504
v -1.673993 -0.454046 -0.135978
v -1.673993 -0.440211 -0.176968
v -1.659099 -0.478774 -0.201751
v -1.659099 -0.495743 -0.155020
v -1.673993 -0.477096 -0.146504
v -1.673993 -0.461528 -0.190668
v -1.635000 -0.485361 -0.205984
v -1.635000 -0.502866 -0.158273
v -1.659099 -0.495743 -0.155020
v -1.659099 -0.478774 -0.201751
v -1.610901 -0.495743 -0.155020
v -1.610901 -0.508117 -0.105134
v -1.635000 -0.515630 -0.107340
v -1.635000 -0.502866 -0.158273
v -1.596007 -0.477096 -0.146504
v -1.596007 -0.488447 -0.099359
v -1.610901 -0.508117 -0.105134
v -1.610901 -0.495743 -0.155020
v -1.596007 -0.454046 -0.135978
v -1.596007 -0.464135 -0.092220
v -1.596007 -0.488447 -0.099359
v -1.596007 -0.477096 -0.146504
v -1.610901 -0.435399 -0.127462
v -1.610901 -0.444465 -0.086444
v -1.596007 -0.464135 -0.092220
v -1.596007 -0.454046 -0.135978
v -1.635000 -0.428276 -0.124209
v -1.635000 -0.436952 -0.084238
v -1.610901 -0.444465 -0.086444
v -1.610901 -0.435399 -0.127462
v -1.659099 -0.435399 -0.127462
v -1.659099 -0.444465 -0.086444
v -1.635000 -0.436952 -0.084238
v -1.635000 -0.428276 -0.124209
v -1.673993 -0.454046 -0.135978
v -1.673993 -0.464135 -0.092220
v -1.659099 -0.444465 -0.086444
v -1.659099 -0.435399 -0.127462
v -1.673993 -0.477096 -0.146504
v -1.673993 -0.488447 -0.099359
v -1.673993 -0.464135 -0.092220
v -1.673993 -0.454046 -0.135978
v -1.659099 -0.495743 -0.155020
v -1.659099 -0.508117 -0.105134
v -1.673993 -0.488447 -0.099359
v -1.673993 -0.477096 -0.146504
v -1.635000 -0.502866 -0.158273
v -1.635000 -0.515630 -0.107340
v -1.659099 -0.508117 -0.105134
v -1.659099 -0.495743 -0.155020
v -1.610901 -0.508117 -0.105134
v -1.610901 -0.515644 -0.053108
v -1.635000 -0.523394 -0.054222
v -1.635000 -0.515630 -0.107340
v -1.596007 -0.488447 -0.099359
v -1.596007 -0.495352 -0.050190
v -1.610901 -0.515644 -0.053108
v -1.610901 -0.508117 -0.105134
v -1.596007 -0.464135 -0.092220
v -1.596007 -0.470271 -0.046584
v -1.596007 -0.495352 -0.050190
v -1.596007 -0.488447 -0.099359
v -1.610901 -0.444465 -0.086444
v -1.610901 -0.449980 -0.043667
v -1.596007 -0.470271 -0.046584
v -1.596007 -0.464135 -0.092220
v -1.635000 -0.436952 -0.084238
v -1.635000 -0.442229 -0.042552
v -1.610901 -0.449980 -0.043667
v -1.610901 -0.444465 -0.086444
v -1.659099 -0.444465 -0.086444
v -1.659099 -0.449980 -0.043667
v -1.635000 -0.442229 -0.042552
v -1.635000 -0.436952 -0.084238
v -1.673993 -0.464135 -0.092220
v -1.673993 -0.470271 -0.046584
v -1.659099 -0.449980 -0.043667
v -1.659099 -0.444465 -0.086444
v -1.673993 -0.488447 -0.099359
v -1.673993 -0.495352 -0.050190
v -1.673993 -0.470271 -0.046584
v -1.673993 -0.464135 -0.092220
v -1.659099 -0.508117 -0.105134
v -1.659099 -0.515644 -0.053108
v -1.673993 -0.495352 -0.050190
v -1.673993 -0.488447 -0.099359
v -1.635000 -0.515630 -0.107340
v -1.635000 -0.523394 -0.054222
v -1.659099 -0.515644 -0.053108
v -1.659099 -0.508117 -0.105134
v -1.610901 -0.515644 -0.053108
v -1.610901 -0.518170 -0.000000
v -1.635000 -0.526000 -0.000000
v -1.635000 -0.523394 -0.054222
v -1.596007 -0.495352 -0.050190
v -1.596007 -0.497670 -0.000000
v -1.610901 -0.518170 -0.000000
v -1.610901 -0.515644 -0.053108
v -1.596007 -0.470271 -0.046584
v -1.596007 -0.472330 -0.000000
v -1.596007 -0.497670 -0.000000
v -1.596007 -0.495352 -0.050190
v -1.610901 -0.449980 -0.043667
v -1.610901 -0.451830 -0.000000
v -1.596007 -0.472330 -0.000000
v -1.596007 -0.470271 -0.046584
v -1.635000 -0.442229 -0.042552
v -1.635000 -0.444000 -0.000000
v -1.610901 -0.451830 -0.000000
v -1.610901 -0.449980 -0.043667
v -1.659099 -0.449980 -0.043667
v -1.659099 -0.451830 -0.000000
v -1.635000 -0.444000 -0.000000
v -1.635000 -0.442229 -0.042552
v -1.673993 -0.470271 -0.046584
v -1.673993 -0.472330 -0.000000
v -1.659099 -0.451830 -0.000000
v -1.659099 -0.449980 -0.043667
v -1.673993 -0.495352 -0.050190
v -1.673993 -0.497670 -0.000000
v -1.673993 -0.472330 -0.000000
v -1.673993 -0.470271 -0.046584
v -1.659099 -0.515644 -0.053108
v -1.659099 -0.518170 -0.000000
v -1.673993 -0.497670 -0.000000
v -1.673993 -0.495352 -0.050190
v -1.635000 -0.523394 -0.054222
v -1.635000 -0.526000 -0.000000
v -1.659099 -0.518170 -0.000000
v -1.659099 -0.515644 -0.053108
v -1.610901 -0.518170 -0.000000
v -1.610901 -0.515644 0.053108
v -1.635000 -0.523394 0.054222
v -1.635000 -0.526000 -0.000000
v -1.596007 -0.497670 -0.000000
v -1.596007 -0.495352 0.050190
v -1.610901 -0.515644 0.053108
v -1.610901 -0.518170 -0.000000
v -1.596007 -0.472330 -0.000000
v -1.596007 -0.470271 0.046584
v -1.596007 -0.495352 0.050190
v -1.596007 -0.497670 -0.000000
v -1.610901 -0.451830 -0.000000
v -1.610901 -0.449980 0.043667
v -1.596007 -0.470271 0.046584
v -1.596007 -0.472330 -0.000000
v -1.635000 -0.444000 -0.000000
v -1.635000 -0.442229 0.042552
v -1.610901 -0.449980 0.043667
v -1.610901 -0.451830 -0.000000
v -1.659099 -0.451830 -0.000000
v -1.659099 -0.449980 0.043667
v -1.635000 -0.442229 0.042552
v -1.635000 -0.444000 -0.000000
v -1.673993 -0.472330 -0.000000
v -1.673993 -0.470271 0.046584
v -1.659099 -0.449980 0.043667
v -1.659099 -0.451830 -0.000000
v -1.673993 -0.497670 -0.000000
v -1.673993 -0.495352 0.050190
v -1.673993 -0.470271 0.046584
v -1.673993 -0.472330 -0.000000
v -1.659099 -0.518170 -0.000000
v -1.659099 -0.515644 0.053108
v -1.673993 -0.495352 0.050190
v -1.673993 -0.497670 -0.000000
v -1.635000 -0.526000 -0.000000
v -1.635000 -0.523394 0.054222
v -1.659099 -0.515644 0.053108
v -1.659099 -0.518170 -0.000000
v -1.610901 -0.515644 0.053108
v -1.610901 -0.508117 0.105134
v -1.635000 -0.515630 0.107340
v -1.635000 -0.523394 0.054222
v -1.596007 -0.495352 0.050190
v -1.596007 -0.488447 0.099359
v -1.610901 -0.508117 0.105134
v -1.610901 -0.515644 0.053108
v -1.596007 -0.470271 0.046584
v -1.596007 -0.464135 0.092220
v -1.596007 -0.488447 0.099359
v -1.596007 -0.495352 0.050190
v -1.610901 -0.449980 0.043667
v -1.610901 -0.444465 0.086444
v -1.596007 -0.464135 0.092220
v -1.596007 -0.470271 0.046584
v -1.635000 -0.442229 0.042552
v -1.635000 -0.436952 0.084238
v -1.610901 -0.444465 0.086444
v -1.610901 -0.449980 0.043667
v -1.659099 -0.449980 0.043667
v -1.659099 -0.444465 0.086444
v -1.635000 -0.436952 0.084238
v -1.635000 -0.442229 0.042552
v -1.673993 -0.470271 0.046584
v -1.673993 -0.464135 0.092220
v -1.659099 -0.444465 0.086444
v -1.659099 -0.449980 0.043667
v -1.673993 -0.495352 0.050190
v -1.673993 -0.488447 0.099359
v -1.673993 -0.464135 0.092220
v -1.673993 -0.470271 0.046584
v -1.659099 -0.515644 0.053108
v -1.659099 -0.508117 0.105134
v -1.673993 -0.488447 0.099359
v -1.673993 -0.495352 0.050190
v -1.635000 -0.523394 0.054222
v -1.635000 -0.515630 0.107340
v -1.659099 -0.508117 0.105134
v -1.659099 -0.515644 0.053108
v -1.610901 -0.508117 0.105134
v -1.610901 -0.495743 0.155020
v -1.635000 -0.502866 0.158273
v -1.635000 -0.515630 0.107340
v -1.596007 -0.488447 0.099359
v -1.596007 -0.477096 0.146504
v -1.610901 -0.495743 0.155020
v -1.610901 -0.508117 0.105134
v -1.596007 -0.464135 0.092220
v -1.596007 -0.454046 0.135978
v -1.596007 -0.477096 0.146504
v -1.596007 -0.488447 0.099359
v -1.610901 -0.444465 0.086444
v -1.610901 -0.435399 0.127462
v -1.596007 -0.454046 0.135978
v -1.596007 -0.464135 0.092220
v -1.635000 -0.436952 0.084238
v -1.635000 -0.428276 0.124209
v -1.610901 -0.435399 0.127462
v -1.610901 -0.444465 0.086444
v -1.659099 -0.444465 0.086444
v -1.659099 -0.435399 0.127462
v -1.635000 -0.428276 0.124209
v -1.635000 -0.436952 0.084238
v -1.673993 -0.464135 0.092220
v -1.673993 -0.454046 0.135978
v -1.659099 -0.435399 0.127462
v -1.659099 -0.444465 0.086444
v -1.673993 -0.488447 0.099359
v -1.673993 -0.477096 0.146504
v -1.673993 -0.454046 0.135978
v -1.673993 -0.464135 0.092220
v -1.659099 -0.508117 0.105134
v -1.659099 -0.495743 0.155020
v -1.673993 -0.477096 0.146504
v -1.673993 -0.488447 0.099359
v -1.635000 -0.515630 0.107340
v -1.635000 -0.502866 0.158273
v -1.659099 -0.495743 0.155020
v -1.659099 -0.508117 0.105134
v -1.610901 -0.495743 0.155020
v -1.610901 -0.478774 0.201751
v -1.635000 -0.485361 0.205984
v -1.635000 -0.502866 0.158273
v -1.596007 -0.477096 0.146504
v -1.596007 -0.461528 0.190668
v -1.610901 -0.478774 0.201751
v -1.610901 -0.495743 0.155020
v -1.596007 -0.454046 0.135978
v -1.596007 -0.440211 0.176968
v -1.596007 -0.461528 0.190668
v -1.596007 -0.477096 0.146504
v -1.610901 -0.435399 0.127462
v -1.610901 -0.422965 0.165885
v -1.596007 -0.440211 0.176968
v -1.596007 -0.454046 0.135978
v -1.635000 -0.428276 0.124209
v -1.635000 -0.416378 0.161652
v -1.610901 -0.422965 0.165885
v -1.610901 -0.435399 0.127462
v -1.659099 -0.435399 0.127462
v -1.659099 -0.422965 0.165885
v -1.635000 -0.416378 0.161652
v -1.635000 -0.428276 0.124209
v -1.673993 -0.454046 0.135978
v -1.673993 -0.440211 0.176968
v -1.659099 -0.422965 0.165885
v -1.659099 -0.435399 0.127462
v -1.673993 -0.477096 0.146504
v -1.673993 -0.461528 0.190668
v -1.673993 -0.440211 0.176968
v -1.673993 -0.454046 0.135978
v -1.659099 -0.495743 0.155020
v -1.659099 -0.478774 0.201751
v -1.673993 -0.461528 0.190668
v -1.673993 -0.477096 0.146504
v -1.635000 -0.502866 0.158273
v -1.635000 -0.485361 0.205984
v -1.659099 -0.478774 0.201751
v -1.659099 -0.495743 0.155020
v -1.610901 -0.478774 0.201751
v -1.610901 -0.457554 0.244374
v -1.635000 -0.463472 0.249502
v -1.635000 -0.485361 0.205984
v -1.596007 -0.461528 0.190668
v -1.596007 -0.442061 0.230950
v -1.610901 -0.457554 0.244374
v -1.610901 -0.478774 0.201751
v -1.596007 -0.440211 0.176968
v -1.596007 -0.422911 0.214356
v -1.596007 -0.442061 0.230950
v -1.596007 -0.461528 0.190668
v -1.610901 -0.422965 0.165885
v -1.610901 -0.407418 0.200931
v -1.596007 -0.422911 0.214356
v -1.596007 -0.440211 0.176968
v -1.635000 -0.416378 0.161652
v -1.635000 -0.401500 0.195803
v -1.610901 -0.407418 0.200931
v -1.610901 -0.422965 0.165885
v -1.659099 -0.422965 0.165885
v -1.659099 -0.407418 0.200931
v -1.635000 -0.401500 0.195803
v -1.635000 -0.416378 0.161652
v -1.673993 -0.440211 0.176968
v -1.673993 -0.422911 0.214356
v -1.659099 -0.407418 0.200931
v -1.659099 -0.422965 0.165885
v -1.673993 -0.461528 0.190668
v -1.673993 -0.442061 0.230950
v -1.673993 -0.422911 0.214356
v -1.673993 -0.440211 0.176968
v -1.659099 -0.478774 0.201751
v -1.659099 -0.457554 0.244374
v -1.673993 -0.442061 0.230950
v -1.673993 -0.461528 0.190668
v -1.635000 -0.485361 0.205984
v -1.635000 -0.463472 0.249502
v -1.659099 -0.457554 0.244374
v -1.659099 -0.478774 0.201751
v -1.610901 -0.457554 0.244374
v -1.610901 -0.432517 0.282023
v -1.635000 -0.437644 0.287941
v -1.635000 -0.463472 0.249502
v -1.596007 -0.442061 0.230950
v -1.596007 -0.419092 0.266530
v -1.610901 -0.432517 0.282023
v -1.610901 -0.457554 0.244374
v -1.596007 -0.422911 0.214356
v -1.596007 -0.402498 0.247380
v -1.596007 -0.419092 0.266530
v -1.596007 -0.442061 0.230950
v -1.610901 -0.407418 0.200931
v -1.610901 -0.389074 0.231887
v -1.596007 -0.402498 0.247380
v -1.596007 -0.422911 0.214356
v -1.635000 -0.401500 0.195803
v -1.635000 -0.383946 0.225969
v -1.610901 -0.389074 0.231887
v -1.610901 -0.407418 0.200931
v -1.659099 -0.407418 0.200931
v -1.659099 -0.389074 0.231887
v -1.635000 -0.383946 0.225969
v -1.635000 -0.401500 0.195803
v -1.673993 -0.422911 0.214356
v -1.673993 -0.402498 0.247380
v -1.659099 -0.389074 0.231887
v -1.659099 -0.407418 0.200931
v -1.673993 -0.442061 0.230950
v -1.673993 -0.419092 0.266530
v -1.673993 -0.402498 0.247380
v -1.673993 -0.422911 0.214356
v -1.659099 -0.457554 0.244374
v -1.659099 -0.432517 0.282023
v -1.673993 -0.419092 0.266530
v -1.673993 -0.442061 0.230950
v -1.635000 -0.463472 0.249502
v -1.635000 -0.437644 0.287941
v -1.659099 -0.432517 0.282023
v -1.659099 -0.457554 0.244374
v -1.610901 -0.432517 0.282023
v -1.610901 -0.404171 0.313930
v -1.635000 -0.408404 0.320518
v -1.635000 -0.437644 0.287941
v -1.596007 -0.419092 0.266530
v -1.596007 -0.393088 0.296685
v -1.610901 -0.404171 0.313930
v -1.610901 -0.432517 0.282023
v -1.596007 -0.402498 0.247380
v -1.596007 -0.379388 0.275368
v -1.596007 -0.393088 0.296685
v -1.596007 -0.419092 0.266530
v -1.610901 -0.389074 0.231887
v -1.610901 -0.368305 0.258122
v -1.596007 -0.379388 0.275368
v -1.596007 -0.402498 0.247380
v -1.635000 -0.383946 0.225969
v -1.635000 -0.364072 0.251535
v -1.610901 -0.368305 0.258122
v -1.610901 -0.389074 0.231887
v -1.659099 -0.389074 0.231887
v -1.659099 -0.368305 0.258122
v -1.635000 -0.364072 0.251535
v -1.635000 -0.383946 0.225969
v -1.673993 -0.402498 0.247380
v -1.673993 -0.379388 0.275368
v -1.659099 -0.368305 0.258122
v -1.659099 -0.389074 0.231887
v -1.673993 -0.419092 0.266530
v -1.673993 -0.393088 0.296685
v -1.673993 -0.379388 0.275368
v -1.673993 -0.402498 0.247380
v -1.659099 -0.432517 0.282023
v -1.659099 -0.404171 0.313930
v -1.673993 -0.393088 0.296685
v -1.673993 -0.419092 0.266530
v -1.635000 -0.437644 0.287941
v -1.635000 -0.408404 0.320518
v -1.659099 -0.404171 0.313930
v -1.659099 -0.432517 0.282023
v -1.610901 -0.404171 0.313930
v -1.610901 -0.373093 0.339447
v -1.635000 -0.376346 0.346570
v -1.635000 -0.408404 0.320518
v -1.596007 -0.393088 0.296685
v -1.596007 -0.364577 0.320800
v -1.610901 -0.373093 0.339447
v -1.610901 -0.404171 0.313930
v -1.596007 -0.379388 0.275368
v -1.596007 -0.354051 0.297750
v -1.596007 -0.364577 0.320800
v -1.596007 -0.393088 0.296685
v -1.610901 -0.368305 0.258122
v -1.610901 -0.345535 0.279103
v -1.596007 -0.354051 0.297750
v -1.596007 -0.379388 0.275368
v -1.635000 -0.364072 0.251535
v -1.635000 -0.342282 0.271980
v -1.610901 -0.345535 0.279103
v -1.610901 -0.368305 0.258122
v -1.659099 -0.368305 0.258122
v -1.659099 -0.345535 0.279103
v -1.635000 -0.342282 0.271980
v -1.635000 -0.364072 0.251535
v -1.673993 -0.379388 0.275368
v -1.673993 -0.354051 0.297750
v -1.659099 -0.345535 0.279103
v -1.659099 -0.368305 0.258122
v -1.673993 -0.393088 0.296685
v -1.673993 -0.364577 0.320800
v -1.673993 -0.354051 0.297750
v -1.673993 -0.379388 0.275368
v -1.659099 -0.404171 0.313930
v -1.659099 -0.373093 0.339447
v -1.673993 -0.364577 0.320800
v -1.673993 -0.393088 0.296685
v -1.635000 -0.408404 0.320518
v -1.635000 -0.376346 0.346570
v -1.659099 -0.373093 0.339447
v -1.659099 -0.404171 0.313930
v -1.610901 -0.373093 0.339447
v -1.610901 -0.339917 0.358054
v -1.635000 -0.342124 0.365567
v -1.635000 -0.376346 0.346570
v -1.596007 -0.364577 0.320800
v -1.596007 -0.334142 0.338384
v -1.610901 -0.339917 0.358054
v -1.610901 -0.373093 0.339447
v -1.596007 -0.354051 0.297750
v -1.596007 -0.327003 0.314071
v -1.596007 -0.334142 0.338384
v -1.596007 -0.364577 0.320800
v -1.610901 -0.345535 0.279103
v -1.610901 -0.321228 0.294402
v -1.596007 -0.327003 0.314071
v -1.596007 -0.354051 0.297750
v -1.635000 -0.342282 0.271980
v -1.635000 -0.319021 0.286888
v -1.610901 -0.321228 0.294402
v -1.610901 -0.345535 0.279103
v -1.659099 -0.345535 0.279103
v -1.659099 -0.321228 0.294402
v -1.635000 -0.319021 0.286888
v -1.635000 -0.342282 0.271980
v -1.673993 -0.354051 0.297750
v -1.673993 -0.327003 0.314071
v -1.659099 -0.321228 0.294402
v -1.659099 -0.345535 0.279103
v -1.673993 -0.364577 0.320800
v -1.673993 -0.334142 0.338384
v -1.673993 -0.327003 0.314071
v -1.673993 -0.354051 0.297750
v -1.659099 -0.373093 0.339447
v -1.659099 -0.339917 0.358054
v -1.673993 -0.334142 0.338384
v -1.673993 -0.364577 0.320800
v -1.635000 -0.376346 0.346570
v -1.635000 -0.342124 0.365567
v -1.659099 -0.339917 0.358054
v -1.659099 -0.373093 0.339447
v -1.610901 -0.339917 0.358054
v -1.610901 -0.305318 0.369371
v -1.635000 -0.306433 0.377122
v -1.635000 -0.342124 0.365567
v -1.596007 -0.334142 0.338384
v -1.596007 -0.302401 0.349080
v -1.610901 -0.305318 0.369371
v -1.610901 -0.339917 0.358054
v -1.596007 -0.327003 0.314071
v -1.596007 -0.298795 0.323999
v -1.596007 -0.302401 0.349080
v -1.596007 -0.334142 0.338384
v -1.610901 -0.321228 0.294402
v -1.610901 -0.295877 0.303707
v -1.596007 -0.298795 0.323999
v -1.596007 -0.327003 0.314071
v -1.635000 -0.319021 0.286888
v -1.635000 -0.294763 0.295957
v -1.610901 -0.295877 0.303707
v -1.610901 -0.321228 0.294402
v -1.659099 -0.321228 0.294402
v -1.659099 -0.295877 0.303707
v -1.635000 -0.294763 0.295957
v -1.635000 -0.319021 0.286888
v -1.673993 -0.327003 0.314071
v -1.673993 -0.298795 0.323999
v -1.659099 -0.295877 0.303707
v -1.659099 -0.321228 0.294402
v -1.673993 -0.334142 0.338384
v -1.673993 -0.302401 0.349080
v -1.673993 -0.298795 0.323999
v -1.673993 -0.327003 0.314071
v -1.659099 -0.339917 0.358054
v -1.659099 -0.305318 0.369371
v -1.673993 -0.302401 0.349080
v -1.673993 -0.334142 0.338384
v -1.635000 -0.342124 0.365567
v -1.635000 -0.306433 0.377122
v -1.659099 -0.305318 0.369371
v -1.659099 -0.339917 0.358054
v -1.610901 -0.305318 0.369371
v -1.610901 -0.270000 0.373170
v -1.635000 -0.270000 0.381000
v -1.635000 -0.306433 0.377122
v -1.596007 -0.302401 0.349080
v -1.596007 -0.270000 0.352670
v -1.610901 -0.270000 0.373170
v -1.610901 -0.305318 0.369371
v -1.596007 -0.298795 0.323999
v -1.596007 -0.270000 0.327330
v -1.596007 -0.270000 0.352670
v -1.596007 -0.302401 0.349080
v -1.610901 -0.295877 0.303707
v -1.610901 -0.270000 0.306830
v -1.596007 -0.270000 0.327330
v -1.596007 -0.298795 0.323999
v -1.635000 -0.294763 0.295957
v -1.635000 -0.270000 0.299000
v -1.610901 -0.270000 0.306830
v -1.610901 -0.295877 0.303707
v -1.659099 -0.295877 0.303707
v -1.659099 -0.270000 0.306830
v -1.635000 -0.270000 0.299000
v -1.635000 -0.294763 0.295957
v -1.673993 -0.298795 0.323999
v -1.673993 -0.270000 0.327330
v -1.659099 -0.270000 0.306830
v -1.659099 -0.295877 0.303707
v -1.673993 -0.302401 0.349080
v -1.673993 -0.270000 0.352670
v -1.673993 -0.270000 0.327330
v -1.673993 -0.298795 0.323999
v -1.659099 -0.305318 0.369371
v -1.659099 -0.270000 0.373170
v -1.673993 -0.270000 0.352670
v -1.673993 -0.302401 0.349080
v -1.635000 -0.306433 0.377122
v -1.635000 -0.270000 0.381000
v -1.659099 -0.270000 0.373170
v -1.659099 -0.305318 0.369371
v -1.658000 -0.205000 -0.425000
v -1.617000 -0.205000 -0.425000
v -1.617000 -0.335000 -0.425000
v -1.658000 -0.335000 -0.425000
v -1.617000 -0.205000 -0.255000
v -1.658000 -0.205000 -0.255000
v -1.658000 -0.335000 -0.255000
v -1.617000 -0.335000 -0.255000
v -1.658000 -0.205000 -0.255000
v -1.658000 -0.205000 -0.425000
v -1.658000 -0.335000 -0.425000
v -1.658000 -0.335000 -0.255000
v -1.617000 -0.205000 -0.425000
v -1.617000 -0.205000 -0.255000
v -1.617000 -0.335000 -0.255000
v -1.617000 -0.335000 -0.425000
v -1.658000 -0.205000 -0.255000
v -1.617000 -0.205000 -0.255000
v -1.617000 -0.205000 -0.425000
v -1.658000 -0.205000 -0.425000
v -1.658000 -0.335000 -0.425000
v -1.617000 -0.335000 -0.425000
v -1.617000 -0.335000 -0.255000
v -1.658000 -0.335000 -0.255000
v -1.658000 -0.205000 0.255000
v -1.617000 -0.205000 0.255000
v -1.617000 -0.335000 0.255000
v -1.658000 -0.335000 0.255000
v -1.617000 -0.205000 0.425000
v -1.658000 -0.205000 0.425000
v -1.658000 -0.335000 0.425000
v -1.617000 -0.335000 0.425000
v -1.658000 -0.205000 0.425000
v -1.658000 -0.205000 0.255000
v -1.658000 -0.335000 0.255000
v -1.658000 -0.335000 0.425000
v -1.617000 -0.205000 0.255000
v -1.617000 -0.205000 0.425000
v -1.617000 -0.335000 0.425000
v -1.617000 -0.335000 0.255000
v -1.658000 -0.205000 0.425000
v -1.617000 -0.205000 0.425000
v -1.617000 -0.205000 0.255000
v -1.658000 -0.205000 0.255000
v -1.658000 -0.335000 0.255000
v -1.617000 -0.335000 0.255000
v -1.617000 -0.335000 0.425000
v -1.658000 -0.335000 0.425000
v 1.659099 -0.270000 0.373170
v 1.659099 -0.234682 0.369371
v 1.635000 -0.233567 0.377122
v 1.635000 -0.270000 0.381000
v 1.673993 -0.270000 0.352670
v 1.673993 -0.237599 0.349080
v 1.659099 -0.234682 0.369371
v 1.659099 -0.270000 0.373170
v 1.673993 -0.270000 0.327330
v 1.673993 -0.241205 0.323999
v 1.673993 -0.237599 0.349080
v 1.673993 -0.270000 0.352670
v 1.659099 -0.270000 0.306830
v 1.659099 -0.244123 0.303707
v 1.673993 -0.241205 0.323999
v 1.673993 -0.270000 0.327330
v 1.635000 -0.270000 0.299000
v 1.635000 -0.245237 0.295957
v 1.659099 -0.244123 0.303707
v 1.659099 -0.270000 0.306830
v 1.610901 -0.270000 0.306830
v 1.610901 -0.244123 0.303707
v 1.635000 -0.245237 0.295957
v 1.635000 -0.270000 0.299000
v 1.596007 -0.270000 0.327330
v 1.596007 -0.241205 0.323999
v 1.610901 -0.244123 0.303707
v 1.610901 -0.270000 0.306830
v 1.596007 -0.270000 0.352670
v 1.596007 -0.237599 0.349080
v 1.596007 -0.241205 0.323999
v 1.596007 -0.270000 0.327330
v 1.610901 -0.270000 0.373170
v 1.610901 -0.234682 0.369371
v 1.596007 -0.237599 0.349080
v 1.596007 -0.270000 0.352670
v 1.635000 -0.270000 0.381000
v 1.635000 -0.233567 0.377122
v 1.610901 -0.234682 0.369371
v 1.610901 -0.270000 0.373170
v 1.659099 -0.234682 0.369371
v 1.659099 -0.200083 0.358054
v 1.635000 -0.197876 0.365567
v 1.635000 -0.233567 0.377122
v 1.673993 -0.237599 0.349080
v 1.673993 -0.205858 0.338384
v 1.659099 -0.200083 0.358054
v 1.659099 -0.234682 0.369371
v 1.673993 -0.241205 0.323999
v 1.673993 -0.212997 0.314071
v 1.673993 -0.205858 0.338384
v 1.673993 -0.237599 0.349080
v 1.659099 -0.244123 0.303707
v 1.659099 -0.218772 0.294402
v 1.673993 -0.212997 0.314071
v 1.673993 -0.241205 0.323999
v 1.635000 -0.245237 0.295957
v 1.635000 -0.220979 0.286888
v 1.659099 -0.218772 0.294402
v 1.659099 -0.244123 0.303707
v 1.610901 -0.244123 0.303707
v 1.610901 -0.218772 0.294402
v 1.635000 -0.220979 0.286888
v 1.635000 -0.245237 0.295957
v 1.596007 -0.241205 0.323999
v 1.596007 -0.212997 0.314071
v 1.610901 -0.218772 0.294402
v 1.610901 -0.244123 0.303707
v 1.596007 -0.237599 0.349080
v 1.596007 -0.205858 0.338384
v 1.596007 -0.212997 0.314071
v 1.596007 -0.241205 0.323999
v 1.610901 -0.234682 0.369371
v 1.610901 -0.200083 0.358054
v 1.596007 -0.205858 0.338384
v 1.596007 -0.237599 0.349080
v 1.635000 -0.233567 0.377122
v 1.635000 -0.197876 0.365567
v 1.610901 -0.200083 0.358054
v 1.610901 -0.234682 0.369371
v 1.659099 -0.200083 0.358054
v 1.659099 -0.166907 0.339447
v 1.635000 -0.163654 0.346570
v 1.635000 -0.197876 0.365567
v 1.673993 -0.205858 0.338384
v 1.673993 -0.175423 0.320800
v 1.659099 -0.166907 0.339447
v 1.659099 -0.200083 0.358054
v 1.673993 -0.212997 0.314071
v 1.673993 -0.185949 0.297750
v 1.673993 -0.175423 0.320800
v 1.673993 -0.205858 0.338384
v 1.659099 -0.218772 0.294402
v 1.659099 -0.194465 0.279103
v 1.673993 -0.185949 0.297750
v 1.673993 -0.212997 0.314071
v 1.635000 -0.220979 0.286888
v 1.635000 -0.197718 0.271980
v 1.659099 -0.194465 0.279103
v 1.659099 -0.218772 0.294402
v 1.610901 -0.218772 0.294402
v 1.610901 -0.194465 0.279103
v 1.635000 -0.197718 0.271980
v 1.635000 -0.220979 0.286888
v 1.596007 -0.212997 0.314071
v 1.596007 -0.185949 0.297750
v 1.610901 -0.194465 0.279103
v 1.610901 -0.218772 0.294402
v 1.596007 -0.205858 0.338384
v 1.596007 -0.175423 0.320800
v 1.596007 -0.185949 0.297750
v 1.596007 -0.212997 0.314071
v 1.610901 -0.200083 0.358054
v 1.610901 -0.166907 0.339447
v 1.596007 -0.175423 0.320800
v 1.596007 -0.205858 0.338384
v 1.635000 -0.197876 0.365567
v 1.635000 -0.163654 0.346570
v 1.610901 -0.166907 0.339447
v 1.610901 -0.200083 0.358054
v 1.659099 -0.166907 0.339447
v 1.659099 -0.135829 0.313930
v 1.635000 -0.131596 0.320518
v 1.635000 -0.163654 0.346570
v 1.673993 -0.175423 0.320800
v 1.673993 -0.146912 0.296685
v 1.659099 -0.135829 0.313930
v 1.659099 -0.166907 0.339447
v 1.673993 -0.185949 0.297750
v 1.673993 -0.160612 0.275368
v 1.673993 -0.146912 0.296685
v 1.673993 -0.175423 0.320800
v 1.659099 -0.194465 0.279103
v 1.659099 -0.171695 0.258122
v 1.673993 -0.160612 0.275368
v 1.673993 -0.185949 0.297750
v 1.635000 -0.197718 0.271980
v 1.635000 -0.175928 0.251535
v 1.659099 -0.171695 0.258122
v 1.659099 -0.194465 0.279103
v 1.610901 -0.194465 0.279103
v 1.610901 -0.171695 0.258122
v 1.635000 -0.175928 0.251535
v 1.635000 -0.197718 0.271980
v 1.596007 -0.185949 0.297750
v 1.596007 -0.160612 0.275368
v 1.610901 -0.171695 0.258122
v 1.610901 -0.194465 0.279103
v 1.596007 -0.175423 0.320800
v 1.596007 -0.146912 0.296685
v 1.596007 -0.160612 0.275368
v 1.596007 -0.185949 0.297750
v 1.610901 -0.166907 0.339447
v 1.610901 -0.135829 0.313930
v 1.596007 -0.146912 0.296685
v 1.596007 -0.175423 0.320800
v 1.635000 -0.163654 0.346570
v 1.635000 -0.131596 0.320518
v 1.610901 -0.135829 0.313930
v 1.610901 -0.166907 0.339447
v 1.659099 -0.135829 0.313930
v 1.659099 -0.107483 0.282023
v 1.635000 -0.102356 0.287941
v 1.635000 -0.131596 0.320518
v 1.673993 -0.146912 0.296685
v 1.673993 -0.120908 0.266530
v 1.659099 -0.107483 0.282023
v 1.659099 -0.135829 0.313930
v 1.673993 -0.160612 0.275368
v 1.673993 -0.137502 0.247380
v 1.673993 -0.120908 0.266530
v 1.673993 -0.146912 0.296685
v 1.659099 -0.171695 0.258122
v 1.659099 -0.150926 0.231887
v 1.673993 -0.137502 0.247380
v 1.673993 -0.160612 0.275368
v 1.635000 -0.175928 0.251535
v 1.635000 -0.156054 0.225969
v 1.659099 -0.150926 0.231887
v 1.659099 -0.171695 0.258122
v 1.610901 -0.171695 0.258122
v 1.610901 -0.150926 0.231887
v 1.635000 -0.156054 0.225969
v 1.635000 -0.175928 0.251535
v 1.596007 -0.160612 0.275368
v 1.596007 -0.137502 0.247380
v 1.610901 -0.150926 0.231887
v 1.610901 -0.171695 0.258122
v 1.596007 -0.146912 0.296685
v 1.596007 -0.120908 0.266530
v 1.596007 -0.137502 0.247380
v 1.596007 -0.160612 0.275368
v 1.610901 -0.135829 0.313930
v 1.610901 -0.107483 0.282023
v 1.596007 -0.120908 0.266530
v 1.596007 -0.146912 0.296685
v 1.635000 -0.131596 0.320518
v 1.635000 -0.102356 0.287941
v 1.610901 -0.107483 0.282023
v 1.610901 -0.135829 0.313930
v 1.659099 -0.107483 0.282023
v 1.659099 -0.082446 0.244374
v 1.635000 -0.076528 0.249502
v 1.635000 -0.102356 0.287941
v 1.673993 -0.120908 0.266530
v 1.673993 -0.097939 0.230950
v 1.659099 -0.082446 0.244374
v 1.659099 -0.107483 0.282023
v 1.673993 -0.137502 0.247380
v 1.673993 -0.117089 0.214356
v 1.673993 -0.097939 0.230950
v 1.673993 -0.120908 0.266530
v 1.659099 -0.150926 0.231887
v 1.659099 -0.132582 0.200931
v 1.673993 -0.117089 0.214356
v 1.673993 -0.137502 0.247380
v 1.635000 -0.156054 0.225969
v 1.635000 -0.138500 0.195803
v 1.659099 -0.132582 0.200931
v 1.659099 -0.150926 0.231887
v 1.610901 -0.150926 0.231887
v 1.610901 -0.132582 0.200931
v 1.635000 -0.138500 0.195803
v 1.635000 -0.156054 0.225969
v 1.596007 -0.137502 0.247380
v 1.596007 -0.117089 0.214356
v 1.610901 -0.132582 0.200931
v 1.610901 -0.150926 0.231887
v 1.596007 -0.120908 0.266530
v 1.596007 -0.097939 0.230950
v 1.596007 -0.117089 0.214356
v 1.596007 -0.137502 0.247380
v 1.610901 -0.107483 0.282023
v 1.610901 -0.082446 0.244374
v 1.596007 -0.097939 0.230950
v 1.596007 -0.120908 0.266530
v 1.635000 -0.102356 0.287941
v 1.635000 -0.076528 0.249502
v 1.610901 -0.082446 0.244374
v 1.610901 -0.107483 0.282023
v 1.659099 -0.082446 0.244374
v 1.659099 -0.061226 0.201751
v 1.635000 -0.054639 0.205984
v 1.635000 -0.076528 0.249502
v 1.673993 -0.097939 0.230950
v 1.673993 -0.078472 0.190668
v 1.659099 -0.061226 0.201751
v 1.659099 -0.082446 0.244374
v 1.673993 -0.117089 0.214356
v 1.673993 -0.099789 0.176968
v 1.673993 -0.078472 0.190668
v 1.673993 -0.097939 0.230950
v 1.659099 -0.132582 0.200931
v 1.659099 -0.117035 0.165885
v 1.673993 -0.099789 0.176968
v 1.673993 -0.117089 0.214356
v 1.635000 -0.138500 0.195803
v 1.635000 -0.123622 0.161652
v 1.659099 -0.117035 0.165885
v 1.659099 -0.132582 0.200931
v 1.610901 -0.132582 0.200931
v 1.610901 -0.117035 0.165885
v 1.635000 -0.123622 0.161652
v 1.635000 -0.138500 0.195803
v 1.596007 -0.117089 0.214356
v 1.596007 -0.099789 0.176968
v 1.610901 -0.117035 0.165885
v 1.610901 -0.132582 0.200931
v 1.596007 -0.097939 0.230950
v 1.596007 -0.078472 0.190668
v 1.596007 -0.099789 0.176968
v 1.596007 -0.117089 0.214356
v 1.610901 -0.082446 0.244374
v 1.610901 -0.061226 0.201751
v 1.596007 -0.078472 0.190668
v 1.596007 -0.097939 0.230950
v 1.635000 -0.076528 0.249502
v 1.635000 -0.054639 0.205984
v 1.610901 -0.061226 0.201751
v 1.610901 -0.082446 0.244374
v 1.659099 -0.061226 0.201751
v 1.659099 -0.044257 0.155020
v 1.635000 -0.037134 0.158273
v 1.635000 -0.054639 0.205984
v 1.673993 -0.078472 0.190668
v 1.673993 -0.062904 0.146504
v 1.659099 -0.044257 0.155020
v 1.659099 -0.061226 0.201751
v 1.673993 -0.099789 0.176968
v 1.673993 -0.085954 0.135978
v 1.673993 -0.062904 0.146504
v 1.673993 -0.078472 0.190668
v 1.659099 -0.117035 0.165885
v 1.659099 -0.104601 0.127462
v 1.673993 -0.085954 0.135978
v 1.673993 -0.099789 0.176968
v 1.635000 -0.123622 0.161652
v 1.635000 -0.111724 0.124209
v 1.659099 -0.104601 0.127462
v 1.659099 -0.117035 0.165885
v 1.610901 -0.117035 0.165885
v 1.610901 -0.104601 0.127462
v 1.635000 -0.111724 0.124209
v 1.635000 -0.123622 0.161652
v 1.596007 -0.099789 0.176968
v 1.596007 -0.085954 0.135978
v 1.610901 -0.104601 0.127462
v 1.610901 -0.117035 0.165885
v 1.596007 -0.078472 0.190668
v 1.596007 -0.062904 0.146504
v 1.596007 -0.085954 0.135978
v 1.596007 -0.099789 0.176968
v 1.610901 -0.061226 0.201751
v 1.610901 -0.044257 0.155020
v 1.596007 -0.062904 0.146504
v 1.596007 -0.078472 0.190668
v 1.635000 -0.054639 0.205984
v 1.635000 -0.037134 0.158273
v 1.610901 -0.044257 0.155020
v 1.610901 -0.061226 0.201751
v 1.659099 -0.044257 0.155020
v 1.659099 -0.031883 0.105134
v 1.635000 -0.024370 0.107340
v 1.635000 -0.037134 0.158273
v 1.673993 -0.062904 0.146504
v 1.673993 -0.051553 0.099359
v 1.659099 -0.031883 0.105134
v 1.659099 -0.044257 0.155020
v 1.673993 -0.085954 0.135978
v 1.673993 -0.075865 0.092220
v 1.673993 -0.051553 0.099359
v 1.673993 -0.062904 0.146504
v 1.659099 -0.104601 0.127462
v 1.659099 -0.095535 0.086444
v 1.673993 -0.075865 0.092220
v 1.673993 -0.085954 0.135978
v 1.635000 -0.111724 0.124209
v 1.635000 -0.103048 0.084238
v 1.659099 -0.095535 0.086444
v 1.659099 -0.104601 0.127462
v 1.610901 -0.104601 0.127462
v 1.610901 -0.095535 0.086444
v 1.635000 -0.103048 0.084238
v 1.635000 -0.111724 0.124209
v 1.596007 -0.085954 0.135978
v 1.596007 -0.075865 0.092220
v 1.610901 -0.095535 0.086444
v 1.610901 -0.104601 0.127462
v 1.596007 -0.062904 0.146504
v 1.596007 -0.051553 0.099359
v 1.596007 -0.075865 0.092220
v 1.596007 -0.085954 0.135978
v 1.610901 -0.044257 0.155020
v 1.610901 -0.031883 0.105134
v 1.596007 -0.051553 0.099359
v 1.596007 -0.062904 0.146504
v 1.635000 -0.037134 0.158273
v 1.635000 -0.024370 0.107340
v 1.610901 -0.031883 0.105134
v 1.610901 -0.044257 0.155020
v 1.659099 -0.031883 0.105134
v 1.659099 -0.024356 0.053108
v 1.635000 -0.016606 0.054222
v 1.635000 -0.024370 0.107340
v 1.673993 -0.051553 0.099359
v 1.673993 -0.044648 0.050190
v 1.659099 -0.024356 0.053108
v 1.659099 -0.031883 0.105134
v 1.673993 -0.075865 0.092220
v 1.673993 -0.069729 0.046584
v 1.673993 -0.044648 0.050190
v 1.673993 -0.051553 0.099359
v 1.659099 -0.095535 0.086444
v 1.659099 -0.090020 0.043667
v 1.673993 -0.069729 0.046584
v 1.673993 -0.075865 0.092220
v 1.635000 -0.103048 0.084238
v 1.635000 -0.097771 0.042552
v 1.659099 -0.090020 0.043667
v 1.659099 -0.095535 0.086444
v 1.610901 -0.095535 0.086444
v 1.610901 -0.090020 0.043667
v 1.635000 -0.097771 0.042552
v 1.635000 -0.103048 0.084238
v 1.596007 -0.075865 0.092220
v 1.596007 -0.069729 0.046584
v 1.610901 -0.090020 0.043667
v 1.610901 -0.095535 0.086444
v 1.596007 -0.051553 0.099359
v 1.596007 -0.044648 0.050190
v 1.596007 -0.069729 0.046584
v 1.596007 -0.075865 0.092220
v 1.610901 -0.031883 0.105134
v 1.610901 -0.024356 0.053108
v 1.596007 -0.044648 0.050190
v 1.596007 -0.051553 0.099359
v 1.635000 -0.024370 0.107340
v 1.635000 -0.016606 0.054222
v 1.610901 -0.024356 0.053108
v 1.610901 -0.031883 0.105134
v 1.659099 -0.024356 0.053108
v 1.659099 -0.021830 0.000000
v 1.635000 -0.014000 0.000000
v 1.635000 -0.016606 0.054222
v 1.673993 -0.044648 0.050190
v 1.673993 -0.042330 0.000000
v 1.659099 -0.021830 0.000000
v 1.659099 -0.024356 0.053108
v 1.673993 -0.069729 0.046584
v 1.673993 -0.067670 0.000000
v 1.673993 -0.042330 0.000000
v 1.673993 -0.044648 0.050190
v 1.659099 -0.090020 0.043667
v 1.659099 -0.088170 0.000000
v 1.673993 -0.067670 0.000000
v 1.673993 -0.069729 0.046584
v 1.635000 -0.097771 0.042552
v 1.635000 -0.096000 0.000000
v 1.659099 -0.088170 0.000000
v 1.659099 -0.090020 0.043667
v 1.610901 -0.090020 0.043667
v 1.610901 -0.088170 0.000000
v 1.635000 -0.096000 0.000000
v 1.635000 -0.097771 0.042552
v 1.596007 -0.069729 0.046584
v 1.596007 -0.067670 0.000000
v 1.610901 -0.088170 0.000000
v 1.610901 -0.090020 0.043667
v 1.596007 -0.044648 0.050190
v 1.596007 -0.042330 0.000000
v 1.596007 -0.067670 0.000000
v 1.596007 -0.069729 0.046584
v 1.610901 -0.024356 0.053108
v 1.610901 -0.021830 0.000000
v 1.596007 -0.042330 0.000000
v 1.596007 -0.044648 0.050190
v 1.635000 -0.016606 0.054222
v 1.635000 -0.014000 0.000000
v 1.610901 -0.021830 0.000000
v 1.610901 -0.024356 0.053108
v 1.659099 -0.021830 0.000000
v 1.659099 -0.024356 -0.053108
v 1.635000 -0.016606 -0.054222
v 1.635000 -0.014000 0.000000
v 1.673993 -0.042330 0.000000
v 1.673993 -0.044648 -0.050190
v 1.659099 -0.024356 -0.053108
v 1.659099 -0.021830 0.000000
v 1.673993 -0.067670 0.000000
v 1.673993 -0.069729 -0.046584
v 1.673993 -0.044648 -0.050190
v 1.673993 -0.042330 0.000000
v 1.659099 -0.088170 0.000000
v 1.659099 -0.090020 -0.043667
v 1.673993 -0.069729 -0.046584
v 1.673993 -0.067670 0.000000
v 1.635000 -0.096000 0.000000
v 1.635000 -0.097771 -0.042552
v 1.659099 -0.090020 -0.043667
v 1.659099 -0.088170 0.000000
v 1.610901 -0.088170 0.000000
v 1.610901 -0.090020 -0.043667
v 1.635000 -0.097771 -0.042552
v 1.635000 -0.096000 0.000000
v 1.596007 -0.067670 0.000000
v 1.596007 -0.069729 -0.046584
v 1.610901 -0.090020 -0.043667
v 1.610901 -0.088170 0.000000
v 1.596007 -0.042330 0.000000
v 1.596007 -0.044648 -0.050190
v 1.596007 -0.069729 -0.046584
v 1.596007 -0.067670 0.000000
v 1.610901 -0.021830 0.000000
v 1.610901 -0.024356 -0.053108
v 1.596007 -0.044648 -0.050190
v 1.596007 -0.042330 0.000000
v 1.635000 -0.014000 0.000000
v 1.635000 -0.016606 -0.054222
v 1.610901 -0.024356 -0.053108
v 1.610901 -0.021830 0.000000
v 1.659099 -0.024356 -0.053108
v 1.659099 -0.031883 -0.105134
v 1.635000 -0.024370 -0.107340
v 1.635000 -0.016606 -0.054222
v 1.673993 -0.044648 -0.050190
v 1.673993 -0.051553 -0.099359
v 1.659099 -0.031883 -0.105134
v 1.659099 -0.024356 -0.053108
v 1.673993 -0.069729 -0.046584
v 1.673993 -0.075865 -0.092220
v 1.673993 -0.051553 -0.099359
v 1.673993 -0.044648 -0.050190
v 1.659099 -0.090020 -0.043667
v 1.659099 -0.095535 -0.086444
v 1.673993 -0.075865 -0.092220
v 1.673993 -0.069729 -0.046584
v 1.635000 -0.097771 -0.042552
v 1.635000 -0.103048 -0.084238
v 1.659099 -0.095535 -0.086444
v 1.659099 -0.090020 -0.043667
v 1.610901 -0.090020 -0.043667
v 1.610901 -0.095535 -0.086444
v 1.635000 -0.103048 -0.084238
v 1.635000 -0.097771 -0.042552
v 1.596007 -0.069729 -0.046584
v 1.596007 -0.075865 -0.092220
v 1.610901 -0.095535 -0.086444
v 1.610901 -0.090020 -0.043667
v 1.596007 -0.044648 -0.050190
v 1.596007 -0.051553 -0.099359
v 1.596007 -0.075865 -0.092220
v 1.596007 -0.069729 -0.046584
v 1.610901 -0.024356 -0.053108
v 1.610901 -0.031883 -0.105134
v 1.596007 -0.051553 -0.099359
v 1.596007 -0.044648 -0.050190
v 1.635000 -0.016606 -0.054222
v 1.635000 -0.024370 -0.107340
v 1.610901 -0.031883 -0.105134
v 1.610901 -0.024356 -0.053108
v 1.659099 -0.031883 -0.105134
v 1.659099 -0.044257 -0.155020
v 1.635000 -0.037134 -0.158273
v 1.635000 -0.024370 -0.107340
v 1.673993 -0.051553 -0.099359
v 1.673993 -0.062904 -0.146504
v 1.659099 -0.044257 -0.155020
v 1.659099 -0.031883 -0.105134
v 1.673993 -0.075865 -0.092220
v 1.673993 -0.085954 -0.135978
v 1.673993 -0.062904 -0.146504
v 1.673993 -0.051553 -0.099359
v 1.659099 -0.095535 -0.086444
v 1.659099 -0.104601 -0.127462
v 1.673993 -0.085954 -0.135978
v 1.673993 -0.075865 -0.092220
v 1.635000 -0.103048 -0.084238
v 1.635000 -0.111724 -0.124209
v 1.659099 -0.104601 -0.127462
v 1.659099 -0.095535 -0.086444
v 1.610901 -0.095535 -0.086444
v 1.610901 -0.104601 -0.127462
v 1.635000 -0.111724 -0.124209
v 1.635000 -0.103048 -0.084238
v 1.596007 -0.075865 -0.092220
v 1.596007 -0.085954 -0.135978
v 1.610901 -0.104601 -0.127462
v 1.610901 -0.095535 -0.086444
v 1.596007 -0.051553 -0.099359
v 1.596007 -0.062904 -0.146504
v 1.596007 -0.085954 -0.135978
v 1.596007 -0.075865 -0.092220
v 1.610901 -0.031883 -0.105134
v 1.610901 -0.044257 -0.155020
v 1.596007 -0.062904 -0.146504
v 1.596007 -0.051553 -0.099359
v 1.635000 -0.024370 -0.107340
v 1.635000 -0.037134 -0.158273
v 1.610901 -0.044257 -0.155020
v 1.610901 -0.031883 -0.105134
v 1.659099 -0.044257 -0.155020
v 1.659099 -0.061226 -0.201751
v 1.635000 -0.054639 -0.205984
v 1.635000 -0.037134 -0.158273
v 1.673993 -0.062904 -0.146504
v 1.673993 -0.078472 -0.190668
v 1.659099 -0.061226 -0.201751
v 1.659099 -0.044257 -0.155020
v 1.673993 -0.085954 -0.135978
v 1.673993 -0.099789 -0.176968
v 1.673993 -0.078472 -0.190668
v 1.673993 -0.062904 -0.146504
v 1.659099 -0.104601 -0.127462
v 1.659099 -0.117035 -0.165885
v 1.673993 -0.099789 -0.176968
v 1.673993 -0.085954 -0.135978
v 1.635000 -0.111724 -0.124209
v 1.635000 -0.123622 -0.161652
v 1.659099 -0.117035 -0.165885
v 1.659099 -0.104601 -0.127462
v 1.610901 -0.104601 -0.127462
v 1.610901 -0.117035 -0.165885
v 1.635000 -0.123622 -0.161652
v 1.635000 -0.111724 -0.124209
v 1.596007 -0.085954 -0.135978
v 1.596007 -0.099789 -0.176968
v 1.610901 -0.117035 -0.165885
v 1.610901 -0.104601 -0.127462
v 1.596007 -0.062904 -0.146504
v 1.596007 -0.078472 -0.190668
v 1.596007 -0.099789 -0.176968
v 1.596007 -0.085954 -0.135978
v 1.610901 -0.044257 -0.155020
v 1.610901 -0.061226 -0.201751
v 1.596007 -0.078472 -0.190668
v 1.596007 -0.062904 -0.146504
v 1.635000 -0.037134 -0.158273
v 1.635000 -0.054639 -0.205984
v 1.610901 -0.061226 -0.201751
v 1.610901 -0.044257 -0.155020
v 1.659099 -0.061226 -0.201751
v 1.659099 -0.082446 -0.244374
v 1.635000 -0.076528 -0.249502
v 1.635000 -0.054639 -0.205984
v 1.673993 -0.078472 -0.190668
v 1.673993 -0.097939 -0.230950
v 1.659099 -0.082446 -0.244374
v 1.659099 -0.061226 -0.201751
v 1.673993 -0.099789 -0.176968
v 1.673993 -0.117089 -0.214356
v 1.673993 -0.097939 -0.230950
v 1.673993 -0.078472 -0.190668
v 1.659099 -0.117035 -0.165885
v 1.659099 -0.132582 -0.200931
v 1.673993 -0.117089 -0.214356
v 1.673993 -0.099789 -0.176968
v 1.635000 -0.123622 -0.161652
v 1.635000 -0.138500 -0.195803
v 1.659099 -0.132582 -0.200931
v 1.659099 -0.117035 -0.165885
v 1.610901 -0.117035 -0.165885
v 1.610901 -0.132582 -0.200931
v 1.635000 -0.138500 -0.195803
v 1.635000 -0.123622 -0.161652
v 1.596007 -0.099789 -0.176968
v 1.596007 -0.117089 -0.214356
v 1.610901 -0.132582 -0.200931
v 1.610901 -0.117035 -0.165885
v 1.596007 -0.078472 -0.190668
v 1.596007 -0.097939 -0.230950
v 1.596007 -0.117089 -0.214356
v 1.596007 -0.099789 -0.176968
v 1.610901 -0.061226 -0.201751
v 1.610901 -0.082446 -0.244374
v 1.596007 -0.097939 -0.230950
v 1.596007 -0.078472 -0.190668
v 1.635000 -0.054639 -0.205984
v 1.635000 -0.076528 -0.249502
v 1.610901 -0.082446 -0.244374
v 1.610901 -0.061226 -0.201751
v 1.659099 -0.082446 -0.244374
v 1.659099 -0.107483 -0.282023
v 1.635000 -0.102356 -0.287941
v 1.635000 -0.076528 -0.249502
v 1.673993 -0.097939 -0.230950
v 1.673993 -0.120908 -0.266530
v 1.659099 -0.107483 -0.282023
v 1.659099 -0.082446 -0.244374
v 1.673993 -0.117089 -0.214356
v 1.673993 -0.137502 -0.247380
v 1.673993 -0.120908 -0.266530
v 1.673993 -0.097939 -0.230950
v 1.659099 -0.132582 -0.200931
v 1.659099 -0.150926 -0.231887
v 1.673993 -0.137502 -0.247380
v 1.673993 -0.117089 -0.214356
v 1.635000 -0.138500 -0.195803
v 1.635000 -0.156054 -0.225969
v 1.659099 -0.150926 -0.231887
v 1.659099 -0.132582 -0.200931
v 1.610901 -0.132582 -0.200931
v 1.610901 -0.150926 -0.231887
v 1.635000 -0.156054 -0.225969
v 1.635000 -0.138500 -0.195803
v 1.596007 -0.117089 -0.214356
v 1.596007 -0.137502 -0.247380
v 1.610901 -0.150926 -0.231887
v 1.610901 -0.132582 -0.200931
v 1.596007 -0.097939 -0.230950
v 1.596007 -0.120908 -0.266530
v 1.596007 -0.137502 -0.247380
v 1.596007 -0.117089 -0.214356
v 1.610901 -0.082446 -0.244374
v 1.610901 -0.107483 -0.282023
v 1.596007 -0.120908 -0.266530
v 1.596007 -0.097939 -0.230950
v 1.635000 -0.076528 -0.249502
v 1.635000 -0.102356 -0.287941
v 1.610901 -0.107483 -0.282023
v 1.610901 -0.082446 -0.244374
v 1.659099 -0.107483 -0.282023
v 1.659099 -0.135829 -0.313930
v 1.635000 -0.131596 -0.320518
v 1.635000 -0.102356 -0.287941
v 1.673993 -0.120908 -0.266530
v 1.673993 -0.146912 -0.296685
v 1.659099 -0.135829 -0.313930
v 1.659099 -0.107483 -0.282023
v 1.673993 -0.137502 -0.247380
v 1.673993 -0.160612 -0.275368
v 1.673993 -0.146912 -0.296685
v 1.673993 -0.120908 -0.266530
v 1.659099 -0.150926 -0.231887
v 1.659099 -0.171695 -0.258122
v 1.673993 -0.160612 -0.275368
v 1.673993 -0.137502 -0.247380
v 1.635000 -0.156054 -0.225969
v 1.635000 -0.175928 -0.251535
v 1.659099 -0.171695 -0.258122
v 1.659099 -0.150926 -0.231887
v 1.610901 -0.150926 -0.231887
v 1.610901 -0.171695 -0.258122
v 1.635000 -0.175928 -0.251535
v 1.635000 -0.156054 -0.225969
v 1.596007 -0.137502 -0.247380
v 1.596007 -0.160612 -0.275368
v 1.610901 -0.171695 -0.258122
v 1.610901 -0.150926 -0.231887
v 1.596007 -0.120908 -0.266530
v 1.596007 -0.146912 -0.296685
v 1.596007 -0.160612 -0.275368
v 1.596007 -0.137502 -0.247380
v 1.610901 -0.107483 -0.282023
v 1.610901 -0.135829 -0.313930
v 1.596007 -0.146912 -0.296685
v 1.596007 -0.120908 -0.266530
v 1.635000 -0.102356 -0.287941
v 1.635000 -0.131596 -0.320518
v 1.610901 -0.135829 -0.313930
v 1.610901 -0.107483 -0.282023
v 1.659099 -0.135829 -0.313930
v 1.659099 -0.166907 -0.339447
v 1.635000 -0.163654 -0.346570
v 1.635000 -0.131596 -0.320518
v 1.673993 -0.146912 -0.296685
v 1.673993 -0.175423 -0.320800
v 1.659099 -0.166907 -0.339447
v 1.659099 -0.135829 -0.313930
v 1.673993 -0.160612 -0.275368
v 1.673993 -0.185949 -0.297750
v 1.673993 -0.175423 -0.320800
v 1.673993 -0.146912 -0.296685
v 1.659099 -0.171695 -0.258122
v 1.659099 -0.194465 -0.279103
v 1.673993 -0.185949 -0.297750
v 1.673993 -0.160612 -0.275368
v 1.635000 -0.175928 -0.251535
v 1.635000 -0.197718 -0.271980
v 1.659099 -0.194465 -0.279103
v 1.659099 -0.171695 -0.258122
v 1.610901 -0.171695 -0.258122
v 1.610901 -0.194465 -0.279103
v 1.635000 -0.197718 -0.271980
v 1.635000 -0.175928 -0.251535
v 1.596007 -0.160612 -0.275368
v 1.596007 -0.185949 -0.297750
v 1.610901 -0.194465 -0.279103
v 1.610901 -0.171695 -0.258122
v 1.596007 -0.146912 -0.296685
v 1.596007 -0.175423 -0.320800
v 1.596007 -0.185949 -0.297750
v 1.596007 -0.160612 -0.275368
v 1.610901 -0.135829 -0.313930
v 1.610901 -0.166907 -0.339447
v 1.596007 -0.175423 -0.320800
v 1.596007 -0.146912 -0.296685
v 1.635000 -0.131596 -0.320518
v 1.635000 -0.163654 -0.346570
v 1.610901 -0.166907 -0.339447
v 1.610901 -0.135829 -0.313930
v 1.659099 -0.166907 -0.339447
v 1.659099 -0.200083 -0.358054
v 1.635000 -0.197876 -0.365567
v 1.635000 -0.163654 -0.346570
v 1.673993 -0.175423 -0.320800
v 1.673993 -0.205858 -0.338384
v 1.659099 -0.200083 -0.358054
v 1.659099 -0.166907 -0.339447
v 1.673993 -0.185949 -0.297750
v 1.673993 -0.212997 -0.314071
v 1.673993 -0.205858 -0.338384
v 1.673993 -0.175423 -0.320800
v 1.659099 -0.194465 -0.279103
v 1.659099 -0.218772 -0.294402
v 1.673993 -0.212997 -0.314071
v 1.673993 -0.185949 -0.297750
v 1.635000 -0.197718 -0.271980
v 1.635000 -0.220979 -0.286888
v 1.659099 -0.218772 -0.294402
v 1.659099 -0.194465 -0.279103
v 1.610901 -0.194465 -0.279103
v 1.610901 -0.218772 -0.294402
v 1.635000 -0.220979 -0.286888
v 1.635000 -0.197718 -0.271980
v 1.596007 -0.185949 -0.297750
v 1.596007 -0.212997 -0.314071
v 1.610901 -0.218772 -0.294402
v 1.610901 -0.194465 -0.279103
v 1.596007 -0.175423 -0.320800
v 1.596007 -0.205858 -0.338384
v 1.596007 -0.212997 -0.314071
v 1.596007 -0.185949 -0.297750
v 1.610901 -0.166907 -0.339447
v 1.610901 -0.200083 -0.358054
v 1.596007 -0.205858 -0.338384
v 1.596007 -0.175423 -0.320800
v 1.635000 -0.163654 -0.346570
v 1.635000 -0.197876 -0.365567
v 1.610901 -0.200083 -0.358054
v 1.610901 -0.166907 -0.339447
v 1.659099 -0.200083 -0.358054
v 1.659099 -0.234682 -0.369371
v 1.635000 -0.233567 -0.377122
v 1.635000 -0.197876 -0.365567
v 1.673993 -0.205858 -0.338384
v 1.673993 -0.237599 -0.349080
v 1.659099 -0.234682 -0.369371
v 1.659099 -0.200083 -0.358054
v 1.673993 -0.212997 -0.314071
v 1.673993 -0.241205 -0.323999
v 1.673993 -0.237599 -0.349080
v 1.673993 -0.205858 -0.338384
v 1.659099 -0.218772 -0.294402
v 1.659099 -0.244123 -0.303707
v 1.673993 -0.241205 -0.323999
v 1.673993 -0.212997 -0.314071
v 1.635000 -0.220979 -0.286888
v 1.635000 -0.245237 -0.295957
v 1.659099 -0.244123 -0.303707
v 1.659099 -0.218772 -0.294402
v 1.610901 -0.218772 -0.294402
v 1.610901 -0.244123 -0.303707
v 1.635000 -0.245237 -0.295957
v 1.635000 -0.220979 -0.286888
v 1.596007 -0.212997 -0.314071
v 1.596007 -0.241205 -0.323999
v 1.610901 -0.244123 -0.303707
v 1.610901 -0.218772 -0.294402
v 1.596007 -0.205858 -0.338384
v 1.596007 -0.237599 -0.349080
v 1.596007 -0.241205 -0.323999
v 1.596007 -0.212997 -0.314071
v 1.610901 -0.200083 -0.358054
v 1.610901 -0.234682 -0.369371
v 1.596007 -0.237599 -0.349080
v 1.596007 -0.205858 -0.338384
v 1.635000 -0.197876 -0.365567
v 1.635000 -0.233567 -0.377122
v 1.610901 -0.234682 -0.369371
v 1.610901 -0.200083 -0.358054
v 1.659099 -0.234682 -0.369371
v 1.659099 -0.270000 -0.373170
v 1.635000 -0.270000 -0.381000
v 1.635000 -0.233567 -0.377122
v 1.673993 -0.237599 -0.349080
v 1.673993 -0.270000 -0.352670
v 1.659099 -0.270000 -0.373170
v 1.659099 -0.234682 -0.369371
v 1.673993 -0.241205 -0.323999
v 1.673993 -0.270000 -0.327330
v 1.673993 -0.270000 -0.352670
v 1.673993 -0.237599 -0.349080
v 1.659099 -0.244123 -0.303707
v 1.659099 -0.270000 -0.306830
v 1.673993 -0.270000 -0.327330
v 1.673993 -0.241205 -0.323999
v 1.635000 -0.245237 -0.295957
v 1.635000 -0.270000 -0.299000
v 1.659099 -0.270000 -0.306830
v 1.659099 -0.244123 -0.303707
v 1.610901 -0.244123 -0.303707
v 1.610901 -0.270000 -0.306830
v 1.635000 -0.270000 -0.299000
v 1.635000 -0.245237 -0.295957
v 1.596007 -0.241205 -0.323999
v 1.596007 -0.270000 -0.327330
v 1.610901 -0.270000 -0.306830
v 1.610901 -0.244123 -0.303707
v 1.596007 -0.237599 -0.349080
v 1.596007 -0.270000 -0.352670
v 1.596007 -0.270000 -0.327330
v 1.596007 -0.241205 -0.323999
v 1.610901 -0.234682 -0.369371
v 1.610901 -0.270000 -0.373170
v 1.596007 -0.270000 -0.352670
v 1.596007 -0.237599 -0.349080
v 1.635000 -0.233567 -0.377122
v 1.635000 -0.270000 -0.381000
v 1.610901 -0.270000 -0.373170
v 1.610901 -0.234682 -0.369371
v 1.659099 -0.270000 -0.373170
v 1.659099 -0.305318 -0.369371
v 1.635000 -0.306433 -0.377122
v 1.635000 -0.270000 -0.381000
v 1.673993 -0.270000 -0.352670
v 1.673993 -0.302401 -0.349080
v 1.659099 -0.305318 -0.369371
v 1.659099 -0.270000 -0.373170
v 1.673993 -0.270000 -0.327330
v 1.673993 -0.298795 -0.323999
v 1.673993 -0.302401 -0.349080
v 1.673993 -0.270000 -0.352670
v 1.659099 -0.270000 -0.306830
v 1.659099 -0.295877 -0.303707
v 1.673993 -0.298795 -0.323999
v 1.673993 -0.270000 -0.327330
v 1.635000 -0.270000 -0.299000
v 1.635000 -0.294763 -0.295957
v 1.659099 -0.295877 -0.303707
v 1.659099 -0.270000 -0.306830
v 1.610901 -0.270000 -0.306830
v 1.610901 -0.295877 -0.303707
v 1.635000 -0.294763 -0.295957
v 1.635000 -0.270000 -0.299000
v 1.596007 -0.270000 -0.327330
v 1.596007 -0.298795 -0.323999
v 1.610901 -0.295877 -0.303707
v 1.610901 -0.270000 -0.306830
v 1.596007 -0.270000 -0.352670
v 1.596007 -0.302401 -0.349080
v 1.596007 -0.298795 -0.323999
v 1.596007 -0.270000 -0.327330
v 1.610901 -0.270000 -0.373170
v 1.610901 -0.305318 -0.369371
v 1.596007 -0.302401 -0.349080
v 1.596007 -0.270000 -0.352670
v 1.635000 -0.270000 -0.381000
v 1.635000 -0.306433 -0.377122
v 1.610901 -0.305318 -0.369371
v 1.610901 -0.270000 -0.373170
v 1.659099 -0.305318 -0.369371
v 1.659099 -0.339917 -0.358054
v 1.635000 -0.342124 -0.365567
v 1.635000 -0.306433 -0.377122
v 1.673993 -0.302401 -0.349080
v 1.673993 -0.334142 -0.338384
v 1.659099 -0.339917 -0.358054
v 1.659099 -0.305318 -0.369371
v 1.673993 -0.298795 -0.323999
v 1.673993 -0.327003 -0.314071
v 1.673993 -0.334142 -0.338384
v 1.673993 -0.302401 -0.349080
v 1.659099 -0.295877 -0.303707
v 1.659099 -0.321228 -0.294402
v 1.673993 -0.327003 -0.314071
v 1.673993 -0.298795 -0.323999
v 1.635000 -0.294763 -0.295957
v 1.635000 -0.319021 -0.286888
v 1.659099 -0.321228 -0.294402
v 1.659099 -0.295877 -0.303707
v 1.610901 -0.295877 -0.303707
v 1.610901 -0.321228 -0.294402
v 1.635000 -0.319021 -0.286888
v 1.635000 -0.294763 -0.295957
v 1.596007 -0.298795 -0.323999
v 1.596007 -0.327003 -0.314071
v 1.610901 -0.321228 -0.294402
v 1.610901 -0.295877 -0.303707
v 1.596007 -0.302401 -0.349080
v 1.596007 -0.334142 -0.338384
v 1.596007 -0.327003 -0.314071
v 1.596007 -0.298795 -0.323999
v 1.610901 -0.305318 -0.369371
v 1.610901 -0.339917 -0.358054
v 1.596007 -0.334142 -0.338384
v 1.596007 -0.302401 -0.349080
v 1.635000 -0.306433 -0.377122
v 1.635000 -0.342124 -0.365567
v 1.610901 -0.339917 -0.358054
v 1.610901 -0.305318 -0.369371
v 1.659099 -0.339917 -0.358054
v 1.659099 -0.373093 -0.339447
v 1.635000 -0.376346 -0.346570
v 1.635000 -0.342124 -0.365567
v 1.673993 -0.334142 -0.338384
v 1.673993 -0.364577 -0.320800
v 1.659099 -0.373093 -0.339447
v 1.659099 -0.339917 -0.358054
v 1.673993 -0.327003 -0.314071
v 1.673993 -0.354051 -0.297750
v 1.673993 -0.364577 -0.320800
v 1.673993 -0.334142 -0.338384
v 1.659099 -0.321228 -0.294402
v 1.659099 -0.345535 -0.279103
v 1.673993 -0.354051 -0.297750
v 1.673993 -0.327003 -0.314071
v 1.635000 -0.319021 -0.286888
v 1.635000 -0.342282 -0.271980
v 1.659099 -0.345535 -0.279103
v 1.659099 -0.321228 -0.294402
v 1.610901 -0.321228 -0.294402
v 1.610901 -0.345535 -0.279103
v 1.635000 -0.342282 -0.271980
v 1.635000 -0.319021 -0.286888
v 1.596007 -0.327003 -0.314071
v 1.596007 -0.354051 -0.297750
v 1.610901 -0.345535 -0.279103
v 1.610901 -0.321228 -0.294402
v 1.596007 -0.334142 -0.338384
v 1.596007 -0.364577 -0.320800
v 1.596007 -0.354051 -0.297750
v 1.596007 -0.327003 -0.314071
v 1.610901 -0.339917 -0.358054
v 1.610901 -0.373093 -0.339447
v 1.596007 -0.364577 -0.320800
v 1.596007 -0.334142 -0.338384
v 1.635000 -0.342124 -0.365567
v 1.635000 -0.376346 -0.346570
v 1.610901 -0.373093 -0.339447
v 1.610901 -0.339917 -0.358054
v 1.659099 -0.373093 -0.339447
v 1.659099 -0.404171 -0.313930
v 1.635000 -0.408404 -0.320518
v 1.635000 -0.376346 -0.346570
v 1.673993 -0.364577 -0.320800
v 1.673993 -0.393088 -0.296685
v 1.659099 -0.404171 -0.313930
v 1.659099 -0.373093 -0.339447
v 1.673993 -0.354051 -0.297750
v 1.673993 -0.379388 -0.275368
v 1.673993 -0.393088 -0.296685
v 1.673993 -0.364577 -0.320800
v 1.659099 -0.345535 -0.279103
v 1.659099 -0.368305 -0.258122
v 1.673993 -0.379388 -0.275368
v 1.673993 -0.354051 -0.297750
v 1.635000 -0.342282 -0.271980
v 1.635000 -0.364072 -0.251535
v 1.659099 -0.368305 -0.258122
v 1.659099 -0.345535 -0.279103
v 1.610901 -0.345535 -0.279103
v 1.610901 -0.368305 -0.258122
v 1.635000 -0.364072 -0.251535
v 1.635000 -0.342282 -0.271980
v 1.596007 -0.354051 -0.297750
v 1.596007 -0.379388 -0.275368
v 1.610901 -0.368305 -0.258122
v 1.610901 -0.345535 -0.279103
v 1.596007 -0.364577 -0.320800
v 1.596007 -0.393088 -0.296685
v 1.596007 -0.379388 -0.275368
v 1.596007 -0.354051 -0.297750
v 1.610901 -0.373093 -0.339447
v 1.610901 -0.404171 -0.313930
v 1.596007 -0.393088 -0.296685
v 1.596007 -0.364577 -0.320800
v 1.635000 -0.376346 -0.346570
v 1.635000 -0.408404 -0.320518
v 1.610901 -0.404171 -0.313930
v 1.610901 -0.373093 -0.339447
v 1.659099 -0.404171 -0.313930
v 1.659099 -0.432517 -0.282023
v 1.635000 -0.437644 -0.287941
v 1.635000 -0.408404 -0.320518
v 1.673993 -0.393088 -0.296685
v 1.673993 -0.419092 -0.266530
v 1.659099 -0.432517 -0.282023
v 1.659099 -0.404171 -0.313930
v 1.673993 -0.379388 -0.275368
v 1.673993 -0.402498 -0.247380
v 1.673993 -0.419092 -0.266530
v 1.673993 -0.393088 -0.296685
v 1.659099 -0.368305 -0.258122
v 1.659099 -0.389074 -0.231887
v 1.673993 -0.402498 -0.247380
v 1.673993 -0.379388 -0.275368
v 1.635000 -0.364072 -0.251535
v 1.635000 -0.383946 -0.225969
v 1.659099 -0.389074 -0.231887
v 1.659099 -0.368305 -0.258122
v 1.610901 -0.368305 -0.258122
v 1.610901 -0.389074 -0.231887
v 1.635000 -0.383946 -0.225969
v 1.635000 -0.364072 -0.251535
v 1.596007 -0.379388 -0.275368
v 1.596007 -0.402498 -0.247380
v 1.610901 -0.389074 -0.231887
v 1.610901 -0.368305 -0.258122
v 1.596007 -0.393088 -0.296685
v 1.596007 -0.419092 -0.266530
v 1.596007 -0.402498 -0.247380
v 1.596007 -0.379388 -0.275368
v 1.610901 -0.404171 -0.313930
v 1.610901 -0.432517 -0.282023
v 1.596007 -0.419092 -0.266530
v 1.596007 -0.393088 -0.296685
v 1.635000 -0.408404 -0.320518
v 1.635000 -0.437644 -0.287941
v 1.610901 -0.432517 -0.282023
v 1.610901 -0.404171 -0.313930
v 1.659099 -0.432517 -0.282023
v 1.659099 -0.457554 -0.244374
v 1.635000 -0.463472 -0.249502
v 1.635000 -0.437644 -0.287941
v 1.673993 -0.419092 -0.266530
v 1.673993 -0.442061 -0.230950
v 1.659099 -0.457554 -0.244374
v 1.659099 -0.432517 -0.282023
v 1.673993 -0.402498 -0.247380
v 1.673993 -0.422911 -0.214356
v 1.673993 -0.442061 -0.230950
v 1.673993 -0.419092 -0.266530
v 1.659099 -0.389074 -0.231887
v 1.659099 -0.407418 -0.200931
v 1.673993 -0.422911 -0.214356
v 1.673993 -0.402498 -0.247380
v 1.635000 -0.383946 -0.225969
v 1.635000 -0.401500 -0.195803
v 1.659099 -0.407418 -0.200931
v 1.659099 -0.389074 -0.231887
v 1.610901 -0.389074 -0.231887
v 1.610901 -0.407418 -0.200931
v 1.635000 -0.401500 -0.195803
v 1.635000 -0.383946 -0.225969
v 1.596007 -0.402498 -0.247380
v 1.596007 -0.422911 -0.214356
v 1.610901 -0.407418 -0.200931
v 1.610901 -0.389074 -0.231887
v 1.596007 -0.419092 -0.266530
v 1.596007 -0.442061 -0.230950
v 1.596007 -0.422911 -0.214356
v 1.596007 -0.402498 -0.247380
v 1.610901 -0.432517 -0.282023
v 1.610901 -0.457554 -0.244374
v 1.596007 -0.442061 -0.230950
v 1.596007 -0.419092 -0.266530
v 1.635000 -0.437644 -0.287941
v 1.635000 -0.463472 -0.249502
v 1.610901 -0.457554 -0.244374
v 1.610901 -0.432517 -0.282023
v 1.659099 -0.457554 -0.244374
v 1.659099 -0.478774 -0.201751
v 1.635000 -0.485361 -0.205984
v 1.635000 -0.463472 -0.249502
v 1.673993 -0.442061 -0.230950
v 1.673993 -0.461528 -0.190668
v 1.659099 -0.478774 -0.201751
v 1.659099 -0.457554 -0.244374
v 1.673993 -0.422911 -0.214356
v 1.673993 -0.440211 -0.176968
v 1.673993 -0.461528 -0.190668
v 1.673993 -0.442061 -0.230950
v 1.659099 -0.407418 -0.200931
v 1.659099 -0.422965 -0.165885
v 1.673993 -0.440211 -0.176968
v 1.673993 -0.422911 -0.214356
v 1.635000 -0.401500 -0.195803
v 1.635000 -0.416378 -0.161652
v 1.659099 -0.422965 -0.165885
v 1.659099 -0.407418 -0.200931
v 1.610901 -0.407418 -0.200931
v 1.610901 -0.422965 -0.165885
v 1.635000 -0.416378 -0.161652
v 1.635000 -0.401500 -0.195803
v 1.596007 -0.422911 -0.214356
v 1.596007 -0.440211 -0.176968
v 1.610901 -0.422965 -0.165885
v 1.610901 -0.407418 -0.200931
v 1.596007 -0.442061 -0.230950
v 1.596007 -0.461528 -0.190668
v 1.596007 -0.440211 -0.176968
v 1.596007 -0.422911 -0.214356
v 1.610901 -0.457554 -0.244374
v 1.610901 -0.478774 -0.201751
v 1.596007 -0.461528 -0.190668
v 1.596007 -0.442061 -0.230950
v 1.635000 -0.463472 -0.249502
v 1.635000 -0.485361 -0.205984
v 1.610901 -0.478774 -0.201751
v 1.610901 -0.457554 -0.244374
v 1.659099 -0.478774 -0.201751
v 1.659099 -0.495743 -0.155020
v 1.635000 -0.502866 -0.158273
v 1.635000 -0.485361 -0.205984
v 1.673993 -0.461528 -0.190668
v 1.673993 -0.477096 -0.146504
v 1.659099 -0.495743 -0.155020
v 1.659099 -0.478774 -0.201751
v 1.673993 -0.440211 -0.176968
v 1.673993 -0.454046 -0.135978
v 1.673993 -0.477096 -0.146504
v 1.673993 -0.461528 -0.190668
v 1.659099 -0.422965 -0.165885
v 1.659099 -0.435399 -0.127462
v 1.673993 -0.454046 -0.135978
v 1.673993 -0.440211 -0.176968
v 1.635000 -0.416378 -0.161652
v 1.635000 -0.428276 -0.124209
v 1.659099 -0.435399 -0.127462
v 1.659099 -0.422965 -0.165885
v 1.610901 -0.422965 -0.165885
v 1.610901 -0.435399 -0.127462
v 1.635000 -0.428276 -0.124209
v 1.635000 -0.416378 -0.161652
v 1.596007 -0.440211 -0.176968
v 1.596007 -0.454046 -0.135978
v 1.610901 -0.435399 -0.127462
v 1.610901 -0.422965 -0.165885
v 1.596007 -0.461528 -0.190668
v 1.596007 -0.477096 -0.146504
v 1.596007 -0.454046 -0.135978
v 1.596007 -0.440211 -0.176968
v 1.610901 -0.478774 -0.201751
v 1.610901 -0.495743 -0.155020
v 1.596007 -0.477096 -0.146504
v 1.596007 -0.461528 -0.190668
v 1.635000 -0.485361 -0.205984
v 1.635000 -0.502866 -0.158273
v 1.610901 -0.495743 -0.155020
v 1.610901 -0.478774 -0.201751
v 1.659099 -0.495743 -0.155020
v 1.659099 -0.508117 -0.105134
v 1.635000 -0.515630 -0.107340
v 1.635000 -0.502866 -0.158273
v 1.673993 -0.477096 -0.146504
v 1.673993 -0.488447 -0.099359
v 1.659099 -0.508117 -0.105134
v 1.659099 -0.495743 -0.155020
v 1.673993 -0.454046 -0.135978
v 1.673993 -0.464135 -0.092220
v 1.673993 -0.488447 -0.099359
v 1.673993 -0.477096 -0.146504
v 1.659099 -0.435399 -0.127462
v 1.659099 -0.444465 -0.086444
v 1.673993 -0.464135 -0.092220
v 1.673993 -0.454046 -0.135978
v 1.635000 -0.428276 -0.124209
v 1.635000 -0.436952 -0.084238
v 1.659099 -0.444465 -0.086444
v 1.659099 -0.435399 -0.127462
v 1.610901 -0.435399 -0.127462
v 1.610901 -0.444465 -0.086444
v 1.635000 -0.436952 -0.084238
v 1.635000 -0.428276 -0.124209
v 1.596007 -0.454046 -0.135978
v 1.596007 -0.464135 -0.092220
v 1.610901 -0.444465 -0.086444
v 1.610901 -0.435399 -0.127462
v 1.596007 -0.477096 -0.146504
v 1.596007 -0.488447 -0.099359
v 1.596007 -0.464135 -0.092220
v 1.596007 -0.454046 -0.135978
v 1.610901 -0.495743 -0.155020
v 1.610901 -0.508117 -0.105134
v 1.596007 -0.488447 -0.099359
v 1.596007 -0.477096 -0.146504
v 1.635000 -0.502866 -0.158273
v 1.635000 -0.515630 -0.107340
v 1.610901 -0.508117 -0.105134
v 1.610901 -0.495743 -0.155020
v 1.659099 -0.508117 -0.105134
v 1.659099 -0.515644 -0.053108
v 1.635000 -0.523394 -0.054222
v 1.635000 -0.515630 -0.107340
v 1.673993 -0.488447 -0.099359
v 1.673993 -0.495352 -0.050190
v 1.659099 -0.515644 -0.053108
v 1.659099 -0.508117 -0.105134
v 1.673993 -0.464135 -0.092220
v 1.673993 -0.470271 -0.046584
v 1.673993 -0.495352 -0.050190
v 1.673993 -0.488447 -0.099359
v 1.659099 -0.444465 -0.086444
v 1.659099 -0.449980 -0.043667
v 1.673993 -0.470271 -0.046584
v 1.673993 -0.464135 -0.092220
v 1.635000 -0.436952 -0.084238
v 1.635000 -0.442229 -0.042552
v 1.659099 -0.449980 -0.043667
v 1.659099 -0.444465 -0.086444
v 1.610901 -0.444465 -0.086444
v 1.610901 -0.449980 -0.043667
v 1.635000 -0.442229 -0.042552
v 1.635000 -0.436952 -0.084238
v 1.596007 -0.464135 -0.092220
v 1.596007 -0.470271 -0.046584
v 1.610901 -0.449980 -0.043667
v 1.610901 -0.444465 -0.086444
v 1.596007 -0.488447 -0.099359
v 1.596007 -0.495352 -0.050190
v 1.596007 -0.470271 -0.046584
v 1.596007 -0.464135 -0.092220
v 1.610901 -0.508117 -0.105134
v 1.610901 -0.515644 -0.053108
v 1.596007 -0.495352 -0.050190
v 1.596007 -0.488447 -0.099359
v 1.635000 -0.515630 -0.107340
v 1.635000 -0.523394 -0.054222
v 1.610901 -0.515644 -0.053108
v 1.610901 -0.508117 -0.105134
v 1.659099 -0.515644 -0.053108
v 1.659099 -0.518170 -0.000000
v 1.635000 -0.526000 -0.000000
v 1.635000 -0.523394 -0.054222
v 1.673993 -0.495352 -0.050190
v 1.673993 -0.497670 -0.000000
v 1.659099 -0.518170 -0.000000
v 1.659099 -0.515644 -0.053108
v 1.673993 -0.470271 -0.046584
v 1.673993 -0.472330 -0.000000
v 1.673993 -0.497670 -0.000000
v 1.673993 -0.495352 -0.050190
v 1.659099 -0.449980 -0.043667
v 1.659099 -0.451830 -0.000000
v 1.673993 -0.472330 -0.000000
v 1.673993 -0.470271 -0.046584
v 1.635000 -0.442229 -0.042552
v 1.635000 -0.444000 -0.000000
v 1.659099 -0.451830 -0.000000
v 1.659099 -0.449980 -0.043667
v 1.610901 -0.449980 -0.043667
v 1.610901 -0.451830 -0.000000
v 1.635000 -0.444000 -0.000000
v 1.635000 -0.442229 -0.042552
v 1.596007 -0.470271 -0.046584
v 1.596007 -0.472330 -0.000000
v 1.610901 -0.451830 -0.000000
v 1.610901 -0.449980 -0.043667
v 1.596007 -0.495352 -0.050190
v 1.596007 -0.497670 -0.000000
v 1.596007 -0.472330 -0.000000
v 1.596007 -0.470271 -0.046584
v 1.610901 -0.515644 -0.053108
v 1.610901 -0.518170 -0.000000
v 1.596007 -0.497670 -0.000000
v 1.596007 -0.495352 -0.050190
v 1.635000 -0.523394 -0.054222
v 1.635000 -0.526000 -0.000000
v 1.610901 -0.518170 -0.000000
v 1.610901 -0.515644 -0.053108
v 1.659099 -0.518170 -0.000000
v 1.659099 -0.515644 0.053108
v 1.635000 -0.523394 0.054222
v 1.635000 -0.526000 -0.000000
v 1.673993 -0.497670 -0.000000
v 1.673993 -0.495352 0.050190
v 1.659099 -0.515644 0.053108
v 1.659099 -0.518170 -0.000000
v 1.673993 -0.472330 -0.000000
v 1.673993 -0.470271 0.046584
v 1.673993 -0.495352 0.050190
v 1.673993 -0.497670 -0.000000
v 1.659099 -0.451830 -0.000000
v 1.659099 -0.449980 0.043667
v 1.673993 -0.470271 0.046584
v 1.673993 -0.472330 -0.000000
v 1.635000 -0.444000 -0.000000
v 1.635000 -0.442229 0.042552
v 1.659099 -0.449980 0.043667
v 1.659099 -0.451830 -0.000000
v 1.610901 -0.451830 -0.000000
v 1.610901 -0.449980 0.043667
v 1.635000 -0.442229 0.042552
v 1.635000 -0.444000 -0.000000
v 1.596007 -0.472330 -0.000000
v 1.596007 -0.470271 0.046584
v 1.610901 -0.449980 0.043667
v 1.610901 -0.451830 -0.000000
v 1.596007 -0.497670 -0.000000
v 1.596007 -0.495352 0.050190
v 1.596007 -0.470271 0.046584
v 1.596007 -0.472330 -0.000000
v 1.610901 -0.518170 -0.000000
v 1.610901 -0.515644 0.053108
v 1.596007 -0.495352 0.050190
v 1.596007 -0.497670 -0.000000
v 1.635000 -0.526000 -0.000000
v 1.635000 -0.523394 0.054222
v 1.610901 -0.515644 0.053108
v 1.610901 -0.518170 -0.000000
v 1.659099 -0.515644 0.053108
v 1.659099 -0.508117 0.105134
v 1.635000 -0.515630 0.107340
v 1.635000 -0.523394 0.054222
v 1.673993 -0.495352 0.050190
v 1.673993 -0.488447 0.099359
v 1.659099 -0.508117 0.105134
v 1.659099 -0.515644 0.053108
v 1.673993 -0.470271 0.046584
v 1.673993 -0.464135 0.092220
v 1.673993 -0.488447 0.099359
v 1.673993 -0.495352 0.050190
v 1.659099 -0.449980 0.043667
v 1.659099 -0.444465 0.086444
v 1.673993 -0.464135 0.092220
v 1.673993 -0.470271 0.046584
v 1.635000 -0.442229 0.042552
v 1.635000 -0.436952 0.084238
v 1.659099 -0.444465 0.086444
v 1.659099 -0.449980 0.043667
v 1.610901 -0.449980 0.043667
v 1.610901 -0.444465 0.086444
v 1.635000 -0.436952 0.084238
v 1.635000 -0.442229 0.042552
v 1.596007 -0.470271 0.046584
v 1.596007 -0.464135 0.092220
v 1.610901 -0.444465 0.086444
v 1.610901 -0.449980 0.043667
v 1.596007 -0.495352 0.050190
v 1.596007 -0.488447 0.099359
v 1.596007 -0.464135 0.092220
v 1.596007 -0.470271 0.046584
v 1.610901 -0.515644 0.053108
v 1.610901 -0.508117 0.105134
v 1.596007 -0.488447 0.099359
v 1.596007 -0.495352 0.050190
v 1.635000 -0.523394 0.054222
v 1.635000 -0.515630 0.107340
v 1.610901 -0.508117 0.105134
v 1.610901 -0.515644 0.053108
v 1.659099 -0.508117 0.105134
v 1.659099 -0.495743 0.155020
v 1.635000 -0.502866 0.158273
v 1.635000 -0.515630 0.107340
v 1.673993 -0.488447 0.099359
v 1.673993 -0.477096 0.146504
v 1.659099 -0.495743 0.155020
v 1.659099 -0.508117 0.105134
v 1.673993 -0.464135 0.092220
v 1.673993 -0.454046 0.135978
v 1.673993 -0.477096 0.146504
v 1.673993 -0.488447 0.099359
v 1.659099 -0.444465 0.086444
v 1.659099 -0.435399 0.127462
v 1.673993 -0.454046 0.135978
v 1.673993 -0.464135 0.092220
v 1.635000 -0.436952 0.084238
v 1.635000 -0.428276 0.124209
v 1.659099 -0.435399 0.127462
v 1.659099 -0.444465 0.086444
v 1.610901 -0.444465 0.086444
v 1.610901 -0.435399 0.127462
v 1.635000 -0.428276 0.124209
v 1.635000 -0.436952 0.084238
v 1.596007 -0.464135 0.092220
v 1.596007 -0.454046 0.135978
v 1.610901 -0.435399 0.127462
v 1.610901 -0.444465 0.086444
v 1.596007 -0.488447 0.099359
v 1.596007 -0.477096 0.146504
v 1.596007 -0.454046 0.135978
v 1.596007 -0.464135 0.092220
v 1.610901 -0.508117 0.105134
v 1.610901 -0.495743 0.155020
v 1.596007 -0.477096 0.146504
v 1.596007 -0.488447 0.099359
v 1.635000 -0.515630 0.107340
v 1.635000 -0.502866 0.158273
v 1.610901 -0.495743 0.155020
v 1.610901 -0.508117 0.105134
v 1.659099 -0.495743 0.155020
v 1.659099 -0.478774 0.201751
v 1.635000 -0.485361 0.205984
v 1.635000 -0.502866 0.158273
v 1.673993 -0.477096 0.146504
v 1.673993 -0.461528 0.190668
v 1.659099 -0.478774 0.201751
v 1.659099 -0.495743 0.155020
v 1.673993 -0.454046 0.135978
v 1.673993 -0.440211 0.176968
v 1.673993 -0.461528 0.190668
v 1.673993 -0.477096 0.146504
v 1.659099 -0.435399 0.127462
v 1.659099 -0.422965 0.165885
v 1.673993 -0.440211 0.176968
v 1.673993 -0.454046 0.135978
v 1.635000 -0.428276 0.124209
v 1.635000 -0.416378 0.161652
v 1.659099 -0.422965 0.165885
v 1.659099 -0.435399 0.127462
v 1.610901 -0.435399 0.127462
v 1.610901 -0.422965 0.165885
v 1.635000 -0.416378 0.161652
v 1.635000 -0.428276 0.124209
v 1.596007 -0.454046 0.135978
v 1.596007 -0.440211 0.176968
v 1.610901 -0.422965 0.165885
v 1.610901 -0.435399 0.127462
v 1.596007 -0.477096 0.146504
v 1.596007 -0.461528 0.190668
v 1.596007 -0.440211 0.176968
v 1.596007 -0.454046 0.135978
v 1.610901 -0.495743 0.155020
v 1.610901 -0.478774 0.201751
v 1.596007 -0.461528 0.190668
v 1.596007 -0.477096 0.146504
v 1.635000 -0.502866 0.158273
v 1.635000 -0.485361 0.205984
v 1.610901 -0.478774 0.201751
v 1.610901 -0.495743 0.155020
v 1.659099 -0.478774 0.201751
v 1.659099 -0.457554 0.244374
v 1.635000 -0.463472 0.249502
v 1.635000 -0.485361 0.205984
v 1.673993 -0.461528 0.190668
v 1.673993 -0.442061 0.230950
v 1.659099 -0.457554 0.244374
v 1.659099 -0.478774 0.201751
v 1.673993 -0.440211 0.176968
v 1.673993 -0.422911 0.214356
v 1.673993 -0.442061 0.230950
v 1.673993 -0.461528 0.190668
v 1.659099 -0.422965 0.165885
v 1.659099 -0.407418 0.200931
v 1.673993 -0.422911 0.214356
v 1.673993 -0.440211 0.176968
v 1.635000 -0.416378 0.161652
v 1.635000 -0.401500 0.195803
v 1.659099 -0.407418 0.200931
v 1.659099 -0.422965 0.165885
v 1.610901 -0.422965 0.165885
v 1.610901 -0.407418 0.200931
v 1.635000 -0.401500 0.195803
v 1.635000 -0.416378 0.161652
v 1.596007 -0.440211 0.176968
v 1.596007 -0.422911 0.214356
v 1.610901 -0.407418 0.200931
v 1.610901 -0.422965 0.165885
v 1.596007 -0.461528 0.190668
v 1.596007 -0.442061 0.230950
v 1.596007 -0.422911 0.214356
v 1.596007 -0.440211 0.176968
v 1.610901 -0.478774 0.201751
v 1.610901 -0.457554 0.244374
v 1.596007 -0.442061 0.230950
v 1.596007 -0.461528 0.190668
v 1.635000 -0.485361 0.205984
v 1.635000 -0.463472 0.249502
v 1.610901 -0.457554 0.244374
v 1.610901 -0.478774 0.201751
v 1.659099 -0.457554 0.244374
v 1.659099 -0.432517 0.282023
v 1.635000 -0.437644 0.287941
v 1.635000 -0.463472 0.249502
v 1.673993 -0.442061 0.230950
v 1.673993 -0.419092 0.266530
v 1.659099 -0.432517 0.282023
v 1.659099 -0.457554 0.244374
v 1.673993 -0.422911 0.214356
v 1.673993 -0.402498 0.247380
v 1.673993 -0.419092 0.266530
v 1.673993 -0.442061 0.230950
v 1.659099 -0.407418 0.200931
v 1.659099 -0.389074 0.231887
v 1.673993 -0.402498 0.247380
v 1.673993 -0.422911 0.214356
v 1.635000 -0.401500 0.195803
v 1.635000 -0.383946 0.225969
v 1.659099 -0.389074 0.231887
v 1.659099 -0.407418 0.200931
v 1.610901 -0.407418 0.200931
v 1.610901 -0.389074 0.231887
v 1.635000 -0.383946 0.225969
v 1.635000 -0.401500 0.195803
v 1.596007 -0.422911 0.214356
v 1.596007 -0.402498 0.247380
v 1.610901 -0.389074 0.231887
v 1.610901 -0.407418 0.200931
v 1.596007 -0.442061 0.230950
v 1.596007 -0.419092 0.266530
v 1.596007 -0.402498 0.247380
v 1.596007 -0.422911 0.214356
v 1.610901 -0.457554 0.244374
v 1.610901 -0.432517 0.282023
v 1.596007 -0.419092 0.266530
v 1.596007 -0.442061 0.230950
v 1.635000 -0.463472 0.249502
v 1.635000 -0.437644 0.287941
v 1.610901 -0.432517 0.282023
v 1.610901 -0.457554 0.244374
v 1.659099 -0.432517 0.282023
v 1.659099 -0.404171 0.313930
v 1.635000 -0.408404 0.320518
v 1.635000 -0.437644 0.287941
v 1.673993 -0.419092 0.266530
v 1.673993 -0.393088 0.296685
v 1.659099 -0.404171 0.313930
v 1.659099 -0.432517 0.282023
v 1.673993 -0.402498 0.247380
v 1.673993 -0.379388 0.275368
v 1.673993 -0.393088 0.296685
v 1.673993 -0.419092 0.266530
v 1.659099 -0.389074 0.231887
v 1.659099 -0.368305 0.258122
v 1.673993 -0.379388 0.275368
v 1.673993 -0.402498 0.247380
v 1.635000 -0.383946 0.225969
v 1.635000 -0.364072 0.251535
v 1.659099 -0.368305 0.258122
v 1.659099 -0.389074 0.231887
v 1.610901 -0.389074 0.231887
v 1.610901 -0.368305 0.258122
v 1.635000 -0.364072 0.251535
v 1.635000 -0.383946 0.225969
v 1.596007 -0.402498 0.247380
v 1.596007 -0.379388 0.275368
v 1.610901 -0.368305 0.258122
v 1.610901 -0.389074 0.231887
v 1.596007 -0.419092 0.266530
v 1.596007 -0.393088 0.296685
v 1.596007 -0.379388 0.275368
v 1.596007 -0.402498 0.247380
v 1.610901 -0.432517 0.282023
v 1.610901 -0.404171 0.313930
v 1.596007 -0.393088 0.296685
v 1.596007 -0.419092 0.266530
v 1.635000 -0.437644 0.287941
v 1.635000 -0.408404 0.320518
v 1.610901 -0.404171 0.313930
v 1.610901 -0.432517 0.282023
v 1.659099 -0.404171 0.313930
v 1.659099 -0.373093 0.339447
v 1.635000 -0.376346 0.346570
v 1.635000 -0.408404 0.320518
v 1.673993 -0.393088 0.296685
v 1.673993 -0.364577 0.320800
v 1.659099 -0.373093 0.339447
v 1.659099 -0.404171 0.313930
v 1.673993 -0.379388 0.275368
v 1.673993 -0.354051 0.297750
v 1.673993 -0.364577 0.320800
v 1.673993 -0.393088 0.296685
v 1.659099 -0.368305 0.258122
v 1.659099 -0.345535 0.279103
v 1.673993 -0.354051 0.297750
v 1.673993 -0.379388 0.275368
v 1.635000 -0.364072 0.251535
v 1.635000 -0.342282 0.271980
v 1.659099 -0.345535 0.279103
v 1.659099 -0.368305 0.258122
v 1.610901 -0.368305 0.258122
v 1.610901 -0.345535 0.279103
v 1.635000 -0.342282 0.271980
v 1.635000 -0.364072 0.251535
v 1.596007 -0.379388 0.275368
v 1.596007 -0.354051 0.297750
v 1.610901 -0.345535 0.279103
v 1.610901 -0.368305 0.258122
v 1.596007 -0.393088 0.296685
v 1.596007 -0.364577 0.320800
v 1.596007 -0.354051 0.297750
v 1.596007 -0.379388 0.275368
v 1.610901 -0.404171 0.313930
v 1.610901 -0.373093 0.339447
v 1.596007 -0.364577 0.320800
v 1.596007 -0.393088 0.296685
v 1.635000 -0.408404 0.320518
v 1.635000 -0.376346 0.346570
v 1.610901 -0.373093 0.339447
v 1.610901 -0.404171 0.313930
v 1.659099 -0.373093 0.339447
v 1.659099 -0.339917 0.358054
v 1.635000 -0.342124 0.365567
v 1.635000 -0.376346 0.346570
v 1.673993 -0.364577 0.320800
v 1.673993 -0.334142 0.338384
v 1.659099 -0.339917 0.358054
v 1.659099 -0.373093 0.339447
v 1.673993 -0.354051 0.297750
v 1.673993 -0.327003 0.314071
v 1.673993 -0.334142 0.338384
v 1.673993 -0.364577 0.320800
v 1.659099 -0.345535 0.279103
v 1.659099 -0.321228 0.294402
v 1.673993 -0.327003 0.314071
v 1.673993 -0.354051 0.297750
v 1.635000 -0.342282 0.271980
v 1.635000 -0.319021 0.286888
v 1.659099 -0.321228 0.294402
v 1.659099 -0.345535 0.279103
v 1.610901 -0.345535 0.279103
v 1.610901 -0.321228 0.294402
v 1.635000 -0.319021 0.286888
v 1.635000 -0.342282 0.271980
v 1.596007 -0.354051 0.297750
v 1.596007 -0.327003 0.314071
v 1.610901 -0.321228 0.294402
v 1.610901 -0.345535 0.279103
v 1.596007 -0.364577 0.320800
v 1.596007 -0.334142 0.338384
v 1.596007 -0.327003 0.314071
v 1.596007 -0.354051 0.297750
v 1.610901 -0.373093 0.339447
v 1.610901 -0.339917 0.358054
v 1.596007 -0.334142 0.338384
v 1.596007 -0.364577 0.320800
v 1.635000 -0.376346 0.346570
v 1.635000 -0.342124 0.365567
v 1.610901 -0.339917 0.358054
v 1.610901 -0.373093 0.339447
v 1.659099 -0.339917 0.358054
v 1.659099 -0.305318 0.369371
v 1.635000 -0.306433 0.377122
v 1.635000 -0.342124 0.365567
v 1.673993 -0.334142 0.338384
v 1.673993 -0.302401 0.349080
v 1.659099 -0.305318 0.369371
v 1.659099 -0.339917 0.358054
v 1.673993 -0.327003 0.314071
v 1.673993 -0.298795 0.323999
v 1.673993 -0.302401 0.349080
v 1.673993 -0.334142 0.338384
v 1.659099 -0.321228 0.294402
v 1.659099 -0.295877 0.303707
v 1.673993 -0.298795 0.323999
v 1.673993 -0.327003 0.314071
v 1.635000 -0.319021 0.286888
v 1.635000 -0.294763 0.295957
v 1.659099 -0.295877 0.303707
v 1.659099 -0.321228 0.294402
v 1.610901 -0.321228 0.294402
v 1.610901 -0.295877 0.303707
v 1.635000 -0.294763 0.295957
v 1.635000 -0.319021 0.286888
v 1.596007 -0.327003 0.314071
v 1.596007 -0.298795 0.323999
v 1.610901 -0.295877 0.303707
v 1.610901 -0.321228 0.294402
v 1.596007 -0.334142 0.338384
v 1.596007 -0.302401 0.349080
v 1.596007 -0.298795 0.323999
v 1.596007 -0.327003 0.314071
v 1.610901 -0.339917 0.358054
v 1.610901 -0.305318 0.369371
v 1.596007 -0.302401 0.349080
v 1.596007 -0.334142 0.338384
v 1.635000 -0.342124 0.365567
v 1.635000 -0.306433 0.377122
v 1.610901 -0.305318 0.369371
v 1.610901 -0.339917 0.358054
v 1.659099 -0.305318 0.369371
v 1.659099 -0.270000 0.373170
v 1.635000 -0.270000 0.381000
v 1.635000 -0.306433 0.377122
v 1.673993 -0.302401 0.349080
v 1.673993 -0.270000 0.352670
v 1.659099 -0.270000 0.373170
v 1.659099 -0.305318 0.369371
v 1.673993 -0.298795 0.323999
v 1.673993 -0.270000 0.327330
v 1.673993 -0.270000 0.352670
v 1.673993 -0.302401 0.349080
v 1.659099 -0.295877 0.303707
v 1.659099 -0.270000 0.306830
v 1.673993 -0.270000 0.327330
v 1.673993 -0.298795 0.323999
v 1.635000 -0.294763 0.295957
v 1.635000 -0.270000 0.299000
v 1.659099 -0.270000 0.306830
v 1.659099 -0.295877 0.303707
v 1.610901 -0.295877 0.303707
v 1.610901 -0.270000 0.306830
v 1.635000 -0.270000 0.299000
v 1.635000 -0.294763 0.295957
v 1.596007 -0.298795 0.323999
v 1.596007 -0.270000 0.327330
v 1.610901 -0.270000 0.306830
v 1.610901 -0.295877 0.303707
v 1.596007 -0.302401 0.349080
v 1.596007 -0.270000 0.352670
v 1.596007 -0.270000 0.327330
v 1.596007 -0.298795 0.323999
v 1.610901 -0.305318 0.369371
v 1.610901 -0.270000 0.373170
v 1.596007 -0.270000 0.352670
v 1.596007 -0.302401 0.349080
v 1.635000 -0.306433 0.377122
v 1.635000 -0.270000 0.381000
v 1.610901 -0.270000 0.373170
v 1.610901 -0.305318 0.369371
v 1.612000 -0.205000 -0.425000
v 1.653000 -0.205000 -0.425000
v 1.653000 -0.335000 -0.425000
v 1.612000 -0.335000 -0.425000
v 1.653000 -0.205000 -0.255000
v 1.612000 -0.205000 -0.255000
v 1.612000 -0.335000 -0.255000
v 1.653000 -0.335000 -0.255000
v 1.612000 -0.205000 -0.255000
v 1.612000 -0.205000 -0.425000
v 1.612000 -0.335000 -0.425000
v 1.612000 -0.335000 -0.255000
v 1.653000 -0.205000 -0.425000
v 1.653000 -0.205000 -0.255000
v 1.653000 -0.335000 -0.255000
v 1.653000 -0.335000 -0.425000
v 1.612000 -0.205000 -0.255000
v 1.653000 -0.205000 -0.255000
v 1.653000 -0.205000 -0.425000
v 1.612000 -0.205000 -0.425000
v 1.612000 -0.335000 -0.425000
v 1.653000 -0.335000 -0.425000
v 1.653000 -0.335000 -0.255000
v 1.612000 -0.335000 -0.255000
v 1.612000 -0.205000 0.255000
v 1.653000 -0.205000 0.255000
v 1.653000 -0.335000 0.255000
v 1.612000 -0.335000 0.255000
v 1.653000 -0.205000 0.425000
v 1.612000 -0.205000 0.425000
v 1.612000 -0.335000 0.425000
v 1.653000 -0.335000 0.425000
v 1.612000 -0.205000 0.425000
v 1.612000 -0.205000 0.255000
v 1.612000 -0.335000 0.255000
v 1.612000 -0.335000 0.425000
v 1.653000 -0.205000 0.255000
v 1.653000 -0.205000 0.425000
v 1.653000 -0.335000 0.425000
v 1.653000 -0.335000 0.255000
v 1.612000 -0.205000 0.425000
v 1.653000 -0.205000 0.425000
v 1.653000 -0.205000 0.255000
v 1.612000 -0.205000 0.255000
v 1.612000 -0.335000 0.255000
v 1.653000 -0.335000 0.255000
v 1.653000 -0.335000 0.425000
v 1.612000 -0.335000 0.425000
v -1.290000 0.325000 0.995000
v -1.050000 0.325000 0.995000
v -1.050000 0.080000 0.995000
v -1.290000 0.080000 0.995000
v -1.050000 0.325000 1.042000
v -1.290000 0.325000 1.042000
v -1.290000 0.080000 1.042000
v -1.050000 0.080000 1.042000
v -1.290000 0.325000 1.042000
v -1.290000 0.325000 0.995000
v -1.290000 0.080000 0.995000
v -1.290000 0.080000 1.042000
v -1.050000 0.325000 0.995000
v -1.050000 0.325000 1.042000
v -1.050000 0.080000 1.042000
v -1.050000 0.080000 0.995000
v -1.290000 0.325000 1.042000
v -1.050000 0.325000 1.042000
v -1.050000 0.325000 0.995000
v -1.290000 0.325000 0.995000
v -1.290000 0.080000 0.995000
v -1.050000 0.080000 0.995000
v -1.050000 0.080000 1.042000
v -1.290000 0.080000 1.042000
v -1.170000 0.240000 1.046400
v -1.146000 0.240000 1.050000
v -1.150584 0.254107 1.050000
v -1.170000 0.240000 1.046400
v -1.150584 0.254107 1.050000
v -1.162584 0.262825 1.050000
v -1.170000 0.240000 1.046400
v -1.162584 0.262825 1.050000
v -1.177416 0.262825 1.050000
v -1.170000 0.240000 1.046400
v -1.177416 0.262825 1.050000
v -1.189416 0.254107 1.050000
v -1.170000 0.240000 1.046400
v -1.189416 0.254107 1.050000
v -1.194000 0.240000 1.050000
v -1.170000 0.240000 1.046400
v -1.194000 0.240000 1.050000
v -1.189416 0.225893 1.050000
v -1.170000 0.240000 1.046400
v -1.189416 0.225893 1.050000
v -1.177416 0.217175 1.050000
v -1.170000 0.240000 1.046400
v -1.177416 0.217175 1.050000
v -1.162584 0.217175 1.050000
v -1.170000 0.240000 1.046400
v -1.162584 0.217175 1.050000
v -1.150584 0.225893 1.050000
v -1.170000 0.240000 1.046400
v -1.150584 0.225893 1.050000
v -1.146000 0.240000 1.050000
v -0.120000 0.325000 0.995000
v 0.120000 0.325000 0.995000
v 0.120000 0.080000 0.995000
v -0.120000 0.080000 0.995000
v 0.120000 0.325000 1.042000
v -0.120000 0.325000 1.042000
v -0.120000 0.080000 1.042000
v 0.120000 0.080000 1.042000
v -0.120000 0.325000 1.042000
v -0.120000 0.325000 0.995000
v -0.120000 0.080000 0.995000
v -0.120000 0.080000 1.042000
v 0.120000 0.325000 0.995000
v 0.120000 0.325000 1.042000
v 0.120000 0.080000 1.042000
v 0.120000 0.080000 0.995000
v -0.120000 0.325000 1.042000
v 0.120000 0.325000 1.042000
v 0.120000 0.325000 0.995000
v -0.120000 0.325000 0.995000
v -0.120000 0.080000 0.995000
v 0.120000 0.080000 0.995000
v 0.120000 0.080000 1.042000
v -0.120000 0.080000 1.042000
v 0.000000 0.240000 1.046400
v 0.024000 0.240000 1.050000
v 0.019416 0.254107 1.050000
v 0.000000 0.240000 1.046400
v 0.019416 0.254107 1.050000
v 0.007416 0.262825 1.050000
v 0.000000 0.240000 1.046400
v 0.007416 0.262825 1.050000
v -0.007416 0.262825 1.050000
v 0.000000 0.240000 1.046400
v -0.007416 0.262825 1.050000
v -0.019416 0.254107 1.050000
v 0.000000 0.240000 1.046400
v -0.019416 0.254107 1.050000
v -0.024000 0.240000 1.050000
v 0.000000 0.240000 1.046400
v -0.024000 0.240000 1.050000
v -0.019416 0.225893 1.050000
v 0.000000 0.240000 1.046400
v -0.019416 0.225893 1.050000
v -0.007416 0.217175 1.050000
v 0.000000 0.240000 1.046400
v -0.007416 0.217175 1.050000
v 0.007416 0.217175 1.050000
v 0.000000 0.240000 1.046400
v 0.007416 0.217175 1.050000
v 0.019416 0.225893 1.050000
v 0.000000 0.240000 1.046400
v 0.019416 0.225893 1.050000
v 0.024000 0.240000 1.050000
v 1.050000 0.325000 0.995000
v 1.290000 0.325000 0.995000
v 1.290000 0.080000 0.995000
v 1.050000 0.080000 0.995000
v 1.290000 0.325000 1.042000
v 1.050000 0.325000 1.042000
v 1.050000 0.080000 1.042000
v 1.290000 0.080000 1.042000
v 1.050000 0.325000 1.042000
v 1.050000 0.325000 0.995000
v 1.050000 0.080000 0.995000
v 1.050000 0.080000 1.042000
v 1.290000 0.325000 0.995000
v 1.290000 0.325000 1.042000
v 1.290000 0.080000 1.042000
v 1.290000 0.080000 0.995000
v 1.050000 0.325000 1.042000
v 1.290000 0.325000 1.042000
v 1.290000 0.325000 0.995000
v 1.050000 0.325000 0.995000
v 1.050000 0.080000 0.995000
v 1.290000 0.080000 0.995000
v 1.290000 0.080000 1.042000
v 1.050000 0.080000 1.042000
v 1.170000 0.240000 1.046400
v 1.194000 0.240000 1.050000
v 1.189416 0.254107 1.050000
v 1.170000 0.240000 1.046400
v 1.189416 0.254107 1.050000
v 1.177416 0.262825 1.050000
v 1.170000 0.240000 1.046400
v 1.177416 0.262825 1.050000
v 1.162584 0.262825 1.050000
v 1.170000 0.240000 1.046400
v 1.162584 0.262825 1.050000
v 1.150584 0.254107 1.050000
v 1.170000 0.240000 1.046400
v 1.150584 0.254107 1.050000
v 1.146000 0.240000 1.050000
v 1.170000 0.240000 1.046400
v 1.146000 0.240000 1.050000
v 1.150584 0.225893 1.050000
v 1.170000 0.240000 1.046400
v 1.150584 0.225893 1.050000
v 1.162584 0.217175 1.050000
v 1.170000 0.240000 1.046400
v 1.162584 0.217175 1.050000
v 1.177416 0.217175 1.050000
v 1.170000 0.240000 1.046400
v 1.177416 0.217175 1.050000
v 1.189416 0.225893 1.050000
v 1.170000 0.240000 1.046400
v 1.189416 0.225893 1.050000
v 1.194000 0.240000 1.050000
vt 0.004138 0.927769
vt 0.037737 0.927769
vt 0.020850 0.899210
vt 0.987250 0.899210
vt 0.004138 0.925409
vt 0.004138 0.927769
vt 0.987250 0.899210
vt 0.987250 0.896850
vt 0.020850 0.896850
vt 0.020850 0.899210
vt 0.037737 0.927769
vt 0.037737 0.925409
vt 0.021025 0.945867
vt 0.054625 0.945867
vt 0.037737 0.927769
vt 0.004138 0.927769
vt 0.021025 0.943507
vt 0.021025 0.945867
vt 0.004138 0.927769
vt 0.004138 0.925409
vt 0.037737 0.925409
vt 0.037737 0.927769
vt 0.054625 0.945867
vt 0.054625 0.943507
vt 0.037913 0.962122
vt 0.071512 0.962122
vt 0.054625 0.945867
vt 0.021025 0.945867
vt 0.037913 0.959762
vt 0.037913 0.962122
vt 0.021025 0.945867
vt 0.021025 0.943507
vt 0.054625 0.943507
vt 0.054625 0.945867
vt 0.071512 0.962122
vt 0.071512 0.959762
vt 0.054800 0.977372
vt 0.088400 0.977372
vt 0.071512 0.962122
vt 0.037913 0.962122
vt 0.054800 0.975013
vt 0.054800 0.977372
vt 0.037913 0.962122
vt 0.037913 0.959762
vt 0.071512 0.959762
vt 0.071512 0.962122
vt 0.088400 0.977372
vt 0.088400 0.975013
vt 0.071688 0.531945
vt 0.105287 0.531945
vt 0.088400 0.977372
vt 0.054800 0.977372
vt 0.071688 0.529585
vt 0.071688 0.531945
vt 0.054800 0.977372
vt 0.054800 0.975013
vt 0.088400 0.975013
vt 0.088400 0.977372
vt 0.105287 0.531945
vt 0.105287 0.529585
vt 0.088575 0.546008
vt 0.122175 0.546008
vt 0.105287 0.531945
vt 0.071688 0.531945
vt 0.088575 0.543648
vt 0.088575 0.546008
vt 0.071688 0.531945
vt 0.071688 0.529585
vt 0.105287 0.529585
vt 0.105287 0.531945
vt 0.122175 0.546008
vt 0.122175 0.543648
vt 0.105463 0.559663
vt 0.139062 0.559663
vt 0.122175 0.546008
vt 0.088575 0.546008
vt 0.105463 0.557303
vt 0.105463 0.559663
vt 0.088575 0.546008
vt 0.088575 0.543648
vt 0.122175 0.543648
vt 0.122175 0.546008
vt 0.139062 0.559663
vt 0.139062 0.557303
vt 0.122350 0.572975
vt 0.155950 0.572975
vt 0.139062 0.559663
vt 0.105463 0.559663
vt 0.122350 0.570615
vt 0.122350 0.572975
vt 0.105463 0.559663
vt 0.105463 0.557303
vt 0.139062 0.557303
vt 0.139062 0.559663
vt 0.155950 0.572975
vt 0.155950 0.570615
vt 0.139238 0.585989
vt 0.172837 0.585989
vt 0.155950 0.572975
vt 0.122350 0.572975
vt 0.139238 0.583629
vt 0.139238 0.585989
vt 0.122350 0.572975
vt 0.122350 0.570615
vt 0.155950 0.570615
vt 0.155950 0.572975
vt 0.172837 0.585989
vt 0.172837 0.583629
vt 0.156125 0.598737
vt 0.189725 0.598737
vt 0.172837 0.585989
vt 0.139238 0.585989
vt 0.156125 0.596377
vt 0.156125 0.598737
vt 0.139238 0.585989
vt 0.139238 0.583629
vt 0.172837 0.583629
vt 0.172837 0.585989
vt 0.189725 0.598737
vt 0.189725 0.596377
vt 0.173013 0.611242
vt 0.206612 0.611242
vt 0.189725 0.598737
vt 0.156125 0.598737
vt 0.173013 0.608883
vt 0.173013 0.611242
vt 0.156125 0.598737
vt 0.156125 0.596377
vt 0.189725 0.596377
vt 0.189725 0.598737
vt 0.206612 0.611242
vt 0.206612 0.608883
vt 0.189900 0.623522
vt 0.223500 0.623522
vt 0.206612 0.611242
vt 0.173013 0.611242
vt 0.189900 0.621163
vt 0.189900 0.623522
vt 0.173013 0.611242
vt 0.173013 0.608883
vt 0.206612 0.608883
vt 0.206612 0.611242
vt 0.223500 0.623522
vt 0.223500 0.621163
vt 0.206788 0.635590
vt 0.240387 0.635590
vt 0.223500 0.623522
vt 0.189900 0.623522
vt 0.206788 0.633230
vt 0.206788 0.635590
vt 0.189900 0.623522
vt 0.189900 0.621163
vt 0.223500 0.621163
vt 0.223500 0.623522
vt 0.240387 0.635590
vt 0.240387 0.633230
vt 0.223675 0.647453
vt 0.257275 0.647453
vt 0.240387 0.635590
vt 0.206788 0.635590
vt 0.223675 0.645093
vt 0.223675 0.647453
vt 0.206788 0.635590
vt 0.206788 0.633230
vt 0.240387 0.633230
vt 0.240387 0.635590
vt 0.257275 0.647453
vt 0.257275 0.645093
vt 0.240563 0.659119
vt 0.274162 0.659119
vt 0.257275 0.647453
vt 0.223675 0.647453
vt 0.240563 0.656759
vt 0.240563 0.659119
vt 0.223675 0.647453
vt 0.223675 0.645093
vt 0.257275 0.645093
vt 0.257275 0.647453
vt 0.274162 0.659119
vt 0.274162 0.656759
vt 0.257450 0.670590
vt 0.291050 0.670590
vt 0.274162 0.659119
vt 0.240563 0.659119
vt 0.257450 0.668230
vt 0.257450 0.670590
vt 0.240563 0.659119
vt 0.240563 0.656759
vt 0.274162 0.656759
vt 0.274162 0.659119
vt 0.291050 0.670590
vt 0.291050 0.668230
vt 0.274338 0.681869
vt 0.307938 0.681869
vt 0.291050 0.670590
vt 0.257450 0.670590
vt 0.274338 0.679509
vt 0.274338 0.681869
vt 0.257450 0.670590
vt 0.257450 0.668230
vt 0.291050 0.668230
vt 0.291050 0.670590
vt 0.307938 0.681869
vt 0.307938 0.679509
vt 0.291225 0.692953
vt 0.324825 0.692953
vt 0.307938 0.681869
vt 0.274338 0.681869
vt 0.291225 0.690593
vt 0.291225 0.692953
vt 0.274338 0.681869
vt 0.274338 0.679509
vt 0.307938 0.679509
vt 0.307938 0.681869
vt 0.324825 0.692953
vt 0.324825 0.690593
vt 0.308113 0.703839
vt 0.341713 0.703839
vt 0.324825 0.692953
vt 0.291225 0.692953
vt 0.308113 0.701479
vt 0.308113 0.703839
vt 0.291225 0.692953
vt 0.291225 0.690593
vt 0.324825 0.690593
vt 0.324825 0.692953
vt 0.341713 0.703839
vt 0.341713 0.701479
vt 0.325000 0.714522
vt 0.358600 0.714522
vt 0.341713 0.703839
vt 0.308113 0.703839
vt 0.325000 0.712162
vt 0.325000 0.714522
vt 0.308113 0.703839
vt 0.308113 0.701479
vt 0.341713 0.701479
vt 0.341713 0.703839
vt 0.358600 0.714522
vt 0.358600 0.712162
vt 0.341888 0.724992
vt 0.375488 0.724992
vt 0.358600 0.714522
vt 0.325000 0.714522
vt 0.341888 0.722632
vt 0.341888 0.724992
vt 0.325000 0.714522
vt 0.325000 0.712162
vt 0.358600 0.712162
vt 0.358600 0.714522
vt 0.375488 0.724992
vt 0.375488 0.722632
vt 0.358775 0.735236
vt 0.392375 0.735236
vt 0.375488 0.724992
vt 0.341888 0.724992
vt 0.358775 0.732876
vt 0.358775 0.735236
vt 0.341888 0.724992
vt 0.341888 0.722632
vt 0.375488 0.722632
vt 0.375488 0.724992
vt 0.392375 0.735236
vt 0.392375 0.732876
vt 0.375663 0.745238
vt 0.409263 0.745238
vt 0.392375 0.735236
vt 0.358775 0.735236
vt 0.375663 0.742878
vt 0.375663 0.745238
vt 0.358775 0.735236
vt 0.358775 0.732876
vt 0.392375 0.732876
vt 0.392375 0.735236
vt 0.409263 0.745238
vt 0.409263 0.742878
vt 0.392550 0.754974
vt 0.426150 0.754974
vt 0.409263 0.745238
vt 0.375663 0.745238
vt 0.392550 0.752614
vt 0.392550 0.754974
vt 0.375663 0.745238
vt 0.375663 0.742878
vt 0.409263 0.742878
vt 0.409263 0.745238
vt 0.426150 0.754974
vt 0.426150 0.752614
vt 0.409438 0.764412
vt 0.443038 0.764412
vt 0.426150 0.754974
vt 0.392550 0.754974
vt 0.409438 0.762052
vt 0.409438 0.764412
vt 0.392550 0.754974
vt 0.392550 0.752614
vt 0.426150 0.752614
vt 0.426150 0.754974
vt 0.443038 0.764412
vt 0.443038 0.762052
vt 0.426325 0.773507
vt 0.459925 0.773507
vt 0.443038 0.764412
vt 0.409438 0.764412
vt 0.426325 0.771147
vt 0.426325 0.773507
vt 0.409438 0.764412
vt 0.409438 0.762052
vt 0.443038 0.762052
vt 0.443038 0.764412
vt 0.459925 0.773507
vt 0.459925 0.771147
vt 0.443213 0.782193
vt 0.476813 0.782193
vt 0.459925 0.773507
vt 0.426325 0.773507
vt 0.443213 0.779833
vt 0.443213 0.782193
vt 0.426325 0.773507
vt 0.426325 0.771147
vt 0.459925 0.771147
vt 0.459925 0.773507
vt 0.476813 0.782193
vt 0.476813 0.779833
vt 0.460100 0.790371
vt 0.493700 0.790371
vt 0.476813 0.782193
vt 0.443213 0.782193
vt 0.460100 0.788011
vt 0.460100 0.790371
vt 0.443213 0.782193
vt 0.443213 0.779833
vt 0.476813 0.779833
vt 0.476813 0.782193
vt 0.493700 0.790371
vt 0.493700 0.788011
vt 0.476988 0.797871
vt 0.510587 0.797871
vt 0.493700 0.790371
vt 0.460100 0.790371
vt 0.476988 0.795511
vt 0.476988 0.797871
vt 0.460100 0.790371
vt 0.460100 0.788011
vt 0.493700 0.788011
vt 0.493700 0.790371
vt 0.510587 0.797871
vt 0.510587 0.795511
vt 0.493875 0.804365
vt 0.527475 0.804365
vt 0.510587 0.797871
vt 0.476988 0.797871
vt 0.493875 0.802005
vt 0.493875 0.804365
vt 0.476988 0.797871
vt 0.476988 0.795511
vt 0.510587 0.795511
vt 0.510587 0.797871
vt 0.527475 0.804365
vt 0.527475 0.802005
vt 0.510763 0.809017
vt 0.544362 0.809017
vt 0.527475 0.804365
vt 0.493875 0.804365
vt 0.510763 0.806657
vt 0.510763 0.809017
vt 0.493875 0.804365
vt 0.493875 0.802005
vt 0.527475 0.802005
vt 0.527475 0.804365
vt 0.544362 0.809017
vt 0.544362 0.806657
vt 0.527650 0.803208
vt 0.561250 0.803208
vt 0.544362 0.809017
vt 0.510763 0.809017
vt 0.527650 0.800848
vt 0.527650 0.803208
vt 0.510763 0.809017
vt 0.510763 0.806657
vt 0.544362 0.806657
vt 0.544362 0.809017
vt 0.561250 0.803208
vt 0.561250 0.800848
vt 0.972410 0.887204
vt 0.006010 0.887204
vt 0.006010 0.807233
vt 0.972410 0.807233
vt 0.021690 0.897766
vt 0.988090 0.897766
vt 0.988090 0.817795
vt 0.021690 0.817795
vt 0.988090 0.897766
vt 0.972410 0.887204
vt 0.972410 0.807233
vt 0.988090 0.817795
vt 0.006010 0.887204
vt 0.021690 0.897766
vt 0.021690 0.817795
vt 0.006010 0.807233
vt 0.988090 0.897766
vt 0.021690 0.897766
vt 0.006010 0.887204
vt 0.972410 0.887204
vt 0.972410 0.807233
vt 0.006010 0.807233
vt 0.021690 0.817795
vt 0.988090 0.817795
vt 0.992117 0.815792
vt 0.993200 0.814405
vt 0.986396 0.813641
vt 0.989282 0.816649
vt 0.992117 0.815792
vt 0.986396 0.813641
vt 0.985778 0.816649
vt 0.989282 0.816649
vt 0.986396 0.813641
vt 0.982943 0.815792
vt 0.985778 0.816649
vt 0.986396 0.813641
vt 0.981860 0.814405
vt 0.982943 0.815792
vt 0.986396 0.813641
vt 0.982943 0.813018
vt 0.981860 0.814405
vt 0.986396 0.813641
vt 0.985778 0.812160
vt 0.982943 0.813018
vt 0.986396 0.813641
vt 0.989282 0.812160
vt 0.985778 0.812160
vt 0.986396 0.813641
vt 0.992117 0.813018
vt 0.989282 0.812160
vt 0.986396 0.813641
vt 0.993200 0.814405
vt 0.992117 0.813018
vt 0.986396 0.813641
vt 0.992117 0.847693
vt 0.993200 0.846306
vt 0.986396 0.845542
vt 0.989282 0.848550
vt 0.992117 0.847693
vt 0.986396 0.845542
vt 0.985778 0.848550
vt 0.989282 0.848550
vt 0.986396 0.845542
vt 0.982943 0.847693
vt 0.985778 0.848550
vt 0.986396 0.845542
vt 0.981860 0.846306
vt 0.982943 0.847693
vt 0.986396 0.845542
vt 0.982943 0.844919
vt 0.981860 0.846306
vt 0.986396 0.845542
vt 0.985778 0.844061
vt 0.982943 0.844919
vt 0.986396 0.845542
vt 0.989282 0.844061
vt 0.985778 0.844061
vt 0.986396 0.845542
vt 0.992117 0.844919
vt 0.989282 0.844061
vt 0.986396 0.845542
vt 0.993200 0.846306
vt 0.992117 0.844919
vt 0.986396 0.845542
vt 0.992117 0.881342
vt 0.993200 0.879955
vt 0.986396 0.879191
vt 0.989282 0.882199
vt 0.992117 0.881342
vt 0.986396 0.879191
vt 0.985778 0.882199
vt 0.989282 0.882199
vt 0.986396 0.879191
vt 0.982943 0.881342
vt 0.985778 0.882199
vt 0.986396 0.879191
vt 0.981860 0.879955
vt 0.982943 0.881342
vt 0.986396 0.879191
vt 0.982943 0.878568
vt 0.981860 0.879955
vt 0.986396 0.879191
vt 0.985778 0.877710
vt 0.982943 0.878568
vt 0.986396 0.879191
vt 0.989282 0.877710
vt 0.985778 0.877710
vt 0.986396 0.879191
vt 0.992117 0.878568
vt 0.989282 0.877710
vt 0.986396 0.879191
vt 0.993200 0.879955
vt 0.992117 0.878568
vt 0.986396 0.879191
vt 0.526810 0.800632
vt 0.560410 0.800632
vt 0.560410 0.720661
vt 0.526810 0.720661
vt 0.576090 0.811194
vt 0.542490 0.811194
vt 0.542490 0.731223
vt 0.576090 0.731223
vt 0.542490 0.811194
vt 0.526810 0.800632
vt 0.526810 0.720661
vt 0.542490 0.731223
vt 0.560410 0.800632
vt 0.576090 0.811194
vt 0.576090 0.731223
vt 0.560410 0.720661
vt 0.542490 0.811194
vt 0.576090 0.811194
vt 0.560410 0.800632
vt 0.526810 0.800632
vt 0.526810 0.720661
vt 0.560410 0.720661
vt 0.576090 0.731223
vt 0.542490 0.731223
vt 0.559836 0.739894
vt 0.566640 0.740657
vt 0.565557 0.742044
vt 0.559836 0.739894
vt 0.565557 0.742044
vt 0.562722 0.742902
vt 0.559836 0.739894
vt 0.562722 0.742902
vt 0.559218 0.742902
vt 0.559836 0.739894
vt 0.559218 0.742902
vt 0.556383 0.742044
vt 0.559836 0.739894
vt 0.556383 0.742044
vt 0.555300 0.740657
vt 0.559836 0.739894
vt 0.555300 0.740657
vt 0.556383 0.739270
vt 0.559836 0.739894
vt 0.556383 0.739270
vt 0.559218 0.738413
vt 0.559836 0.739894
vt 0.559218 0.738413
vt 0.562722 0.738413
vt 0.559836 0.739894
vt 0.562722 0.738413
vt 0.565557 0.739270
vt 0.559836 0.739894
vt 0.565557 0.739270
vt 0.566640 0.740657
vt 0.559836 0.771795
vt 0.566640 0.772558
vt 0.565557 0.773945
vt 0.559836 0.771795
vt 0.565557 0.773945
vt 0.562722 0.774803
vt 0.559836 0.771795
vt 0.562722 0.774803
vt 0.559218 0.774803
vt 0.559836 0.771795
vt 0.559218 0.774803
vt 0.556383 0.773945
vt 0.559836 0.771795
vt 0.556383 0.773945
vt 0.555300 0.772558
vt 0.559836 0.771795
vt 0.555300 0.772558
vt 0.556383 0.771171
vt 0.559836 0.771795
vt 0.556383 0.771171
vt 0.559218 0.770314
vt 0.559836 0.771795
vt 0.559218 0.770314
vt 0.562722 0.770314
vt 0.559836 0.771795
vt 0.562722 0.770314
vt 0.565557 0.771171
vt 0.559836 0.771795
vt 0.565557 0.771171
vt 0.566640 0.772558
vt 0.559836 0.805444
vt 0.566640 0.806207
vt 0.565557 0.807594
vt 0.559836 0.805444
vt 0.565557 0.807594
vt 0.562722 0.808452
vt 0.559836 0.805444
vt 0.562722 0.808452
vt 0.559218 0.808452
vt 0.559836 0.805444
vt 0.559218 0.808452
vt 0.556383 0.807594
vt 0.559836 0.805444
vt 0.556383 0.807594
vt 0.555300 0.806207
vt 0.559836 0.805444
vt 0.555300 0.806207
vt 0.556383 0.804820
vt 0.559836 0.805444
vt 0.556383 0.804820
vt 0.559218 0.803963
vt 0.559836 0.805444
vt 0.559218 0.803963
vt 0.562722 0.803963
vt 0.559836 0.805444
vt 0.562722 0.803963
vt 0.565557 0.804820
vt 0.559836 0.805444
vt 0.565557 0.804820
vt 0.566640 0.806207
vt 0.455638 0.927769
vt 0.489237 0.927769
vt 0.472350 0.899210
vt 0.438750 0.899210
vt 0.455638 0.925409
vt 0.455638 0.927769
vt 0.438750 0.899210
vt 0.438750 0.896850
vt 0.472350 0.896850
vt 0.472350 0.899210
vt 0.489237 0.927769
vt 0.489237 0.925409
vt 0.472525 0.945867
vt 0.506125 0.945867
vt 0.489237 0.927769
vt 0.455638 0.927769
vt 0.472525 0.943507
vt 0.472525 0.945867
vt 0.455638 0.927769
vt 0.455638 0.925409
vt 0.489237 0.925409
vt 0.489237 0.927769
vt 0.506125 0.945867
vt 0.506125 0.943507
vt 0.489412 0.962122
vt 0.523012 0.962122
vt 0.506125 0.945867
vt 0.472525 0.945867
vt 0.489412 0.959762
vt 0.489412 0.962122
vt 0.472525 0.945867
vt 0.472525 0.943507
vt 0.506125 0.943507
vt 0.506125 0.945867
vt 0.523012 0.962122
vt 0.523012 0.959762
vt 0.506300 0.977372
vt 0.539900 0.977372
vt 0.523012 0.962122
vt 0.489412 0.962122
vt 0.506300 0.975013
vt 0.506300 0.977372
vt 0.489412 0.962122
vt 0.489412 0.959762
vt 0.523012 0.959762
vt 0.523012 0.962122
vt 0.539900 0.977372
vt 0.539900 0.975013
vt 0.523188 0.531945
vt 0.556787 0.531945
vt 0.539900 0.977372
vt 0.506300 0.977372
vt 0.523188 0.529585
vt 0.523188 0.531945
vt 0.506300 0.977372
vt 0.506300 0.975013
vt 0.539900 0.975013
vt 0.539900 0.977372
vt 0.556787 0.531945
vt 0.556787 0.529585
vt 0.540075 0.546008
vt 0.573675 0.546008
vt 0.556787 0.531945
vt 0.523188 0.531945
vt 0.540075 0.543648
vt 0.540075 0.546008
vt 0.523188 0.531945
vt 0.523188 0.529585
vt 0.556787 0.529585
vt 0.556787 0.531945
vt 0.573675 0.546008
vt 0.573675 0.543648
vt 0.556963 0.559663
vt 0.590562 0.559663
vt 0.573675 0.546008
vt 0.540075 0.546008
vt 0.556963 0.557303
vt 0.556963 0.559663
vt 0.540075 0.546008
vt 0.540075 0.543648
vt 0.573675 0.543648
vt 0.573675 0.546008
vt 0.590562 0.559663
vt 0.590562 0.557303
vt 0.573850 0.572975
vt 0.607450 0.572975
vt 0.590562 0.559663
vt 0.556963 0.559663
vt 0.573850 0.570615
vt 0.573850 0.572975
vt 0.556963 0.559663
vt 0.556963 0.557303
vt 0.590562 0.557303
vt 0.590562 0.559663
vt 0.607450 0.572975
vt 0.607450 0.570615
vt 0.590738 0.585989
vt 0.624337 0.585989
vt 0.607450 0.572975
vt 0.573850 0.572975
vt 0.590738 0.583629
vt 0.590738 0.585989
vt 0.573850 0.572975
vt 0.573850 0.570615
vt 0.607450 0.570615
vt 0.607450 0.572975
vt 0.624337 0.585989
vt 0.624337 0.583629
vt 0.607625 0.598737
vt 0.641225 0.598737
vt 0.624337 0.585989
vt 0.590738 0.585989
vt 0.607625 0.596377
vt 0.607625 0.598737
vt 0.590738 0.585989
vt 0.590738 0.583629
vt 0.624337 0.583629
vt 0.624337 0.585989
vt 0.641225 0.598737
vt 0.641225 0.596377
vt 0.624513 0.611242
vt 0.658112 0.611242
vt 0.641225 0.598737
vt 0.607625 0.598737
vt 0.624513 0.608883
vt 0.624513 0.611242
vt 0.607625 0.598737
vt 0.607625 0.596377
vt 0.641225 0.596377
vt 0.641225 0.598737
vt 0.658112 0.611242
vt 0.658112 0.608883
vt 0.641400 0.623522
vt 0.675000 0.623522
vt 0.658112 0.611242
vt 0.624513 0.611242
vt 0.641400 0.621163
vt 0.641400 0.623522
vt 0.624513 0.611242
vt 0.624513 0.608883
vt 0.658112 0.608883
vt 0.658112 0.611242
vt 0.675000 0.623522
vt 0.675000 0.621163
vt 0.658288 0.635590
vt 0.691887 0.635590
vt 0.675000 0.623522
vt 0.641400 0.623522
vt 0.658288 0.633230
vt 0.658288 0.635590
vt 0.641400 0.623522
vt 0.641400 0.621163
vt 0.675000 0.621163
vt 0.675000 0.623522
vt 0.691887 0.635590
vt 0.691887 0.633230
vt 0.675175 0.647453
vt 0.708775 0.647453
vt 0.691887 0.635590
vt 0.658288 0.635590
vt 0.675175 0.645093
vt 0.675175 0.647453
vt 0.658288 0.635590
vt 0.658288 0.633230
vt 0.691887 0.633230
vt 0.691887 0.635590
vt 0.708775 0.647453
vt 0.708775 0.645093
vt 0.692063 0.659119
vt 0.725662 0.659119
vt 0.708775 0.647453
vt 0.675175 0.647453
vt 0.692063 0.656759
vt 0.692063 0.659119
vt 0.675175 0.647453
vt 0.675175 0.645093
vt 0.708775 0.645093
vt 0.708775 0.647453
vt 0.725662 0.659119
vt 0.725662 0.656759
vt 0.708950 0.670590
vt 0.742550 0.670590
vt 0.725662 0.659119
vt 0.692063 0.659119
vt 0.708950 0.668230
vt 0.708950 0.670590
vt 0.692063 0.659119
vt 0.692063 0.656759
vt 0.725662 0.656759
vt 0.725662 0.659119
vt 0.742550 0.670590
vt 0.742550 0.668230
vt 0.725838 0.681869
vt 0.759437 0.681869
vt 0.742550 0.670590
vt 0.708950 0.670590
vt 0.725838 0.679509
vt 0.725838 0.681869
vt 0.708950 0.670590
vt 0.708950 0.668230
vt 0.742550 0.668230
vt 0.742550 0.670590
vt 0.759437 0.681869
vt 0.759437 0.679509
vt 0.742725 0.692953
vt 0.776325 0.692953
vt 0.759437 0.681869
vt 0.725838 0.681869
vt 0.742725 0.690593
vt 0.742725 0.692953
vt 0.725838 0.681869
vt 0.725838 0.679509
vt 0.759437 0.679509
vt 0.759437 0.681869
vt 0.776325 0.692953
vt 0.776325 0.690593
vt 0.759613 0.703839
vt 0.793212 0.703839
vt 0.776325 0.692953
vt 0.742725 0.692953
vt 0.759613 0.701479
vt 0.759613 0.703839
vt 0.742725 0.692953
vt 0.742725 0.690593
vt 0.776325 0.690593
vt 0.776325 0.692953
vt 0.793212 0.703839
vt 0.793212 0.701479
vt 0.776500 0.714522
vt 0.810100 0.714522
vt 0.793212 0.703839
vt 0.759613 0.703839
vt 0.776500 0.712162
vt 0.776500 0.714522
vt 0.759613 0.703839
vt 0.759613 0.701479
vt 0.793212 0.701479
vt 0.793212 0.703839
vt 0.810100 0.714522
vt 0.810100 0.712162
vt 0.793388 0.724992
vt 0.826987 0.724992
vt 0.810100 0.714522
vt 0.776500 0.714522
vt 0.793388 0.722632
vt 0.793388 0.724992
vt 0.776500 0.714522
vt 0.776500 0.712162
vt 0.810100 0.712162
vt 0.810100 0.714522
vt 0.826987 0.724992
vt 0.826987 0.722632
vt 0.810275 0.735236
vt 0.843875 0.735236
vt 0.826987 0.724992
vt 0.793388 0.724992
vt 0.810275 0.732876
vt 0.810275 0.735236
vt 0.793388 0.724992
vt 0.793388 0.722632
vt 0.826987 0.722632
vt 0.826987 0.724992
vt 0.843875 0.735236
vt 0.843875 0.732876
vt 0.827163 0.745238
vt 0.860762 0.745238
vt 0.843875 0.735236
vt 0.810275 0.735236
vt 0.827163 0.742878
vt 0.827163 0.745238
vt 0.810275 0.735236
vt 0.810275 0.732876
vt 0.843875 0.732876
vt 0.843875 0.735236
vt 0.860762 0.745238
vt 0.860762 0.742878
vt 0.844050 0.754974
vt 0.877650 0.754974
vt 0.860762 0.745238
vt 0.827163 0.745238
vt 0.844050 0.752614
vt 0.844050 0.754974
vt 0.827163 0.745238
vt 0.827163 0.742878
vt 0.860762 0.742878
vt 0.860762 0.745238
vt 0.877650 0.754974
vt 0.877650 0.752614
vt 0.860938 0.764412
vt 0.894537 0.764412
vt 0.877650 0.754974
vt 0.844050 0.754974
vt 0.860938 0.762052
vt 0.860938 0.764412
vt 0.844050 0.754974
vt 0.844050 0.752614
vt 0.877650 0.752614
vt 0.877650 0.754974
vt 0.894537 0.764412
vt 0.894537 0.762052
vt 0.877825 0.773507
vt 0.911425 0.773507
vt 0.894537 0.764412
vt 0.860938 0.764412
vt 0.877825 0.771147
vt 0.877825 0.773507
vt 0.860938 0.764412
vt 0.860938 0.762052
vt 0.894537 0.762052
vt 0.894537 0.764412
vt 0.911425 0.773507
vt 0.911425 0.771147
vt 0.894713 0.782193
vt 0.928312 0.782193
vt 0.911425 0.773507
vt 0.877825 0.773507
vt 0.894713 0.779833
vt 0.894713 0.782193
vt 0.877825 0.773507
vt 0.877825 0.771147
vt 0.911425 0.771147
vt 0.911425 0.773507
vt 0.928312 0.782193
vt 0.928312 0.779833
vt 0.911600 0.790371
vt 0.945200 0.790371
vt 0.928312 0.782193
vt 0.894713 0.782193
vt 0.911600 0.788011
vt 0.911600 0.790371
vt 0.894713 0.782193
vt 0.894713 0.779833
vt 0.928312 0.779833
vt 0.928312 0.782193
vt 0.945200 0.790371
vt 0.945200 0.788011
vt 0.928488 0.797871
vt 0.962087 0.797871
vt 0.945200 0.790371
vt 0.911600 0.790371
vt 0.928488 0.795511
vt 0.928488 0.797871
vt 0.911600 0.790371
vt 0.911600 0.788011
vt 0.945200 0.788011
vt 0.945200 0.790371
vt 0.962087 0.797871
vt 0.962087 0.795511
vt 0.945375 0.804365
vt 0.978975 0.804365
vt 0.962087 0.797871
vt 0.928488 0.797871
vt 0.945375 0.802005
vt 0.945375 0.804365
vt 0.928488 0.797871
vt 0.928488 0.795511
vt 0.962087 0.795511
vt 0.962087 0.797871
vt 0.978975 0.804365
vt 0.978975 0.802005
vt 0.962263 0.809017
vt 0.995862 0.809017
vt 0.978975 0.804365
vt 0.945375 0.804365
vt 0.962263 0.806657
vt 0.962263 0.809017
vt 0.945375 0.804365
vt 0.945375 0.802005
vt 0.978975 0.802005
vt 0.978975 0.804365
vt 0.995862 0.809017
vt 0.995862 0.806657
vt 0.979150 0.803208
vt 0.012750 0.803208
vt 0.995862 0.809017
vt 0.962263 0.809017
vt 0.979150 0.800848
vt 0.979150 0.803208
vt 0.962263 0.809017
vt 0.962263 0.806657
vt 0.995862 0.806657
vt 0.995862 0.809017
vt 0.012750 0.803208
vt 0.012750 0.800848
vt 0.423910 0.887204
vt 0.457510 0.887204
vt 0.457510 0.807233
vt 0.423910 0.807233
vt 0.473190 0.897766
vt 0.439590 0.897766
vt 0.439590 0.817795
vt 0.473190 0.817795
vt 0.439590 0.897766
vt 0.423910 0.887204
vt 0.423910 0.807233
vt 0.439590 0.817795
vt 0.457510 0.887204
vt 0.473190 0.897766
vt 0.473190 0.817795
vt 0.457510 0.807233
vt 0.439590 0.897766
vt 0.473190 0.897766
vt 0.457510 0.887204
vt 0.423910 0.887204
vt 0.423910 0.807233
vt 0.457510 0.807233
vt 0.473190 0.817795
vt 0.439590 0.817795
vt 0.443617 0.815792
vt 0.444700 0.814405
vt 0.437896 0.813641
vt 0.440782 0.816649
vt 0.443617 0.815792
vt 0.437896 0.813641
vt 0.437278 0.816649
vt 0.440782 0.816649
vt 0.437896 0.813641
vt 0.434443 0.815792
vt 0.437278 0.816649
vt 0.437896 0.813641
vt 0.433360 0.814405
vt 0.434443 0.815792
vt 0.437896 0.813641
vt 0.434443 0.813018
vt 0.433360 0.814405
vt 0.437896 0.813641
vt 0.437278 0.812160
vt 0.434443 0.813018
vt 0.437896 0.813641
vt 0.440782 0.812160
vt 0.437278 0.812160
vt 0.437896 0.813641
vt 0.443617 0.813018
vt 0.440782 0.812160
vt 0.437896 0.813641
vt 0.444700 0.814405
vt 0.443617 0.813018
vt 0.437896 0.813641
vt 0.443617 0.847693
vt 0.444700 0.846306
vt 0.437896 0.845542
vt 0.440782 0.848550
vt 0.443617 0.847693
vt 0.437896 0.845542
vt 0.437278 0.848550
vt 0.440782 0.848550
vt 0.437896 0.845542
vt 0.434443 0.847693
vt 0.437278 0.848550
vt 0.437896 0.845542
vt 0.433360 0.846306
vt 0.434443 0.847693
vt 0.437896 0.845542
vt 0.434443 0.844919
vt 0.433360 0.846306
vt 0.437896 0.845542
vt 0.437278 0.844061
vt 0.434443 0.844919
vt 0.437896 0.845542
vt 0.440782 0.844061
vt 0.437278 0.844061
vt 0.437896 0.845542
vt 0.443617 0.844919
vt 0.440782 0.844061
vt 0.437896 0.845542
vt 0.444700 0.846306
vt 0.443617 0.844919
vt 0.437896 0.845542
vt 0.443617 0.881342
vt 0.444700 0.879955
vt 0.437896 0.879191
vt 0.440782 0.882199
vt 0.443617 0.881342
vt 0.437896 0.879191
vt 0.437278 0.882199
vt 0.440782 0.882199
vt 0.437896 0.879191
vt 0.434443 0.881342
vt 0.437278 0.882199
vt 0.437896 0.879191
vt 0.433360 0.879955
vt 0.434443 0.881342
vt 0.437896 0.879191
vt 0.434443 0.878568
vt 0.433360 0.879955
vt 0.437896 0.879191
vt 0.437278 0.877710
vt 0.434443 0.878568
vt 0.437896 0.879191
vt 0.440782 0.877710
vt 0.437278 0.877710
vt 0.437896 0.879191
vt 0.443617 0.878568
vt 0.440782 0.877710
vt 0.437896 0.879191
vt 0.444700 0.879955
vt 0.443617 0.878568
vt 0.437896 0.879191
vt 0.978310 0.800632
vt 0.011910 0.800632
vt 0.011910 0.720661
vt 0.978310 0.720661
vt 0.027590 0.811194
vt 0.993990 0.811194
vt 0.993990 0.731223
vt 0.027590 0.731223
vt 0.993990 0.811194
vt 0.978310 0.800632
vt 0.978310 0.720661
vt 0.993990 0.731223
vt 0.011910 0.800632
vt 0.027590 0.811194
vt 0.027590 0.731223
vt 0.011910 0.720661
vt 0.993990 0.811194
vt 0.027590 0.811194
vt 0.011910 0.800632
vt 0.978310 0.800632
vt 0.978310 0.720661
vt 0.011910 0.720661
vt 0.027590 0.731223
vt 0.993990 0.731223
vt 0.011336 0.739894
vt 0.018140 0.740657
vt 0.017057 0.742044
vt 0.011336 0.739894
vt 0.017057 0.742044
vt 0.014222 0.742902
vt 0.011336 0.739894
vt 0.014222 0.742902
vt 0.010718 0.742902
vt 0.011336 0.739894
vt 0.010718 0.742902
vt 0.007883 0.742044
vt 0.011336 0.739894
vt 0.007883 0.742044
vt 0.006800 0.740657
vt 0.011336 0.739894
vt 0.006800 0.740657
vt 0.007883 0.739270
vt 0.011336 0.739894
vt 0.007883 0.739270
vt 0.010718 0.738413
vt 0.011336 0.739894
vt 0.010718 0.738413
vt 0.014222 0.738413
vt 0.011336 0.739894
vt 0.014222 0.738413
vt 0.017057 0.739270
vt 0.011336 0.739894
vt 0.017057 0.739270
vt 0.018140 0.740657
vt 0.011336 0.771795
vt 0.018140 0.772558
vt 0.017057 0.773945
vt 0.011336 0.771795
vt 0.017057 0.773945
vt 0.014222 0.774803
vt 0.011336 0.771795
vt 0.014222 0.774803
vt 0.010718 0.774803
vt 0.011336 0.771795
vt 0.010718 0.774803
vt 0.007883 0.773945
vt 0.011336 0.771795
vt 0.007883 0.773945
vt 0.006800 0.772558
vt 0.011336 0.771795
vt 0.006800 0.772558
vt 0.007883 0.771171
vt 0.011336 0.771795
vt 0.007883 0.771171
vt 0.010718 0.770314
vt 0.011336 0.771795
vt 0.010718 0.770314
vt 0.014222 0.770314
vt 0.011336 0.771795
vt 0.014222 0.770314
vt 0.017057 0.771171
vt 0.011336 0.771795
vt 0.017057 0.771171
vt 0.018140 0.772558
vt 0.011336 0.805444
vt 0.018140 0.806207
vt 0.017057 0.807594
vt 0.011336 0.805444
vt 0.017057 0.807594
vt 0.014222 0.808452
vt 0.011336 0.805444
vt 0.014222 0.808452
vt 0.010718 0.808452
vt 0.011336 0.805444
vt 0.010718 0.808452
vt 0.007883 0.807594
vt 0.011336 0.805444
vt 0.007883 0.807594
vt 0.006800 0.806207
vt 0.011336 0.805444
vt 0.006800 0.806207
vt 0.007883 0.804820
vt 0.011336 0.805444
vt 0.007883 0.804820
vt 0.010718 0.803963
vt 0.011336 0.805444
vt 0.010718 0.803963
vt 0.014222 0.803963
vt 0.011336 0.805444
vt 0.014222 0.803963
vt 0.017057 0.804820
vt 0.011336 0.805444
vt 0.017057 0.804820
vt 0.018140 0.806207
vt 0.885540 0.810481
vt 0.544940 0.810481
vt 0.544940 0.803926
vt 0.885540 0.803926
vt 0.562860 0.822551
vt 0.903460 0.822551
vt 0.903460 0.815996
vt 0.562860 0.815996
vt 0.903460 0.822551
vt 0.885540 0.810481
vt 0.885540 0.803926
vt 0.903460 0.815996
vt 0.544940 0.810481
vt 0.562860 0.822551
vt 0.562860 0.815996
vt 0.544940 0.803926
vt 0.903460 0.822551
vt 0.562860 0.822551
vt 0.544940 0.810481
vt 0.885540 0.810481
vt 0.885540 0.803926
vt 0.544940 0.803926
vt 0.562860 0.815996
vt 0.903460 0.815996
vt 0.437140 0.722023
vt 0.096540 0.722023
vt 0.096540 0.715468
vt 0.437140 0.715468
vt 0.114460 0.734093
vt 0.455060 0.734093
vt 0.455060 0.727538
vt 0.114460 0.727538
vt 0.455060 0.734093
vt 0.437140 0.722023
vt 0.437140 0.715468
vt 0.455060 0.727538
vt 0.096540 0.722023
vt 0.114460 0.734093
vt 0.114460 0.727538
vt 0.096540 0.715468
vt 0.455060 0.734093
vt 0.114460 0.734093
vt 0.096540 0.722023
vt 0.437140 0.722023
vt 0.437140 0.715468
vt 0.096540 0.715468
vt 0.114460 0.727538
vt 0.455060 0.727538
vt 0.897930 0.821231
vt 0.911370 0.821231
vt 0.911370 0.814676
vt 0.897930 0.814676
vt 0.448970 0.723343
vt 0.435530 0.723343
vt 0.435530 0.716788
vt 0.448970 0.716788
vt 0.435530 0.723343
vt 0.897930 0.821231
vt 0.897930 0.814676
vt 0.435530 0.716788
vt 0.911370 0.821231
vt 0.448970 0.723343
vt 0.448970 0.716788
vt 0.911370 0.814676
vt 0.435530 0.723343
vt 0.448970 0.723343
vt 0.911370 0.821231
vt 0.897930 0.821231
vt 0.897930 0.814676
vt 0.911370 0.814676
vt 0.448970 0.716788
vt 0.435530 0.716788
vt 0.551030 0.821231
vt 0.564470 0.821231
vt 0.564470 0.814676
vt 0.551030 0.814676
vt 0.102070 0.723343
vt 0.088630 0.723343
vt 0.088630 0.716788
vt 0.102070 0.716788
vt 0.088630 0.723343
vt 0.551030 0.821231
vt 0.551030 0.814676
vt 0.088630 0.716788
vt 0.564470 0.821231
vt 0.102070 0.723343
vt 0.102070 0.716788
vt 0.564470 0.814676
vt 0.088630 0.723343
vt 0.102070 0.723343
vt 0.564470 0.821231
vt 0.551030 0.821231
vt 0.551030 0.814676
vt 0.564470 0.814676
vt 0.102070 0.716788
vt 0.088630 0.716788
vt 0.885540 0.877167
vt 0.544940 0.877167
vt 0.544940 0.869913
vt 0.885540 0.869913
vt 0.562860 0.889237
vt 0.903460 0.889237
vt 0.903460 0.881983
vt 0.562860 0.881983
vt 0.903460 0.889237
vt 0.885540 0.877167
vt 0.885540 0.869913
vt 0.903460 0.881983
vt 0.544940 0.877167
vt 0.562860 0.889237
vt 0.562860 0.881983
vt 0.544940 0.869913
vt 0.903460 0.889237
vt 0.562860 0.889237
vt 0.544940 0.877167
vt 0.885540 0.877167
vt 0.885540 0.869913
vt 0.544940 0.869913
vt 0.562860 0.881983
vt 0.903460 0.881983
vt 0.437140 0.788709
vt 0.096540 0.788709
vt 0.096540 0.781455
vt 0.437140 0.781455
vt 0.114460 0.800779
vt 0.455060 0.800779
vt 0.455060 0.793525
vt 0.114460 0.793525
vt 0.455060 0.800779
vt 0.437140 0.788709
vt 0.437140 0.781455
vt 0.455060 0.793525
vt 0.096540 0.788709
vt 0.114460 0.800779
vt 0.114460 0.793525
vt 0.096540 0.781455
vt 0.455060 0.800779
vt 0.114460 0.800779
vt 0.096540 0.788709
vt 0.437140 0.788709
vt 0.437140 0.781455
vt 0.096540 0.781455
vt 0.114460 0.793525
vt 0.455060 0.793525
vt 0.897930 0.887917
vt 0.911370 0.887917
vt 0.911370 0.880663
vt 0.897930 0.880663
vt 0.448970 0.790029
vt 0.435530 0.790029
vt 0.435530 0.782775
vt 0.448970 0.782775
vt 0.435530 0.790029
vt 0.897930 0.887917
vt 0.897930 0.880663
vt 0.435530 0.782775
vt 0.911370 0.887917
vt 0.448970 0.790029
vt 0.448970 0.782775
vt 0.911370 0.880663
vt 0.435530 0.790029
vt 0.448970 0.790029
vt 0.911370 0.887917
vt 0.897930 0.887917
vt 0.897930 0.880663
vt 0.911370 0.880663
vt 0.448970 0.782775
vt 0.435530 0.782775
vt 0.551030 0.887917
vt 0.564470 0.887917
vt 0.564470 0.880663
vt 0.551030 0.880663
vt 0.102070 0.790029
vt 0.088630 0.790029
vt 0.088630 0.782775
vt 0.102070 0.782775
vt 0.088630 0.790029
vt 0.551030 0.887917
vt 0.551030 0.880663
vt 0.088630 0.782775
vt 0.564470 0.887917
vt 0.102070 0.790029
vt 0.102070 0.782775
vt 0.564470 0.880663
vt 0.088630 0.790029
vt 0.102070 0.790029
vt 0.564470 0.887917
vt 0.551030 0.887917
vt 0.551030 0.880663
vt 0.564470 0.880663
vt 0.102070 0.782775
vt 0.088630 0.782775
vt 0.896670 0.877834
vt 0.914730 0.877834
vt 0.914730 0.818402
vt 0.896670 0.818402
vt 0.934330 0.891036
vt 0.916270 0.891036
vt 0.916270 0.831604
vt 0.934330 0.831604
vt 0.916270 0.891036
vt 0.896670 0.877834
vt 0.896670 0.818402
vt 0.916270 0.831604
vt 0.914730 0.877834
vt 0.934330 0.891036
vt 0.934330 0.831604
vt 0.914730 0.818402
vt 0.916270 0.891036
vt 0.934330 0.891036
vt 0.914730 0.877834
vt 0.896670 0.877834
vt 0.896670 0.818402
vt 0.914730 0.818402
vt 0.934330 0.831604
vt 0.916270 0.831604
vt 0.423070 0.772402
vt 0.441130 0.772402
vt 0.441130 0.712970
vt 0.423070 0.712970
vt 0.460730 0.785604
vt 0.442670 0.785604
vt 0.442670 0.726172
vt 0.460730 0.726172
vt 0.442670 0.785604
vt 0.423070 0.772402
vt 0.423070 0.712970
vt 0.442670 0.726172
vt 0.441130 0.772402
vt 0.460730 0.785604
vt 0.460730 0.726172
vt 0.441130 0.712970
vt 0.442670 0.785604
vt 0.460730 0.785604
vt 0.441130 0.772402
vt 0.423070 0.772402
vt 0.423070 0.712970
vt 0.441130 0.712970
vt 0.460730 0.726172
vt 0.442670 0.726172
vt 0.539270 0.877834
vt 0.557330 0.877834
vt 0.557330 0.818402
vt 0.539270 0.818402
vt 0.576930 0.891036
vt 0.558870 0.891036
vt 0.558870 0.831604
vt 0.576930 0.831604
vt 0.558870 0.891036
vt 0.539270 0.877834
vt 0.539270 0.818402
vt 0.558870 0.831604
vt 0.557330 0.877834
vt 0.576930 0.891036
vt 0.576930 0.831604
vt 0.557330 0.818402
vt 0.558870 0.891036
vt 0.576930 0.891036
vt 0.557330 0.877834
vt 0.539270 0.877834
vt 0.539270 0.818402
vt 0.557330 0.818402
vt 0.576930 0.831604
vt 0.558870 0.831604
vt 0.065670 0.772402
vt 0.083730 0.772402
vt 0.083730 0.712970
vt 0.065670 0.712970
vt 0.103330 0.785604
vt 0.085270 0.785604
vt 0.085270 0.726172
vt 0.103330 0.726172
vt 0.085270 0.785604
vt 0.065670 0.772402
vt 0.065670 0.712970
vt 0.085270 0.726172
vt 0.083730 0.772402
vt 0.103330 0.785604
vt 0.103330 0.726172
vt 0.083730 0.712970
vt 0.085270 0.785604
vt 0.103330 0.785604
vt 0.083730 0.772402
vt 0.065670 0.772402
vt 0.065670 0.712970
vt 0.083730 0.712970
vt 0.103330 0.726172
vt 0.085270 0.726172
vt 0.887780 0.887765
vt 0.547180 0.887765
vt 0.547180 0.879462
vt 0.887780 0.879462
vt 0.571820 0.904362
vt 0.912420 0.904362
vt 0.912420 0.896059
vt 0.571820 0.896059
vt 0.912420 0.904362
vt 0.887780 0.887765
vt 0.887780 0.879462
vt 0.912420 0.896059
vt 0.547180 0.887765
vt 0.571820 0.904362
vt 0.571820 0.896059
vt 0.547180 0.879462
vt 0.912420 0.904362
vt 0.571820 0.904362
vt 0.547180 0.887765
vt 0.887780 0.887765
vt 0.887780 0.879462
vt 0.547180 0.879462
vt 0.571820 0.896059
vt 0.912420 0.896059
vt 0.428180 0.791763
vt 0.087580 0.791763
vt 0.087580 0.783460
vt 0.428180 0.783460
vt 0.112220 0.808360
vt 0.452820 0.808360
vt 0.452820 0.800057
vt 0.112220 0.800057
vt 0.452820 0.808360
vt 0.428180 0.791763
vt 0.428180 0.783460
vt 0.452820 0.800057
vt 0.087580 0.791763
vt 0.112220 0.808360
vt 0.112220 0.800057
vt 0.087580 0.783460
vt 0.452820 0.808360
vt 0.112220 0.808360
vt 0.087580 0.791763
vt 0.428180 0.791763
vt 0.428180 0.783460
vt 0.087580 0.783460
vt 0.112220 0.800057
vt 0.452820 0.800057
vt 0.891630 0.892922
vt 0.902970 0.892922
vt 0.902970 0.882434
vt 0.891630 0.882434
vt 0.457370 0.806350
vt 0.446030 0.806350
vt 0.446030 0.795862
vt 0.457370 0.795862
vt 0.446030 0.806350
vt 0.891630 0.892922
vt 0.891630 0.882434
vt 0.446030 0.795862
vt 0.902970 0.892922
vt 0.457370 0.806350
vt 0.457370 0.795862
vt 0.902970 0.882434
vt 0.446030 0.806350
vt 0.457370 0.806350
vt 0.902970 0.892922
vt 0.891630 0.892922
vt 0.891630 0.882434
vt 0.902970 0.882434
vt 0.457370 0.795862
vt 0.446030 0.795862
vt 0.542630 0.892922
vt 0.553970 0.892922
vt 0.553970 0.882434
vt 0.542630 0.882434
vt 0.108370 0.806350
vt 0.097030 0.806350
vt 0.097030 0.795862
vt 0.108370 0.795862
vt 0.097030 0.806350
vt 0.542630 0.892922
vt 0.542630 0.882434
vt 0.097030 0.795862
vt 0.553970 0.892922
vt 0.108370 0.806350
vt 0.108370 0.795862
vt 0.553970 0.882434
vt 0.097030 0.806350
vt 0.108370 0.806350
vt 0.553970 0.892922
vt 0.542630 0.892922
vt 0.542630 0.882434
vt 0.553970 0.882434
vt 0.108370 0.795862
vt 0.097030 0.795862
vt 0.158750 0.881836
vt 0.244850 0.881836
vt 0.244850 0.856053
vt 0.229100 0.846876
vt 0.174500 0.846876
vt 0.158750 0.856053
vt 0.169950 0.863597
vt 0.185700 0.854420
vt 0.240300 0.854420
vt 0.256050 0.863597
vt 0.256050 0.889380
vt 0.169950 0.889380
vt 0.158750 0.881836
vt 0.244850 0.881836
vt 0.256050 0.889380
vt 0.169950 0.889380
vt 0.244850 0.881836
vt 0.244850 0.856053
vt 0.256050 0.863597
vt 0.256050 0.889380
vt 0.244850 0.856053
vt 0.229100 0.846876
vt 0.240300 0.854420
vt 0.256050 0.863597
vt 0.229100 0.846876
vt 0.174500 0.846876
vt 0.185700 0.854420
vt 0.240300 0.854420
vt 0.174500 0.846876
vt 0.158750 0.856053
vt 0.169950 0.863597
vt 0.185700 0.854420
vt 0.158750 0.856053
vt 0.158750 0.881836
vt 0.169950 0.889380
vt 0.169950 0.863597
vt 0.179470 0.370078
vt 0.215170 0.370078
vt 0.215170 0.355657
vt 0.179470 0.355657
vt 0.219930 0.373285
vt 0.184230 0.373285
vt 0.184230 0.358864
vt 0.219930 0.358864
vt 0.184230 0.373285
vt 0.179470 0.370078
vt 0.179470 0.355657
vt 0.184230 0.358864
vt 0.215170 0.370078
vt 0.219930 0.373285
vt 0.219930 0.358864
vt 0.215170 0.355657
vt 0.184230 0.373285
vt 0.219930 0.373285
vt 0.215170 0.370078
vt 0.179470 0.370078
vt 0.179470 0.355657
vt 0.215170 0.355657
vt 0.219930 0.358864
vt 0.184230 0.358864
vt 0.188360 0.364765
vt 0.203480 0.364765
vt 0.206840 0.362143
vt 0.201800 0.359696
vt 0.199280 0.355588
vt 0.192560 0.355588
vt 0.190040 0.359696
vt 0.185000 0.362143
vt 0.186680 0.363275
vt 0.191720 0.360828
vt 0.194240 0.356720
vt 0.200960 0.356720
vt 0.203480 0.360828
vt 0.208520 0.363275
vt 0.205160 0.365897
vt 0.190040 0.365897
vt 0.188360 0.364765
vt 0.203480 0.364765
vt 0.205160 0.365897
vt 0.190040 0.365897
vt 0.203480 0.364765
vt 0.206840 0.362143
vt 0.208520 0.363275
vt 0.205160 0.365897
vt 0.206840 0.362143
vt 0.201800 0.359696
vt 0.203480 0.360828
vt 0.208520 0.363275
vt 0.201800 0.359696
vt 0.199280 0.355588
vt 0.200960 0.356720
vt 0.203480 0.360828
vt 0.199280 0.355588
vt 0.192560 0.355588
vt 0.194240 0.356720
vt 0.200960 0.356720
vt 0.192560 0.355588
vt 0.190040 0.359696
vt 0.191720 0.360828
vt 0.194240 0.356720
vt 0.190040 0.359696
vt 0.185000 0.362143
vt 0.186680 0.363275
vt 0.191720 0.360828
vt 0.185000 0.362143
vt 0.188360 0.364765
vt 0.190040 0.365897
vt 0.186680 0.363275
vt 0.171287 0.855940
vt 0.172330 0.854604
vt 0.165778 0.853868
vt 0.168557 0.856765
vt 0.171287 0.855940
vt 0.165778 0.853868
vt 0.165183 0.856765
vt 0.168557 0.856765
vt 0.165778 0.853868
vt 0.162453 0.855940
vt 0.165183 0.856765
vt 0.165778 0.853868
vt 0.161410 0.854604
vt 0.162453 0.855940
vt 0.165778 0.853868
vt 0.162453 0.853268
vt 0.161410 0.854604
vt 0.165778 0.853868
vt 0.165183 0.852443
vt 0.162453 0.853268
vt 0.165778 0.853868
vt 0.168557 0.852443
vt 0.165183 0.852443
vt 0.165778 0.853868
vt 0.171287 0.853268
vt 0.168557 0.852443
vt 0.165778 0.853868
vt 0.172330 0.854604
vt 0.171287 0.853268
vt 0.165778 0.853868
vt 0.235547 0.855940
vt 0.236590 0.854604
vt 0.230038 0.853868
vt 0.232817 0.856765
vt 0.235547 0.855940
vt 0.230038 0.853868
vt 0.229443 0.856765
vt 0.232817 0.856765
vt 0.230038 0.853868
vt 0.226713 0.855940
vt 0.229443 0.856765
vt 0.230038 0.853868
vt 0.225670 0.854604
vt 0.226713 0.855940
vt 0.230038 0.853868
vt 0.226713 0.853268
vt 0.225670 0.854604
vt 0.230038 0.853868
vt 0.229443 0.852443
vt 0.226713 0.853268
vt 0.230038 0.853868
vt 0.232817 0.852443
vt 0.229443 0.852443
vt 0.230038 0.853868
vt 0.235547 0.853268
vt 0.232817 0.852443
vt 0.230038 0.853868
vt 0.236590 0.854604
vt 0.235547 0.853268
vt 0.230038 0.853868
vt 0.171917 0.875168
vt 0.172960 0.873832
vt 0.166408 0.873096
vt 0.169187 0.875993
vt 0.171917 0.875168
vt 0.166408 0.873096
vt 0.165813 0.875993
vt 0.169187 0.875993
vt 0.166408 0.873096
vt 0.163083 0.875168
vt 0.165813 0.875993
vt 0.166408 0.873096
vt 0.162040 0.873832
vt 0.163083 0.875168
vt 0.166408 0.873096
vt 0.163083 0.872496
vt 0.162040 0.873832
vt 0.166408 0.873096
vt 0.165813 0.871671
vt 0.163083 0.872496
vt 0.166408 0.873096
vt 0.169187 0.871671
vt 0.165813 0.871671
vt 0.166408 0.873096
vt 0.171917 0.872496
vt 0.169187 0.871671
vt 0.166408 0.873096
vt 0.172960 0.873832
vt 0.171917 0.872496
vt 0.166408 0.873096
vt 0.234917 0.875168
vt 0.235960 0.873832
vt 0.229408 0.873096
vt 0.232187 0.875993
vt 0.234917 0.875168
vt 0.229408 0.873096
vt 0.228813 0.875993
vt 0.232187 0.875993
vt 0.229408 0.873096
vt 0.226083 0.875168
vt 0.228813 0.875993
vt 0.229408 0.873096
vt 0.225040 0.873832
vt 0.226083 0.875168
vt 0.229408 0.873096
vt 0.226083 0.872496
vt 0.225040 0.873832
vt 0.229408 0.873096
vt 0.228813 0.871671
vt 0.226083 0.872496
vt 0.229408 0.873096
vt 0.232187 0.871671
vt 0.228813 0.871671
vt 0.229408 0.873096
vt 0.234917 0.872496
vt 0.232187 0.871671
vt 0.229408 0.873096
vt 0.235960 0.873832
vt 0.234917 0.872496
vt 0.229408 0.873096
vt 0.266198 0.642383
vt 0.265135 0.644753
vt 0.262244 0.646312
vt 0.263330 0.643860
vt 0.263586 0.638517
vt 0.262581 0.640671
vt 0.265135 0.644753
vt 0.266198 0.642383
vt 0.256491 0.633737
vt 0.255558 0.635626
vt 0.262581 0.640671
vt 0.263586 0.638517
vt 0.247623 0.629871
vt 0.246749 0.631544
vt 0.255558 0.635626
vt 0.256491 0.633737
vt 0.240370 0.628394
vt 0.239518 0.629985
vt 0.246749 0.631544
vt 0.247623 0.629871
vt 0.237502 0.629871
vt 0.236627 0.631544
vt 0.239518 0.629985
vt 0.240370 0.628394
vt 0.240114 0.633737
vt 0.239181 0.635626
vt 0.236627 0.631544
vt 0.237502 0.629871
vt 0.247209 0.638517
vt 0.246204 0.640671
vt 0.239181 0.635626
vt 0.240114 0.633737
vt 0.256077 0.642383
vt 0.255013 0.644753
vt 0.246204 0.640671
vt 0.247209 0.638517
vt 0.263330 0.643860
vt 0.262244 0.646312
vt 0.255013 0.644753
vt 0.256077 0.642383
vt 0.265135 0.644753
vt 0.261966 0.645643
vt 0.259009 0.647252
vt 0.262244 0.646312
vt 0.262581 0.640671
vt 0.259586 0.641428
vt 0.261966 0.645643
vt 0.265135 0.644753
vt 0.255558 0.635626
vt 0.252779 0.636219
vt 0.259586 0.641428
vt 0.262581 0.640671
vt 0.246749 0.631544
vt 0.244143 0.632004
vt 0.252779 0.636219
vt 0.255558 0.635626
vt 0.239518 0.629985
vt 0.236979 0.630395
vt 0.244143 0.632004
vt 0.246749 0.631544
vt 0.236627 0.631544
vt 0.234022 0.632004
vt 0.236979 0.630395
vt 0.239518 0.629985
vt 0.239181 0.635626
vt 0.236401 0.636219
vt 0.234022 0.632004
vt 0.236627 0.631544
vt 0.246204 0.640671
vt 0.243209 0.641428
vt 0.236401 0.636219
vt 0.239181 0.635626
vt 0.255013 0.644753
vt 0.251844 0.645643
vt 0.243209 0.641428
vt 0.246204 0.640671
vt 0.262244 0.646312
vt 0.259009 0.647252
vt 0.251844 0.645643
vt 0.255013 0.644753
vt 0.261966 0.645643
vt 0.256756 0.645033
vt 0.253690 0.646661
vt 0.259009 0.647252
vt 0.259586 0.641428
vt 0.254662 0.640772
vt 0.256756 0.645033
vt 0.261966 0.645643
vt 0.252779 0.636219
vt 0.248209 0.635505
vt 0.254662 0.640772
vt 0.259586 0.641428
vt 0.244143 0.632004
vt 0.239860 0.631244
vt 0.248209 0.635505
vt 0.252779 0.636219
vt 0.236979 0.630395
vt 0.232804 0.629616
vt 0.239860 0.631244
vt 0.244143 0.632004
vt 0.234022 0.632004
vt 0.229738 0.631244
vt 0.232804 0.629616
vt 0.236979 0.630395
vt 0.236401 0.636219
vt 0.231831 0.635505
vt 0.229738 0.631244
vt 0.234022 0.632004
vt 0.243209 0.641428
vt 0.238285 0.640772
vt 0.231831 0.635505
vt 0.236401 0.636219
vt 0.251844 0.645643
vt 0.246634 0.645033
vt 0.238285 0.640772
vt 0.243209 0.641428
vt 0.259009 0.647252
vt 0.253690 0.646661
vt 0.246634 0.645033
vt 0.251844 0.645643
vt 0.256756 0.645033
vt 0.249611 0.642937
vt 0.246395 0.644549
vt 0.253690 0.646661
vt 0.254662 0.640772
vt 0.247910 0.638716
vt 0.249611 0.642937
vt 0.256756 0.645033
vt 0.248209 0.635505
vt 0.241942 0.633498
vt 0.247910 0.638716
vt 0.254662 0.640772
vt 0.239860 0.631244
vt 0.233985 0.629277
vt 0.241942 0.633498
vt 0.248209 0.635505
vt 0.232804 0.629616
vt 0.227080 0.627664
vt 0.233985 0.629277
vt 0.239860 0.631244
vt 0.229738 0.631244
vt 0.223863 0.629277
vt 0.227080 0.627664
vt 0.232804 0.629616
vt 0.231831 0.635505
vt 0.225564 0.633498
vt 0.223863 0.629277
vt 0.229738 0.631244
vt 0.238285 0.640772
vt 0.231533 0.638716
vt 0.225564 0.633498
vt 0.231831 0.635505
vt 0.246634 0.645033
vt 0.239490 0.642937
vt 0.231533 0.638716
vt 0.238285 0.640772
vt 0.253690 0.646661
vt 0.246395 0.644549
vt 0.239490 0.642937
vt 0.246634 0.645033
vt 0.249611 0.642937
vt 0.240677 0.639396
vt 0.237273 0.640961
vt 0.246395 0.644549
vt 0.247910 0.638716
vt 0.239467 0.635301
vt 0.240677 0.639396
vt 0.249611 0.642937
vt 0.241942 0.633498
vt 0.234105 0.630239
vt 0.239467 0.635301
vt 0.247910 0.638716
vt 0.233985 0.629277
vt 0.226639 0.626144
vt 0.234105 0.630239
vt 0.241942 0.633498
vt 0.227080 0.627664
vt 0.219921 0.624580
vt 0.226639 0.626144
vt 0.233985 0.629277
vt 0.223863 0.629277
vt 0.216517 0.626144
vt 0.219921 0.624580
vt 0.227080 0.627664
vt 0.225564 0.633498
vt 0.217728 0.630239
vt 0.216517 0.626144
vt 0.223863 0.629277
vt 0.231533 0.638716
vt 0.223090 0.635301
vt 0.217728 0.630239
vt 0.225564 0.633498
vt 0.239490 0.642937
vt 0.230556 0.639396
vt 0.223090 0.635301
vt 0.231533 0.638716
vt 0.246395 0.644549
vt 0.237273 0.640961
vt 0.230556 0.639396
vt 0.239490 0.642937
vt 0.240677 0.639396
vt 0.230136 0.634484
vt 0.226511 0.635969
vt 0.237273 0.640961
vt 0.239467 0.635301
vt 0.229504 0.630598
vt 0.230136 0.634484
vt 0.240677 0.639396
vt 0.234105 0.630239
vt 0.224858 0.625795
vt 0.229504 0.630598
vt 0.239467 0.635301
vt 0.226639 0.626144
vt 0.217972 0.621909
vt 0.224858 0.625795
vt 0.234105 0.630239
vt 0.219921 0.624580
vt 0.211475 0.620425
vt 0.217972 0.621909
vt 0.226639 0.626144
vt 0.216517 0.626144
vt 0.207850 0.621909
vt 0.211475 0.620425
vt 0.219921 0.624580
vt 0.217728 0.630239
vt 0.208481 0.625795
vt 0.207850 0.621909
vt 0.216517 0.626144
vt 0.223090 0.635301
vt 0.213127 0.630598
vt 0.208481 0.625795
vt 0.217728 0.630239
vt 0.230556 0.639396
vt 0.220014 0.634484
vt 0.213127 0.630598
vt 0.223090 0.635301
vt 0.237273 0.640961
vt 0.226511 0.635969
vt 0.220014 0.634484
vt 0.230556 0.639396
vt 0.230136 0.634484
vt 0.218201 0.628300
vt 0.214326 0.629674
vt 0.226511 0.635969
vt 0.229504 0.630598
vt 0.218226 0.624702
vt 0.218201 0.628300
vt 0.230136 0.634484
vt 0.224858 0.625795
vt 0.214390 0.620256
vt 0.218226 0.624702
vt 0.229504 0.630598
vt 0.217972 0.621909
vt 0.208159 0.616658
vt 0.214390 0.620256
vt 0.224858 0.625795
vt 0.211475 0.620425
vt 0.201912 0.615284
vt 0.208159 0.616658
vt 0.217972 0.621909
vt 0.207850 0.621909
vt 0.198037 0.616658
vt 0.201912 0.615284
vt 0.211475 0.620425
vt 0.208481 0.625795
vt 0.198012 0.620256
vt 0.198037 0.616658
vt 0.207850 0.621909
vt 0.213127 0.630598
vt 0.201848 0.624702
vt 0.198012 0.620256
vt 0.208481 0.625795
vt 0.220014 0.634484
vt 0.208079 0.628300
vt 0.201848 0.624702
vt 0.213127 0.630598
vt 0.226511 0.635969
vt 0.214326 0.629674
vt 0.208079 0.628300
vt 0.220014 0.634484
vt 0.218201 0.628300
vt 0.205117 0.620970
vt 0.200966 0.622206
vt 0.214326 0.629674
vt 0.218226 0.624702
vt 0.205860 0.617734
vt 0.205117 0.620970
vt 0.218201 0.628300
vt 0.214390 0.620256
vt 0.202912 0.613734
vt 0.205860 0.617734
vt 0.218226 0.624702
vt 0.208159 0.616658
vt 0.197400 0.610498
vt 0.202912 0.613734
vt 0.214390 0.620256
vt 0.201912 0.615284
vt 0.191429 0.609262
vt 0.197400 0.610498
vt 0.208159 0.616658
vt 0.198037 0.616658
vt 0.187279 0.610498
vt 0.191429 0.609262
vt 0.201912 0.615284
vt 0.198012 0.620256
vt 0.186535 0.613734
vt 0.187279 0.610498
vt 0.198037 0.616658
vt 0.201848 0.624702
vt 0.189483 0.617734
vt 0.186535 0.613734
vt 0.198012 0.620256
vt 0.208079 0.628300
vt 0.194995 0.620970
vt 0.189483 0.617734
vt 0.201848 0.624702
vt 0.214326 0.629674
vt 0.200966 0.622206
vt 0.194995 0.620970
vt 0.208079 0.628300
vt 0.205117 0.620970
vt 0.191148 0.612643
vt 0.186705 0.613715
vt 0.200966 0.622206
vt 0.205860 0.617734
vt 0.192659 0.609834
vt 0.191148 0.612643
vt 0.205117 0.620970
vt 0.202912 0.613734
vt 0.190660 0.606363
vt 0.192659 0.609834
vt 0.205860 0.617734
vt 0.197400 0.610498
vt 0.185915 0.603555
vt 0.190660 0.606363
vt 0.202912 0.613734
vt 0.191429 0.609262
vt 0.180237 0.602482
vt 0.185915 0.603555
vt 0.197400 0.610498
vt 0.187279 0.610498
vt 0.175794 0.603555
vt 0.180237 0.602482
vt 0.191429 0.609262
vt 0.186535 0.613734
vt 0.174283 0.606363
vt 0.175794 0.603555
vt 0.187279 0.610498
vt 0.189483 0.617734
vt 0.176282 0.609834
vt 0.174283 0.606363
vt 0.186535 0.613734
vt 0.194995 0.620970
vt 0.181027 0.612643
vt 0.176282 0.609834
vt 0.189483 0.617734
vt 0.200966 0.622206
vt 0.186705 0.613715
vt 0.181027 0.612643
vt 0.194995 0.620970
vt 0.191148 0.612643
vt 0.176581 0.603488
vt 0.171832 0.604376
vt 0.186705 0.613715
vt 0.192659 0.609834
vt 0.178892 0.601165
vt 0.176581 0.603488
vt 0.191148 0.612643
vt 0.190660 0.606363
vt 0.177882 0.598292
vt 0.178892 0.601165
vt 0.192659 0.609834
vt 0.185915 0.603555
vt 0.173937 0.595969
vt 0.177882 0.598292
vt 0.190660 0.606363
vt 0.180237 0.602482
vt 0.168565 0.595081
vt 0.173937 0.595969
vt 0.185915 0.603555
vt 0.175794 0.603555
vt 0.163816 0.595969
vt 0.168565 0.595081
vt 0.180237 0.602482
vt 0.174283 0.606363
vt 0.161505 0.598292
vt 0.163816 0.595969
vt 0.175794 0.603555
vt 0.176282 0.609834
vt 0.162515 0.601165
vt 0.161505 0.598292
vt 0.174283 0.606363
vt 0.181027 0.612643
vt 0.166459 0.603488
vt 0.162515 0.601165
vt 0.176282 0.609834
vt 0.186705 0.613715
vt 0.171832 0.604376
vt 0.166459 0.603488
vt 0.181027 0.612643
vt 0.176581 0.603488
vt 0.161711 0.593693
vt 0.156650 0.594377
vt 0.171832 0.604376
vt 0.178892 0.601165
vt 0.164839 0.591901
vt 0.161711 0.593693
vt 0.176581 0.603488
vt 0.177882 0.598292
vt 0.164839 0.589687
vt 0.164839 0.591901
vt 0.178892 0.601165
vt 0.173937 0.595969
vt 0.161711 0.587895
vt 0.164839 0.589687
vt 0.177882 0.598292
vt 0.168565 0.595081
vt 0.156650 0.587211
vt 0.161711 0.587895
vt 0.173937 0.595969
vt 0.163816 0.595969
vt 0.151589 0.587895
vt 0.156650 0.587211
vt 0.168565 0.595081
vt 0.161505 0.598292
vt 0.148461 0.589687
vt 0.151589 0.587895
vt 0.163816 0.595969
vt 0.162515 0.601165
vt 0.148461 0.591901
vt 0.148461 0.589687
vt 0.161505 0.598292
vt 0.166459 0.603488
vt 0.151589 0.593693
vt 0.148461 0.591901
vt 0.162515 0.601165
vt 0.171832 0.604376
vt 0.156650 0.594377
vt 0.151589 0.593693
vt 0.166459 0.603488
vt 0.161711 0.593693
vt 0.146841 0.583456
vt 0.141468 0.583923
vt 0.156650 0.594377
vt 0.164839 0.591901
vt 0.150785 0.582233
vt 0.146841 0.583456
vt 0.161711 0.593693
vt 0.164839 0.589687
vt 0.151795 0.580721
vt 0.150785 0.582233
vt 0.164839 0.591901
vt 0.161711 0.587895
vt 0.149484 0.579498
vt 0.151795 0.580721
vt 0.164839 0.589687
vt 0.156650 0.587211
vt 0.144735 0.579030
vt 0.149484 0.579498
vt 0.161711 0.587895
vt 0.151589 0.587895
vt 0.139363 0.579498
vt 0.144735 0.579030
vt 0.156650 0.587211
vt 0.148461 0.589687
vt 0.135418 0.580721
vt 0.139363 0.579498
vt 0.151589 0.587895
vt 0.148461 0.591901
vt 0.134408 0.582233
vt 0.135418 0.580721
vt 0.148461 0.589687
vt 0.151589 0.593693
vt 0.136719 0.583456
vt 0.134408 0.582233
vt 0.148461 0.591901
vt 0.156650 0.594377
vt 0.141468 0.583923
vt 0.136719 0.583456
vt 0.151589 0.593693
vt 0.146841 0.583456
vt 0.132273 0.572986
vt 0.126595 0.573227
vt 0.141468 0.583923
vt 0.150785 0.582233
vt 0.137018 0.572356
vt 0.132273 0.572986
vt 0.146841 0.583456
vt 0.151795 0.580721
vt 0.139017 0.571578
vt 0.137018 0.572356
vt 0.150785 0.582233
vt 0.149484 0.579498
vt 0.137506 0.570948
vt 0.139017 0.571578
vt 0.151795 0.580721
vt 0.144735 0.579030
vt 0.133063 0.570707
vt 0.137506 0.570948
vt 0.149484 0.579498
vt 0.139363 0.579498
vt 0.127385 0.570948
vt 0.133063 0.570707
vt 0.144735 0.579030
vt 0.135418 0.580721
vt 0.122640 0.571578
vt 0.127385 0.570948
vt 0.139363 0.579498
vt 0.134408 0.582233
vt 0.120641 0.572356
vt 0.122640 0.571578
vt 0.135418 0.580721
vt 0.136719 0.583456
vt 0.122152 0.572986
vt 0.120641 0.572356
vt 0.134408 0.582233
vt 0.141468 0.583923
vt 0.126595 0.573227
vt 0.122152 0.572986
vt 0.136719 0.583456
vt 0.132273 0.572986
vt 0.118305 0.562496
vt 0.112334 0.562505
vt 0.126595 0.573227
vt 0.137018 0.572356
vt 0.123817 0.562472
vt 0.118305 0.562496
vt 0.132273 0.572986
vt 0.139017 0.571578
vt 0.126765 0.562443
vt 0.123817 0.562472
vt 0.137018 0.572356
vt 0.137506 0.570948
vt 0.126021 0.562420
vt 0.126765 0.562443
vt 0.139017 0.571578
vt 0.133063 0.570707
vt 0.121871 0.562410
vt 0.126021 0.562420
vt 0.137506 0.570948
vt 0.127385 0.570948
vt 0.115900 0.562420
vt 0.121871 0.562410
vt 0.133063 0.570707
vt 0.122640 0.571578
vt 0.110388 0.562443
vt 0.115900 0.562420
vt 0.127385 0.570948
vt 0.120641 0.572356
vt 0.107440 0.562472
vt 0.110388 0.562443
vt 0.122640 0.571578
vt 0.122152 0.572986
vt 0.108183 0.562496
vt 0.107440 0.562472
vt 0.120641 0.572356
vt 0.126595 0.573227
vt 0.112334 0.562505
vt 0.108183 0.562496
vt 0.122152 0.572986
vt 0.118305 0.562496
vt 0.105221 0.552200
vt 0.098974 0.551977
vt 0.112334 0.562505
vt 0.123817 0.562472
vt 0.111452 0.552783
vt 0.105221 0.552200
vt 0.118305 0.562496
vt 0.126765 0.562443
vt 0.115288 0.553503
vt 0.111452 0.552783
vt 0.123817 0.562472
vt 0.126021 0.562420
vt 0.115263 0.554086
vt 0.115288 0.553503
vt 0.126765 0.562443
vt 0.121871 0.562410
vt 0.111388 0.554309
vt 0.115263 0.554086
vt 0.126021 0.562420
vt 0.115900 0.562420
vt 0.105141 0.554086
vt 0.111388 0.554309
vt 0.121871 0.562410
vt 0.110388 0.562443
vt 0.098910 0.553503
vt 0.105141 0.554086
vt 0.115900 0.562420
vt 0.107440 0.562472
vt 0.095074 0.552783
vt 0.098910 0.553503
vt 0.110388 0.562443
vt 0.108183 0.562496
vt 0.095099 0.552200
vt 0.095074 0.552783
vt 0.107440 0.562472
vt 0.112334 0.562505
vt 0.098974 0.551977
vt 0.095099 0.552200
vt 0.108183 0.562496
vt 0.105221 0.552200
vt 0.093286 0.542306
vt 0.086789 0.541856
vt 0.098974 0.551977
vt 0.111452 0.552783
vt 0.100173 0.543484
vt 0.093286 0.542306
vt 0.105221 0.552200
vt 0.115288 0.553503
vt 0.104819 0.544940
vt 0.100173 0.543484
vt 0.111452 0.552783
vt 0.115263 0.554086
vt 0.105450 0.546118
vt 0.104819 0.544940
vt 0.115288 0.553503
vt 0.111388 0.554309
vt 0.101825 0.546568
vt 0.105450 0.546118
vt 0.115263 0.554086
vt 0.105141 0.554086
vt 0.095328 0.546118
vt 0.101825 0.546568
vt 0.111388 0.554309
vt 0.098910 0.553503
vt 0.088442 0.544940
vt 0.095328 0.546118
vt 0.105141 0.554086
vt 0.095074 0.552783
vt 0.083796 0.543484
vt 0.088442 0.544940
vt 0.098910 0.553503
vt 0.095099 0.552200
vt 0.083164 0.542306
vt 0.083796 0.543484
vt 0.095074 0.552783
vt 0.098974 0.551977
vt 0.086789 0.541856
vt 0.083164 0.542306
vt 0.095099 0.552200
vt 0.093286 0.542306
vt 0.082744 0.533017
vt 0.076027 0.532350
vt 0.086789 0.541856
vt 0.100173 0.543484
vt 0.090210 0.534766
vt 0.082744 0.533017
vt 0.093286 0.542306
vt 0.104819 0.544940
vt 0.095572 0.536928
vt 0.090210 0.534766
vt 0.100173 0.543484
vt 0.105450 0.546118
vt 0.096783 0.538676
vt 0.095572 0.536928
vt 0.104819 0.544940
vt 0.101825 0.546568
vt 0.093379 0.539344
vt 0.096783 0.538676
vt 0.105450 0.546118
vt 0.095328 0.546118
vt 0.086661 0.538676
vt 0.093379 0.539344
vt 0.101825 0.546568
vt 0.088442 0.544940
vt 0.079195 0.536928
vt 0.086661 0.538676
vt 0.095328 0.546118
vt 0.083796 0.543484
vt 0.073833 0.534766
vt 0.079195 0.536928
vt 0.088442 0.544940
vt 0.083164 0.542306
vt 0.072623 0.533017
vt 0.073833 0.534766
vt 0.083796 0.543484
vt 0.086789 0.541856
vt 0.076027 0.532350
vt 0.072623 0.533017
vt 0.083164 0.542306
vt 0.082744 0.533017
vt 0.073810 0.524522
vt 0.066905 0.523650
vt 0.076027 0.532350
vt 0.090210 0.534766
vt 0.081767 0.526806
vt 0.073810 0.524522
vt 0.082744 0.533017
vt 0.095572 0.536928
vt 0.087736 0.529629
vt 0.081767 0.526806
vt 0.090210 0.534766
vt 0.096783 0.538676
vt 0.089437 0.531913
vt 0.087736 0.529629
vt 0.095572 0.536928
vt 0.093379 0.539344
vt 0.086220 0.532785
vt 0.089437 0.531913
vt 0.096783 0.538676
vt 0.086661 0.538676
vt 0.079315 0.531913
vt 0.086220 0.532785
vt 0.093379 0.539344
vt 0.079195 0.536928
vt 0.071358 0.529629
vt 0.079315 0.531913
vt 0.086661 0.538676
vt 0.073833 0.534766
vt 0.065390 0.526806
vt 0.071358 0.529629
vt 0.079195 0.536928
vt 0.072623 0.533017
vt 0.063689 0.524522
vt 0.065390 0.526806
vt 0.073833 0.534766
vt 0.076027 0.532350
vt 0.066905 0.523650
vt 0.063689 0.524522
vt 0.072623 0.533017
vt 0.073810 0.524522
vt 0.066666 0.976994
vt 0.059610 0.975935
vt 0.066905 0.523650
vt 0.081767 0.526806
vt 0.075015 0.979766
vt 0.066666 0.976994
vt 0.073810 0.524522
vt 0.087736 0.529629
vt 0.081469 0.523193
vt 0.075015 0.979766
vt 0.081767 0.526806
vt 0.089437 0.531913
vt 0.083562 0.525966
vt 0.081469 0.523193
vt 0.087736 0.529629
vt 0.086220 0.532785
vt 0.080496 0.527025
vt 0.083562 0.525966
vt 0.089437 0.531913
vt 0.079315 0.531913
vt 0.073440 0.525966
vt 0.080496 0.527025
vt 0.086220 0.532785
vt 0.071358 0.529629
vt 0.065091 0.523193
vt 0.073440 0.525966
vt 0.079315 0.531913
vt 0.065390 0.526806
vt 0.058638 0.979766
vt 0.065091 0.523193
vt 0.071358 0.529629
vt 0.063689 0.524522
vt 0.056544 0.976994
vt 0.058638 0.979766
vt 0.065390 0.526806
vt 0.066905 0.523650
vt 0.059610 0.975935
vt 0.056544 0.976994
vt 0.063689 0.524522
vt 0.066666 0.976994
vt 0.061456 0.970585
vt 0.054291 0.969361
vt 0.059610 0.975935
vt 0.075015 0.979766
vt 0.070091 0.973790
vt 0.061456 0.970585
vt 0.066666 0.976994
vt 0.081469 0.523193
vt 0.076899 0.977751
vt 0.070091 0.973790
vt 0.075015 0.979766
vt 0.083562 0.525966
vt 0.079278 0.520956
vt 0.076899 0.977751
vt 0.081469 0.523193
vt 0.080496 0.527025
vt 0.076321 0.522180
vt 0.079278 0.520956
vt 0.083562 0.525966
vt 0.073440 0.525966
vt 0.069157 0.520956
vt 0.076321 0.522180
vt 0.080496 0.527025
vt 0.065091 0.523193
vt 0.060521 0.977751
vt 0.069157 0.520956
vt 0.073440 0.525966
vt 0.058638 0.979766
vt 0.053714 0.973790
vt 0.060521 0.977751
vt 0.065091 0.523193
vt 0.056544 0.976994
vt 0.051334 0.970585
vt 0.053714 0.973790
vt 0.058638 0.979766
vt 0.059610 0.975935
vt 0.054291 0.969361
vt 0.051334 0.970585
vt 0.056544 0.976994
vt 0.061456 0.970585
vt 0.058287 0.965426
vt 0.051056 0.964062
vt 0.054291 0.969361
vt 0.070091 0.973790
vt 0.067096 0.968998
vt 0.058287 0.965426
vt 0.061456 0.970585
vt 0.076899 0.977751
vt 0.074119 0.973414
vt 0.067096 0.968998
vt 0.070091 0.973790
vt 0.079278 0.520956
vt 0.076673 0.976985
vt 0.074119 0.973414
vt 0.076899 0.977751
vt 0.076321 0.522180
vt 0.073782 0.978350
vt 0.076673 0.976985
vt 0.079278 0.520956
vt 0.069157 0.520956
vt 0.066551 0.976985
vt 0.073782 0.978350
vt 0.076321 0.522180
vt 0.060521 0.977751
vt 0.057742 0.973414
vt 0.066551 0.976985
vt 0.069157 0.520956
vt 0.053714 0.973790
vt 0.050719 0.968998
vt 0.057742 0.973414
vt 0.060521 0.977751
vt 0.051334 0.970585
vt 0.048165 0.965426
vt 0.050719 0.968998
vt 0.053714 0.973790
vt 0.054291 0.969361
vt 0.051056 0.964062
vt 0.048165 0.965426
vt 0.051334 0.970585
vt 0.058287 0.965426
vt 0.057223 0.961623
vt 0.049970 0.960146
vt 0.051056 0.964062
vt 0.067096 0.968998
vt 0.066091 0.965489
vt 0.057223 0.961623
vt 0.058287 0.965426
vt 0.074119 0.973414
vt 0.073186 0.970269
vt 0.066091 0.965489
vt 0.067096 0.968998
vt 0.076673 0.976985
vt 0.075798 0.974135
vt 0.073186 0.970269
vt 0.074119 0.973414
vt 0.073782 0.978350
vt 0.072930 0.975612
vt 0.075798 0.974135
vt 0.076673 0.976985
vt 0.066551 0.976985
vt 0.065677 0.974135
vt 0.072930 0.975612
vt 0.073782 0.978350
vt 0.057742 0.973414
vt 0.056809 0.970269
vt 0.065677 0.974135
vt 0.066551 0.976985
vt 0.050719 0.968998
vt 0.049714 0.965489
vt 0.056809 0.970269
vt 0.057742 0.973414
vt 0.048165 0.965426
vt 0.047102 0.961623
vt 0.049714 0.965489
vt 0.050719 0.968998
vt 0.051056 0.964062
vt 0.049970 0.960146
vt 0.047102 0.961623
vt 0.048165 0.965426
vt 0.057223 0.961623
vt 0.058287 0.959253
vt 0.051056 0.957694
vt 0.049970 0.960146
vt 0.066091 0.965489
vt 0.067096 0.963335
vt 0.058287 0.959253
vt 0.057223 0.961623
vt 0.073186 0.970269
vt 0.074119 0.968380
vt 0.067096 0.963335
vt 0.066091 0.965489
vt 0.075798 0.974135
vt 0.076673 0.972462
vt 0.074119 0.968380
vt 0.073186 0.970269
vt 0.072930 0.975612
vt 0.073782 0.974021
vt 0.076673 0.972462
vt 0.075798 0.974135
vt 0.065677 0.974135
vt 0.066551 0.972462
vt 0.073782 0.974021
vt 0.072930 0.975612
vt 0.056809 0.970269
vt 0.057742 0.968380
vt 0.066551 0.972462
vt 0.065677 0.974135
vt 0.049714 0.965489
vt 0.050719 0.963335
vt 0.057742 0.968380
vt 0.056809 0.970269
vt 0.047102 0.961623
vt 0.048165 0.959253
vt 0.050719 0.963335
vt 0.049714 0.965489
vt 0.049970 0.960146
vt 0.051056 0.957694
vt 0.048165 0.959253
vt 0.047102 0.961623
vt 0.058287 0.959253
vt 0.061456 0.958363
vt 0.054291 0.956754
vt 0.051056 0.957694
vt 0.067096 0.963335
vt 0.070091 0.962578
vt 0.061456 0.958363
vt 0.058287 0.959253
vt 0.074119 0.968380
vt 0.076899 0.967787
vt 0.070091 0.962578
vt 0.067096 0.963335
vt 0.076673 0.972462
vt 0.079278 0.972002
vt 0.076899 0.967787
vt 0.074119 0.968380
vt 0.073782 0.974021
vt 0.076321 0.973611
vt 0.079278 0.972002
vt 0.076673 0.972462
vt 0.066551 0.972462
vt 0.069157 0.972002
vt 0.076321 0.973611
vt 0.073782 0.974021
vt 0.057742 0.968380
vt 0.060521 0.967787
vt 0.069157 0.972002
vt 0.066551 0.972462
vt 0.050719 0.963335
vt 0.053714 0.962578
vt 0.060521 0.967787
vt 0.057742 0.968380
vt 0.048165 0.959253
vt 0.051334 0.958363
vt 0.053714 0.962578
vt 0.050719 0.963335
vt 0.051056 0.957694
vt 0.054291 0.956754
vt 0.051334 0.958363
vt 0.048165 0.959253
vt 0.061456 0.958363
vt 0.066666 0.958973
vt 0.059610 0.957345
vt 0.054291 0.956754
vt 0.070091 0.962578
vt 0.075015 0.963234
vt 0.066666 0.958973
vt 0.061456 0.958363
vt 0.076899 0.967787
vt 0.081469 0.968501
vt 0.075015 0.963234
vt 0.070091 0.962578
vt 0.079278 0.972002
vt 0.083562 0.972762
vt 0.081469 0.968501
vt 0.076899 0.967787
vt 0.076321 0.973611
vt 0.080496 0.974390
vt 0.083562 0.972762
vt 0.079278 0.972002
vt 0.069157 0.972002
vt 0.073440 0.972762
vt 0.080496 0.974390
vt 0.076321 0.973611
vt 0.060521 0.967787
vt 0.065091 0.968501
vt 0.073440 0.972762
vt 0.069157 0.972002
vt 0.053714 0.962578
vt 0.058638 0.963234
vt 0.065091 0.968501
vt 0.060521 0.967787
vt 0.051334 0.958363
vt 0.056544 0.958973
vt 0.058638 0.963234
vt 0.053714 0.962578
vt 0.054291 0.956754
vt 0.059610 0.957345
vt 0.056544 0.958973
vt 0.051334 0.958363
vt 0.066666 0.958973
vt 0.073810 0.961069
vt 0.066905 0.959457
vt 0.059610 0.957345
vt 0.075015 0.963234
vt 0.081767 0.965290
vt 0.073810 0.961069
vt 0.066666 0.958973
vt 0.081469 0.968501
vt 0.087736 0.970508
vt 0.081767 0.965290
vt 0.075015 0.963234
vt 0.083562 0.972762
vt 0.089437 0.974729
vt 0.087736 0.970508
vt 0.081469 0.968501
vt 0.080496 0.974390
vt 0.086220 0.976342
vt 0.089437 0.974729
vt 0.083562 0.972762
vt 0.073440 0.972762
vt 0.079315 0.974729
vt 0.086220 0.976342
vt 0.080496 0.974390
vt 0.065091 0.968501
vt 0.071358 0.970508
vt 0.079315 0.974729
vt 0.073440 0.972762
vt 0.058638 0.963234
vt 0.065390 0.965290
vt 0.071358 0.970508
vt 0.065091 0.968501
vt 0.056544 0.958973
vt 0.063689 0.961069
vt 0.065390 0.965290
vt 0.058638 0.963234
vt 0.059610 0.957345
vt 0.066905 0.959457
vt 0.063689 0.961069
vt 0.056544 0.958973
vt 0.073810 0.961069
vt 0.082744 0.964610
vt 0.076027 0.963045
vt 0.066905 0.959457
vt 0.081767 0.965290
vt 0.090210 0.968705
vt 0.082744 0.964610
vt 0.073810 0.961069
vt 0.087736 0.970508
vt 0.095572 0.973767
vt 0.090210 0.968705
vt 0.081767 0.965290
vt 0.089437 0.974729
vt 0.096783 0.977862
vt 0.095572 0.973767
vt 0.087736 0.970508
vt 0.086220 0.976342
vt 0.093379 0.979426
vt 0.096783 0.977862
vt 0.089437 0.974729
vt 0.079315 0.974729
vt 0.086661 0.977862
vt 0.093379 0.979426
vt 0.086220 0.976342
vt 0.071358 0.970508
vt 0.079195 0.973767
vt 0.086661 0.977862
vt 0.079315 0.974729
vt 0.065390 0.965290
vt 0.073833 0.968705
vt 0.079195 0.973767
vt 0.071358 0.970508
vt 0.063689 0.961069
vt 0.072623 0.964610
vt 0.073833 0.968705
vt 0.065390 0.965290
vt 0.066905 0.959457
vt 0.076027 0.963045
vt 0.072623 0.964610
vt 0.063689 0.961069
vt 0.082744 0.964610
vt 0.093286 0.969522
vt 0.086789 0.968037
vt 0.076027 0.963045
vt 0.090210 0.968705
vt 0.100173 0.973408
vt 0.093286 0.969522
vt 0.082744 0.964610
vt 0.095572 0.973767
vt 0.104819 0.978211
vt 0.100173 0.973408
vt 0.090210 0.968705
vt 0.096783 0.977862
vt 0.105450 0.522097
vt 0.104819 0.978211
vt 0.095572 0.973767
vt 0.093379 0.979426
vt 0.101825 0.523581
vt 0.105450 0.522097
vt 0.096783 0.977862
vt 0.086661 0.977862
vt 0.095328 0.522097
vt 0.101825 0.523581
vt 0.093379 0.979426
vt 0.079195 0.973767
vt 0.088442 0.978211
vt 0.095328 0.522097
vt 0.086661 0.977862
vt 0.073833 0.968705
vt 0.083796 0.973408
vt 0.088442 0.978211
vt 0.079195 0.973767
vt 0.072623 0.964610
vt 0.083164 0.969522
vt 0.083796 0.973408
vt 0.073833 0.968705
vt 0.076027 0.963045
vt 0.086789 0.968037
vt 0.083164 0.969522
vt 0.072623 0.964610
vt 0.093286 0.969522
vt 0.105221 0.975706
vt 0.098974 0.974332
vt 0.086789 0.968037
vt 0.100173 0.973408
vt 0.111452 0.979304
vt 0.105221 0.975706
vt 0.093286 0.969522
vt 0.104819 0.978211
vt 0.115288 0.523750
vt 0.111452 0.979304
vt 0.100173 0.973408
vt 0.105450 0.522097
vt 0.115263 0.527348
vt 0.115288 0.523750
vt 0.104819 0.978211
vt 0.101825 0.523581
vt 0.111388 0.528722
vt 0.115263 0.527348
vt 0.105450 0.522097
vt 0.095328 0.522097
vt 0.105141 0.527348
vt 0.111388 0.528722
vt 0.101825 0.523581
vt 0.088442 0.978211
vt 0.098910 0.523750
vt 0.105141 0.527348
vt 0.095328 0.522097
vt 0.083796 0.973408
vt 0.095074 0.979304
vt 0.098910 0.523750
vt 0.088442 0.978211
vt 0.083164 0.969522
vt 0.095099 0.975706
vt 0.095074 0.979304
vt 0.083796 0.973408
vt 0.086789 0.968037
vt 0.098974 0.974332
vt 0.095099 0.975706
vt 0.083164 0.969522
vt 0.105221 0.975706
vt 0.118305 0.523036
vt 0.112334 0.521800
vt 0.098974 0.974332
vt 0.111452 0.979304
vt 0.123817 0.526272
vt 0.118305 0.523036
vt 0.105221 0.975706
vt 0.115288 0.523750
vt 0.126765 0.530272
vt 0.123817 0.526272
vt 0.111452 0.979304
vt 0.115263 0.527348
vt 0.126021 0.533508
vt 0.126765 0.530272
vt 0.115288 0.523750
vt 0.111388 0.528722
vt 0.121871 0.534744
vt 0.126021 0.533508
vt 0.115263 0.527348
vt 0.105141 0.527348
vt 0.115900 0.533508
vt 0.121871 0.534744
vt 0.111388 0.528722
vt 0.098910 0.523750
vt 0.110388 0.530272
vt 0.115900 0.533508
vt 0.105141 0.527348
vt 0.095074 0.979304
vt 0.107440 0.526272
vt 0.110388 0.530272
vt 0.098910 0.523750
vt 0.095099 0.975706
vt 0.108183 0.523036
vt 0.107440 0.526272
vt 0.095074 0.979304
vt 0.098974 0.974332
vt 0.112334 0.521800
vt 0.108183 0.523036
vt 0.095099 0.975706
vt 0.118305 0.523036
vt 0.132273 0.531363
vt 0.126595 0.530291
vt 0.112334 0.521800
vt 0.123817 0.526272
vt 0.137018 0.534172
vt 0.132273 0.531363
vt 0.118305 0.523036
vt 0.126765 0.530272
vt 0.139017 0.537643
vt 0.137018 0.534172
vt 0.123817 0.526272
vt 0.126021 0.533508
vt 0.137506 0.540451
vt 0.139017 0.537643
vt 0.126765 0.530272
vt 0.121871 0.534744
vt 0.133063 0.541524
vt 0.137506 0.540451
vt 0.126021 0.533508
vt 0.115900 0.533508
vt 0.127385 0.540451
vt 0.133063 0.541524
vt 0.121871 0.534744
vt 0.110388 0.530272
vt 0.122640 0.537643
vt 0.127385 0.540451
vt 0.115900 0.533508
vt 0.107440 0.526272
vt 0.120641 0.534172
vt 0.122640 0.537643
vt 0.110388 0.530272
vt 0.108183 0.523036
vt 0.122152 0.531363
vt 0.120641 0.534172
vt 0.107440 0.526272
vt 0.112334 0.521800
vt 0.126595 0.530291
vt 0.122152 0.531363
vt 0.108183 0.523036
vt 0.132273 0.531363
vt 0.146841 0.540518
vt 0.141468 0.539630
vt 0.126595 0.530291
vt 0.137018 0.534172
vt 0.150785 0.542841
vt 0.146841 0.540518
vt 0.132273 0.531363
vt 0.139017 0.537643
vt 0.151795 0.545714
vt 0.150785 0.542841
vt 0.137018 0.534172
vt 0.137506 0.540451
vt 0.149484 0.548037
vt 0.151795 0.545714
vt 0.139017 0.537643
vt 0.133063 0.541524
vt 0.144735 0.548925
vt 0.149484 0.548037
vt 0.137506 0.540451
vt 0.127385 0.540451
vt 0.139363 0.548037
vt 0.144735 0.548925
vt 0.133063 0.541524
vt 0.122640 0.537643
vt 0.135418 0.545714
vt 0.139363 0.548037
vt 0.127385 0.540451
vt 0.120641 0.534172
vt 0.134408 0.542841
vt 0.135418 0.545714
vt 0.122640 0.537643
vt 0.122152 0.531363
vt 0.136719 0.540518
vt 0.134408 0.542841
vt 0.120641 0.534172
vt 0.126595 0.530291
vt 0.141468 0.539630
vt 0.136719 0.540518
vt 0.122152 0.531363
vt 0.146841 0.540518
vt 0.161711 0.550313
vt 0.156650 0.549629
vt 0.141468 0.539630
vt 0.150785 0.542841
vt 0.164839 0.552105
vt 0.161711 0.550313
vt 0.146841 0.540518
vt 0.151795 0.545714
vt 0.164839 0.554319
vt 0.164839 0.552105
vt 0.150785 0.542841
vt 0.149484 0.548037
vt 0.161711 0.556111
vt 0.164839 0.554319
vt 0.151795 0.545714
vt 0.144735 0.548925
vt 0.156650 0.556795
vt 0.161711 0.556111
vt 0.149484 0.548037
vt 0.139363 0.548037
vt 0.151589 0.556111
vt 0.156650 0.556795
vt 0.144735 0.548925
vt 0.135418 0.545714
vt 0.148461 0.554319
vt 0.151589 0.556111
vt 0.139363 0.548037
vt 0.134408 0.542841
vt 0.148461 0.552105
vt 0.148461 0.554319
vt 0.135418 0.545714
vt 0.136719 0.540518
vt 0.151589 0.550313
vt 0.148461 0.552105
vt 0.134408 0.542841
vt 0.141468 0.539630
vt 0.156650 0.549629
vt 0.151589 0.550313
vt 0.136719 0.540518
vt 0.161711 0.550313
vt 0.176581 0.560550
vt 0.171832 0.560083
vt 0.156650 0.549629
vt 0.164839 0.552105
vt 0.178892 0.561773
vt 0.176581 0.560550
vt 0.161711 0.550313
vt 0.164839 0.554319
vt 0.177882 0.563285
vt 0.178892 0.561773
vt 0.164839 0.552105
vt 0.161711 0.556111
vt 0.173937 0.564508
vt 0.177882 0.563285
vt 0.164839 0.554319
vt 0.156650 0.556795
vt 0.168565 0.564976
vt 0.173937 0.564508
vt 0.161711 0.556111
vt 0.151589 0.556111
vt 0.163816 0.564508
vt 0.168565 0.564976
vt 0.156650 0.556795
vt 0.148461 0.554319
vt 0.161505 0.563285
vt 0.163816 0.564508
vt 0.151589 0.556111
vt 0.148461 0.552105
vt 0.162515 0.561773
vt 0.161505 0.563285
vt 0.148461 0.554319
vt 0.151589 0.550313
vt 0.166459 0.560550
vt 0.162515 0.561773
vt 0.148461 0.552105
vt 0.156650 0.549629
vt 0.171832 0.560083
vt 0.166459 0.560550
vt 0.151589 0.550313
vt 0.176581 0.560550
vt 0.191148 0.571020
vt 0.186705 0.570779
vt 0.171832 0.560083
vt 0.178892 0.561773
vt 0.192659 0.571650
vt 0.191148 0.571020
vt 0.176581 0.560550
vt 0.177882 0.563285
vt 0.190660 0.572428
vt 0.192659 0.571650
vt 0.178892 0.561773
vt 0.173937 0.564508
vt 0.185915 0.573058
vt 0.190660 0.572428
vt 0.177882 0.563285
vt 0.168565 0.564976
vt 0.180237 0.573299
vt 0.185915 0.573058
vt 0.173937 0.564508
vt 0.163816 0.564508
vt 0.175794 0.573058
vt 0.180237 0.573299
vt 0.168565 0.564976
vt 0.161505 0.563285
vt 0.174283 0.572428
vt 0.175794 0.573058
vt 0.163816 0.564508
vt 0.162515 0.561773
vt 0.176282 0.571650
vt 0.174283 0.572428
vt 0.161505 0.563285
vt 0.166459 0.560550
vt 0.181027 0.571020
vt 0.176282 0.571650
vt 0.162515 0.561773
vt 0.171832 0.560083
vt 0.186705 0.570779
vt 0.181027 0.571020
vt 0.166459 0.560550
vt 0.191148 0.571020
vt 0.205117 0.581510
vt 0.200966 0.581501
vt 0.186705 0.570779
vt 0.192659 0.571650
vt 0.205860 0.581534
vt 0.205117 0.581510
vt 0.191148 0.571020
vt 0.190660 0.572428
vt 0.202912 0.581563
vt 0.205860 0.581534
vt 0.192659 0.571650
vt 0.185915 0.573058
vt 0.197400 0.581586
vt 0.202912 0.581563
vt 0.190660 0.572428
vt 0.180237 0.573299
vt 0.191429 0.581596
vt 0.197400 0.581586
vt 0.185915 0.573058
vt 0.175794 0.573058
vt 0.187279 0.581586
vt 0.191429 0.581596
vt 0.180237 0.573299
vt 0.174283 0.572428
vt 0.186535 0.581563
vt 0.187279 0.581586
vt 0.175794 0.573058
vt 0.176282 0.571650
vt 0.189483 0.581534
vt 0.186535 0.581563
vt 0.174283 0.572428
vt 0.181027 0.571020
vt 0.194995 0.581510
vt 0.189483 0.581534
vt 0.176282 0.571650
vt 0.186705 0.570779
vt 0.200966 0.581501
vt 0.194995 0.581510
vt 0.181027 0.571020
vt 0.205117 0.581510
vt 0.218201 0.591806
vt 0.214326 0.592029
vt 0.200966 0.581501
vt 0.205860 0.581534
vt 0.218226 0.591223
vt 0.218201 0.591806
vt 0.205117 0.581510
vt 0.202912 0.581563
vt 0.214390 0.590503
vt 0.218226 0.591223
vt 0.205860 0.581534
vt 0.197400 0.581586
vt 0.208159 0.589920
vt 0.214390 0.590503
vt 0.202912 0.581563
vt 0.191429 0.581596
vt 0.201912 0.589697
vt 0.208159 0.589920
vt 0.197400 0.581586
vt 0.187279 0.581586
vt 0.198037 0.589920
vt 0.201912 0.589697
vt 0.191429 0.581596
vt 0.186535 0.581563
vt 0.198012 0.590503
vt 0.198037 0.589920
vt 0.187279 0.581586
vt 0.189483 0.581534
vt 0.201848 0.591223
vt 0.198012 0.590503
vt 0.186535 0.581563
vt 0.194995 0.581510
vt 0.208079 0.591806
vt 0.201848 0.591223
vt 0.189483 0.581534
vt 0.200966 0.581501
vt 0.214326 0.592029
vt 0.208079 0.591806
vt 0.194995 0.581510
vt 0.218201 0.591806
vt 0.230136 0.601700
vt 0.226511 0.602150
vt 0.214326 0.592029
vt 0.218226 0.591223
vt 0.229504 0.600522
vt 0.230136 0.601700
vt 0.218201 0.591806
vt 0.214390 0.590503
vt 0.224858 0.599066
vt 0.229504 0.600522
vt 0.218226 0.591223
vt 0.208159 0.589920
vt 0.217972 0.597888
vt 0.224858 0.599066
vt 0.214390 0.590503
vt 0.201912 0.589697
vt 0.211475 0.597438
vt 0.217972 0.597888
vt 0.208159 0.589920
vt 0.198037 0.589920
vt 0.207850 0.597888
vt 0.211475 0.597438
vt 0.201912 0.589697
vt 0.198012 0.590503
vt 0.208481 0.599066
vt 0.207850 0.597888
vt 0.198037 0.589920
vt 0.201848 0.591223
vt 0.213127 0.600522
vt 0.208481 0.599066
vt 0.198012 0.590503
vt 0.208079 0.591806
vt 0.220014 0.601700
vt 0.213127 0.600522
vt 0.201848 0.591223
vt 0.214326 0.592029
vt 0.226511 0.602150
vt 0.220014 0.601700
vt 0.208079 0.591806
vt 0.230136 0.601700
vt 0.240677 0.610989
vt 0.237273 0.611656
vt 0.226511 0.602150
vt 0.229504 0.600522
vt 0.239467 0.609240
vt 0.240677 0.610989
vt 0.230136 0.601700
vt 0.224858 0.599066
vt 0.234105 0.607078
vt 0.239467 0.609240
vt 0.229504 0.600522
vt 0.217972 0.597888
vt 0.226639 0.605330
vt 0.234105 0.607078
vt 0.224858 0.599066
vt 0.211475 0.597438
vt 0.219921 0.604662
vt 0.226639 0.605330
vt 0.217972 0.597888
vt 0.207850 0.597888
vt 0.216517 0.605330
vt 0.219921 0.604662
vt 0.211475 0.597438
vt 0.208481 0.599066
vt 0.217728 0.607078
vt 0.216517 0.605330
vt 0.207850 0.597888
vt 0.213127 0.600522
vt 0.223090 0.609240
vt 0.217728 0.607078
vt 0.208481 0.599066
vt 0.220014 0.601700
vt 0.230556 0.610989
vt 0.223090 0.609240
vt 0.213127 0.600522
vt 0.226511 0.602150
vt 0.237273 0.611656
vt 0.230556 0.610989
vt 0.220014 0.601700
vt 0.240677 0.610989
vt 0.249611 0.619484
vt 0.246395 0.620356
vt 0.237273 0.611656
vt 0.239467 0.609240
vt 0.247910 0.617200
vt 0.249611 0.619484
vt 0.240677 0.610989
vt 0.234105 0.607078
vt 0.241942 0.614377
vt 0.247910 0.617200
vt 0.239467 0.609240
vt 0.226639 0.605330
vt 0.233985 0.612093
vt 0.241942 0.614377
vt 0.234105 0.607078
vt 0.219921 0.604662
vt 0.227080 0.611221
vt 0.233985 0.612093
vt 0.226639 0.605330
vt 0.216517 0.605330
vt 0.223863 0.612093
vt 0.227080 0.611221
vt 0.219921 0.604662
vt 0.217728 0.607078
vt 0.225564 0.614377
vt 0.223863 0.612093
vt 0.216517 0.605330
vt 0.223090 0.609240
vt 0.231533 0.617200
vt 0.225564 0.614377
vt 0.217728 0.607078
vt 0.230556 0.610989
vt 0.239490 0.619484
vt 0.231533 0.617200
vt 0.223090 0.609240
vt 0.237273 0.611656
vt 0.246395 0.620356
vt 0.239490 0.619484
vt 0.230556 0.610989
vt 0.249611 0.619484
vt 0.256756 0.627012
vt 0.253690 0.628071
vt 0.246395 0.620356
vt 0.247910 0.617200
vt 0.254662 0.624240
vt 0.256756 0.627012
vt 0.249611 0.619484
vt 0.241942 0.614377
vt 0.248209 0.620813
vt 0.254662 0.624240
vt 0.247910 0.617200
vt 0.233985 0.612093
vt 0.239860 0.618040
vt 0.248209 0.620813
vt 0.241942 0.614377
vt 0.227080 0.611221
vt 0.232804 0.616981
vt 0.239860 0.618040
vt 0.233985 0.612093
vt 0.223863 0.612093
vt 0.229738 0.618040
vt 0.232804 0.616981
vt 0.227080 0.611221
vt 0.225564 0.614377
vt 0.231831 0.620813
vt 0.229738 0.618040
vt 0.223863 0.612093
vt 0.231533 0.617200
vt 0.238285 0.624240
vt 0.231831 0.620813
vt 0.225564 0.614377
vt 0.239490 0.619484
vt 0.246634 0.627012
vt 0.238285 0.624240
vt 0.231533 0.617200
vt 0.246395 0.620356
vt 0.253690 0.628071
vt 0.246634 0.627012
vt 0.239490 0.619484
vt 0.256756 0.627012
vt 0.261966 0.633421
vt 0.259009 0.634645
vt 0.253690 0.628071
vt 0.254662 0.624240
vt 0.259586 0.630216
vt 0.261966 0.633421
vt 0.256756 0.627012
vt 0.248209 0.620813
vt 0.252779 0.626255
vt 0.259586 0.630216
vt 0.254662 0.624240
vt 0.239860 0.618040
vt 0.244143 0.623050
vt 0.252779 0.626255
vt 0.248209 0.620813
vt 0.232804 0.616981
vt 0.236979 0.621826
vt 0.244143 0.623050
vt 0.239860 0.618040
vt 0.229738 0.618040
vt 0.234022 0.623050
vt 0.236979 0.621826
vt 0.232804 0.616981
vt 0.231831 0.620813
vt 0.236401 0.626255
vt 0.234022 0.623050
vt 0.229738 0.618040
vt 0.238285 0.624240
vt 0.243209 0.630216
vt 0.236401 0.626255
vt 0.231831 0.620813
vt 0.246634 0.627012
vt 0.251844 0.633421
vt 0.243209 0.630216
vt 0.238285 0.624240
vt 0.253690 0.628071
vt 0.259009 0.634645
vt 0.251844 0.633421
vt 0.246634 0.627012
vt 0.261966 0.633421
vt 0.265135 0.638580
vt 0.262244 0.639944
vt 0.259009 0.634645
vt 0.259586 0.630216
vt 0.262581 0.635008
vt 0.265135 0.638580
vt 0.261966 0.633421
vt 0.252779 0.626255
vt 0.255558 0.630592
vt 0.262581 0.635008
vt 0.259586 0.630216
vt 0.244143 0.623050
vt 0.246749 0.627021
vt 0.255558 0.630592
vt 0.252779 0.626255
vt 0.236979 0.621826
vt 0.239518 0.625656
vt 0.246749 0.627021
vt 0.244143 0.623050
vt 0.234022 0.623050
vt 0.236627 0.627021
vt 0.239518 0.625656
vt 0.236979 0.621826
vt 0.236401 0.626255
vt 0.239181 0.630592
vt 0.236627 0.627021
vt 0.234022 0.623050
vt 0.243209 0.630216
vt 0.246204 0.635008
vt 0.239181 0.630592
vt 0.236401 0.626255
vt 0.251844 0.633421
vt 0.255013 0.638580
vt 0.246204 0.635008
vt 0.243209 0.630216
vt 0.259009 0.634645
vt 0.262244 0.639944
vt 0.255013 0.638580
vt 0.251844 0.633421
vt 0.265135 0.638580
vt 0.266198 0.642383
vt 0.263330 0.643860
vt 0.262244 0.639944
vt 0.262581 0.635008
vt 0.263586 0.638517
vt 0.266198 0.642383
vt 0.265135 0.638580
vt 0.255558 0.630592
vt 0.256491 0.633737
vt 0.263586 0.638517
vt 0.262581 0.635008
vt 0.246749 0.627021
vt 0.247623 0.629871
vt 0.256491 0.633737
vt 0.255558 0.630592
vt 0.239518 0.625656
vt 0.240370 0.628394
vt 0.247623 0.629871
vt 0.246749 0.627021
vt 0.236627 0.627021
vt 0.237502 0.629871
vt 0.240370 0.628394
vt 0.239518 0.625656
vt 0.239181 0.630592
vt 0.240114 0.633737
vt 0.237502 0.629871
vt 0.236627 0.627021
vt 0.246204 0.635008
vt 0.247209 0.638517
vt 0.240114 0.633737
vt 0.239181 0.630592
vt 0.255013 0.638580
vt 0.256077 0.642383
vt 0.247209 0.638517
vt 0.246204 0.635008
vt 0.262244 0.639944
vt 0.263330 0.643860
vt 0.256077 0.642383
vt 0.255013 0.638580
vt 0.032820 0.957529
vt 0.041430 0.957529
vt 0.041430 0.946167
vt 0.032820 0.946167
vt 0.089030 0.529591
vt 0.080420 0.529591
vt 0.080420 0.978229
vt 0.089030 0.978229
vt 0.080420 0.529591
vt 0.032820 0.957529
vt 0.032820 0.946167
vt 0.080420 0.978229
vt 0.041430 0.957529
vt 0.089030 0.529591
vt 0.089030 0.978229
vt 0.041430 0.946167
vt 0.080420 0.529591
vt 0.089030 0.529591
vt 0.041430 0.957529
vt 0.032820 0.957529
vt 0.032820 0.946167
vt 0.041430 0.946167
vt 0.089030 0.978229
vt 0.080420 0.978229
vt 0.223220 0.625777
vt 0.231830 0.625777
vt 0.231830 0.614415
vt 0.223220 0.614415
vt 0.279430 0.657839
vt 0.270820 0.657839
vt 0.270820 0.646477
vt 0.279430 0.646477
vt 0.270820 0.657839
vt 0.223220 0.625777
vt 0.223220 0.614415
vt 0.270820 0.646477
vt 0.231830 0.625777
vt 0.279430 0.657839
vt 0.279430 0.646477
vt 0.231830 0.614415
vt 0.270820 0.657839
vt 0.279430 0.657839
vt 0.231830 0.625777
vt 0.223220 0.625777
vt 0.223220 0.614415
vt 0.231830 0.614415
vt 0.279430 0.646477
vt 0.270820 0.646477
vt 0.952898 0.642383
vt 0.951835 0.644753
vt 0.948944 0.646312
vt 0.950030 0.643860
vt 0.950286 0.638517
vt 0.949281 0.640671
vt 0.951835 0.644753
vt 0.952898 0.642383
vt 0.943191 0.633737
vt 0.942258 0.635626
vt 0.949281 0.640671
vt 0.950286 0.638517
vt 0.934323 0.629871
vt 0.933449 0.631544
vt 0.942258 0.635626
vt 0.943191 0.633737
vt 0.927070 0.628394
vt 0.926218 0.629985
vt 0.933449 0.631544
vt 0.934323 0.629871
vt 0.924202 0.629871
vt 0.923327 0.631544
vt 0.926218 0.629985
vt 0.927070 0.628394
vt 0.926814 0.633737
vt 0.925881 0.635626
vt 0.923327 0.631544
vt 0.924202 0.629871
vt 0.933909 0.638517
vt 0.932904 0.640671
vt 0.925881 0.635626
vt 0.926814 0.633737
vt 0.942777 0.642383
vt 0.941713 0.644753
vt 0.932904 0.640671
vt 0.933909 0.638517
vt 0.950030 0.643860
vt 0.948944 0.646312
vt 0.941713 0.644753
vt 0.942777 0.642383
vt 0.951835 0.644753
vt 0.948666 0.645643
vt 0.945709 0.647252
vt 0.948944 0.646312
vt 0.949281 0.640671
vt 0.946286 0.641428
vt 0.948666 0.645643
vt 0.951835 0.644753
vt 0.942258 0.635626
vt 0.939479 0.636219
vt 0.946286 0.641428
vt 0.949281 0.640671
vt 0.933449 0.631544
vt 0.930843 0.632004
vt 0.939479 0.636219
vt 0.942258 0.635626
vt 0.926218 0.629985
vt 0.923679 0.630395
vt 0.930843 0.632004
vt 0.933449 0.631544
vt 0.923327 0.631544
vt 0.920722 0.632004
vt 0.923679 0.630395
vt 0.926218 0.629985
vt 0.925881 0.635626
vt 0.923101 0.636219
vt 0.920722 0.632004
vt 0.923327 0.631544
vt 0.932904 0.640671
vt 0.929909 0.641428
vt 0.923101 0.636219
vt 0.925881 0.635626
vt 0.941713 0.644753
vt 0.938544 0.645643
vt 0.929909 0.641428
vt 0.932904 0.640671
vt 0.948944 0.646312
vt 0.945709 0.647252
vt 0.938544 0.645643
vt 0.941713 0.644753
vt 0.948666 0.645643
vt 0.943456 0.645033
vt 0.940390 0.646661
vt 0.945709 0.647252
vt 0.946286 0.641428
vt 0.941362 0.640772
vt 0.943456 0.645033
vt 0.948666 0.645643
vt 0.939479 0.636219
vt 0.934909 0.635505
vt 0.941362 0.640772
vt 0.946286 0.641428
vt 0.930843 0.632004
vt 0.926560 0.631244
vt 0.934909 0.635505
vt 0.939479 0.636219
vt 0.923679 0.630395
vt 0.919504 0.629616
vt 0.926560 0.631244
vt 0.930843 0.632004
vt 0.920722 0.632004
vt 0.916438 0.631244
vt 0.919504 0.629616
vt 0.923679 0.630395
vt 0.923101 0.636219
vt 0.918531 0.635505
vt 0.916438 0.631244
vt 0.920722 0.632004
vt 0.929909 0.641428
vt 0.924985 0.640772
vt 0.918531 0.635505
vt 0.923101 0.636219
vt 0.938544 0.645643
vt 0.933334 0.645033
vt 0.924985 0.640772
vt 0.929909 0.641428
vt 0.945709 0.647252
vt 0.940390 0.646661
vt 0.933334 0.645033
vt 0.938544 0.645643
vt 0.943456 0.645033
vt 0.936311 0.642937
vt 0.933095 0.644549
vt 0.940390 0.646661
vt 0.941362 0.640772
vt 0.934610 0.638716
vt 0.936311 0.642937
vt 0.943456 0.645033
vt 0.934909 0.635505
vt 0.928642 0.633498
vt 0.934610 0.638716
vt 0.941362 0.640772
vt 0.926560 0.631244
vt 0.920685 0.629277
vt 0.928642 0.633498
vt 0.934909 0.635505
vt 0.919504 0.629616
vt 0.913780 0.627664
vt 0.920685 0.629277
vt 0.926560 0.631244
vt 0.916438 0.631244
vt 0.910563 0.629277
vt 0.913780 0.627664
vt 0.919504 0.629616
vt 0.918531 0.635505
vt 0.912264 0.633498
vt 0.910563 0.629277
vt 0.916438 0.631244
vt 0.924985 0.640772
vt 0.918233 0.638716
vt 0.912264 0.633498
vt 0.918531 0.635505
vt 0.933334 0.645033
vt 0.926190 0.642937
vt 0.918233 0.638716
vt 0.924985 0.640772
vt 0.940390 0.646661
vt 0.933095 0.644549
vt 0.926190 0.642937
vt 0.933334 0.645033
vt 0.936311 0.642937
vt 0.927377 0.639396
vt 0.923973 0.640961
vt 0.933095 0.644549
vt 0.934610 0.638716
vt 0.926167 0.635301
vt 0.927377 0.639396
vt 0.936311 0.642937
vt 0.928642 0.633498
vt 0.920805 0.630239
vt 0.926167 0.635301
vt 0.934610 0.638716
vt 0.920685 0.629277
vt 0.913339 0.626144
vt 0.920805 0.630239
vt 0.928642 0.633498
vt 0.913780 0.627664
vt 0.906621 0.624580
vt 0.913339 0.626144
vt 0.920685 0.629277
vt 0.910563 0.629277
vt 0.903217 0.626144
vt 0.906621 0.624580
vt 0.913780 0.627664
vt 0.912264 0.633498
vt 0.904428 0.630239
vt 0.903217 0.626144
vt 0.910563 0.629277
vt 0.918233 0.638716
vt 0.909790 0.635301
vt 0.904428 0.630239
vt 0.912264 0.633498
vt 0.926190 0.642937
vt 0.917256 0.639396
vt 0.909790 0.635301
vt 0.918233 0.638716
vt 0.933095 0.644549
vt 0.923973 0.640961
vt 0.917256 0.639396
vt 0.926190 0.642937
vt 0.927377 0.639396
vt 0.916836 0.634484
vt 0.913211 0.635969
vt 0.923973 0.640961
vt 0.926167 0.635301
vt 0.916204 0.630598
vt 0.916836 0.634484
vt 0.927377 0.639396
vt 0.920805 0.630239
vt 0.911558 0.625795
vt 0.916204 0.630598
vt 0.926167 0.635301
vt 0.913339 0.626144
vt 0.904672 0.621909
vt 0.911558 0.625795
vt 0.920805 0.630239
vt 0.906621 0.624580
vt 0.898175 0.620425
vt 0.904672 0.621909
vt 0.913339 0.626144
vt 0.903217 0.626144
vt 0.894550 0.621909
vt 0.898175 0.620425
vt 0.906621 0.624580
vt 0.904428 0.630239
vt 0.895181 0.625795
vt 0.894550 0.621909
vt 0.903217 0.626144
vt 0.909790 0.635301
vt 0.899827 0.630598
vt 0.895181 0.625795
vt 0.904428 0.630239
vt 0.917256 0.639396
vt 0.906714 0.634484
vt 0.899827 0.630598
vt 0.909790 0.635301
vt 0.923973 0.640961
vt 0.913211 0.635969
vt 0.906714 0.634484
vt 0.917256 0.639396
vt 0.916836 0.634484
vt 0.904901 0.628300
vt 0.901026 0.629674
vt 0.913211 0.635969
vt 0.916204 0.630598
vt 0.904926 0.624702
vt 0.904901 0.628300
vt 0.916836 0.634484
vt 0.911558 0.625795
vt 0.901090 0.620256
vt 0.904926 0.624702
vt 0.916204 0.630598
vt 0.904672 0.621909
vt 0.894859 0.616658
vt 0.901090 0.620256
vt 0.911558 0.625795
vt 0.898175 0.620425
vt 0.888612 0.615284
vt 0.894859 0.616658
vt 0.904672 0.621909
vt 0.894550 0.621909
vt 0.884737 0.616658
vt 0.888612 0.615284
vt 0.898175 0.620425
vt 0.895181 0.625795
vt 0.884712 0.620256
vt 0.884737 0.616658
vt 0.894550 0.621909
vt 0.899827 0.630598
vt 0.888548 0.624702
vt 0.884712 0.620256
vt 0.895181 0.625795
vt 0.906714 0.634484
vt 0.894779 0.628300
vt 0.888548 0.624702
vt 0.899827 0.630598
vt 0.913211 0.635969
vt 0.901026 0.629674
vt 0.894779 0.628300
vt 0.906714 0.634484
vt 0.904901 0.628300
vt 0.891817 0.620970
vt 0.887666 0.622206
vt 0.901026 0.629674
vt 0.904926 0.624702
vt 0.892560 0.617734
vt 0.891817 0.620970
vt 0.904901 0.628300
vt 0.901090 0.620256
vt 0.889612 0.613734
vt 0.892560 0.617734
vt 0.904926 0.624702
vt 0.894859 0.616658
vt 0.884100 0.610498
vt 0.889612 0.613734
vt 0.901090 0.620256
vt 0.888612 0.615284
vt 0.878129 0.609262
vt 0.884100 0.610498
vt 0.894859 0.616658
vt 0.884737 0.616658
vt 0.873979 0.610498
vt 0.878129 0.609262
vt 0.888612 0.615284
vt 0.884712 0.620256
vt 0.873235 0.613734
vt 0.873979 0.610498
vt 0.884737 0.616658
vt 0.888548 0.624702
vt 0.876183 0.617734
vt 0.873235 0.613734
vt 0.884712 0.620256
vt 0.894779 0.628300
vt 0.881695 0.620970
vt 0.876183 0.617734
vt 0.888548 0.624702
vt 0.901026 0.629674
vt 0.887666 0.622206
vt 0.881695 0.620970
vt 0.894779 0.628300
vt 0.891817 0.620970
vt 0.877848 0.612643
vt 0.873405 0.613715
vt 0.887666 0.622206
vt 0.892560 0.617734
vt 0.879359 0.609834
vt 0.877848 0.612643
vt 0.891817 0.620970
vt 0.889612 0.613734
vt 0.877360 0.606363
vt 0.879359 0.609834
vt 0.892560 0.617734
vt 0.884100 0.610498
vt 0.872615 0.603555
vt 0.877360 0.606363
vt 0.889612 0.613734
vt 0.878129 0.609262
vt 0.866937 0.602482
vt 0.872615 0.603555
vt 0.884100 0.610498
vt 0.873979 0.610498
vt 0.862494 0.603555
vt 0.866937 0.602482
vt 0.878129 0.609262
vt 0.873235 0.613734
vt 0.860983 0.606363
vt 0.862494 0.603555
vt 0.873979 0.610498
vt 0.876183 0.617734
vt 0.862982 0.609834
vt 0.860983 0.606363
vt 0.873235 0.613734
vt 0.881695 0.620970
vt 0.867727 0.612643
vt 0.862982 0.609834
vt 0.876183 0.617734
vt 0.887666 0.622206
vt 0.873405 0.613715
vt 0.867727 0.612643
vt 0.881695 0.620970
vt 0.877848 0.612643
vt 0.863281 0.603488
vt 0.858532 0.604376
vt 0.873405 0.613715
vt 0.879359 0.609834
vt 0.865592 0.601165
vt 0.863281 0.603488
vt 0.877848 0.612643
vt 0.877360 0.606363
vt 0.864582 0.598292
vt 0.865592 0.601165
vt 0.879359 0.609834
vt 0.872615 0.603555
vt 0.860637 0.595969
vt 0.864582 0.598292
vt 0.877360 0.606363
vt 0.866937 0.602482
vt 0.855265 0.595081
vt 0.860637 0.595969
vt 0.872615 0.603555
vt 0.862494 0.603555
vt 0.850516 0.595969
vt 0.855265 0.595081
vt 0.866937 0.602482
vt 0.860983 0.606363
vt 0.848205 0.598292
vt 0.850516 0.595969
vt 0.862494 0.603555
vt 0.862982 0.609834
vt 0.849215 0.601165
vt 0.848205 0.598292
vt 0.860983 0.606363
vt 0.867727 0.612643
vt 0.853159 0.603488
vt 0.849215 0.601165
vt 0.862982 0.609834
vt 0.873405 0.613715
vt 0.858532 0.604376
vt 0.853159 0.603488
vt 0.867727 0.612643
vt 0.863281 0.603488
vt 0.848411 0.593693
vt 0.843350 0.594377
vt 0.858532 0.604376
vt 0.865592 0.601165
vt 0.851539 0.591901
vt 0.848411 0.593693
vt 0.863281 0.603488
vt 0.864582 0.598292
vt 0.851539 0.589687
vt 0.851539 0.591901
vt 0.865592 0.601165
vt 0.860637 0.595969
vt 0.848411 0.587895
vt 0.851539 0.589687
vt 0.864582 0.598292
vt 0.855265 0.595081
vt 0.843350 0.587211
vt 0.848411 0.587895
vt 0.860637 0.595969
vt 0.850516 0.595969
vt 0.838289 0.587895
vt 0.843350 0.587211
vt 0.855265 0.595081
vt 0.848205 0.598292
vt 0.835161 0.589687
vt 0.838289 0.587895
vt 0.850516 0.595969
vt 0.849215 0.601165
vt 0.835161 0.591901
vt 0.835161 0.589687
vt 0.848205 0.598292
vt 0.853159 0.603488
vt 0.838289 0.593693
vt 0.835161 0.591901
vt 0.849215 0.601165
vt 0.858532 0.604376
vt 0.843350 0.594377
vt 0.838289 0.593693
vt 0.853159 0.603488
vt 0.848411 0.593693
vt 0.833541 0.583456
vt 0.828168 0.583923
vt 0.843350 0.594377
vt 0.851539 0.591901
vt 0.837485 0.582233
vt 0.833541 0.583456
vt 0.848411 0.593693
vt 0.851539 0.589687
vt 0.838495 0.580721
vt 0.837485 0.582233
vt 0.851539 0.591901
vt 0.848411 0.587895
vt 0.836184 0.579498
vt 0.838495 0.580721
vt 0.851539 0.589687
vt 0.843350 0.587211
vt 0.831435 0.579030
vt 0.836184 0.579498
vt 0.848411 0.587895
vt 0.838289 0.587895
vt 0.826063 0.579498
vt 0.831435 0.579030
vt 0.843350 0.587211
vt 0.835161 0.589687
vt 0.822118 0.580721
vt 0.826063 0.579498
vt 0.838289 0.587895
vt 0.835161 0.591901
vt 0.821108 0.582233
vt 0.822118 0.580721
vt 0.835161 0.589687
vt 0.838289 0.593693
vt 0.823419 0.583456
vt 0.821108 0.582233
vt 0.835161 0.591901
vt 0.843350 0.594377
vt 0.828168 0.583923
vt 0.823419 0.583456
vt 0.838289 0.593693
vt 0.833541 0.583456
vt 0.818973 0.572986
vt 0.813295 0.573227
vt 0.828168 0.583923
vt 0.837485 0.582233
vt 0.823718 0.572356
vt 0.818973 0.572986
vt 0.833541 0.583456
vt 0.838495 0.580721
vt 0.825717 0.571578
vt 0.823718 0.572356
vt 0.837485 0.582233
vt 0.836184 0.579498
vt 0.824206 0.570948
vt 0.825717 0.571578
vt 0.838495 0.580721
vt 0.831435 0.579030
vt 0.819763 0.570707
vt 0.824206 0.570948
vt 0.836184 0.579498
vt 0.826063 0.579498
vt 0.814085 0.570948
vt 0.819763 0.570707
vt 0.831435 0.579030
vt 0.822118 0.580721
vt 0.809340 0.571578
vt 0.814085 0.570948
vt 0.826063 0.579498
vt 0.821108 0.582233
vt 0.807341 0.572356
vt 0.809340 0.571578
vt 0.822118 0.580721
vt 0.823419 0.583456
vt 0.808852 0.572986
vt 0.807341 0.572356
vt 0.821108 0.582233
vt 0.828168 0.583923
vt 0.813295 0.573227
vt 0.808852 0.572986
vt 0.823419 0.583456
vt 0.818973 0.572986
vt 0.805005 0.562496
vt 0.799034 0.562505
vt 0.813295 0.573227
vt 0.823718 0.572356
vt 0.810517 0.562472
vt 0.805005 0.562496
vt 0.818973 0.572986
vt 0.825717 0.571578
vt 0.813465 0.562443
vt 0.810517 0.562472
vt 0.823718 0.572356
vt 0.824206 0.570948
vt 0.812721 0.562420
vt 0.813465 0.562443
vt 0.825717 0.571578
vt 0.819763 0.570707
vt 0.808571 0.562410
vt 0.812721 0.562420
vt 0.824206 0.570948
vt 0.814085 0.570948
vt 0.802600 0.562420
vt 0.808571 0.562410
vt 0.819763 0.570707
vt 0.809340 0.571578
vt 0.797088 0.562443
vt 0.802600 0.562420
vt 0.814085 0.570948
vt 0.807341 0.572356
vt 0.794140 0.562472
vt 0.797088 0.562443
vt 0.809340 0.571578
vt 0.808852 0.572986
vt 0.794883 0.562496
vt 0.794140 0.562472
vt 0.807341 0.572356
vt 0.813295 0.573227
vt 0.799034 0.562505
vt 0.794883 0.562496
vt 0.808852 0.572986
vt 0.805005 0.562496
vt 0.791921 0.552200
vt 0.785674 0.551977
vt 0.799034 0.562505
vt 0.810517 0.562472
vt 0.798152 0.552783
vt 0.791921 0.552200
vt 0.805005 0.562496
vt 0.813465 0.562443
vt 0.801988 0.553503
vt 0.798152 0.552783
vt 0.810517 0.562472
vt 0.812721 0.562420
vt 0.801963 0.554086
vt 0.801988 0.553503
vt 0.813465 0.562443
vt 0.808571 0.562410
vt 0.798088 0.554309
vt 0.801963 0.554086
vt 0.812721 0.562420
vt 0.802600 0.562420
vt 0.791841 0.554086
vt 0.798088 0.554309
vt 0.808571 0.562410
vt 0.797088 0.562443
vt 0.785610 0.553503
vt 0.791841 0.554086
vt 0.802600 0.562420
vt 0.794140 0.562472
vt 0.781774 0.552783
vt 0.785610 0.553503
vt 0.797088 0.562443
vt 0.794883 0.562496
vt 0.781799 0.552200
vt 0.781774 0.552783
vt 0.794140 0.562472
vt 0.799034 0.562505
vt 0.785674 0.551977
vt 0.781799 0.552200
vt 0.794883 0.562496
vt 0.791921 0.552200
vt 0.779986 0.542306
vt 0.773489 0.541856
vt 0.785674 0.551977
vt 0.798152 0.552783
vt 0.786873 0.543484
vt 0.779986 0.542306
vt 0.791921 0.552200
vt 0.801988 0.553503
vt 0.791519 0.544940
vt 0.786873 0.543484
vt 0.798152 0.552783
vt 0.801963 0.554086
vt 0.792150 0.546118
vt 0.791519 0.544940
vt 0.801988 0.553503
vt 0.798088 0.554309
vt 0.788525 0.546568
vt 0.792150 0.546118
vt 0.801963 0.554086
vt 0.791841 0.554086
vt 0.782028 0.546118
vt 0.788525 0.546568
vt 0.798088 0.554309
vt 0.785610 0.553503
vt 0.775142 0.544940
vt 0.782028 0.546118
vt 0.791841 0.554086
vt 0.781774 0.552783
vt 0.770496 0.543484
vt 0.775142 0.544940
vt 0.785610 0.553503
vt 0.781799 0.552200
vt 0.769864 0.542306
vt 0.770496 0.543484
vt 0.781774 0.552783
vt 0.785674 0.551977
vt 0.773489 0.541856
vt 0.769864 0.542306
vt 0.781799 0.552200
vt 0.779986 0.542306
vt 0.769444 0.533017
vt 0.762727 0.532350
vt 0.773489 0.541856
vt 0.786873 0.543484
vt 0.776910 0.534766
vt 0.769444 0.533017
vt 0.779986 0.542306
vt 0.791519 0.544940
vt 0.782272 0.536928
vt 0.776910 0.534766
vt 0.786873 0.543484
vt 0.792150 0.546118
vt 0.783483 0.538676
vt 0.782272 0.536928
vt 0.791519 0.544940
vt 0.788525 0.546568
vt 0.780079 0.539344
vt 0.783483 0.538676
vt 0.792150 0.546118
vt 0.782028 0.546118
vt 0.773361 0.538676
vt 0.780079 0.539344
vt 0.788525 0.546568
vt 0.775142 0.544940
vt 0.765895 0.536928
vt 0.773361 0.538676
vt 0.782028 0.546118
vt 0.770496 0.543484
vt 0.760533 0.534766
vt 0.765895 0.536928
vt 0.775142 0.544940
vt 0.769864 0.542306
vt 0.759323 0.533017
vt 0.760533 0.534766
vt 0.770496 0.543484
vt 0.773489 0.541856
vt 0.762727 0.532350
vt 0.759323 0.533017
vt 0.769864 0.542306
vt 0.769444 0.533017
vt 0.760510 0.524522
vt 0.753605 0.523650
vt 0.762727 0.532350
vt 0.776910 0.534766
vt 0.768467 0.526806
vt 0.760510 0.524522
vt 0.769444 0.533017
vt 0.782272 0.536928
vt 0.774436 0.529629
vt 0.768467 0.526806
vt 0.776910 0.534766
vt 0.783483 0.538676
vt 0.776137 0.531913
vt 0.774436 0.529629
vt 0.782272 0.536928
vt 0.780079 0.539344
vt 0.772920 0.532785
vt 0.776137 0.531913
vt 0.783483 0.538676
vt 0.773361 0.538676
vt 0.766015 0.531913
vt 0.772920 0.532785
vt 0.780079 0.539344
vt 0.765895 0.536928
vt 0.758058 0.529629
vt 0.766015 0.531913
vt 0.773361 0.538676
vt 0.760533 0.534766
vt 0.752090 0.526806
vt 0.758058 0.529629
vt 0.765895 0.536928
vt 0.759323 0.533017
vt 0.750389 0.524522
vt 0.752090 0.526806
vt 0.760533 0.534766
vt 0.762727 0.532350
vt 0.753605 0.523650
vt 0.750389 0.524522
vt 0.759323 0.533017
vt 0.760510 0.524522
vt 0.753366 0.976994
vt 0.746310 0.975935
vt 0.753605 0.523650
vt 0.768467 0.526806
vt 0.761715 0.979766
vt 0.753366 0.976994
vt 0.760510 0.524522
vt 0.774436 0.529629
vt 0.768169 0.523193
vt 0.761715 0.979766
vt 0.768467 0.526806
vt 0.776137 0.531913
vt 0.770262 0.525966
vt 0.768169 0.523193
vt 0.774436 0.529629
vt 0.772920 0.532785
vt 0.767196 0.527025
vt 0.770262 0.525966
vt 0.776137 0.531913
vt 0.766015 0.531913
vt 0.760140 0.525966
vt 0.767196 0.527025
vt 0.772920 0.532785
vt 0.758058 0.529629
vt 0.751791 0.523193
vt 0.760140 0.525966
vt 0.766015 0.531913
vt 0.752090 0.526806
vt 0.745338 0.979766
vt 0.751791 0.523193
vt 0.758058 0.529629
vt 0.750389 0.524522
vt 0.743244 0.976994
vt 0.745338 0.979766
vt 0.752090 0.526806
vt 0.753605 0.523650
vt 0.746310 0.975935
vt 0.743244 0.976994
vt 0.750389 0.524522
vt 0.753366 0.976994
vt 0.748156 0.970585
vt 0.740991 0.969361
vt 0.746310 0.975935
vt 0.761715 0.979766
vt 0.756791 0.973790
vt 0.748156 0.970585
vt 0.753366 0.976994
vt 0.768169 0.523193
vt 0.763599 0.977751
vt 0.756791 0.973790
vt 0.761715 0.979766
vt 0.770262 0.525966
vt 0.765978 0.520956
vt 0.763599 0.977751
vt 0.768169 0.523193
vt 0.767196 0.527025
vt 0.763021 0.522180
vt 0.765978 0.520956
vt 0.770262 0.525966
vt 0.760140 0.525966
vt 0.755857 0.520956
vt 0.763021 0.522180
vt 0.767196 0.527025
vt 0.751791 0.523193
vt 0.747221 0.977751
vt 0.755857 0.520956
vt 0.760140 0.525966
vt 0.745338 0.979766
vt 0.740414 0.973790
vt 0.747221 0.977751
vt 0.751791 0.523193
vt 0.743244 0.976994
vt 0.738034 0.970585
vt 0.740414 0.973790
vt 0.745338 0.979766
vt 0.746310 0.975935
vt 0.740991 0.969361
vt 0.738034 0.970585
vt 0.743244 0.976994
vt 0.748156 0.970585
vt 0.744987 0.965426
vt 0.737756 0.964062
vt 0.740991 0.969361
vt 0.756791 0.973790
vt 0.753796 0.968998
vt 0.744987 0.965426
vt 0.748156 0.970585
vt 0.763599 0.977751
vt 0.760819 0.973414
vt 0.753796 0.968998
vt 0.756791 0.973790
vt 0.765978 0.520956
vt 0.763373 0.976985
vt 0.760819 0.973414
vt 0.763599 0.977751
vt 0.763021 0.522180
vt 0.760482 0.978350
vt 0.763373 0.976985
vt 0.765978 0.520956
vt 0.755857 0.520956
vt 0.753251 0.976985
vt 0.760482 0.978350
vt 0.763021 0.522180
vt 0.747221 0.977751
vt 0.744442 0.973414
vt 0.753251 0.976985
vt 0.755857 0.520956
vt 0.740414 0.973790
vt 0.737419 0.968998
vt 0.744442 0.973414
vt 0.747221 0.977751
vt 0.738034 0.970585
vt 0.734865 0.965426
vt 0.737419 0.968998
vt 0.740414 0.973790
vt 0.740991 0.969361
vt 0.737756 0.964062
vt 0.734865 0.965426
vt 0.738034 0.970585
vt 0.744987 0.965426
vt 0.743923 0.961623
vt 0.736670 0.960146
vt 0.737756 0.964062
vt 0.753796 0.968998
vt 0.752791 0.965489
vt 0.743923 0.961623
vt 0.744987 0.965426
vt 0.760819 0.973414
vt 0.759886 0.970269
vt 0.752791 0.965489
vt 0.753796 0.968998
vt 0.763373 0.976985
vt 0.762498 0.974135
vt 0.759886 0.970269
vt 0.760819 0.973414
vt 0.760482 0.978350
vt 0.759630 0.975612
vt 0.762498 0.974135
vt 0.763373 0.976985
vt 0.753251 0.976985
vt 0.752377 0.974135
vt 0.759630 0.975612
vt 0.760482 0.978350
vt 0.744442 0.973414
vt 0.743509 0.970269
vt 0.752377 0.974135
vt 0.753251 0.976985
vt 0.737419 0.968998
vt 0.736414 0.965489
vt 0.743509 0.970269
vt 0.744442 0.973414
vt 0.734865 0.965426
vt 0.733802 0.961623
vt 0.736414 0.965489
vt 0.737419 0.968998
vt 0.737756 0.964062
vt 0.736670 0.960146
vt 0.733802 0.961623
vt 0.734865 0.965426
vt 0.743923 0.961623
vt 0.744987 0.959253
vt 0.737756 0.957694
vt 0.736670 0.960146
vt 0.752791 0.965489
vt 0.753796 0.963335
vt 0.744987 0.959253
vt 0.743923 0.961623
vt 0.759886 0.970269
vt 0.760819 0.968380
vt 0.753796 0.963335
vt 0.752791 0.965489
vt 0.762498 0.974135
vt 0.763373 0.972462
vt 0.760819 0.968380
vt 0.759886 0.970269
vt 0.759630 0.975612
vt 0.760482 0.974021
vt 0.763373 0.972462
vt 0.762498 0.974135
vt 0.752377 0.974135
vt 0.753251 0.972462
vt 0.760482 0.974021
vt 0.759630 0.975612
vt 0.743509 0.970269
vt 0.744442 0.968380
vt 0.753251 0.972462
vt 0.752377 0.974135
vt 0.736414 0.965489
vt 0.737419 0.963335
vt 0.744442 0.968380
vt 0.743509 0.970269
vt 0.733802 0.961623
vt 0.734865 0.959253
vt 0.737419 0.963335
vt 0.736414 0.965489
vt 0.736670 0.960146
vt 0.737756 0.957694
vt 0.734865 0.959253
vt 0.733802 0.961623
vt 0.744987 0.959253
vt 0.748156 0.958363
vt 0.740991 0.956754
vt 0.737756 0.957694
vt 0.753796 0.963335
vt 0.756791 0.962578
vt 0.748156 0.958363
vt 0.744987 0.959253
vt 0.760819 0.968380
vt 0.763599 0.967787
vt 0.756791 0.962578
vt 0.753796 0.963335
vt 0.763373 0.972462
vt 0.765978 0.972002
vt 0.763599 0.967787
vt 0.760819 0.968380
vt 0.760482 0.974021
vt 0.763021 0.973611
vt 0.765978 0.972002
vt 0.763373 0.972462
vt 0.753251 0.972462
vt 0.755857 0.972002
vt 0.763021 0.973611
vt 0.760482 0.974021
vt 0.744442 0.968380
vt 0.747221 0.967787
vt 0.755857 0.972002
vt 0.753251 0.972462
vt 0.737419 0.963335
vt 0.740414 0.962578
vt 0.747221 0.967787
vt 0.744442 0.968380
vt 0.734865 0.959253
vt 0.738034 0.958363
vt 0.740414 0.962578
vt 0.737419 0.963335
vt 0.737756 0.957694
vt 0.740991 0.956754
vt 0.738034 0.958363
vt 0.734865 0.959253
vt 0.748156 0.958363
vt 0.753366 0.958973
vt 0.746310 0.957345
vt 0.740991 0.956754
vt 0.756791 0.962578
vt 0.761715 0.963234
vt 0.753366 0.958973
vt 0.748156 0.958363
vt 0.763599 0.967787
vt 0.768169 0.968501
vt 0.761715 0.963234
vt 0.756791 0.962578
vt 0.765978 0.972002
vt 0.770262 0.972762
vt 0.768169 0.968501
vt 0.763599 0.967787
vt 0.763021 0.973611
vt 0.767196 0.974390
vt 0.770262 0.972762
vt 0.765978 0.972002
vt 0.755857 0.972002
vt 0.760140 0.972762
vt 0.767196 0.974390
vt 0.763021 0.973611
vt 0.747221 0.967787
vt 0.751791 0.968501
vt 0.760140 0.972762
vt 0.755857 0.972002
vt 0.740414 0.962578
vt 0.745338 0.963234
vt 0.751791 0.968501
vt 0.747221 0.967787
vt 0.738034 0.958363
vt 0.743244 0.958973
vt 0.745338 0.963234
vt 0.740414 0.962578
vt 0.740991 0.956754
vt 0.746310 0.957345
vt 0.743244 0.958973
vt 0.738034 0.958363
vt 0.753366 0.958973
vt 0.760510 0.961069
vt 0.753605 0.959457
vt 0.746310 0.957345
vt 0.761715 0.963234
vt 0.768467 0.965290
vt 0.760510 0.961069
vt 0.753366 0.958973
vt 0.768169 0.968501
vt 0.774436 0.970508
vt 0.768467 0.965290
vt 0.761715 0.963234
vt 0.770262 0.972762
vt 0.776137 0.974729
vt 0.774436 0.970508
vt 0.768169 0.968501
vt 0.767196 0.974390
vt 0.772920 0.976342
vt 0.776137 0.974729
vt 0.770262 0.972762
vt 0.760140 0.972762
vt 0.766015 0.974729
vt 0.772920 0.976342
vt 0.767196 0.974390
vt 0.751791 0.968501
vt 0.758058 0.970508
vt 0.766015 0.974729
vt 0.760140 0.972762
vt 0.745338 0.963234
vt 0.752090 0.965290
vt 0.758058 0.970508
vt 0.751791 0.968501
vt 0.743244 0.958973
vt 0.750389 0.961069
vt 0.752090 0.965290
vt 0.745338 0.963234
vt 0.746310 0.957345
vt 0.753605 0.959457
vt 0.750389 0.961069
vt 0.743244 0.958973
vt 0.760510 0.961069
vt 0.769444 0.964610
vt 0.762727 0.963045
vt 0.753605 0.959457
vt 0.768467 0.965290
vt 0.776910 0.968705
vt 0.769444 0.964610
vt 0.760510 0.961069
vt 0.774436 0.970508
vt 0.782272 0.973767
vt 0.776910 0.968705
vt 0.768467 0.965290
vt 0.776137 0.974729
vt 0.783483 0.977862
vt 0.782272 0.973767
vt 0.774436 0.970508
vt 0.772920 0.976342
vt 0.780079 0.979426
vt 0.783483 0.977862
vt 0.776137 0.974729
vt 0.766015 0.974729
vt 0.773361 0.977862
vt 0.780079 0.979426
vt 0.772920 0.976342
vt 0.758058 0.970508
vt 0.765895 0.973767
vt 0.773361 0.977862
vt 0.766015 0.974729
vt 0.752090 0.965290
vt 0.760533 0.968705
vt 0.765895 0.973767
vt 0.758058 0.970508
vt 0.750389 0.961069
vt 0.759323 0.964610
vt 0.760533 0.968705
vt 0.752090 0.965290
vt 0.753605 0.959457
vt 0.762727 0.963045
vt 0.759323 0.964610
vt 0.750389 0.961069
vt 0.769444 0.964610
vt 0.779986 0.969522
vt 0.773489 0.968037
vt 0.762727 0.963045
vt 0.776910 0.968705
vt 0.786873 0.973408
vt 0.779986 0.969522
vt 0.769444 0.964610
vt 0.782272 0.973767
vt 0.791519 0.978211
vt 0.786873 0.973408
vt 0.776910 0.968705
vt 0.783483 0.977862
vt 0.792150 0.522097
vt 0.791519 0.978211
vt 0.782272 0.973767
vt 0.780079 0.979426
vt 0.788525 0.523581
vt 0.792150 0.522097
vt 0.783483 0.977862
vt 0.773361 0.977862
vt 0.782028 0.522097
vt 0.788525 0.523581
vt 0.780079 0.979426
vt 0.765895 0.973767
vt 0.775142 0.978211
vt 0.782028 0.522097
vt 0.773361 0.977862
vt 0.760533 0.968705
vt 0.770496 0.973408
vt 0.775142 0.978211
vt 0.765895 0.973767
vt 0.759323 0.964610
vt 0.769864 0.969522
vt 0.770496 0.973408
vt 0.760533 0.968705
vt 0.762727 0.963045
vt 0.773489 0.968037
vt 0.769864 0.969522
vt 0.759323 0.964610
vt 0.779986 0.969522
vt 0.791921 0.975706
vt 0.785674 0.974332
vt 0.773489 0.968037
vt 0.786873 0.973408
vt 0.798152 0.979304
vt 0.791921 0.975706
vt 0.779986 0.969522
vt 0.791519 0.978211
vt 0.801988 0.523750
vt 0.798152 0.979304
vt 0.786873 0.973408
vt 0.792150 0.522097
vt 0.801963 0.527348
vt 0.801988 0.523750
vt 0.791519 0.978211
vt 0.788525 0.523581
vt 0.798088 0.528722
vt 0.801963 0.527348
vt 0.792150 0.522097
vt 0.782028 0.522097
vt 0.791841 0.527348
vt 0.798088 0.528722
vt 0.788525 0.523581
vt 0.775142 0.978211
vt 0.785610 0.523750
vt 0.791841 0.527348
vt 0.782028 0.522097
vt 0.770496 0.973408
vt 0.781774 0.979304
vt 0.785610 0.523750
vt 0.775142 0.978211
vt 0.769864 0.969522
vt 0.781799 0.975706
vt 0.781774 0.979304
vt 0.770496 0.973408
vt 0.773489 0.968037
vt 0.785674 0.974332
vt 0.781799 0.975706
vt 0.769864 0.969522
vt 0.791921 0.975706
vt 0.805005 0.523036
vt 0.799034 0.521800
vt 0.785674 0.974332
vt 0.798152 0.979304
vt 0.810517 0.526272
vt 0.805005 0.523036
vt 0.791921 0.975706
vt 0.801988 0.523750
vt 0.813465 0.530272
vt 0.810517 0.526272
vt 0.798152 0.979304
vt 0.801963 0.527348
vt 0.812721 0.533508
vt 0.813465 0.530272
vt 0.801988 0.523750
vt 0.798088 0.528722
vt 0.808571 0.534744
vt 0.812721 0.533508
vt 0.801963 0.527348
vt 0.791841 0.527348
vt 0.802600 0.533508
vt 0.808571 0.534744
vt 0.798088 0.528722
vt 0.785610 0.523750
vt 0.797088 0.530272
vt 0.802600 0.533508
vt 0.791841 0.527348
vt 0.781774 0.979304
vt 0.794140 0.526272
vt 0.797088 0.530272
vt 0.785610 0.523750
vt 0.781799 0.975706
vt 0.794883 0.523036
vt 0.794140 0.526272
vt 0.781774 0.979304
vt 0.785674 0.974332
vt 0.799034 0.521800
vt 0.794883 0.523036
vt 0.781799 0.975706
vt 0.805005 0.523036
vt 0.818973 0.531363
vt 0.813295 0.530291
vt 0.799034 0.521800
vt 0.810517 0.526272
vt 0.823718 0.534172
vt 0.818973 0.531363
vt 0.805005 0.523036
vt 0.813465 0.530272
vt 0.825717 0.537643
vt 0.823718 0.534172
vt 0.810517 0.526272
vt 0.812721 0.533508
vt 0.824206 0.540451
vt 0.825717 0.537643
vt 0.813465 0.530272
vt 0.808571 0.534744
vt 0.819763 0.541524
vt 0.824206 0.540451
vt 0.812721 0.533508
vt 0.802600 0.533508
vt 0.814085 0.540451
vt 0.819763 0.541524
vt 0.808571 0.534744
vt 0.797088 0.530272
vt 0.809340 0.537643
vt 0.814085 0.540451
vt 0.802600 0.533508
vt 0.794140 0.526272
vt 0.807341 0.534172
vt 0.809340 0.537643
vt 0.797088 0.530272
vt 0.794883 0.523036
vt 0.808852 0.531363
vt 0.807341 0.534172
vt 0.794140 0.526272
vt 0.799034 0.521800
vt 0.813295 0.530291
vt 0.808852 0.531363
vt 0.794883 0.523036
vt 0.818973 0.531363
vt 0.833541 0.540518
vt 0.828168 0.539630
vt 0.813295 0.530291
vt 0.823718 0.534172
vt 0.837485 0.542841
vt 0.833541 0.540518
vt 0.818973 0.531363
vt 0.825717 0.537643
vt 0.838495 0.545714
vt 0.837485 0.542841
vt 0.823718 0.534172
vt 0.824206 0.540451
vt 0.836184 0.548037
vt 0.838495 0.545714
vt 0.825717 0.537643
vt 0.819763 0.541524
vt 0.831435 0.548925
vt 0.836184 0.548037
vt 0.824206 0.540451
vt 0.814085 0.540451
vt 0.826063 0.548037
vt 0.831435 0.548925
vt 0.819763 0.541524
vt 0.809340 0.537643
vt 0.822118 0.545714
vt 0.826063 0.548037
vt 0.814085 0.540451
vt 0.807341 0.534172
vt 0.821108 0.542841
vt 0.822118 0.545714
vt 0.809340 0.537643
vt 0.808852 0.531363
vt 0.823419 0.540518
vt 0.821108 0.542841
vt 0.807341 0.534172
vt 0.813295 0.530291
vt 0.828168 0.539630
vt 0.823419 0.540518
vt 0.808852 0.531363
vt 0.833541 0.540518
vt 0.848411 0.550313
vt 0.843350 0.549629
vt 0.828168 0.539630
vt 0.837485 0.542841
vt 0.851539 0.552105
vt 0.848411 0.550313
vt 0.833541 0.540518
vt 0.838495 0.545714
vt 0.851539 0.554319
vt 0.851539 0.552105
vt 0.837485 0.542841
vt 0.836184 0.548037
vt 0.848411 0.556111
vt 0.851539 0.554319
vt 0.838495 0.545714
vt 0.831435 0.548925
vt 0.843350 0.556795
vt 0.848411 0.556111
vt 0.836184 0.548037
vt 0.826063 0.548037
vt 0.838289 0.556111
vt 0.843350 0.556795
vt 0.831435 0.548925
vt 0.822118 0.545714
vt 0.835161 0.554319
vt 0.838289 0.556111
vt 0.826063 0.548037
vt 0.821108 0.542841
vt 0.835161 0.552105
vt 0.835161 0.554319
vt 0.822118 0.545714
vt 0.823419 0.540518
vt 0.838289 0.550313
vt 0.835161 0.552105
vt 0.821108 0.542841
vt 0.828168 0.539630
vt 0.843350 0.549629
vt 0.838289 0.550313
vt 0.823419 0.540518
vt 0.848411 0.550313
vt 0.863281 0.560550
vt 0.858532 0.560083
vt 0.843350 0.549629
vt 0.851539 0.552105
vt 0.865592 0.561773
vt 0.863281 0.560550
vt 0.848411 0.550313
vt 0.851539 0.554319
vt 0.864582 0.563285
vt 0.865592 0.561773
vt 0.851539 0.552105
vt 0.848411 0.556111
vt 0.860637 0.564508
vt 0.864582 0.563285
vt 0.851539 0.554319
vt 0.843350 0.556795
vt 0.855265 0.564976
vt 0.860637 0.564508
vt 0.848411 0.556111
vt 0.838289 0.556111
vt 0.850516 0.564508
vt 0.855265 0.564976
vt 0.843350 0.556795
vt 0.835161 0.554319
vt 0.848205 0.563285
vt 0.850516 0.564508
vt 0.838289 0.556111
vt 0.835161 0.552105
vt 0.849215 0.561773
vt 0.848205 0.563285
vt 0.835161 0.554319
vt 0.838289 0.550313
vt 0.853159 0.560550
vt 0.849215 0.561773
vt 0.835161 0.552105
vt 0.843350 0.549629
vt 0.858532 0.560083
vt 0.853159 0.560550
vt 0.838289 0.550313
vt 0.863281 0.560550
vt 0.877848 0.571020
vt 0.873405 0.570779
vt 0.858532 0.560083
vt 0.865592 0.561773
vt 0.879359 0.571650
vt 0.877848 0.571020
vt 0.863281 0.560550
vt 0.864582 0.563285
vt 0.877360 0.572428
vt 0.879359 0.571650
vt 0.865592 0.561773
vt 0.860637 0.564508
vt 0.872615 0.573058
vt 0.877360 0.572428
vt 0.864582 0.563285
vt 0.855265 0.564976
vt 0.866937 0.573299
vt 0.872615 0.573058
vt 0.860637 0.564508
vt 0.850516 0.564508
vt 0.862494 0.573058
vt 0.866937 0.573299
vt 0.855265 0.564976
vt 0.848205 0.563285
vt 0.860983 0.572428
vt 0.862494 0.573058
vt 0.850516 0.564508
vt 0.849215 0.561773
vt 0.862982 0.571650
vt 0.860983 0.572428
vt 0.848205 0.563285
vt 0.853159 0.560550
vt 0.867727 0.571020
vt 0.862982 0.571650
vt 0.849215 0.561773
vt 0.858532 0.560083
vt 0.873405 0.570779
vt 0.867727 0.571020
vt 0.853159 0.560550
vt 0.877848 0.571020
vt 0.891817 0.581510
vt 0.887666 0.581501
vt 0.873405 0.570779
vt 0.879359 0.571650
vt 0.892560 0.581534
vt 0.891817 0.581510
vt 0.877848 0.571020
vt 0.877360 0.572428
vt 0.889612 0.581563
vt 0.892560 0.581534
vt 0.879359 0.571650
vt 0.872615 0.573058
vt 0.884100 0.581586
vt 0.889612 0.581563
vt 0.877360 0.572428
vt 0.866937 0.573299
vt 0.878129 0.581596
vt 0.884100 0.581586
vt 0.872615 0.573058
vt 0.862494 0.573058
vt 0.873979 0.581586
vt 0.878129 0.581596
vt 0.866937 0.573299
vt 0.860983 0.572428
vt 0.873235 0.581563
vt 0.873979 0.581586
vt 0.862494 0.573058
vt 0.862982 0.571650
vt 0.876183 0.581534
vt 0.873235 0.581563
vt 0.860983 0.572428
vt 0.867727 0.571020
vt 0.881695 0.581510
vt 0.876183 0.581534
vt 0.862982 0.571650
vt 0.873405 0.570779
vt 0.887666 0.581501
vt 0.881695 0.581510
vt 0.867727 0.571020
vt 0.891817 0.581510
vt 0.904901 0.591806
vt 0.901026 0.592029
vt 0.887666 0.581501
vt 0.892560 0.581534
vt 0.904926 0.591223
vt 0.904901 0.591806
vt 0.891817 0.581510
vt 0.889612 0.581563
vt 0.901090 0.590503
vt 0.904926 0.591223
vt 0.892560 0.581534
vt 0.884100 0.581586
vt 0.894859 0.589920
vt 0.901090 0.590503
vt 0.889612 0.581563
vt 0.878129 0.581596
vt 0.888612 0.589697
vt 0.894859 0.589920
vt 0.884100 0.581586
vt 0.873979 0.581586
vt 0.884737 0.589920
vt 0.888612 0.589697
vt 0.878129 0.581596
vt 0.873235 0.581563
vt 0.884712 0.590503
vt 0.884737 0.589920
vt 0.873979 0.581586
vt 0.876183 0.581534
vt 0.888548 0.591223
vt 0.884712 0.590503
vt 0.873235 0.581563
vt 0.881695 0.581510
vt 0.894779 0.591806
vt 0.888548 0.591223
vt 0.876183 0.581534
vt 0.887666 0.581501
vt 0.901026 0.592029
vt 0.894779 0.591806
vt 0.881695 0.581510
vt 0.904901 0.591806
vt 0.916836 0.601700
vt 0.913211 0.602150
vt 0.901026 0.592029
vt 0.904926 0.591223
vt 0.916204 0.600522
vt 0.916836 0.601700
vt 0.904901 0.591806
vt 0.901090 0.590503
vt 0.911558 0.599066
vt 0.916204 0.600522
vt 0.904926 0.591223
vt 0.894859 0.589920
vt 0.904672 0.597888
vt 0.911558 0.599066
vt 0.901090 0.590503
vt 0.888612 0.589697
vt 0.898175 0.597438
vt 0.904672 0.597888
vt 0.894859 0.589920
vt 0.884737 0.589920
vt 0.894550 0.597888
vt 0.898175 0.597438
vt 0.888612 0.589697
vt 0.884712 0.590503
vt 0.895181 0.599066
vt 0.894550 0.597888
vt 0.884737 0.589920
vt 0.888548 0.591223
vt 0.899827 0.600522
vt 0.895181 0.599066
vt 0.884712 0.590503
vt 0.894779 0.591806
vt 0.906714 0.601700
vt 0.899827 0.600522
vt 0.888548 0.591223
vt 0.901026 0.592029
vt 0.913211 0.602150
vt 0.906714 0.601700
vt 0.894779 0.591806
vt 0.916836 0.601700
vt 0.927377 0.610989
vt 0.923973 0.611656
vt 0.913211 0.602150
vt 0.916204 0.600522
vt 0.926167 0.609240
vt 0.927377 0.610989
vt 0.916836 0.601700
vt 0.911558 0.599066
vt 0.920805 0.607078
vt 0.926167 0.609240
vt 0.916204 0.600522
vt 0.904672 0.597888
vt 0.913339 0.605330
vt 0.920805 0.607078
vt 0.911558 0.599066
vt 0.898175 0.597438
vt 0.906621 0.604662
vt 0.913339 0.605330
vt 0.904672 0.597888
vt 0.894550 0.597888
vt 0.903217 0.605330
vt 0.906621 0.604662
vt 0.898175 0.597438
vt 0.895181 0.599066
vt 0.904428 0.607078
vt 0.903217 0.605330
vt 0.894550 0.597888
vt 0.899827 0.600522
vt 0.909790 0.609240
vt 0.904428 0.607078
vt 0.895181 0.599066
vt 0.906714 0.601700
vt 0.917256 0.610989
vt 0.909790 0.609240
vt 0.899827 0.600522
vt 0.913211 0.602150
vt 0.923973 0.611656
vt 0.917256 0.610989
vt 0.906714 0.601700
vt 0.927377 0.610989
vt 0.936311 0.619484
vt 0.933095 0.620356
vt 0.923973 0.611656
vt 0.926167 0.609240
vt 0.934610 0.617200
vt 0.936311 0.619484
vt 0.927377 0.610989
vt 0.920805 0.607078
vt 0.928642 0.614377
vt 0.934610 0.617200
vt 0.926167 0.609240
vt 0.913339 0.605330
vt 0.920685 0.612093
vt 0.928642 0.614377
vt 0.920805 0.607078
vt 0.906621 0.604662
vt 0.913780 0.611221
vt 0.920685 0.612093
vt 0.913339 0.605330
vt 0.903217 0.605330
vt 0.910563 0.612093
vt 0.913780 0.611221
vt 0.906621 0.604662
vt 0.904428 0.607078
vt 0.912264 0.614377
vt 0.910563 0.612093
vt 0.903217 0.605330
vt 0.909790 0.609240
vt 0.918233 0.617200
vt 0.912264 0.614377
vt 0.904428 0.607078
vt 0.917256 0.610989
vt 0.926190 0.619484
vt 0.918233 0.617200
vt 0.909790 0.609240
vt 0.923973 0.611656
vt 0.933095 0.620356
vt 0.926190 0.619484
vt 0.917256 0.610989
vt 0.936311 0.619484
vt 0.943456 0.627012
vt 0.940390 0.628071
vt 0.933095 0.620356
vt 0.934610 0.617200
vt 0.941362 0.624240
vt 0.943456 0.627012
vt 0.936311 0.619484
vt 0.928642 0.614377
vt 0.934909 0.620813
vt 0.941362 0.624240
vt 0.934610 0.617200
vt 0.920685 0.612093
vt 0.926560 0.618040
vt 0.934909 0.620813
vt 0.928642 0.614377
vt 0.913780 0.611221
vt 0.919504 0.616981
vt 0.926560 0.618040
vt 0.920685 0.612093
vt 0.910563 0.612093
vt 0.916438 0.618040
vt 0.919504 0.616981
vt 0.913780 0.611221
vt 0.912264 0.614377
vt 0.918531 0.620813
vt 0.916438 0.618040
vt 0.910563 0.612093
vt 0.918233 0.617200
vt 0.924985 0.624240
vt 0.918531 0.620813
vt 0.912264 0.614377
vt 0.926190 0.619484
vt 0.933334 0.627012
vt 0.924985 0.624240
vt 0.918233 0.617200
vt 0.933095 0.620356
vt 0.940390 0.628071
vt 0.933334 0.627012
vt 0.926190 0.619484
vt 0.943456 0.627012
vt 0.948666 0.633421
vt 0.945709 0.634645
vt 0.940390 0.628071
vt 0.941362 0.624240
vt 0.946286 0.630216
vt 0.948666 0.633421
vt 0.943456 0.627012
vt 0.934909 0.620813
vt 0.939479 0.626255
vt 0.946286 0.630216
vt 0.941362 0.624240
vt 0.926560 0.618040
vt 0.930843 0.623050
vt 0.939479 0.626255
vt 0.934909 0.620813
vt 0.919504 0.616981
vt 0.923679 0.621826
vt 0.930843 0.623050
vt 0.926560 0.618040
vt 0.916438 0.618040
vt 0.920722 0.623050
vt 0.923679 0.621826
vt 0.919504 0.616981
vt 0.918531 0.620813
vt 0.923101 0.626255
vt 0.920722 0.623050
vt 0.916438 0.618040
vt 0.924985 0.624240
vt 0.929909 0.630216
vt 0.923101 0.626255
vt 0.918531 0.620813
vt 0.933334 0.627012
vt 0.938544 0.633421
vt 0.929909 0.630216
vt 0.924985 0.624240
vt 0.940390 0.628071
vt 0.945709 0.634645
vt 0.938544 0.633421
vt 0.933334 0.627012
vt 0.948666 0.633421
vt 0.951835 0.638580
vt 0.948944 0.639944
vt 0.945709 0.634645
vt 0.946286 0.630216
vt 0.949281 0.635008
vt 0.951835 0.638580
vt 0.948666 0.633421
vt 0.939479 0.626255
vt 0.942258 0.630592
vt 0.949281 0.635008
vt 0.946286 0.630216
vt 0.930843 0.623050
vt 0.933449 0.627021
vt 0.942258 0.630592
vt 0.939479 0.626255
vt 0.923679 0.621826
vt 0.926218 0.625656
vt 0.933449 0.627021
vt 0.930843 0.623050
vt 0.920722 0.623050
vt 0.923327 0.627021
vt 0.926218 0.625656
vt 0.923679 0.621826
vt 0.923101 0.626255
vt 0.925881 0.630592
vt 0.923327 0.627021
vt 0.920722 0.623050
vt 0.929909 0.630216
vt 0.932904 0.635008
vt 0.925881 0.630592
vt 0.923101 0.626255
vt 0.938544 0.633421
vt 0.941713 0.638580
vt 0.932904 0.635008
vt 0.929909 0.630216
vt 0.945709 0.634645
vt 0.948944 0.639944
vt 0.941713 0.638580
vt 0.938544 0.633421
vt 0.951835 0.638580
vt 0.952898 0.642383
vt 0.950030 0.643860
vt 0.948944 0.639944
vt 0.949281 0.635008
vt 0.950286 0.638517
vt 0.952898 0.642383
vt 0.951835 0.638580
vt 0.942258 0.630592
vt 0.943191 0.633737
vt 0.950286 0.638517
vt 0.949281 0.635008
vt 0.933449 0.627021
vt 0.934323 0.629871
vt 0.943191 0.633737
vt 0.942258 0.630592
vt 0.926218 0.625656
vt 0.927070 0.628394
vt 0.934323 0.629871
vt 0.933449 0.627021
vt 0.923327 0.627021
vt 0.924202 0.629871
vt 0.927070 0.628394
vt 0.926218 0.625656
vt 0.925881 0.630592
vt 0.926814 0.633737
vt 0.924202 0.629871
vt 0.923327 0.627021
vt 0.932904 0.635008
vt 0.933909 0.638517
vt 0.926814 0.633737
vt 0.925881 0.630592
vt 0.941713 0.638580
vt 0.942777 0.642383
vt 0.933909 0.638517
vt 0.932904 0.635008
vt 0.948944 0.639944
vt 0.950030 0.643860
vt 0.942777 0.642383
vt 0.941713 0.638580
vt 0.719520 0.957529
vt 0.728130 0.957529
vt 0.728130 0.946167
vt 0.719520 0.946167
vt 0.775730 0.529591
vt 0.767120 0.529591
vt 0.767120 0.978229
vt 0.775730 0.978229
vt 0.767120 0.529591
vt 0.719520 0.957529
vt 0.719520 0.946167
vt 0.767120 0.978229
vt 0.728130 0.957529
vt 0.775730 0.529591
vt 0.775730 0.978229
vt 0.728130 0.946167
vt 0.767120 0.529591
vt 0.775730 0.529591
vt 0.728130 0.957529
vt 0.719520 0.957529
vt 0.719520 0.946167
vt 0.728130 0.946167
vt 0.775730 0.978229
vt 0.767120 0.978229
vt 0.909920 0.625777
vt 0.918530 0.625777
vt 0.918530 0.614415
vt 0.909920 0.614415
vt 0.966130 0.657839
vt 0.957520 0.657839
vt 0.957520 0.646477
vt 0.966130 0.646477
vt 0.957520 0.657839
vt 0.909920 0.625777
vt 0.909920 0.614415
vt 0.957520 0.646477
vt 0.918530 0.625777
vt 0.966130 0.657839
vt 0.966130 0.646477
vt 0.918530 0.614415
vt 0.957520 0.657839
vt 0.966130 0.657839
vt 0.918530 0.625777
vt 0.909920 0.625777
vt 0.909920 0.614415
vt 0.918530 0.614415
vt 0.966130 0.646477
vt 0.957520 0.646477
vt 0.507700 0.811663
vt 0.558100 0.811663
vt 0.558100 0.790250
vt 0.507700 0.790250
vt 0.571260 0.820527
vt 0.520860 0.820527
vt 0.520860 0.799114
vt 0.571260 0.799114
vt 0.520860 0.820527
vt 0.507700 0.811663
vt 0.507700 0.790250
vt 0.520860 0.799114
vt 0.558100 0.811663
vt 0.571260 0.820527
vt 0.571260 0.799114
vt 0.558100 0.790250
vt 0.520860 0.820527
vt 0.571260 0.820527
vt 0.558100 0.811663
vt 0.507700 0.811663
vt 0.507700 0.790250
vt 0.558100 0.790250
vt 0.571260 0.799114
vt 0.520860 0.799114
vt 0.547292 0.813928
vt 0.553340 0.814607
vt 0.552377 0.815840
vt 0.547292 0.813928
vt 0.552377 0.815840
vt 0.549857 0.816602
vt 0.547292 0.813928
vt 0.549857 0.816602
vt 0.546743 0.816602
vt 0.547292 0.813928
vt 0.546743 0.816602
vt 0.544223 0.815840
vt 0.547292 0.813928
vt 0.544223 0.815840
vt 0.543260 0.814607
vt 0.547292 0.813928
vt 0.543260 0.814607
vt 0.544223 0.813374
vt 0.547292 0.813928
vt 0.544223 0.813374
vt 0.546743 0.812612
vt 0.547292 0.813928
vt 0.546743 0.812612
vt 0.549857 0.812612
vt 0.547292 0.813928
vt 0.549857 0.812612
vt 0.552377 0.813374
vt 0.547292 0.813928
vt 0.552377 0.813374
vt 0.553340 0.814607
vt 0.753400 0.811663
vt 0.803800 0.811663
vt 0.803800 0.790250
vt 0.753400 0.790250
vt 0.816960 0.820527
vt 0.766560 0.820527
vt 0.766560 0.799114
vt 0.816960 0.799114
vt 0.766560 0.820527
vt 0.753400 0.811663
vt 0.753400 0.790250
vt 0.766560 0.799114
vt 0.803800 0.811663
vt 0.816960 0.820527
vt 0.816960 0.799114
vt 0.803800 0.790250
vt 0.766560 0.820527
vt 0.816960 0.820527
vt 0.803800 0.811663
vt 0.753400 0.811663
vt 0.753400 0.790250
vt 0.803800 0.790250
vt 0.816960 0.799114
vt 0.766560 0.799114
vt 0.792992 0.813928
vt 0.799040 0.814607
vt 0.798077 0.815840
vt 0.792992 0.813928
vt 0.798077 0.815840
vt 0.795557 0.816602
vt 0.792992 0.813928
vt 0.795557 0.816602
vt 0.792443 0.816602
vt 0.792992 0.813928
vt 0.792443 0.816602
vt 0.789923 0.815840
vt 0.792992 0.813928
vt 0.789923 0.815840
vt 0.788960 0.814607
vt 0.792992 0.813928
vt 0.788960 0.814607
vt 0.789923 0.813374
vt 0.792992 0.813928
vt 0.789923 0.813374
vt 0.792443 0.812612
vt 0.792992 0.813928
vt 0.792443 0.812612
vt 0.795557 0.812612
vt 0.792992 0.813928
vt 0.795557 0.812612
vt 0.798077 0.813374
vt 0.792992 0.813928
vt 0.798077 0.813374
vt 0.799040 0.814607
vt 0.998000 0.811663
vt 0.049500 0.811663
vt 0.049500 0.790250
vt 0.998000 0.790250
vt 0.062660 0.820527
vt 0.012260 0.820527
vt 0.012260 0.799114
vt 0.062660 0.799114
vt 0.012260 0.820527
vt 0.998000 0.811663
vt 0.998000 0.790250
vt 0.012260 0.799114
vt 0.049500 0.811663
vt 0.062660 0.820527
vt 0.062660 0.799114
vt 0.049500 0.790250
vt 0.012260 0.820527
vt 0.062660 0.820527
vt 0.049500 0.811663
vt 0.998000 0.811663
vt 0.998000 0.790250
vt 0.049500 0.790250
vt 0.062660 0.799114
vt 0.012260 0.799114
vt 0.038692 0.813928
vt 0.044740 0.814607
vt 0.043777 0.815840
vt 0.038692 0.813928
vt 0.043777 0.815840
vt 0.041257 0.816602
vt 0.038692 0.813928
vt 0.041257 0.816602
vt 0.038143 0.816602
vt 0.038692 0.813928
vt 0.038143 0.816602
vt 0.035623 0.815840
vt 0.038692 0.813928
vt 0.035623 0.815840
vt 0.034660 0.814607
vt 0.038692 0.813928
vt 0.034660 0.814607
vt 0.035623 0.813374
vt 0.038692 0.813928
vt 0.035623 0.813374
vt 0.038143 0.812612
vt 0.038692 0.813928
vt 0.038143 0.812612
vt 0.041257 0.812612
vt 0.038692 0.813928
vt 0.041257 0.812612
vt 0.043777 0.813374
vt 0.038692 0.813928
vt 0.043777 0.813374
vt 0.044740 0.814607
vn 0.000000 0.293271 -0.956029
vn 0.000000 0.293271 -0.956029
vn -1.000000 0.000000 -0.000000
vn -1.000000 0.000000 0.000000
vn 1.000000 0.000000 0.000000
vn 1.000000 0.000000 0.000000
vn 0.000000 0.617044 -0.786929
vn 0.000000 0.617044 -0.786929
vn -1.000000 0.000000 -0.000000
vn -1.000000 0.000000 0.000000
vn 1.000000 0.000000 0.000000
vn 1.000000 0.000000 0.000000
vn 0.000000 0.733768 -0.679400
vn 0.000000 0.733768 -0.679400
vn -1.000000 0.000000 -0.000000
vn -1.000000 0.000000 0.000000
vn 1.000000 0.000000 0.000000
vn 1.000000 0.000000 0.000000
vn 0.000000 0.805703 -0.592320
vn 0.000000 0.805703 -0.592320
vn -1.000000 0.000000 -0.000000
vn -1.000000 0.000000 0.000000
vn 1.000000 0.000000 0.000000
vn 1.000000 0.000000 0.000000
vn 0.000000 0.855017 -0.518600
vn 0.000000 0.855017 -0.518600
vn -1.000000 0.000000 -0.000000
vn -1.000000 0.000000 0.000000
vn 1.000000 0.000000 0.000000
vn 1.000000 0.000000 0.000000
vn 0.000000 0.890839 -0.454319
vn 0.000000 0.890839 -0.454319
vn -1.000000 0.000000 -0.000000
vn -1.000000 0.000000 0.000000
vn 1.000000 0.000000 0.000000
vn 1.000000 0.000000 0.000000
vn 0.000000 0.917822 -0.396993
vn 0.000000 0.917822 -0.396993
vn -1.000000 0.000000 0.000000
vn -1.000000 0.000000 -0.000000
vn 1.000000 0.000000 0.000000
vn 1.000000 0.000000 0.000000
vn 0.000000 0.938628 -0.344931
vn 0.000000 0.938628 -0.344931
vn -1.000000 0.000000 0.000000
vn -1.000000 0.000000 -0.000000
vn 1.000000 0.000000 0.000000
vn 1.000000 0.000000 0.000000
vn 0.000000 0.954901 -0.296925
vn 0.000000 0.954901 -0.296925
vn -1.000000 0.000000 0.000000
vn -1.000000 0.000000 -0.000000
vn 1.000000 0.000000 0.000000
vn 1.000000 0.000000 0.000000
vn 0.000000 0.967708 -0.252075
vn 0.000000 0.967708 -0.252075
vn -1.000000 0.000000 0.000000
vn -1.000000 0.000000 -0.000000
vn 1.000000 0.000000 0.000000
vn 1.000000 0.000000 0.000000
vn 0.000000 0.977768 -0.209690
vn 0.000000 0.977768 -0.209690
vn -1.000000 0.000000 0.000000
vn -1.000000 0.000000 -0.000000
vn 1.000000 0.000000 0.000000
vn 1.000000 0.000000 0.000000
vn 0.000000 0.985578 -0.169219
vn 0.000000 0.985578 -0.169219
vn -1.000000 0.000000 0.000000
vn -1.000000 0.000000 -0.000000
vn 1.000000 0.000000 0.000000
vn 1.000000 0.000000 0.000000
vn 0.000000 0.991487 -0.130208
vn 0.000000 0.991487 -0.130208
vn -1.000000 0.000000 0.000000
vn -1.000000 0.000000 -0.000000
vn 1.000000 0.000000 0.000000
vn 1.000000 0.000000 0.000000
vn 0.000000 0.995734 -0.092273
vn 0.000000 0.995734 -0.092273
vn -1.000000 0.000000 0.000000
vn -1.000000 0.000000 -0.000000
vn 1.000000 0.000000 0.000000
vn 1.000000 0.000000 0.000000
vn 0.000000 0.998482 -0.055076
vn 0.000000 0.998482 -0.055076
vn -1.000000 0.000000 0.000000
vn -1.000000 0.000000 -0.000000
vn 1.000000 0.000000 0.000000
vn 1.000000 0.000000 0.000000
vn 0.000000 0.999832 -0.018311
vn 0.000000 0.999832 -0.018311
vn -1.000000 0.000000 0.000000
vn -1.000000 0.000000 -0.000000
vn 1.000000 0.000000 0.000000
vn 1.000000 0.000000 0.000000
vn -0.000000 0.999832 0.018311
vn 0.000000 0.999832 0.018311
vn -1.000000 0.000000 0.000000
vn -1.000000 0.000000 0.000000
vn 1.000000 0.000000 0.000000
vn 1.000000 0.000000 -0.000000
vn -0.000000 0.998482 0.055076
vn 0.000000 0.998482 0.055076
vn -1.000000 0.000000 0.000000
vn -1.000000 0.000000 0.000000
vn 1.000000 0.000000 0.000000
vn 1.000000 0.000000 -0.000000
vn -0.000000 0.995734 0.092273
vn 0.000000 0.995734 0.092273
vn -1.000000 0.000000 0.000000
vn -1.000000 0.000000 0.000000
vn 1.000000 0.000000 0.000000
vn 1.000000 0.000000 -0.000000
vn -0.000000 0.991487 0.130208
vn 0.000000 0.991487 0.130208
vn -1.000000 0.000000 0.000000
vn -1.000000 0.000000 0.000000
vn 1.000000 0.000000 0.000000
vn 1.000000 0.000000 -0.000000
vn -0.000000 0.985578 0.169219
vn 0.000000 0.985578 0.169219
vn -1.000000 0.000000 0.000000
vn -1.000000 0.000000 0.000000
vn 1.000000 0.000000 0.000000
vn 1.000000 0.000000 -0.000000
vn -0.000000 0.977768 0.209690
vn 0.000000 0.977768 0.209690
vn -1.000000 0.000000 0.000000
vn -1.000000 0.000000 0.000000
vn 1.000000 0.000000 0.000000
vn 1.000000 0.000000 -0.000000
vn -0.000000 0.967708 0.252075
vn 0.000000 0.967708 0.252075
vn -1.000000 0.000000 0.000000
vn -1.000000 0.000000 0.000000
vn 1.000000 0.000000 0.000000
vn 1.000000 0.000000 -0.000000
vn -0.000000 0.954901 0.296925
vn 0.000000 0.954901 0.296925
vn -1.000000 0.000000 0.000000
vn -1.000000 0.000000 0.000000
vn 1.000000 0.000000 0.000000
vn 1.000000 0.000000 -0.000000
vn -0.000000 0.938628 0.344931
vn 0.000000 0.938628 0.344931
vn -1.000000 0.000000 0.000000
vn -1.000000 0.000000 0.000000
vn 1.000000 0.000000 0.000000
vn 1.000000 0.000000 -0.000000
vn -0.000000 0.917822 0.396993
vn 0.000000 0.917822 0.396993
vn -1.000000 0.000000 0.000000
vn -1.000000 0.000000 0.000000
vn 1.000000 0.000000 0.000000
vn 1.000000 0.000000 -0.000000
vn -0.000000 0.890839 0.454319
vn 0.000000 0.890839 0.454319
vn -1.000000 0.000000 0.000000
vn -1.000000 0.000000 0.000000
vn 1.000000 0.000000 -0.000000
vn 1.000000 0.000000 0.000000
vn -0.000000 0.855017 0.518600
vn 0.000000 0.855017 0.518600
vn -1.000000 0.000000 0.000000
vn -1.000000 0.000000 0.000000
vn 1.000000 0.000000 -0.000000
vn 1.000000 0.000000 0.000000
vn -0.000000 0.805703 0.592320
vn 0.000000 0.805703 0.592320
vn -1.000000 0.000000 0.000000
vn -1.000000 0.000000 0.000000
vn 1.000000 0.000000 -0.000000
vn 1.000000 0.000000 0.000000
vn -0.000000 0.733768 0.679400
vn 0.000000 0.733768 0.679400
vn -1.000000 0.000000 0.000000
vn -1.000000 0.000000 0.000000
vn 1.000000 0.000000 -0.000000
vn 1.000000 0.000000 0.000000
vn -0.000000 0.617044 0.786929
vn 0.000000 0.617044 0.786929
vn -1.000000 0.000000 0.000000
vn -1.000000 0.000000 0.000000
vn 1.000000 0.000000 -0.000000
vn 1.000000 0.000000 0.000000
vn -0.000000 0.293271 0.956029
vn 0.000000 0.293271 0.956029
vn -1.000000 0.000000 0.000000
vn -1.000000 0.000000 0.000000
vn 1.000000 0.000000 -0.000000
vn 1.000000 0.000000 0.000000
vn 0.000000 0.000000 -1.000000
vn 0.000000 0.000000 -1.000000
vn 0.000000 0.000000 1.000000
vn 0.000000 0.000000 1.000000
vn -1.000000 0.000000 -0.000000
vn -1.000000 -0.000000 0.000000
vn 1.000000 0.000000 -0.000000
vn 1.000000 0.000000 0.000000
vn -0.000000 1.000000 0.000000
vn 0.000000 1.000000 0.000000
vn 0.000000 -1.000000 0.000000
vn 0.000000 -1.000000 0.000000
vn 0.148168 0.048143 -0.987790
vn 0.091573 0.126040 -0.987790
vn 0.000000 0.155794 -0.987790
vn -0.091573 0.126040 -0.987790
vn -0.148168 0.048143 -0.987790
vn -0.148168 -0.048143 -0.987790
vn -0.091573 -0.126040 -0.987790
vn -0.000000 -0.155794 -0.987790
vn 0.091573 -0.126040 -0.987790
vn 0.148168 -0.048143 -0.987790
vn 0.148168 0.048143 -0.987790
vn 0.091573 0.126040 -0.987790
vn 0.000000 0.155794 -0.987790
vn -0.091573 0.126040 -0.987790
vn -0.148168 0.048143 -0.987790
vn -0.148168 -0.048143 -0.987790
vn -0.091573 -0.126040 -0.987790
vn -0.000000 -0.155794 -0.987790
vn 0.091573 -0.126040 -0.987790
vn 0.148168 -0.048143 -0.987790
vn 0.148168 0.048143 -0.987790
vn 0.091573 0.126040 -0.987790
vn 0.000000 0.155794 -0.987790
vn -0.091573 0.126040 -0.987790
vn -0.148168 0.048143 -0.987790
vn -0.148168 -0.048143 -0.987790
vn -0.091573 -0.126040 -0.987790
vn -0.000000 -0.155794 -0.987790
vn 0.091573 -0.126040 -0.987790
vn 0.148168 -0.048143 -0.987790
vn 0.000000 0.000000 -1.000000
vn 0.000000 0.000000 -1.000000
vn 0.000000 0.000000 1.000000
vn 0.000000 0.000000 1.000000
vn -1.000000 0.000000 -0.000000
vn -1.000000 -0.000000 0.000000
vn 1.000000 0.000000 -0.000000
vn 1.000000 0.000000 0.000000
vn -0.000000 1.000000 0.000000
vn 0.000000 1.000000 0.000000
vn 0.000000 -1.000000 0.000000
vn 0.000000 -1.000000 0.000000
vn -0.148168 -0.048143 0.987790
vn -0.091573 -0.126040 0.987790
vn 0.000000 -0.155794 0.987790
vn 0.091573 -0.126040 0.987790
vn 0.148168 -0.048143 0.987790
vn 0.148168 0.048143 0.987790
vn 0.091573 0.126040 0.987790
vn 0.000000 0.155794 0.987790
vn -0.091573 0.126040 0.987790
vn -0.148168 0.048143 0.987790
vn -0.148168 -0.048143 0.987790
vn -0.091573 -0.126040 0.987790
vn 0.000000 -0.155794 0.987790
vn 0.091573 -0.126040 0.987790
vn 0.148168 -0.048143 0.987790
vn 0.148168 0.048143 0.987790
vn 0.091573 0.126040 0.987790
vn 0.000000 0.155794 0.987790
vn -0.091573 0.126040 0.987790
vn -0.148168 0.048143 0.987790
vn -0.148168 -0.048143 0.987790
vn -0.091573 -0.126040 0.987790
vn 0.000000 -0.155794 0.987790
vn 0.091573 -0.126040 0.987790
vn 0.148168 -0.048143 0.987790
vn 0.148168 0.048143 0.987790
vn 0.091573 0.126040 0.987790
vn 0.000000 0.155794 0.987790
vn -0.091573 0.126040 0.987790
vn -0.148168 0.048143 0.987790
vn 0.000000 0.293271 -0.956029
vn 0.000000 0.293271 -0.956029
vn -1.000000 0.000000 -0.000000
vn -1.000000 0.000000 0.000000
vn 1.000000 0.000000 0.000000
vn 1.000000 0.000000 0.000000
vn 0.000000 0.617044 -0.786929
vn 0.000000 0.617044 -0.786929
vn -1.000000 0.000000 -0.000000
vn -1.000000 0.000000 0.000000
vn 1.000000 0.000000 0.000000
vn 1.000000 0.000000 0.000000
vn 0.000000 0.733768 -0.679400
vn 0.000000 0.733768 -0.679400
vn -1.000000 0.000000 -0.000000
vn -1.000000 0.000000 0.000000
vn 1.000000 0.000000 0.000000
vn 1.000000 0.000000 0.000000
vn 0.000000 0.805703 -0.592320
vn 0.000000 0.805703 -0.592320
vn -1.000000 0.000000 -0.000000
vn -1.000000 0.000000 0.000000
vn 1.000000 0.000000 0.000000
vn 1.000000 0.000000 0.000000
vn 0.000000 0.855017 -0.518600
vn 0.000000 0.855017 -0.518600
vn -1.000000 0.000000 -0.000000
vn -1.000000 0.000000 0.000000
vn 1.000000 0.000000 0.000000
vn 1.000000 0.000000 0.000000
vn 0.000000 0.890839 -0.454319
vn 0.000000 0.890839 -0.454319
vn -1.000000 0.000000 -0.000000
vn -1.000000 0.000000 0.000000
vn 1.000000 0.000000 0.000000
vn 1.000000 0.000000 0.000000
vn 0.000000 0.917822 -0.396993
vn 0.000000 0.917822 -0.396993
vn -1.000000 0.000000 0.000000
vn -1.000000 0.000000 -0.000000
vn 1.000000 0.000000 0.000000
vn 1.000000 0.000000 0.000000
vn 0.000000 0.938628 -0.344931
vn 0.000000 0.938628 -0.344931
vn -1.000000 0.000000 0.000000
vn -1.000000 0.000000 -0.000000
vn 1.000000 0.000000 0.000000
vn 1.000000 0.000000 0.000000
vn 0.000000 0.954901 -0.296925
vn 0.000000 0.954901 -0.296925
vn -1.000000 0.000000 0.000000
vn -1.000000 0.000000 -0.000000
vn 1.000000 0.000000 0.000000
vn 1.000000 0.000000 0.000000
vn 0.000000 0.967708 -0.252075
vn 0.000000 0.967708 -0.252075
vn -1.000000 0.000000 0.000000
vn -1.000000 0.000000 -0.000000
vn 1.000000 0.000000 0.000000
vn 1.000000 0.000000 0.000000
vn 0.000000 0.977768 -0.209690
vn 0.000000 0.977768 -0.209690
vn -1.000000 0.000000 0.000000
vn -1.000000 0.000000 -0.000000
vn 1.000000 0.000000 0.000000
vn 1.000000 0.000000 0.000000
vn 0.000000 0.985578 -0.169219
vn 0.000000 0.985578 -0.169219
vn -1.000000 0.000000 0.000000
vn -1.000000 0.000000 -0.000000
vn 1.000000 0.000000 0.000000
vn 1.000000 0.000000 0.000000
vn 0.000000 0.991487 -0.130208
vn 0.000000 0.991487 -0.130208
vn -1.000000 0.000000 0.000000
vn -1.000000 0.000000 -0.000000
vn 1.000000 0.000000 0.000000
vn 1.000000 0.000000 0.000000
vn 0.000000 0.995734 -0.092273
vn 0.000000 0.995734 -0.092273
vn -1.000000 0.000000 0.000000
vn -1.000000 0.000000 -0.000000
vn 1.000000 0.000000 0.000000
vn 1.000000 0.000000 0.000000
vn 0.000000 0.998482 -0.055076
vn 0.000000 0.998482 -0.055076
vn -1.000000 0.000000 0.000000
vn -1.000000 0.000000 -0.000000
vn 1.000000 0.000000 0.000000
vn 1.000000 0.000000 0.000000
vn 0.000000 0.999832 -0.018311
vn 0.000000 0.999832 -0.018311
vn -1.000000 0.000000 0.000000
vn -1.000000 0.000000 -0.000000
vn 1.000000 0.000000 0.000000
vn 1.000000 0.000000 0.000000
vn -0.000000 0.999832 0.018311
vn 0.000000 0.999832 0.018311
vn -1.000000 0.000000 0.000000
vn -1.000000 0.000000 0.000000
vn 1.000000 0.000000 0.000000
vn 1.000000 0.000000 -0.000000
vn -0.000000 0.998482 0.055076
vn 0.000000 0.998482 0.055076
vn -1.000000 0.000000 0.000000
vn -1.000000 0.000000 0.000000
vn 1.000000 0.000000 0.000000
vn 1.000000 0.000000 -0.000000
vn -0.000000 0.995734 0.092273
vn 0.000000 0.995734 0.092273
vn -1.000000 0.000000 0.000000
vn -1.000000 0.000000 0.000000
vn 1.000000 0.000000 0.000000
vn 1.000000 0.000000 -0.000000
vn -0.000000 0.991487 0.130208
vn 0.000000 0.991487 0.130208
vn -1.000000 0.000000 0.000000
vn -1.000000 0.000000 0.000000
vn 1.000000 0.000000 0.000000
vn 1.000000 0.000000 -0.000000
vn -0.000000 0.985578 0.169219
vn 0.000000 0.985578 0.169219
vn -1.000000 0.000000 0.000000
vn -1.000000 0.000000 0.000000
vn 1.000000 0.000000 0.000000
vn 1.000000 0.000000 -0.000000
vn -0.000000 0.977768 0.209690
vn 0.000000 0.977768 0.209690
vn -1.000000 0.000000 0.000000
vn -1.000000 0.000000 0.000000
vn 1.000000 0.000000 0.000000
vn 1.000000 0.000000 -0.000000
vn -0.000000 0.967708 0.252075
vn 0.000000 0.967708 0.252075
vn -1.000000 0.000000 0.000000
vn -1.000000 0.000000 0.000000
vn 1.000000 0.000000 0.000000
vn 1.000000 0.000000 -0.000000
vn -0.000000 0.954901 0.296925
vn 0.000000 0.954901 0.296925
vn -1.000000 0.000000 0.000000
vn -1.000000 0.000000 0.000000
vn 1.000000 0.000000 0.000000
vn 1.000000 0.000000 -0.000000
vn -0.000000 0.938628 0.344931
vn 0.000000 0.938628 0.344931
vn -1.000000 0.000000 0.000000
vn -1.000000 0.000000 0.000000
vn 1.000000 0.000000 0.000000
vn 1.000000 0.000000 -0.000000
vn -0.000000 0.917822 0.396993
vn 0.000000 0.917822 0.396993
vn -1.000000 0.000000 0.000000
vn -1.000000 0.000000 0.000000
vn 1.000000 0.000000 0.000000
vn 1.000000 0.000000 -0.000000
vn -0.000000 0.890839 0.454319
vn 0.000000 0.890839 0.454319
vn -1.000000 0.000000 0.000000
vn -1.000000 0.000000 0.000000
vn 1.000000 0.000000 -0.000000
vn 1.000000 0.000000 0.000000
vn -0.000000 0.855017 0.518600
vn 0.000000 0.855017 0.518600
vn -1.000000 0.000000 0.000000
vn -1.000000 0.000000 0.000000
vn 1.000000 0.000000 -0.000000
vn 1.000000 0.000000 0.000000
vn -0.000000 0.805703 0.592320
vn 0.000000 0.805703 0.592320
vn -1.000000 0.000000 0.000000
vn -1.000000 0.000000 0.000000
vn 1.000000 0.000000 -0.000000
vn 1.000000 0.000000 0.000000
vn -0.000000 0.733768 0.679400
vn 0.000000 0.733768 0.679400
vn -1.000000 0.000000 0.000000
vn -1.000000 0.000000 0.000000
vn 1.000000 0.000000 -0.000000
vn 1.000000 0.000000 0.000000
vn -0.000000 0.617044 0.786929
vn 0.000000 0.617044 0.786929
vn -1.000000 0.000000 0.000000
vn -1.000000 0.000000 0.000000
vn 1.000000 0.000000 -0.000000
vn 1.000000 0.000000 0.000000
vn -0.000000 0.293271 0.956029
vn 0.000000 0.293271 0.956029
vn -1.000000 0.000000 0.000000
vn -1.000000 0.000000 0.000000
vn 1.000000 0.000000 -0.000000
vn 1.000000 0.000000 0.000000
vn 0.000000 0.000000 -1.000000
vn 0.000000 0.000000 -1.000000
vn 0.000000 0.000000 1.000000
vn 0.000000 0.000000 1.000000
vn -1.000000 0.000000 -0.000000
vn -1.000000 -0.000000 0.000000
vn 1.000000 0.000000 -0.000000
vn 1.000000 0.000000 0.000000
vn -0.000000 1.000000 0.000000
vn 0.000000 1.000000 0.000000
vn 0.000000 -1.000000 0.000000
vn 0.000000 -1.000000 0.000000
vn 0.148168 0.048143 -0.987790
vn 0.091573 0.126040 -0.987790
vn 0.000000 0.155794 -0.987790
vn -0.091573 0.126040 -0.987790
vn -0.148168 0.048143 -0.987790
vn -0.148168 -0.048143 -0.987790
vn -0.091573 -0.126040 -0.987790
vn -0.000000 -0.155794 -0.987790
vn 0.091573 -0.126040 -0.987790
vn 0.148168 -0.048143 -0.987790
vn 0.148168 0.048143 -0.987790
vn 0.091573 0.126040 -0.987790
vn 0.000000 0.155794 -0.987790
vn -0.091573 0.126040 -0.987790
vn -0.148168 0.048143 -0.987790
vn -0.148168 -0.048143 -0.987790
vn -0.091573 -0.126040 -0.987790
vn -0.000000 -0.155794 -0.987790
vn 0.091573 -0.126040 -0.987790
vn 0.148168 -0.048143 -0.987790
vn 0.148168 0.048143 -0.987790
vn 0.091573 0.126040 -0.987790
vn 0.000000 0.155794 -0.987790
vn -0.091573 0.126040 -0.987790
vn -0.148168 0.048143 -0.987790
vn -0.148168 -0.048143 -0.987790
vn -0.091573 -0.126040 -0.987790
vn -0.000000 -0.155794 -0.987790
vn 0.091573 -0.126040 -0.987790
vn 0.148168 -0.048143 -0.987790
vn 0.000000 0.000000 -1.000000
vn 0.000000 0.000000 -1.000000
vn 0.000000 0.000000 1.000000
vn 0.000000 0.000000 1.000000
vn -1.000000 0.000000 -0.000000
vn -1.000000 -0.000000 0.000000
vn 1.000000 0.000000 -0.000000
vn 1.000000 0.000000 0.000000
vn -0.000000 1.000000 0.000000
vn 0.000000 1.000000 0.000000
vn 0.000000 -1.000000 0.000000
vn 0.000000 -1.000000 0.000000
vn -0.148168 -0.048143 0.987790
vn -0.091573 -0.126040 0.987790
vn 0.000000 -0.155794 0.987790
vn 0.091573 -0.126040 0.987790
vn 0.148168 -0.048143 0.987790
vn 0.148168 0.048143 0.987790
vn 0.091573 0.126040 0.987790
vn 0.000000 0.155794 0.987790
vn -0.091573 0.126040 0.987790
vn -0.148168 0.048143 0.987790
vn -0.148168 -0.048143 0.987790
vn -0.091573 -0.126040 0.987790
vn 0.000000 -0.155794 0.987790
vn 0.091573 -0.126040 0.987790
vn 0.148168 -0.048143 0.987790
vn 0.148168 0.048143 0.987790
vn 0.091573 0.126040 0.987790
vn 0.000000 0.155794 0.987790
vn -0.091573 0.126040 0.987790
vn -0.148168 0.048143 0.987790
vn -0.148168 -0.048143 0.987790
vn -0.091573 -0.126040 0.987790
vn 0.000000 -0.155794 0.987790
vn 0.091573 -0.126040 0.987790
vn 0.148168 -0.048143 0.987790
vn 0.148168 0.048143 0.987790
vn 0.091573 0.126040 0.987790
vn 0.000000 0.155794 0.987790
vn -0.091573 0.126040 0.987790
vn -0.148168 0.048143 0.987790
vn 0.000000 0.000000 -1.000000
vn 0.000000 0.000000 -1.000000
vn 0.000000 0.000000 1.000000
vn 0.000000 0.000000 1.000000
vn -1.000000 0.000000 -0.000000
vn -1.000000 -0.000000 0.000000
vn 1.000000 0.000000 -0.000000
vn 1.000000 0.000000 0.000000
vn -0.000000 1.000000 0.000000
vn 0.000000 1.000000 0.000000
vn 0.000000 -1.000000 0.000000
vn 0.000000 -1.000000 0.000000
vn 0.000000 0.000000 -1.000000
vn 0.000000 0.000000 -1.000000
vn 0.000000 0.000000 1.000000
vn 0.000000 0.000000 1.000000
vn -1.000000 0.000000 -0.000000
vn -1.000000 -0.000000 0.000000
vn 1.000000 0.000000 -0.000000
vn 1.000000 0.000000 0.000000
vn -0.000000 1.000000 0.000000
vn 0.000000 1.000000 0.000000
vn 0.000000 -1.000000 0.000000
vn 0.000000 -1.000000 0.000000
vn 0.000000 0.000000 -1.000000
vn 0.000000 0.000000 -1.000000
vn 0.000000 0.000000 1.000000
vn 0.000000 0.000000 1.000000
vn -1.000000 0.000000 -0.000000
vn -1.000000 -0.000000 0.000000
vn 1.000000 0.000000 -0.000000
vn 1.000000 0.000000 0.000000
vn -0.000000 1.000000 0.000000
vn 0.000000 1.000000 0.000000
vn 0.000000 -1.000000 0.000000
vn 0.000000 -1.000000 0.000000
vn 0.000000 0.000000 -1.000000
vn 0.000000 0.000000 -1.000000
vn 0.000000 0.000000 1.000000
vn 0.000000 0.000000 1.000000
vn -1.000000 0.000000 -0.000000
vn -1.000000 -0.000000 0.000000
vn 1.000000 0.000000 -0.000000
vn 1.000000 0.000000 0.000000
vn -0.000000 1.000000 0.000000
vn 0.000000 1.000000 0.000000
vn 0.000000 -1.000000 0.000000
vn 0.000000 -1.000000 0.000000
vn 0.000000 0.000000 -1.000000
vn 0.000000 0.000000 -1.000000
vn 0.000000 0.000000 1.000000
vn 0.000000 0.000000 1.000000
vn -1.000000 0.000000 -0.000000
vn -1.000000 -0.000000 0.000000
vn 1.000000 0.000000 -0.000000
vn 1.000000 0.000000 0.000000
vn -0.000000 1.000000 0.000000
vn 0.000000 1.000000 0.000000
vn 0.000000 -1.000000 0.000000
vn 0.000000 -1.000000 0.000000
vn 0.000000 0.000000 -1.000000
vn 0.000000 0.000000 -1.000000
vn 0.000000 0.000000 1.000000
vn 0.000000 0.000000 1.000000
vn -1.000000 0.000000 -0.000000
vn -1.000000 -0.000000 0.000000
vn 1.000000 0.000000 -0.000000
vn 1.000000 0.000000 0.000000
vn -0.000000 1.000000 0.000000
vn 0.000000 1.000000 0.000000
vn 0.000000 -1.000000 0.000000
vn 0.000000 -1.000000 0.000000
vn 0.000000 0.000000 -1.000000
vn 0.000000 0.000000 -1.000000
vn 0.000000 0.000000 1.000000
vn 0.000000 0.000000 1.000000
vn -1.000000 0.000000 -0.000000
vn -1.000000 -0.000000 0.000000
vn 1.000000 0.000000 -0.000000
vn 1.000000 0.000000 0.000000
vn -0.000000 1.000000 0.000000
vn 0.000000 1.000000 0.000000
vn 0.000000 -1.000000 0.000000
vn 0.000000 -1.000000 0.000000
vn 0.000000 0.000000 -1.000000
vn 0.000000 0.000000 -1.000000
vn 0.000000 0.000000 1.000000
vn 0.000000 0.000000 1.000000
vn -1.000000 0.000000 -0.000000
vn -1.000000 -0.000000 0.000000
vn 1.000000 0.000000 -0.000000
vn 1.000000 0.000000 0.000000
vn -0.000000 1.000000 0.000000
vn 0.000000 1.000000 0.000000
vn 0.000000 -1.000000 0.000000
vn 0.000000 -1.000000 0.000000
vn 0.000000 0.000000 -1.000000
vn 0.000000 0.000000 -1.000000
vn 0.000000 0.000000 1.000000
vn 0.000000 0.000000 1.000000
vn -1.000000 0.000000 -0.000000
vn -1.000000 -0.000000 0.000000
vn 1.000000 0.000000 -0.000000
vn 1.000000 0.000000 0.000000
vn -0.000000 1.000000 0.000000
vn 0.000000 1.000000 0.000000
vn 0.000000 -1.000000 0.000000
vn 0.000000 -1.000000 0.000000
vn 0.000000 0.000000 -1.000000
vn 0.000000 0.000000 -1.000000
vn 0.000000 0.000000 1.000000
vn 0.000000 0.000000 1.000000
vn -1.000000 0.000000 -0.000000
vn -1.000000 -0.000000 0.000000
vn 1.000000 0.000000 -0.000000
vn 1.000000 0.000000 0.000000
vn -0.000000 1.000000 0.000000
vn 0.000000 1.000000 0.000000
vn 0.000000 -1.000000 0.000000
vn 0.000000 -1.000000 0.000000
vn 0.000000 0.000000 -1.000000
vn 0.000000 0.000000 -1.000000
vn 0.000000 0.000000 1.000000
vn 0.000000 0.000000 1.000000
vn -1.000000 0.000000 -0.000000
vn -1.000000 -0.000000 0.000000
vn 1.000000 0.000000 -0.000000
vn 1.000000 0.000000 0.000000
vn -0.000000 1.000000 0.000000
vn 0.000000 1.000000 0.000000
vn 0.000000 -1.000000 0.000000
vn 0.000000 -1.000000 0.000000
vn 0.000000 0.000000 -1.000000
vn 0.000000 0.000000 -1.000000
vn 0.000000 0.000000 1.000000
vn 0.000000 0.000000 1.000000
vn -1.000000 0.000000 -0.000000
vn -1.000000 -0.000000 0.000000
vn 1.000000 0.000000 -0.000000
vn 1.000000 0.000000 0.000000
vn -0.000000 1.000000 0.000000
vn 0.000000 1.000000 0.000000
vn 0.000000 -1.000000 0.000000
vn 0.000000 -1.000000 0.000000
vn 0.000000 0.000000 -1.000000
vn 0.000000 0.000000 -1.000000
vn 0.000000 0.000000 1.000000
vn 0.000000 0.000000 1.000000
vn -1.000000 0.000000 -0.000000
vn -1.000000 -0.000000 0.000000
vn 1.000000 0.000000 -0.000000
vn 1.000000 0.000000 0.000000
vn -0.000000 1.000000 0.000000
vn 0.000000 1.000000 0.000000
vn 0.000000 -1.000000 0.000000
vn 0.000000 -1.000000 0.000000
vn 0.000000 0.000000 -1.000000
vn 0.000000 0.000000 -1.000000
vn 0.000000 0.000000 1.000000
vn 0.000000 0.000000 1.000000
vn -1.000000 0.000000 -0.000000
vn -1.000000 -0.000000 0.000000
vn 1.000000 0.000000 -0.000000
vn 1.000000 0.000000 0.000000
vn -0.000000 1.000000 0.000000
vn 0.000000 1.000000 0.000000
vn 0.000000 -1.000000 0.000000
vn 0.000000 -1.000000 0.000000
vn 0.000000 0.000000 -1.000000
vn 0.000000 0.000000 -1.000000
vn 0.000000 0.000000 1.000000
vn 0.000000 0.000000 1.000000
vn -1.000000 0.000000 -0.000000
vn -1.000000 -0.000000 0.000000
vn 1.000000 0.000000 -0.000000
vn 1.000000 0.000000 0.000000
vn -0.000000 1.000000 0.000000
vn 0.000000 1.000000 0.000000
vn 0.000000 -1.000000 0.000000
vn 0.000000 -1.000000 0.000000
vn 0.000000 0.000000 -1.000000
vn 0.000000 0.000000 -1.000000
vn 0.000000 0.000000 1.000000
vn 0.000000 0.000000 1.000000
vn -1.000000 0.000000 -0.000000
vn -1.000000 -0.000000 0.000000
vn 1.000000 0.000000 -0.000000
vn 1.000000 0.000000 0.000000
vn -0.000000 1.000000 0.000000
vn 0.000000 1.000000 0.000000
vn 0.000000 -1.000000 0.000000
vn 0.000000 -1.000000 0.000000
vn 0.000000 0.000000 -1.000000
vn 0.000000 0.000000 -1.000000
vn 0.000000 0.000000 -1.000000
vn 0.000000 0.000000 -1.000000
vn 0.000000 0.000000 1.000000
vn -0.000000 0.000000 1.000000
vn 0.000000 0.000000 1.000000
vn 0.000000 0.000000 1.000000
vn 0.000000 -1.000000 0.000000
vn 0.000000 -1.000000 0.000000
vn -1.000000 0.000000 0.000000
vn -1.000000 0.000000 0.000000
vn -0.813733 0.581238 0.000000
vn -0.813733 0.581238 0.000000
vn 0.000000 1.000000 0.000000
vn 0.000000 1.000000 -0.000000
vn 0.813733 0.581238 0.000000
vn 0.813733 0.581238 -0.000000
vn 1.000000 0.000000 0.000000
vn 1.000000 0.000000 0.000000
vn 0.000000 0.000000 -1.000000
vn 0.000000 0.000000 -1.000000
vn 0.000000 0.000000 1.000000
vn 0.000000 0.000000 1.000000
vn -1.000000 0.000000 -0.000000
vn -1.000000 -0.000000 0.000000
vn 1.000000 0.000000 -0.000000
vn 1.000000 0.000000 0.000000
vn -0.000000 1.000000 0.000000
vn 0.000000 1.000000 0.000000
vn 0.000000 -1.000000 0.000000
vn 0.000000 -1.000000 0.000000
vn 0.000000 0.000000 -1.000000
vn 0.000000 0.000000 -1.000000
vn 0.000000 0.000000 -1.000000
vn 0.000000 0.000000 -1.000000
vn 0.000000 0.000000 -1.000000
vn 0.000000 -0.000000 -1.000000
vn 0.000000 0.000000 -1.000000
vn 0.000000 0.000000 1.000000
vn 0.000000 0.000000 1.000000
vn -0.000000 0.000000 1.000000
vn 0.000000 0.000000 1.000000
vn 0.000000 0.000000 1.000000
vn 0.000000 -1.000000 0.000000
vn 0.000000 -1.000000 0.000000
vn -0.882353 -0.470588 0.000000
vn -0.882353 -0.470588 0.000000
vn -0.759257 0.650791 0.000000
vn -0.759257 0.650791 0.000000
vn -0.968918 0.247383 0.000000
vn -0.968918 0.247383 0.000000
vn 0.000000 1.000000 0.000000
vn 0.000000 1.000000 -0.000000
vn 0.968918 0.247383 0.000000
vn 0.968918 0.247383 -0.000000
vn 0.759257 0.650791 0.000000
vn 0.759257 0.650791 -0.000000
vn 0.882353 -0.470588 0.000000
vn 0.882353 -0.470588 0.000000
vn 0.148168 0.048143 -0.987790
vn 0.091573 0.126040 -0.987790
vn 0.000000 0.155794 -0.987790
vn -0.091573 0.126040 -0.987790
vn -0.148168 0.048143 -0.987790
vn -0.148168 -0.048143 -0.987790
vn -0.091573 -0.126040 -0.987790
vn -0.000000 -0.155794 -0.987790
vn 0.091573 -0.126040 -0.987790
vn 0.148168 -0.048143 -0.987790
vn 0.148168 0.048143 -0.987790
vn 0.091573 0.126040 -0.987790
vn 0.000000 0.155794 -0.987790
vn -0.091573 0.126040 -0.987790
vn -0.148168 0.048143 -0.987790
vn -0.148168 -0.048143 -0.987790
vn -0.091573 -0.126040 -0.987790
vn -0.000000 -0.155794 -0.987790
vn 0.091573 -0.126040 -0.987790
vn 0.148168 -0.048143 -0.987790
vn 0.148168 0.048143 -0.987790
vn 0.091573 0.126040 -0.987790
vn 0.000000 0.155794 -0.987790
vn -0.091573 0.126040 -0.987790
vn -0.148168 0.048143 -0.987790
vn -0.148168 -0.048143 -0.987790
vn -0.091573 -0.126040 -0.987790
vn -0.000000 -0.155794 -0.987790
vn 0.091573 -0.126040 -0.987790
vn 0.148168 -0.048143 -0.987790
vn 0.148168 0.048143 -0.987790
vn 0.091573 0.126040 -0.987790
vn 0.000000 0.155794 -0.987790
vn -0.091573 0.126040 -0.987790
vn -0.148168 0.048143 -0.987790
vn -0.148168 -0.048143 -0.987790
vn -0.091573 -0.126040 -0.987790
vn -0.000000 -0.155794 -0.987790
vn 0.091573 -0.126040 -0.987790
vn 0.148168 -0.048143 -0.987790
vn 0.308839 0.101702 0.945661
vn 0.307446 0.100719 0.946220
vn 0.808870 0.064747 0.584412
vn 0.807405 0.063088 0.586614
vn 1.000000 -0.000000 0.000000
vn 1.000000 0.000000 0.000000
vn 0.808945 -0.070440 -0.583649
vn 0.807152 -0.067854 -0.586431
vn 0.308958 -0.116016 -0.943973
vn 0.307001 -0.114033 -0.944853
vn -0.308945 -0.113958 -0.944228
vn -0.306927 -0.116096 -0.944625
vn -0.808910 -0.067577 -0.584035
vn -0.806989 -0.070761 -0.586312
vn -1.000000 0.000000 0.000000
vn -1.000000 0.000000 0.000000
vn -0.808839 0.062878 0.584659
vn -0.807307 0.064983 0.586543
vn -0.308828 0.100672 0.945775
vn -0.307413 0.101751 0.946120
vn 0.308887 0.295694 0.903966
vn 0.304965 0.293342 0.906061
vn 0.808800 0.187793 0.557294
vn 0.804766 0.184546 0.564176
vn 1.000000 -0.000000 0.000000
vn 1.000000 0.000000 0.000000
vn 0.808403 -0.202841 -0.552576
vn 0.803586 -0.197586 -0.561435
vn 0.308290 -0.333094 -0.891070
vn 0.302915 -0.328409 -0.894645
vn -0.308404 -0.327802 -0.892991
vn -0.302565 -0.333737 -0.892790
vn -0.808627 -0.195307 -0.554957
vn -0.802802 -0.205466 -0.559726
vn -1.000000 0.000000 0.000000
vn -1.000000 0.000000 -0.000000
vn -0.808887 0.182796 0.558827
vn -0.804313 0.189748 0.563095
vn -0.308911 0.292950 0.904850
vn -0.304820 0.296101 0.905212
vn 0.308060 0.465376 0.829774
vn 0.302186 0.462649 0.833451
vn 0.807737 0.294929 0.510468
vn 0.801759 0.292348 0.521263
vn 1.000000 -0.000000 0.000000
vn 1.000000 0.000000 0.000000
vn 0.806514 -0.314921 -0.500360
vn 0.799509 -0.310322 -0.514282
vn 0.306217 -0.513685 -0.801473
vn 0.298370 -0.508404 -0.807775
vn -0.306532 -0.507024 -0.805583
vn -0.297727 -0.515136 -0.803737
vn -0.807174 -0.304980 -0.505428
vn -0.798022 -0.321000 -0.510020
vn -1.000000 0.000000 0.000000
vn -1.000000 0.000000 -0.000000
vn -0.808058 0.288169 0.513811
vn -0.800894 0.299563 0.518489
vn -0.308159 0.461720 0.831777
vn -0.301913 0.466339 0.831491
vn 0.307128 0.603906 0.735506
vn 0.300007 0.601618 0.740305
vn 0.806606 0.381727 0.451299
vn 0.799377 0.381273 0.464358
vn 1.000000 0.000000 0.000000
vn 1.000000 -0.000000 0.000000
vn 0.804767 -0.402230 -0.436533
vn 0.796399 -0.400393 -0.453248
vn 0.304370 -0.651791 -0.694642
vn 0.295069 -0.647451 -0.702667
vn -0.304820 -0.645374 -0.700412
vn -0.294260 -0.653961 -0.696955
vn -0.805742 -0.392114 -0.443876
vn -0.794467 -0.411525 -0.446620
vn -1.000000 0.000000 0.000000
vn -1.000000 0.000000 -0.000000
vn -0.807118 0.374648 0.456289
vn -0.798224 0.389006 0.459905
vn -0.307289 0.600155 0.738504
vn -0.299646 0.605418 0.737348
vn 0.306640 0.711584 0.632156
vn 0.298979 0.710151 0.637414
vn 0.806046 0.448208 0.386521
vn 0.798259 0.450289 0.400027
vn 1.000000 0.000000 0.000000
vn 1.000000 -0.000000 0.000000
vn 0.804050 -0.466171 -0.369036
vn 0.795106 -0.467651 -0.386147
vn 0.303651 -0.752227 -0.584766
vn 0.293822 -0.749451 -0.593290
vn -0.304123 -0.746920 -0.591286
vn -0.293000 -0.754855 -0.586809
vn -0.805095 -0.457376 -0.377662
vn -0.793105 -0.477559 -0.378051
vn -1.000000 0.000000 0.000000
vn -1.000000 0.000000 -0.000000
vn -0.806623 0.441881 0.392557
vn -0.797028 0.457365 0.394417
vn -0.306822 0.708296 0.635749
vn -0.298593 0.713494 0.633852
vn 0.306759 0.792532 0.527059
vn 0.299199 0.792011 0.532165
vn 0.806226 0.497036 0.320867
vn 0.798526 0.501239 0.333340
vn 1.000000 0.000000 0.000000
vn 1.000000 -0.000000 0.000000
vn 0.804479 -0.510994 -0.302819
vn 0.795680 -0.515233 -0.318477
vn 0.304134 -0.823360 -0.479146
vn 0.294562 -0.822117 -0.487193
vn -0.304539 -0.819422 -0.485596
vn -0.293842 -0.826147 -0.480768
vn -0.805385 -0.504205 -0.311660
vn -0.793914 -0.523079 -0.309981
vn -1.000000 0.000000 0.000000
vn -1.000000 0.000000 -0.000000
vn -0.806743 0.492031 0.327216
vn -0.797405 0.506981 0.327287
vn -0.306925 0.789971 0.530794
vn -0.298844 0.794626 0.528452
vn 0.307348 0.851870 0.424092
vn 0.300431 0.852086 0.428591
vn 0.806958 0.531770 0.256983
vn 0.799902 0.537237 0.267456
vn 1.000000 0.000000 0.000000
vn 1.000000 -0.000000 0.000000
vn 0.805685 -0.541456 -0.240201
vn 0.797651 -0.547361 -0.253275
vn 0.305425 -0.872977 -0.380299
vn 0.296748 -0.872916 -0.387244
vn -0.305718 -0.870326 -0.386095
vn -0.296189 -0.875648 -0.381462
vn -0.806342 -0.536771 -0.248375
vn -0.796284 -0.552955 -0.245302
vn -1.000000 0.000000 -0.000000
vn -1.000000 0.000000 0.000000
vn -0.807340 0.528246 0.262980
vn -0.799008 0.541414 0.261644
vn -0.307472 0.850080 0.427582
vn -0.300143 0.853927 0.425116
vn 0.308121 0.894214 0.324720
vn 0.302284 0.894888 0.328329
vn 0.807894 0.555807 0.195924
vn 0.801933 0.561536 0.203913
vn 1.000000 0.000000 0.000000
vn 1.000000 -0.000000 0.000000
vn 0.807144 -0.561679 -0.181753
vn 0.800370 -0.568023 -0.191720
vn 0.306980 -0.907024 -0.288219
vn 0.299705 -0.907693 -0.293719
vn -0.307155 -0.905436 -0.292989
vn -0.299320 -0.909347 -0.288957
vn -0.807531 -0.558851 -0.188624
vn -0.799439 -0.571568 -0.184953
vn -1.000000 0.000000 -0.000000
vn -1.000000 0.000000 0.000000
vn -0.808119 0.553646 0.201048
vn -0.801307 0.564224 0.198891
vn -0.308194 0.893110 0.327676
vn -0.302080 0.896033 0.325381
vn 0.308765 0.923163 0.228985
vn 0.304347 0.923987 0.231562
vn 0.808677 0.571908 0.137705
vn 0.804153 0.576939 0.143106
vn 1.000000 0.000000 0.000000
vn 1.000000 -0.000000 0.000000
vn 0.808368 -0.574803 -0.127050
vn 0.803230 -0.580443 -0.133820
vn 0.308295 -0.929644 -0.201781
vn 0.302806 -0.930591 -0.205690
vn -0.308370 -0.928848 -0.205305
vn -0.302581 -0.931435 -0.202170
vn -0.808530 -0.573414 -0.132199
vn -0.802689 -0.582342 -0.128716
vn -1.000000 0.000000 -0.000000
vn -1.000000 0.000000 0.000000
vn -0.808765 0.570834 0.141592
vn -0.803781 0.578396 0.139267
vn -0.308793 0.922598 0.231214
vn -0.304222 0.924583 0.229337
vn 0.309017 0.941258 0.136171
vn 0.306260 0.941939 0.137680
vn 0.809015 0.582076 0.081743
vn 0.806179 0.585576 0.084715
vn 1.000000 0.000000 0.000000
vn 1.000000 -0.000000 0.000000
vn 0.808987 -0.583002 -0.075157
vn 0.805760 -0.586959 -0.078925
vn 0.308977 -0.943539 -0.119446
vn 0.305556 -0.944359 -0.121741
vn -0.308987 -0.943261 -0.121600
vn -0.305455 -0.944667 -0.119588
vn -0.809005 -0.582558 -0.078333
vn -0.805520 -0.587706 -0.075764
vn -1.000000 0.000000 -0.000000
vn -1.000000 0.000000 0.000000
vn -0.809017 0.581729 0.084158
vn -0.806009 0.586152 0.082315
vn -0.309016 0.941057 0.137551
vn -0.306203 0.942158 0.136301
vn 0.308701 0.950085 0.045190
vn 0.307762 0.950367 0.045671
vn 0.808719 0.587569 0.027129
vn 0.807744 0.588868 0.028009
vn 1.000000 0.000000 0.000000
vn 1.000000 -0.000000 0.000000
vn 0.808766 -0.587603 -0.024905
vn 0.807652 -0.589084 -0.026043
vn 0.308775 -0.950312 -0.039553
vn 0.307607 -0.950660 -0.040293
vn -0.308766 -0.950285 -0.040277
vn -0.307586 -0.950697 -0.039569
vn -0.808744 -0.587587 -0.025977
vn -0.807601 -0.589200 -0.024973
vn -1.000000 0.000000 -0.000000
vn -1.000000 0.000000 0.000000
vn -0.808701 0.587556 0.027947
vn -0.807706 0.588958 0.027193
vn -0.308695 0.950065 0.045657
vn -0.307749 0.950393 0.045205
vn 0.307749 0.950393 -0.045205
vn 0.308695 0.950065 -0.045657
vn 0.807706 0.588958 -0.027193
vn 0.808701 0.587556 -0.027947
vn 1.000000 0.000000 0.000000
vn 1.000000 -0.000000 0.000000
vn 0.807601 -0.589200 0.024973
vn 0.808744 -0.587587 0.025977
vn 0.307586 -0.950697 0.039569
vn 0.308766 -0.950285 0.040277
vn -0.307607 -0.950660 0.040293
vn -0.308775 -0.950312 0.039553
vn -0.807652 -0.589084 0.026043
vn -0.808766 -0.587603 0.024905
vn -1.000000 0.000000 0.000000
vn -1.000000 0.000000 0.000000
vn -0.807744 0.588868 -0.028009
vn -0.808719 0.587569 -0.027129
vn -0.307762 0.950367 -0.045671
vn -0.308701 0.950085 -0.045190
vn 0.306203 0.942158 -0.136301
vn 0.309016 0.941057 -0.137551
vn 0.806009 0.586152 -0.082315
vn 0.809017 0.581729 -0.084158
vn 1.000000 0.000000 0.000000
vn 1.000000 0.000000 0.000000
vn 0.805520 -0.587706 0.075764
vn 0.809005 -0.582558 0.078333
vn 0.305455 -0.944667 0.119588
vn 0.308987 -0.943261 0.121600
vn -0.305556 -0.944359 0.121741
vn -0.308977 -0.943539 0.119446
vn -0.805760 -0.586959 0.078925
vn -0.808987 -0.583002 0.075157
vn -1.000000 0.000000 0.000000
vn -1.000000 -0.000000 0.000000
vn -0.806179 0.585576 -0.084715
vn -0.809015 0.582076 -0.081743
vn -0.306260 0.941939 -0.137680
vn -0.309017 0.941258 -0.136171
vn 0.304222 0.924583 -0.229337
vn 0.308793 0.922598 -0.231214
vn 0.803781 0.578396 -0.139267
vn 0.808765 0.570834 -0.141592
vn 1.000000 0.000000 0.000000
vn 1.000000 0.000000 0.000000
vn 0.802689 -0.582342 0.128716
vn 0.808530 -0.573414 0.132199
vn 0.302581 -0.931435 0.202170
vn 0.308370 -0.928848 0.205305
vn -0.302806 -0.930591 0.205690
vn -0.308295 -0.929644 0.201781
vn -0.803230 -0.580443 0.133820
vn -0.808368 -0.574803 0.127050
vn -1.000000 0.000000 0.000000
vn -1.000000 -0.000000 0.000000
vn -0.804153 0.576939 -0.143106
vn -0.808677 0.571908 -0.137705
vn -0.304347 0.923987 -0.231562
vn -0.308765 0.923163 -0.228985
vn 0.302080 0.896033 -0.325381
vn 0.308194 0.893110 -0.327676
vn 0.801307 0.564224 -0.198891
vn 0.808119 0.553646 -0.201048
vn 1.000000 0.000000 0.000000
vn 1.000000 0.000000 0.000000
vn 0.799439 -0.571568 0.184953
vn 0.807531 -0.558851 0.188624
vn 0.299320 -0.909347 0.288957
vn 0.307155 -0.905436 0.292989
vn -0.299705 -0.907693 0.293719
vn -0.306980 -0.907024 0.288219
vn -0.800370 -0.568023 0.191720
vn -0.807144 -0.561679 0.181753
vn -1.000000 0.000000 0.000000
vn -1.000000 -0.000000 0.000000
vn -0.801933 0.561536 -0.203913
vn -0.807894 0.555807 -0.195924
vn -0.302284 0.894888 -0.328329
vn -0.308121 0.894214 -0.324720
vn 0.300143 0.853927 -0.425116
vn 0.307472 0.850080 -0.427582
vn 0.799008 0.541414 -0.261644
vn 0.807340 0.528246 -0.262980
vn 1.000000 0.000000 0.000000
vn 1.000000 0.000000 0.000000
vn 0.796284 -0.552955 0.245302
vn 0.806342 -0.536771 0.248375
vn 0.296189 -0.875648 0.381462
vn 0.305718 -0.870326 0.386095
vn -0.296748 -0.872916 0.387244
vn -0.305425 -0.872977 0.380299
vn -0.797651 -0.547361 0.253275
vn -0.805685 -0.541456 0.240201
vn -1.000000 0.000000 0.000000
vn -1.000000 -0.000000 0.000000
vn -0.799902 0.537237 -0.267456
vn -0.806958 0.531770 -0.256983
vn -0.300431 0.852086 -0.428591
vn -0.307348 0.851870 -0.424092
vn 0.298844 0.794626 -0.528452
vn 0.306925 0.789971 -0.530794
vn 0.797405 0.506981 -0.327287
vn 0.806743 0.492031 -0.327216
vn 1.000000 0.000000 0.000000
vn 1.000000 0.000000 0.000000
vn 0.793914 -0.523079 0.309981
vn 0.805385 -0.504205 0.311660
vn 0.293842 -0.826147 0.480768
vn 0.304539 -0.819422 0.485596
vn -0.294562 -0.822117 0.487193
vn -0.304134 -0.823360 0.479146
vn -0.795680 -0.515233 0.318477
vn -0.804479 -0.510994 0.302819
vn -1.000000 0.000000 0.000000
vn -1.000000 -0.000000 0.000000
vn -0.798526 0.501239 -0.333340
vn -0.806226 0.497036 -0.320867
vn -0.299199 0.792011 -0.532165
vn -0.306759 0.792532 -0.527059
vn 0.298593 0.713494 -0.633852
vn 0.306822 0.708296 -0.635749
vn 0.797028 0.457365 -0.394417
vn 0.806623 0.441881 -0.392557
vn 1.000000 0.000000 0.000000
vn 1.000000 0.000000 0.000000
vn 0.793105 -0.477559 0.378051
vn 0.805095 -0.457376 0.377662
vn 0.293000 -0.754855 0.586809
vn 0.304123 -0.746920 0.591286
vn -0.293822 -0.749451 0.593290
vn -0.303651 -0.752227 0.584766
vn -0.795106 -0.467651 0.386147
vn -0.804050 -0.466171 0.369036
vn -1.000000 0.000000 0.000000
vn -1.000000 -0.000000 0.000000
vn -0.798259 0.450289 -0.400027
vn -0.806046 0.448208 -0.386521
vn -0.298979 0.710151 -0.637414
vn -0.306640 0.711584 -0.632156
vn 0.299646 0.605418 -0.737348
vn 0.307289 0.600155 -0.738504
vn 0.798224 0.389006 -0.459905
vn 0.807118 0.374648 -0.456289
vn 1.000000 0.000000 0.000000
vn 1.000000 0.000000 0.000000
vn 0.794467 -0.411525 0.446620
vn 0.805742 -0.392114 0.443876
vn 0.294260 -0.653961 0.696955
vn 0.304820 -0.645374 0.700412
vn -0.295069 -0.647451 0.702667
vn -0.304370 -0.651791 0.694642
vn -0.796399 -0.400393 0.453248
vn -0.804767 -0.402230 0.436533
vn -1.000000 0.000000 0.000000
vn -1.000000 -0.000000 0.000000
vn -0.799377 0.381273 -0.464358
vn -0.806606 0.381727 -0.451299
vn -0.300007 0.601618 -0.740305
vn -0.307128 0.603906 -0.735506
vn 0.301913 0.466339 -0.831491
vn 0.308159 0.461720 -0.831777
vn 0.800894 0.299563 -0.518489
vn 0.808058 0.288169 -0.513811
vn 1.000000 0.000000 0.000000
vn 1.000000 0.000000 0.000000
vn 0.798022 -0.321000 0.510020
vn 0.807174 -0.304980 0.505428
vn 0.297727 -0.515136 0.803737
vn 0.306532 -0.507024 0.805583
vn -0.298370 -0.508404 0.807775
vn -0.306217 -0.513685 0.801473
vn -0.799509 -0.310322 0.514282
vn -0.806514 -0.314921 0.500360
vn -1.000000 -0.000000 0.000000
vn -1.000000 0.000000 0.000000
vn -0.801759 0.292348 -0.521263
vn -0.807737 0.294929 -0.510468
vn -0.302186 0.462649 -0.833451
vn -0.308060 0.465376 -0.829774
vn 0.304820 0.296101 -0.905212
vn 0.308911 0.292950 -0.904850
vn 0.804313 0.189748 -0.563095
vn 0.808887 0.182796 -0.558827
vn 1.000000 0.000000 0.000000
vn 1.000000 0.000000 0.000000
vn 0.802802 -0.205466 0.559726
vn 0.808627 -0.195307 0.554957
vn 0.302565 -0.333737 0.892790
vn 0.308404 -0.327802 0.892991
vn -0.302915 -0.328409 0.894645
vn -0.308290 -0.333094 0.891070
vn -0.803586 -0.197586 0.561435
vn -0.808403 -0.202841 0.552576
vn -1.000000 -0.000000 0.000000
vn -1.000000 0.000000 0.000000
vn -0.804766 0.184546 -0.564176
vn -0.808800 0.187793 -0.557294
vn -0.304965 0.293342 -0.906061
vn -0.308887 0.295694 -0.903966
vn 0.307413 0.101751 -0.946120
vn 0.308828 0.100672 -0.945775
vn 0.807307 0.064983 -0.586543
vn 0.808839 0.062878 -0.584659
vn 1.000000 0.000000 0.000000
vn 1.000000 0.000000 0.000000
vn 0.806989 -0.070761 0.586312
vn 0.808910 -0.067577 0.584035
vn 0.306927 -0.116096 0.944625
vn 0.308945 -0.113958 0.944228
vn -0.307001 -0.114033 0.944853
vn -0.308958 -0.116016 0.943973
vn -0.807152 -0.067854 0.586431
vn -0.808945 -0.070440 0.583649
vn -1.000000 -0.000000 0.000000
vn -1.000000 0.000000 0.000000
vn -0.807405 0.063088 -0.586614
vn -0.808870 0.064747 -0.584412
vn -0.307446 0.100719 -0.946220
vn -0.308839 0.101702 -0.945661
vn 0.308839 -0.101702 -0.945661
vn 0.307446 -0.100719 -0.946220
vn 0.808870 -0.064747 -0.584412
vn 0.807405 -0.063088 -0.586614
vn 1.000000 0.000000 0.000000
vn 1.000000 0.000000 0.000000
vn 0.808945 0.070440 0.583649
vn 0.807152 0.067854 0.586431
vn 0.308958 0.116016 0.943973
vn 0.307001 0.114033 0.944853
vn -0.308945 0.113958 0.944228
vn -0.306927 0.116096 0.944625
vn -0.808910 0.067577 0.584035
vn -0.806989 0.070761 0.586312
vn -1.000000 0.000000 0.000000
vn -1.000000 0.000000 0.000000
vn -0.808839 -0.062878 -0.584659
vn -0.807307 -0.064983 -0.586543
vn -0.308828 -0.100672 -0.945775
vn -0.307413 -0.101751 -0.946120
vn 0.308887 -0.295694 -0.903966
vn 0.304965 -0.293342 -0.906061
vn 0.808800 -0.187793 -0.557294
vn 0.804766 -0.184546 -0.564176
vn 1.000000 0.000000 0.000000
vn 1.000000 0.000000 0.000000
vn 0.808403 0.202841 0.552576
vn 0.803586 0.197586 0.561435
vn 0.308290 0.333094 0.891070
vn 0.302915 0.328409 0.894645
vn -0.308404 0.327802 0.892991
vn -0.302565 0.333737 0.892790
vn -0.808627 0.195307 0.554957
vn -0.802802 0.205466 0.559726
vn -1.000000 0.000000 0.000000
vn -1.000000 0.000000 0.000000
vn -0.808887 -0.182796 -0.558827
vn -0.804313 -0.189748 -0.563095
vn -0.308911 -0.292950 -0.904850
vn -0.304820 -0.296101 -0.905212
vn 0.308060 -0.465376 -0.829774
vn 0.302186 -0.462649 -0.833451
vn 0.807737 -0.294929 -0.510468
vn 0.801759 -0.292348 -0.521263
vn 1.000000 0.000000 0.000000
vn 1.000000 0.000000 0.000000
vn 0.806514 0.314921 0.500360
vn 0.799509 0.310322 0.514282
vn 0.306217 0.513685 0.801473
vn 0.298370 0.508404 0.807775
vn -0.306532 0.507024 0.805583
vn -0.297727 0.515136 0.803737
vn -0.807174 0.304980 0.505428
vn -0.798022 0.321000 0.510020
vn -1.000000 0.000000 0.000000
vn -1.000000 0.000000 0.000000
vn -0.808058 -0.288169 -0.513811
vn -0.800894 -0.299563 -0.518489
vn -0.308159 -0.461720 -0.831777
vn -0.301913 -0.466339 -0.831491
vn 0.307128 -0.603906 -0.735506
vn 0.300007 -0.601618 -0.740305
vn 0.806606 -0.381727 -0.451299
vn 0.799377 -0.381273 -0.464358
vn 1.000000 0.000000 0.000000
vn 1.000000 0.000000 0.000000
vn 0.804767 0.402230 0.436533
vn 0.796399 0.400393 0.453248
vn 0.304370 0.651791 0.694642
vn 0.295069 0.647451 0.702667
vn -0.304820 0.645374 0.700412
vn -0.294260 0.653961 0.696955
vn -0.805742 0.392114 0.443876
vn -0.794467 0.411525 0.446620
vn -1.000000 0.000000 0.000000
vn -1.000000 0.000000 0.000000
vn -0.807118 -0.374648 -0.456289
vn -0.798224 -0.389006 -0.459905
vn -0.307289 -0.600155 -0.738504
vn -0.299646 -0.605418 -0.737348
vn 0.306640 -0.711584 -0.632156
vn 0.298979 -0.710151 -0.637414
vn 0.806046 -0.448208 -0.386521
vn 0.798259 -0.450289 -0.400027
vn 1.000000 0.000000 0.000000
vn 1.000000 0.000000 0.000000
vn 0.804050 0.466171 0.369036
vn 0.795106 0.467651 0.386147
vn 0.303651 0.752227 0.584766
vn 0.293822 0.749451 0.593290
vn -0.304123 0.746920 0.591286
vn -0.293000 0.754855 0.586809
vn -0.805095 0.457376 0.377662
vn -0.793105 0.477559 0.378051
vn -1.000000 0.000000 0.000000
vn -1.000000 0.000000 0.000000
vn -0.806623 -0.441881 -0.392557
vn -0.797028 -0.457365 -0.394417
vn -0.306822 -0.708296 -0.635749
vn -0.298593 -0.713494 -0.633852
vn 0.306759 -0.792532 -0.527059
vn 0.299199 -0.792011 -0.532165
vn 0.806226 -0.497036 -0.320867
vn 0.798526 -0.501239 -0.333340
vn 1.000000 0.000000 0.000000
vn 1.000000 0.000000 0.000000
vn 0.804479 0.510994 0.302819
vn 0.795680 0.515233 0.318477
vn 0.304134 0.823360 0.479146
vn 0.294562 0.822117 0.487193
vn -0.304539 0.819422 0.485596
vn -0.293842 0.826147 0.480768
vn -0.805385 0.504205 0.311660
vn -0.793914 0.523079 0.309981
vn -1.000000 0.000000 0.000000
vn -1.000000 0.000000 0.000000
vn -0.806743 -0.492031 -0.327216
vn -0.797405 -0.506981 -0.327287
vn -0.306925 -0.789971 -0.530794
vn -0.298844 -0.794626 -0.528452
vn 0.307348 -0.851870 -0.424092
vn 0.300431 -0.852086 -0.428591
vn 0.806958 -0.531770 -0.256983
vn 0.799902 -0.537237 -0.267456
vn 1.000000 0.000000 0.000000
vn 1.000000 0.000000 0.000000
vn 0.805685 0.541456 0.240201
vn 0.797651 0.547361 0.253275
vn 0.305425 0.872977 0.380299
vn 0.296748 0.872916 0.387244
vn -0.305718 0.870326 0.386095
vn -0.296189 0.875648 0.381462
vn -0.806342 0.536771 0.248375
vn -0.796284 0.552955 0.245302
vn -1.000000 0.000000 0.000000
vn -1.000000 0.000000 0.000000
vn -0.807340 -0.528246 -0.262980
vn -0.799008 -0.541414 -0.261644
vn -0.307472 -0.850080 -0.427582
vn -0.300143 -0.853927 -0.425116
vn 0.308121 -0.894214 -0.324720
vn 0.302284 -0.894888 -0.328329
vn 0.807894 -0.555807 -0.195924
vn 0.801933 -0.561536 -0.203913
vn 1.000000 0.000000 0.000000
vn 1.000000 0.000000 0.000000
vn 0.807144 0.561679 0.181753
vn 0.800370 0.568023 0.191720
vn 0.306980 0.907024 0.288219
vn 0.299705 0.907693 0.293719
vn -0.307155 0.905436 0.292989
vn -0.299320 0.909347 0.288957
vn -0.807531 0.558851 0.188624
vn -0.799439 0.571568 0.184953
vn -1.000000 0.000000 0.000000
vn -1.000000 0.000000 0.000000
vn -0.808119 -0.553646 -0.201048
vn -0.801307 -0.564224 -0.198891
vn -0.308194 -0.893110 -0.327676
vn -0.302080 -0.896033 -0.325381
vn 0.308765 -0.923163 -0.228985
vn 0.304347 -0.923987 -0.231562
vn 0.808677 -0.571908 -0.137705
vn 0.804153 -0.576939 -0.143106
vn 1.000000 0.000000 0.000000
vn 1.000000 0.000000 0.000000
vn 0.808368 0.574803 0.127050
vn 0.803230 0.580443 0.133820
vn 0.308295 0.929644 0.201781
vn 0.302806 0.930591 0.205690
vn -0.308370 0.928848 0.205305
vn -0.302581 0.931435 0.202170
vn -0.808530 0.573414 0.132199
vn -0.802689 0.582342 0.128716
vn -1.000000 0.000000 0.000000
vn -1.000000 0.000000 0.000000
vn -0.808765 -0.570834 -0.141592
vn -0.803781 -0.578396 -0.139267
vn -0.308793 -0.922598 -0.231214
vn -0.304222 -0.924583 -0.229337
vn 0.309017 -0.941258 -0.136171
vn 0.306260 -0.941939 -0.137680
vn 0.809015 -0.582076 -0.081743
vn 0.806179 -0.585576 -0.084715
vn 1.000000 0.000000 0.000000
vn 1.000000 0.000000 0.000000
vn 0.808987 0.583002 0.075157
vn 0.805760 0.586959 0.078925
vn 0.308977 0.943539 0.119446
vn 0.305556 0.944359 0.121741
vn -0.308987 0.943261 0.121600
vn -0.305455 0.944667 0.119588
vn -0.809005 0.582558 0.078333
vn -0.805520 0.587706 0.075764
vn -1.000000 0.000000 0.000000
vn -1.000000 0.000000 0.000000
vn -0.809017 -0.581729 -0.084158
vn -0.806009 -0.586152 -0.082315
vn -0.309016 -0.941057 -0.137551
vn -0.306203 -0.942158 -0.136301
vn 0.308701 -0.950085 -0.045190
vn 0.307762 -0.950367 -0.045671
vn 0.808719 -0.587569 -0.027129
vn 0.807744 -0.588868 -0.028009
vn 1.000000 0.000000 0.000000
vn 1.000000 0.000000 0.000000
vn 0.808766 0.587603 0.024905
vn 0.807652 0.589084 0.026043
vn 0.308775 0.950312 0.039553
vn 0.307607 0.950660 0.040293
vn -0.308766 0.950285 0.040277
vn -0.307586 0.950697 0.039569
vn -0.808744 0.587587 0.025977
vn -0.807601 0.589200 0.024973
vn -1.000000 0.000000 0.000000
vn -1.000000 0.000000 0.000000
vn -0.808701 -0.587556 -0.027947
vn -0.807706 -0.588958 -0.027193
vn -0.308695 -0.950065 -0.045657
vn -0.307749 -0.950393 -0.045205
vn 0.307749 -0.950393 0.045205
vn 0.308695 -0.950065 0.045657
vn 0.807706 -0.588958 0.027193
vn 0.808701 -0.587556 0.027947
vn 1.000000 0.000000 -0.000000
vn 1.000000 0.000000 0.000000
vn 0.807601 0.589200 -0.024973
vn 0.808744 0.587587 -0.025977
vn 0.307586 0.950697 -0.039569
vn 0.308766 0.950285 -0.040277
vn -0.307607 0.950660 -0.040293
vn -0.308775 0.950312 -0.039553
vn -0.807652 0.589084 -0.026043
vn -0.808766 0.587603 -0.024905
vn -1.000000 0.000000 0.000000
vn -1.000000 0.000000 0.000000
vn -0.807744 -0.588868 0.028009
vn -0.808719 -0.587569 0.027129
vn -0.307762 -0.950367 0.045671
vn -0.308701 -0.950085 0.045190
vn 0.306203 -0.942158 0.136301
vn 0.309016 -0.941057 0.137551
vn 0.806009 -0.586152 0.082315
vn 0.809017 -0.581729 0.084158
vn 1.000000 0.000000 -0.000000
vn 1.000000 0.000000 0.000000
vn 0.805520 0.587706 -0.075764
vn 0.809005 0.582558 -0.078333
vn 0.305455 0.944667 -0.119588
vn 0.308987 0.943261 -0.121600
vn -0.305556 0.944359 -0.121741
vn -0.308977 0.943539 -0.119446
vn -0.805760 0.586959 -0.078925
vn -0.808987 0.583002 -0.075157
vn -1.000000 0.000000 0.000000
vn -1.000000 0.000000 0.000000
vn -0.806179 -0.585576 0.084715
vn -0.809015 -0.582076 0.081743
vn -0.306260 -0.941939 0.137680
vn -0.309017 -0.941258 0.136171
vn 0.304222 -0.924583 0.229337
vn 0.308793 -0.922598 0.231214
vn 0.803781 -0.578396 0.139267
vn 0.808765 -0.570834 0.141592
vn 1.000000 0.000000 -0.000000
vn 1.000000 0.000000 0.000000
vn 0.802689 0.582342 -0.128716
vn 0.808530 0.573414 -0.132199
vn 0.302581 0.931435 -0.202170
vn 0.308370 0.928848 -0.205305
vn -0.302806 0.930591 -0.205690
vn -0.308295 0.929644 -0.201781
vn -0.803230 0.580443 -0.133820
vn -0.808368 0.574803 -0.127050
vn -1.000000 0.000000 0.000000
vn -1.000000 0.000000 0.000000
vn -0.804153 -0.576939 0.143106
vn -0.808677 -0.571908 0.137705
vn -0.304347 -0.923987 0.231562
vn -0.308765 -0.923163 0.228985
vn 0.302080 -0.896033 0.325381
vn 0.308194 -0.893110 0.327676
vn 0.801307 -0.564224 0.198891
vn 0.808119 -0.553646 0.201048
vn 1.000000 0.000000 -0.000000
vn 1.000000 0.000000 0.000000
vn 0.799439 0.571568 -0.184953
vn 0.807531 0.558851 -0.188624
vn 0.299320 0.909347 -0.288957
vn 0.307155 0.905436 -0.292989
vn -0.299705 0.907693 -0.293719
vn -0.306980 0.907024 -0.288219
vn -0.800370 0.568023 -0.191720
vn -0.807144 0.561679 -0.181753
vn -1.000000 0.000000 0.000000
vn -1.000000 0.000000 0.000000
vn -0.801933 -0.561536 0.203913
vn -0.807894 -0.555807 0.195924
vn -0.302284 -0.894888 0.328329
vn -0.308121 -0.894214 0.324720
vn 0.300143 -0.853927 0.425116
vn 0.307472 -0.850080 0.427582
vn 0.799008 -0.541414 0.261644
vn 0.807340 -0.528246 0.262980
vn 1.000000 0.000000 -0.000000
vn 1.000000 0.000000 0.000000
vn 0.796284 0.552955 -0.245302
vn 0.806342 0.536771 -0.248375
vn 0.296189 0.875648 -0.381462
vn 0.305718 0.870326 -0.386095
vn -0.296748 0.872916 -0.387244
vn -0.305425 0.872977 -0.380299
vn -0.797651 0.547361 -0.253275
vn -0.805685 0.541456 -0.240201
vn -1.000000 0.000000 0.000000
vn -1.000000 0.000000 0.000000
vn -0.799902 -0.537237 0.267456
vn -0.806958 -0.531770 0.256983
vn -0.300431 -0.852086 0.428591
vn -0.307348 -0.851870 0.424092
vn 0.298844 -0.794626 0.528452
vn 0.306925 -0.789971 0.530794
vn 0.797405 -0.506981 0.327287
vn 0.806743 -0.492031 0.327216
vn 1.000000 0.000000 0.000000
vn 1.000000 0.000000 -0.000000
vn 0.793914 0.523079 -0.309981
vn 0.805385 0.504205 -0.311660
vn 0.293842 0.826147 -0.480768
vn 0.304539 0.819422 -0.485596
vn -0.294562 0.822117 -0.487193
vn -0.304134 0.823360 -0.479146
vn -0.795680 0.515233 -0.318477
vn -0.804479 0.510994 -0.302819
vn -1.000000 0.000000 0.000000
vn -1.000000 0.000000 0.000000
vn -0.798526 -0.501239 0.333340
vn -0.806226 -0.497036 0.320867
vn -0.299199 -0.792011 0.532165
vn -0.306759 -0.792532 0.527059
vn 0.298593 -0.713494 0.633852
vn 0.306822 -0.708296 0.635749
vn 0.797028 -0.457365 0.394417
vn 0.806623 -0.441881 0.392557
vn 1.000000 0.000000 0.000000
vn 1.000000 0.000000 -0.000000
vn 0.793105 0.477559 -0.378051
vn 0.805095 0.457376 -0.377662
vn 0.293000 0.754855 -0.586809
vn 0.304123 0.746920 -0.591286
vn -0.293822 0.749451 -0.593290
vn -0.303651 0.752227 -0.584766
vn -0.795106 0.467651 -0.386147
vn -0.804050 0.466171 -0.369036
vn -1.000000 0.000000 0.000000
vn -1.000000 0.000000 0.000000
vn -0.798259 -0.450289 0.400027
vn -0.806046 -0.448208 0.386521
vn -0.298979 -0.710151 0.637414
vn -0.306640 -0.711584 0.632156
vn 0.299646 -0.605418 0.737348
vn 0.307289 -0.600155 0.738504
vn 0.798224 -0.389006 0.459905
vn 0.807118 -0.374648 0.456289
vn 1.000000 0.000000 0.000000
vn 1.000000 0.000000 -0.000000
vn 0.794467 0.411525 -0.446620
vn 0.805742 0.392114 -0.443876
vn 0.294260 0.653961 -0.696955
vn 0.304820 0.645374 -0.700412
vn -0.295069 0.647451 -0.702667
vn -0.304370 0.651791 -0.694642
vn -0.796399 0.400393 -0.453248
vn -0.804767 0.402230 -0.436533
vn -1.000000 0.000000 0.000000
vn -1.000000 0.000000 0.000000
vn -0.799377 -0.381273 0.464358
vn -0.806606 -0.381727 0.451299
vn -0.300007 -0.601618 0.740305
vn -0.307128 -0.603906 0.735506
vn 0.301913 -0.466339 0.831491
vn 0.308159 -0.461720 0.831777
vn 0.800894 -0.299563 0.518489
vn 0.808058 -0.288169 0.513811
vn 1.000000 0.000000 0.000000
vn 1.000000 0.000000 -0.000000
vn 0.798022 0.321000 -0.510020
vn 0.807174 0.304980 -0.505428
vn 0.297727 0.515136 -0.803737
vn 0.306532 0.507024 -0.805583
vn -0.298370 0.508404 -0.807775
vn -0.306217 0.513685 -0.801473
vn -0.799509 0.310322 -0.514282
vn -0.806514 0.314921 -0.500360
vn -1.000000 0.000000 0.000000
vn -1.000000 0.000000 0.000000
vn -0.801759 -0.292348 0.521263
vn -0.807737 -0.294929 0.510468
vn -0.302186 -0.462649 0.833451
vn -0.308060 -0.465376 0.829774
vn 0.304820 -0.296101 0.905212
vn 0.308911 -0.292950 0.904850
vn 0.804313 -0.189748 0.563095
vn 0.808887 -0.182796 0.558827
vn 1.000000 0.000000 0.000000
vn 1.000000 0.000000 -0.000000
vn 0.802802 0.205466 -0.559726
vn 0.808627 0.195307 -0.554957
vn 0.302565 0.333737 -0.892790
vn 0.308404 0.327802 -0.892991
vn -0.302915 0.328409 -0.894645
vn -0.308290 0.333094 -0.891070
vn -0.803586 0.197586 -0.561435
vn -0.808403 0.202841 -0.552576
vn -1.000000 0.000000 0.000000
vn -1.000000 0.000000 0.000000
vn -0.804766 -0.184546 0.564176
vn -0.808800 -0.187793 0.557294
vn -0.304965 -0.293342 0.906061
vn -0.308887 -0.295694 0.903966
vn 0.307413 -0.101751 0.946120
vn 0.308828 -0.100672 0.945775
vn 0.807307 -0.064983 0.586543
vn 0.808839 -0.062878 0.584659
vn 1.000000 0.000000 0.000000
vn 1.000000 0.000000 -0.000000
vn 0.806989 0.070761 -0.586312
vn 0.808910 0.067577 -0.584035
vn 0.306927 0.116096 -0.944625
vn 0.308945 0.113958 -0.944228
vn -0.307001 0.114033 -0.944853
vn -0.308958 0.116016 -0.943973
vn -0.807152 0.067854 -0.586431
vn -0.808945 0.070440 -0.583649
vn -1.000000 0.000000 0.000000
vn -1.000000 0.000000 0.000000
vn -0.807405 -0.063088 0.586614
vn -0.808870 -0.064747 0.584412
vn -0.307446 -0.100719 0.946220
vn -0.308839 -0.101702 0.945661
vn 0.000000 0.000000 -1.000000
vn 0.000000 0.000000 -1.000000
vn 0.000000 0.000000 1.000000
vn 0.000000 0.000000 1.000000
vn -1.000000 0.000000 -0.000000
vn -1.000000 -0.000000 0.000000
vn 1.000000 0.000000 -0.000000
vn 1.000000 0.000000 0.000000
vn -0.000000 1.000000 0.000000
vn 0.000000 1.000000 0.000000
vn 0.000000 -1.000000 0.000000
vn 0.000000 -1.000000 0.000000
vn 0.000000 0.000000 -1.000000
vn 0.000000 0.000000 -1.000000
vn 0.000000 0.000000 1.000000
vn 0.000000 0.000000 1.000000
vn -1.000000 0.000000 -0.000000
vn -1.000000 -0.000000 0.000000
vn 1.000000 0.000000 -0.000000
vn 1.000000 0.000000 0.000000
vn -0.000000 1.000000 0.000000
vn 0.000000 1.000000 0.000000
vn 0.000000 -1.000000 0.000000
vn 0.000000 -1.000000 0.000000
vn 0.308839 0.101702 0.945661
vn 0.307446 0.100719 0.946220
vn 0.808870 0.064747 0.584412
vn 0.807405 0.063088 0.586614
vn 1.000000 -0.000000 0.000000
vn 1.000000 0.000000 0.000000
vn 0.808945 -0.070440 -0.583649
vn 0.807152 -0.067854 -0.586431
vn 0.308958 -0.116016 -0.943973
vn 0.307001 -0.114033 -0.944853
vn -0.308945 -0.113958 -0.944228
vn -0.306927 -0.116096 -0.944625
vn -0.808910 -0.067577 -0.584035
vn -0.806989 -0.070761 -0.586312
vn -1.000000 0.000000 0.000000
vn -1.000000 0.000000 0.000000
vn -0.808839 0.062878 0.584659
vn -0.807307 0.064983 0.586543
vn -0.308828 0.100672 0.945775
vn -0.307413 0.101751 0.946120
vn 0.308887 0.295694 0.903966
vn 0.304965 0.293342 0.906061
vn 0.808800 0.187793 0.557294
vn 0.804766 0.184546 0.564176
vn 1.000000 -0.000000 0.000000
vn 1.000000 0.000000 0.000000
vn 0.808403 -0.202841 -0.552576
vn 0.803586 -0.197586 -0.561435
vn 0.308290 -0.333094 -0.891070
vn 0.302915 -0.328409 -0.894645
vn -0.308404 -0.327802 -0.892991
vn -0.302565 -0.333737 -0.892790
vn -0.808627 -0.195307 -0.554957
vn -0.802802 -0.205466 -0.559726
vn -1.000000 0.000000 0.000000
vn -1.000000 0.000000 -0.000000
vn -0.808887 0.182796 0.558827
vn -0.804313 0.189748 0.563095
vn -0.308911 0.292950 0.904850
vn -0.304820 0.296101 0.905212
vn 0.308060 0.465376 0.829774
vn 0.302186 0.462649 0.833451
vn 0.807737 0.294929 0.510468
vn 0.801759 0.292348 0.521263
vn 1.000000 -0.000000 0.000000
vn 1.000000 0.000000 0.000000
vn 0.806514 -0.314921 -0.500360
vn 0.799509 -0.310322 -0.514282
vn 0.306217 -0.513685 -0.801473
vn 0.298370 -0.508404 -0.807775
vn -0.306532 -0.507024 -0.805583
vn -0.297727 -0.515136 -0.803737
vn -0.807174 -0.304980 -0.505428
vn -0.798022 -0.321000 -0.510020
vn -1.000000 0.000000 0.000000
vn -1.000000 0.000000 -0.000000
vn -0.808058 0.288169 0.513811
vn -0.800894 0.299563 0.518489
vn -0.308159 0.461720 0.831777
vn -0.301913 0.466339 0.831491
vn 0.307128 0.603906 0.735506
vn 0.300007 0.601618 0.740305
vn 0.806606 0.381727 0.451299
vn 0.799377 0.381273 0.464358
vn 1.000000 0.000000 0.000000
vn 1.000000 -0.000000 0.000000
vn 0.804767 -0.402230 -0.436533
vn 0.796399 -0.400393 -0.453248
vn 0.304370 -0.651791 -0.694642
vn 0.295069 -0.647451 -0.702667
vn -0.304820 -0.645374 -0.700412
vn -0.294260 -0.653961 -0.696955
vn -0.805742 -0.392114 -0.443876
vn -0.794467 -0.411525 -0.446620
vn -1.000000 0.000000 0.000000
vn -1.000000 0.000000 -0.000000
vn -0.807118 0.374648 0.456289
vn -0.798224 0.389006 0.459905
vn -0.307289 0.600155 0.738504
vn -0.299646 0.605418 0.737348
vn 0.306640 0.711584 0.632156
vn 0.298979 0.710151 0.637414
vn 0.806046 0.448208 0.386521
vn 0.798259 0.450289 0.400027
vn 1.000000 0.000000 0.000000
vn 1.000000 -0.000000 0.000000
vn 0.804050 -0.466171 -0.369036
vn 0.795106 -0.467651 -0.386147
vn 0.303651 -0.752227 -0.584766
vn 0.293822 -0.749451 -0.593290
vn -0.304123 -0.746920 -0.591286
vn -0.293000 -0.754855 -0.586809
vn -0.805095 -0.457376 -0.377662
vn -0.793105 -0.477559 -0.378051
vn -1.000000 0.000000 0.000000
vn -1.000000 0.000000 -0.000000
vn -0.806623 0.441881 0.392557
vn -0.797028 0.457365 0.394417
vn -0.306822 0.708296 0.635749
vn -0.298593 0.713494 0.633852
vn 0.306759 0.792532 0.527059
vn 0.299199 0.792011 0.532165
vn 0.806226 0.497036 0.320867
vn 0.798526 0.501239 0.333340
vn 1.000000 0.000000 0.000000
vn 1.000000 -0.000000 0.000000
vn 0.804479 -0.510994 -0.302819
vn 0.795680 -0.515233 -0.318477
vn 0.304134 -0.823360 -0.479146
vn 0.294562 -0.822117 -0.487193
vn -0.304539 -0.819422 -0.485596
vn -0.293842 -0.826147 -0.480768
vn -0.805385 -0.504205 -0.311660
vn -0.793914 -0.523079 -0.309981
vn -1.000000 0.000000 0.000000
vn -1.000000 0.000000 -0.000000
vn -0.806743 0.492031 0.327216
vn -0.797405 0.506981 0.327287
vn -0.306925 0.789971 0.530794
vn -0.298844 0.794626 0.528452
vn 0.307348 0.851870 0.424092
vn 0.300431 0.852086 0.428591
vn 0.806958 0.531770 0.256983
vn 0.799902 0.537237 0.267456
vn 1.000000 0.000000 0.000000
vn 1.000000 -0.000000 0.000000
vn 0.805685 -0.541456 -0.240201
vn 0.797651 -0.547361 -0.253275
vn 0.305425 -0.872977 -0.380299
vn 0.296748 -0.872916 -0.387244
vn -0.305718 -0.870326 -0.386095
vn -0.296189 -0.875648 -0.381462
vn -0.806342 -0.536771 -0.248375
vn -0.796284 -0.552955 -0.245302
vn -1.000000 0.000000 -0.000000
vn -1.000000 0.000000 0.000000
vn -0.807340 0.528246 0.262980
vn -0.799008 0.541414 0.261644
vn -0.307472 0.850080 0.427582
vn -0.300143 0.853927 0.425116
vn 0.308121 0.894214 0.324720
vn 0.302284 0.894888 0.328329
vn 0.807894 0.555807 0.195924
vn 0.801933 0.561536 0.203913
vn 1.000000 0.000000 0.000000
vn 1.000000 -0.000000 0.000000
vn 0.807144 -0.561679 -0.181753
vn 0.800370 -0.568023 -0.191720
vn 0.306980 -0.907024 -0.288219
vn 0.299705 -0.907693 -0.293719
vn -0.307155 -0.905436 -0.292989
vn -0.299320 -0.909347 -0.288957
vn -0.807531 -0.558851 -0.188624
vn -0.799439 -0.571568 -0.184953
vn -1.000000 0.000000 -0.000000
vn -1.000000 0.000000 0.000000
vn -0.808119 0.553646 0.201048
vn -0.801307 0.564224 0.198891
vn -0.308194 0.893110 0.327676
vn -0.302080 0.896033 0.325381
vn 0.308765 0.923163 0.228985
vn 0.304347 0.923987 0.231562
vn 0.808677 0.571908 0.137705
vn 0.804153 0.576939 0.143106
vn 1.000000 0.000000 0.000000
vn 1.000000 -0.000000 0.000000
vn 0.808368 -0.574803 -0.127050
vn 0.803230 -0.580443 -0.133820
vn 0.308295 -0.929644 -0.201781
vn 0.302806 -0.930591 -0.205690
vn -0.308370 -0.928848 -0.205305
vn -0.302581 -0.931435 -0.202170
vn -0.808530 -0.573414 -0.132199
vn -0.802689 -0.582342 -0.128716
vn -1.000000 0.000000 -0.000000
vn -1.000000 0.000000 0.000000
vn -0.808765 0.570834 0.141592
vn -0.803781 0.578396 0.139267
vn -0.308793 0.922598 0.231214
vn -0.304222 0.924583 0.229337
vn 0.309017 0.941258 0.136171
vn 0.306260 0.941939 0.137680
vn 0.809015 0.582076 0.081743
vn 0.806179 0.585576 0.084715
vn 1.000000 0.000000 0.000000
vn 1.000000 -0.000000 0.000000
vn 0.808987 -0.583002 -0.075157
vn 0.805760 -0.586959 -0.078925
vn 0.308977 -0.943539 -0.119446
vn 0.305556 -0.944359 -0.121741
vn -0.308987 -0.943261 -0.121600
vn -0.305455 -0.944667 -0.119588
vn -0.809005 -0.582558 -0.078333
vn -0.805520 -0.587706 -0.075764
vn -1.000000 0.000000 -0.000000
vn -1.000000 0.000000 0.000000
vn -0.809017 0.581729 0.084158
vn -0.806009 0.586152 0.082315
vn -0.309016 0.941057 0.137551
vn -0.306203 0.942158 0.136301
vn 0.308701 0.950085 0.045190
vn 0.307762 0.950367 0.045671
vn 0.808719 0.587569 0.027129
vn 0.807744 0.588868 0.028009
vn 1.000000 0.000000 0.000000
vn 1.000000 -0.000000 0.000000
vn 0.808766 -0.587603 -0.024905
vn 0.807652 -0.589084 -0.026043
vn 0.308775 -0.950312 -0.039553
vn 0.307607 -0.950660 -0.040293
vn -0.308766 -0.950285 -0.040277
vn -0.307586 -0.950697 -0.039569
vn -0.808744 -0.587587 -0.025977
vn -0.807601 -0.589200 -0.024973
vn -1.000000 0.000000 -0.000000
vn -1.000000 0.000000 0.000000
vn -0.808701 0.587556 0.027947
vn -0.807706 0.588958 0.027193
vn -0.308695 0.950065 0.045657
vn -0.307749 0.950393 0.045205
vn 0.307749 0.950393 -0.045205
vn 0.308695 0.950065 -0.045657
vn 0.807706 0.588958 -0.027193
vn 0.808701 0.587556 -0.027947
vn 1.000000 0.000000 0.000000
vn 1.000000 -0.000000 0.000000
vn 0.807601 -0.589200 0.024973
vn 0.808744 -0.587587 0.025977
vn 0.307586 -0.950697 0.039569
vn 0.308766 -0.950285 0.040277
vn -0.307607 -0.950660 0.040293
vn -0.308775 -0.950312 0.039553
vn -0.807652 -0.589084 0.026043
vn -0.808766 -0.587603 0.024905
vn -1.000000 0.000000 0.000000
vn -1.000000 0.000000 0.000000
vn -0.807744 0.588868 -0.028009
vn -0.808719 0.587569 -0.027129
vn -0.307762 0.950367 -0.045671
vn -0.308701 0.950085 -0.045190
vn 0.306203 0.942158 -0.136301
vn 0.309016 0.941057 -0.137551
vn 0.806009 0.586152 -0.082315
vn 0.809017 0.581729 -0.084158
vn 1.000000 0.000000 0.000000
vn 1.000000 0.000000 0.000000
vn 0.805520 -0.587706 0.075764
vn 0.809005 -0.582558 0.078333
vn 0.305455 -0.944667 0.119588
vn 0.308987 -0.943261 0.121600
vn -0.305556 -0.944359 0.121741
vn -0.308977 -0.943539 0.119446
vn -0.805760 -0.586959 0.078925
vn -0.808987 -0.583002 0.075157
vn -1.000000 0.000000 0.000000
vn -1.000000 -0.000000 0.000000
vn -0.806179 0.585576 -0.084715
vn -0.809015 0.582076 -0.081743
vn -0.306260 0.941939 -0.137680
vn -0.309017 0.941258 -0.136171
vn 0.304222 0.924583 -0.229337
vn 0.308793 0.922598 -0.231214
vn 0.803781 0.578396 -0.139267
vn 0.808765 0.570834 -0.141592
vn 1.000000 0.000000 0.000000
vn 1.000000 0.000000 0.000000
vn 0.802689 -0.582342 0.128716
vn 0.808530 -0.573414 0.132199
vn 0.302581 -0.931435 0.202170
vn 0.308370 -0.928848 0.205305
vn -0.302806 -0.930591 0.205690
vn -0.308295 -0.929644 0.201781
vn -0.803230 -0.580443 0.133820
vn -0.808368 -0.574803 0.127050
vn -1.000000 0.000000 0.000000
vn -1.000000 -0.000000 0.000000
vn -0.804153 0.576939 -0.143106
vn -0.808677 0.571908 -0.137705
vn -0.304347 0.923987 -0.231562
vn -0.308765 0.923163 -0.228985
vn 0.302080 0.896033 -0.325381
vn 0.308194 0.893110 -0.327676
vn 0.801307 0.564224 -0.198891
vn 0.808119 0.553646 -0.201048
vn 1.000000 0.000000 0.000000
vn 1.000000 0.000000 0.000000
vn 0.799439 -0.571568 0.184953
vn 0.807531 -0.558851 0.188624
vn 0.299320 -0.909347 0.288957
vn 0.307155 -0.905436 0.292989
vn -0.299705 -0.907693 0.293719
vn -0.306980 -0.907024 0.288219
vn -0.800370 -0.568023 0.191720
vn -0.807144 -0.561679 0.181753
vn -1.000000 0.000000 0.000000
vn -1.000000 -0.000000 0.000000
vn -0.801933 0.561536 -0.203913
vn -0.807894 0.555807 -0.195924
vn -0.302284 0.894888 -0.328329
vn -0.308121 0.894214 -0.324720
vn 0.300143 0.853927 -0.425116
vn 0.307472 0.850080 -0.427582
vn 0.799008 0.541414 -0.261644
vn 0.807340 0.528246 -0.262980
vn 1.000000 0.000000 0.000000
vn 1.000000 0.000000 0.000000
vn 0.796284 -0.552955 0.245302
vn 0.806342 -0.536771 0.248375
vn 0.296189 -0.875648 0.381462
vn 0.305718 -0.870326 0.386095
vn -0.296748 -0.872916 0.387244
vn -0.305425 -0.872977 0.380299
vn -0.797651 -0.547361 0.253275
vn -0.805685 -0.541456 0.240201
vn -1.000000 0.000000 0.000000
vn -1.000000 -0.000000 0.000000
vn -0.799902 0.537237 -0.267456
vn -0.806958 0.531770 -0.256983
vn -0.300431 0.852086 -0.428591
vn -0.307348 0.851870 -0.424092
vn 0.298844 0.794626 -0.528452
vn 0.306925 0.789971 -0.530794
vn 0.797405 0.506981 -0.327287
vn 0.806743 0.492031 -0.327216
vn 1.000000 0.000000 0.000000
vn 1.000000 0.000000 0.000000
vn 0.793914 -0.523079 0.309981
vn 0.805385 -0.504205 0.311660
vn 0.293842 -0.826147 0.480768
vn 0.304539 -0.819422 0.485596
vn -0.294562 -0.822117 0.487193
vn -0.304134 -0.823360 0.479146
vn -0.795680 -0.515233 0.318477
vn -0.804479 -0.510994 0.302819
vn -1.000000 0.000000 0.000000
vn -1.000000 -0.000000 0.000000
vn -0.798526 0.501239 -0.333340
vn -0.806226 0.497036 -0.320867
vn -0.299199 0.792011 -0.532165
vn -0.306759 0.792532 -0.527059
vn 0.298593 0.713494 -0.633852
vn 0.306822 0.708296 -0.635749
vn 0.797028 0.457365 -0.394417
vn 0.806623 0.441881 -0.392557
vn 1.000000 0.000000 0.000000
vn 1.000000 0.000000 0.000000
vn 0.793105 -0.477559 0.378051
vn 0.805095 -0.457376 0.377662
vn 0.293000 -0.754855 0.586809
vn 0.304123 -0.746920 0.591286
vn -0.293822 -0.749451 0.593290
vn -0.303651 -0.752227 0.584766
vn -0.795106 -0.467651 0.386147
vn -0.804050 -0.466171 0.369036
vn -1.000000 0.000000 0.000000
vn -1.000000 -0.000000 0.000000
vn -0.798259 0.450289 -0.400027
vn -0.806046 0.448208 -0.386521
vn -0.298979 0.710151 -0.637414
vn -0.306640 0.711584 -0.632156
vn 0.299646 0.605418 -0.737348
vn 0.307289 0.600155 -0.738504
vn 0.798224 0.389006 -0.459905
vn 0.807118 0.374648 -0.456289
vn 1.000000 0.000000 0.000000
vn 1.000000 0.000000 0.000000
vn 0.794467 -0.411525 0.446620
vn 0.805742 -0.392114 0.443876
vn 0.294260 -0.653961 0.696955
vn 0.304820 -0.645374 0.700412
vn -0.295069 -0.647451 0.702667
vn -0.304370 -0.651791 0.694642
vn -0.796399 -0.400393 0.453248
vn -0.804767 -0.402230 0.436533
vn -1.000000 0.000000 0.000000
vn -1.000000 -0.000000 0.000000
vn -0.799377 0.381273 -0.464358
vn -0.806606 0.381727 -0.451299
vn -0.300007 0.601618 -0.740305
vn -0.307128 0.603906 -0.735506
vn 0.301913 0.466339 -0.831491
vn 0.308159 0.461720 -0.831777
vn 0.800894 0.299563 -0.518489
vn 0.808058 0.288169 -0.513811
vn 1.000000 0.000000 0.000000
vn 1.000000 0.000000 0.000000
vn 0.798022 -0.321000 0.510020
vn 0.807174 -0.304980 0.505428
vn 0.297727 -0.515136 0.803737
vn 0.306532 -0.507024 0.805583
vn -0.298370 -0.508404 0.807775
vn -0.306217 -0.513685 0.801473
vn -0.799509 -0.310322 0.514282
vn -0.806514 -0.314921 0.500360
vn -1.000000 -0.000000 0.000000
vn -1.000000 0.000000 0.000000
vn -0.801759 0.292348 -0.521263
vn -0.807737 0.294929 -0.510468
vn -0.302186 0.462649 -0.833451
vn -0.308060 0.465376 -0.829774
vn 0.304820 0.296101 -0.905212
vn 0.308911 0.292950 -0.904850
vn 0.804313 0.189748 -0.563095
vn 0.808887 0.182796 -0.558827
vn 1.000000 0.000000 0.000000
vn 1.000000 0.000000 0.000000
vn 0.802802 -0.205466 0.559726
vn 0.808627 -0.195307 0.554957
vn 0.302565 -0.333737 0.892790
vn 0.308404 -0.327802 0.892991
vn -0.302915 -0.328409 0.894645
vn -0.308290 -0.333094 0.891070
vn -0.803586 -0.197586 0.561435
vn -0.808403 -0.202841 0.552576
vn -1.000000 -0.000000 0.000000
vn -1.000000 0.000000 0.000000
vn -0.804766 0.184546 -0.564176
vn -0.808800 0.187793 -0.557294
vn -0.304965 0.293342 -0.906061
vn -0.308887 0.295694 -0.903966
vn 0.307413 0.101751 -0.946120
vn 0.308828 0.100672 -0.945775
vn 0.807307 0.064983 -0.586543
vn 0.808839 0.062878 -0.584659
vn 1.000000 0.000000 0.000000
vn 1.000000 0.000000 0.000000
vn 0.806989 -0.070761 0.586312
vn 0.808910 -0.067577 0.584035
vn 0.306927 -0.116096 0.944625
vn 0.308945 -0.113958 0.944228
vn -0.307001 -0.114033 0.944853
vn -0.308958 -0.116016 0.943973
vn -0.807152 -0.067854 0.586431
vn -0.808945 -0.070440 0.583649
vn -1.000000 -0.000000 0.000000
vn -1.000000 0.000000 0.000000
vn -0.807405 0.063088 -0.586614
vn -0.808870 0.064747 -0.584412
vn -0.307446 0.100719 -0.946220
vn -0.308839 0.101702 -0.945661
vn 0.308839 -0.101702 -0.945661
vn 0.307446 -0.100719 -0.946220
vn 0.808870 -0.064747 -0.584412
vn 0.807405 -0.063088 -0.586614
vn 1.000000 0.000000 0.000000
vn 1.000000 0.000000 0.000000
vn 0.808945 0.070440 0.583649
vn 0.807152 0.067854 0.586431
vn 0.308958 0.116016 0.943973
vn 0.307001 0.114033 0.944853
vn -0.308945 0.113958 0.944228
vn -0.306927 0.116096 0.944625
vn -0.808910 0.067577 0.584035
vn -0.806989 0.070761 0.586312
vn -1.000000 0.000000 0.000000
vn -1.000000 0.000000 0.000000
vn -0.808839 -0.062878 -0.584659
vn -0.807307 -0.064983 -0.586543
vn -0.308828 -0.100672 -0.945775
vn -0.307413 -0.101751 -0.946120
vn 0.308887 -0.295694 -0.903966
vn 0.304965 -0.293342 -0.906061
vn 0.808800 -0.187793 -0.557294
vn 0.804766 -0.184546 -0.564176
vn 1.000000 0.000000 0.000000
vn 1.000000 0.000000 0.000000
vn 0.808403 0.202841 0.552576
vn 0.803586 0.197586 0.561435
vn 0.308290 0.333094 0.891070
vn 0.302915 0.328409 0.894645
vn -0.308404 0.327802 0.892991
vn -0.302565 0.333737 0.892790
vn -0.808627 0.195307 0.554957
vn -0.802802 0.205466 0.559726
vn -1.000000 0.000000 0.000000
vn -1.000000 0.000000 0.000000
vn -0.808887 -0.182796 -0.558827
vn -0.804313 -0.189748 -0.563095
vn -0.308911 -0.292950 -0.904850
vn -0.304820 -0.296101 -0.905212
vn 0.308060 -0.465376 -0.829774
vn 0.302186 -0.462649 -0.833451
vn 0.807737 -0.294929 -0.510468
vn 0.801759 -0.292348 -0.521263
vn 1.000000 0.000000 0.000000
vn 1.000000 0.000000 0.000000
vn 0.806514 0.314921 0.500360
vn 0.799509 0.310322 0.514282
vn 0.306217 0.513685 0.801473
vn 0.298370 0.508404 0.807775
vn -0.306532 0.507024 0.805583
vn -0.297727 0.515136 0.803737
vn -0.807174 0.304980 0.505428
vn -0.798022 0.321000 0.510020
vn -1.000000 0.000000 0.000000
vn -1.000000 0.000000 0.000000
vn -0.808058 -0.288169 -0.513811
vn -0.800894 -0.299563 -0.518489
vn -0.308159 -0.461720 -0.831777
vn -0.301913 -0.466339 -0.831491
vn 0.307128 -0.603906 -0.735506
vn 0.300007 -0.601618 -0.740305
vn 0.806606 -0.381727 -0.451299
vn 0.799377 -0.381273 -0.464358
vn 1.000000 0.000000 0.000000
vn 1.000000 0.000000 0.000000
vn 0.804767 0.402230 0.436533
vn 0.796399 0.400393 0.453248
vn 0.304370 0.651791 0.694642
vn 0.295069 0.647451 0.702667
vn -0.304820 0.645374 0.700412
vn -0.294260 0.653961 0.696955
vn -0.805742 0.392114 0.443876
vn -0.794467 0.411525 0.446620
vn -1.000000 0.000000 0.000000
vn -1.000000 0.000000 0.000000
vn -0.807118 -0.374648 -0.456289
vn -0.798224 -0.389006 -0.459905
vn -0.307289 -0.600155 -0.738504
vn -0.299646 -0.605418 -0.737348
vn 0.306640 -0.711584 -0.632156
vn 0.298979 -0.710151 -0.637414
vn 0.806046 -0.448208 -0.386521
vn 0.798259 -0.450289 -0.400027
vn 1.000000 0.000000 0.000000
vn 1.000000 0.000000 0.000000
vn 0.804050 0.466171 0.369036
vn 0.795106 0.467651 0.386147
vn 0.303651 0.752227 0.584766
vn 0.293822 0.749451 0.593290
vn -0.304123 0.746920 0.591286
vn -0.293000 0.754855 0.586809
vn -0.805095 0.457376 0.377662
vn -0.793105 0.477559 0.378051
vn -1.000000 0.000000 0.000000
vn -1.000000 0.000000 0.000000
vn -0.806623 -0.441881 -0.392557
vn -0.797028 -0.457365 -0.394417
vn -0.306822 -0.708296 -0.635749
vn -0.298593 -0.713494 -0.633852
vn 0.306759 -0.792532 -0.527059
vn 0.299199 -0.792011 -0.532165
vn 0.806226 -0.497036 -0.320867
vn 0.798526 -0.501239 -0.333340
vn 1.000000 0.000000 0.000000
vn 1.000000 0.000000 0.000000
vn 0.804479 0.510994 0.302819
vn 0.795680 0.515233 0.318477
vn 0.304134 0.823360 0.479146
vn 0.294562 0.822117 0.487193
vn -0.304539 0.819422 0.485596
vn -0.293842 0.826147 0.480768
vn -0.805385 0.504205 0.311660
vn -0.793914 0.523079 0.309981
vn -1.000000 0.000000 0.000000
vn -1.000000 0.000000 0.000000
vn -0.806743 -0.492031 -0.327216
vn -0.797405 -0.506981 -0.327287
vn -0.306925 -0.789971 -0.530794
vn -0.298844 -0.794626 -0.528452
vn 0.307348 -0.851870 -0.424092
vn 0.300431 -0.852086 -0.428591
vn 0.806958 -0.531770 -0.256983
vn 0.799902 -0.537237 -0.267456
vn 1.000000 0.000000 0.000000
vn 1.000000 0.000000 0.000000
vn 0.805685 0.541456 0.240201
vn 0.797651 0.547361 0.253275
vn 0.305425 0.872977 0.380299
vn 0.296748 0.872916 0.387244
vn -0.305718 0.870326 0.386095
vn -0.296189 0.875648 0.381462
vn -0.806342 0.536771 0.248375
vn -0.796284 0.552955 0.245302
vn -1.000000 0.000000 0.000000
vn -1.000000 0.000000 0.000000
vn -0.807340 -0.528246 -0.262980
vn -0.799008 -0.541414 -0.261644
vn -0.307472 -0.850080 -0.427582
vn -0.300143 -0.853927 -0.425116
vn 0.308121 -0.894214 -0.324720
vn 0.302284 -0.894888 -0.328329
vn 0.807894 -0.555807 -0.195924
vn 0.801933 -0.561536 -0.203913
vn 1.000000 0.000000 0.000000
vn 1.000000 0.000000 0.000000
vn 0.807144 0.561679 0.181753
vn 0.800370 0.568023 0.191720
vn 0.306980 0.907024 0.288219
vn 0.299705 0.907693 0.293719
vn -0.307155 0.905436 0.292989
vn -0.299320 0.909347 0.288957
vn -0.807531 0.558851 0.188624
vn -0.799439 0.571568 0.184953
vn -1.000000 0.000000 0.000000
vn -1.000000 0.000000 0.000000
vn -0.808119 -0.553646 -0.201048
vn -0.801307 -0.564224 -0.198891
vn -0.308194 -0.893110 -0.327676
vn -0.302080 -0.896033 -0.325381
vn 0.308765 -0.923163 -0.228985
vn 0.304347 -0.923987 -0.231562
vn 0.808677 -0.571908 -0.137705
vn 0.804153 -0.576939 -0.143106
vn 1.000000 0.000000 0.000000
vn 1.000000 0.000000 0.000000
vn 0.808368 0.574803 0.127050
vn 0.803230 0.580443 0.133820
vn 0.308295 0.929644 0.201781
vn 0.302806 0.930591 0.205690
vn -0.308370 0.928848 0.205305
vn -0.302581 0.931435 0.202170
vn -0.808530 0.573414 0.132199
vn -0.802689 0.582342 0.128716
vn -1.000000 0.000000 0.000000
vn -1.000000 0.000000 0.000000
vn -0.808765 -0.570834 -0.141592
vn -0.803781 -0.578396 -0.139267
vn -0.308793 -0.922598 -0.231214
vn -0.304222 -0.924583 -0.229337
vn 0.309017 -0.941258 -0.136171
vn 0.306260 -0.941939 -0.137680
vn 0.809015 -0.582076 -0.081743
vn 0.806179 -0.585576 -0.084715
vn 1.000000 0.000000 0.000000
vn 1.000000 0.000000 0.000000
vn 0.808987 0.583002 0.075157
vn 0.805760 0.586959 0.078925
vn 0.308977 0.943539 0.119446
vn 0.305556 0.944359 0.121741
vn -0.308987 0.943261 0.121600
vn -0.305455 0.944667 0.119588
vn -0.809005 0.582558 0.078333
vn -0.805520 0.587706 0.075764
vn -1.000000 0.000000 0.000000
vn -1.000000 0.000000 0.000000
vn -0.809017 -0.581729 -0.084158
vn -0.806009 -0.586152 -0.082315
vn -0.309016 -0.941057 -0.137551
vn -0.306203 -0.942158 -0.136301
vn 0.308701 -0.950085 -0.045190
vn 0.307762 -0.950367 -0.045671
vn 0.808719 -0.587569 -0.027129
vn 0.807744 -0.588868 -0.028009
vn 1.000000 0.000000 0.000000
vn 1.000000 0.000000 0.000000
vn 0.808766 0.587603 0.024905
vn 0.807652 0.589084 0.026043
vn 0.308775 0.950312 0.039553
vn 0.307607 0.950660 0.040293
vn -0.308766 0.950285 0.040277
vn -0.307586 0.950697 0.039569
vn -0.808744 0.587587 0.025977
vn -0.807601 0.589200 0.024973
vn -1.000000 0.000000 0.000000
vn -1.000000 0.000000 0.000000
vn -0.808701 -0.587556 -0.027947
vn -0.807706 -0.588958 -0.027193
vn -0.308695 -0.950065 -0.045657
vn -0.307749 -0.950393 -0.045205
vn 0.307749 -0.950393 0.045205
vn 0.308695 -0.950065 0.045657
vn 0.807706 -0.588958 0.027193
vn 0.808701 -0.587556 0.027947
vn 1.000000 0.000000 -0.000000
vn 1.000000 0.000000 0.000000
vn 0.807601 0.589200 -0.024973
vn 0.808744 0.587587 -0.025977
vn 0.307586 0.950697 -0.039569
vn 0.308766 0.950285 -0.040277
vn -0.307607 0.950660 -0.040293
vn -0.308775 0.950312 -0.039553
vn -0.807652 0.589084 -0.026043
vn -0.808766 0.587603 -0.024905
vn -1.000000 0.000000 0.000000
vn -1.000000 0.000000 0.000000
vn -0.807744 -0.588868 0.028009
vn -0.808719 -0.587569 0.027129
vn -0.307762 -0.950367 0.045671
vn -0.308701 -0.950085 0.045190
vn 0.306203 -0.942158 0.136301
vn 0.309016 -0.941057 0.137551
vn 0.806009 -0.586152 0.082315
vn 0.809017 -0.581729 0.084158
vn 1.000000 0.000000 -0.000000
vn 1.000000 0.000000 0.000000
vn 0.805520 0.587706 -0.075764
vn 0.809005 0.582558 -0.078333
vn 0.305455 0.944667 -0.119588
vn 0.308987 0.943261 -0.121600
vn -0.305556 0.944359 -0.121741
vn -0.308977 0.943539 -0.119446
vn -0.805760 0.586959 -0.078925
vn -0.808987 0.583002 -0.075157
vn -1.000000 0.000000 0.000000
vn -1.000000 0.000000 0.000000
vn -0.806179 -0.585576 0.084715
vn -0.809015 -0.582076 0.081743
vn -0.306260 -0.941939 0.137680
vn -0.309017 -0.941258 0.136171
vn 0.304222 -0.924583 0.229337
vn 0.308793 -0.922598 0.231214
vn 0.803781 -0.578396 0.139267
vn 0.808765 -0.570834 0.141592
vn 1.000000 0.000000 -0.000000
vn 1.000000 0.000000 0.000000
vn 0.802689 0.582342 -0.128716
vn 0.808530 0.573414 -0.132199
vn 0.302581 0.931435 -0.202170
vn 0.308370 0.928848 -0.205305
vn -0.302806 0.930591 -0.205690
vn -0.308295 0.929644 -0.201781
vn -0.803230 0.580443 -0.133820
vn -0.808368 0.574803 -0.127050
vn -1.000000 0.000000 0.000000
vn -1.000000 0.000000 0.000000
vn -0.804153 -0.576939 0.143106
vn -0.808677 -0.571908 0.137705
vn -0.304347 -0.923987 0.231562
vn -0.308765 -0.923163 0.228985
vn 0.302080 -0.896033 0.325381
vn 0.308194 -0.893110 0.327676
vn 0.801307 -0.564224 0.198891
vn 0.808119 -0.553646 0.201048
vn 1.000000 0.000000 -0.000000
vn 1.000000 0.000000 0.000000
vn 0.799439 0.571568 -0.184953
vn 0.807531 0.558851 -0.188624
vn 0.299320 0.909347 -0.288957
vn 0.307155 0.905436 -0.292989
vn -0.299705 0.907693 -0.293719
vn -0.306980 0.907024 -0.288219
vn -0.800370 0.568023 -0.191720
vn -0.807144 0.561679 -0.181753
vn -1.000000 0.000000 0.000000
vn -1.000000 0.000000 0.000000
vn -0.801933 -0.561536 0.203913
vn -0.807894 -0.555807 0.195924
vn -0.302284 -0.894888 0.328329
vn -0.308121 -0.894214 0.324720
vn 0.300143 -0.853927 0.425116
vn 0.307472 -0.850080 0.427582
vn 0.799008 -0.541414 0.261644
vn 0.807340 -0.528246 0.262980
vn 1.000000 0.000000 -0.000000
vn 1.000000 0.000000 0.000000
vn 0.796284 0.552955 -0.245302
vn 0.806342 0.536771 -0.248375
vn 0.296189 0.875648 -0.381462
vn 0.305718 0.870326 -0.386095
vn -0.296748 0.872916 -0.387244
vn -0.305425 0.872977 -0.380299
vn -0.797651 0.547361 -0.253275
vn -0.805685 0.541456 -0.240201
vn -1.000000 0.000000 0.000000
vn -1.000000 0.000000 0.000000
vn -0.799902 -0.537237 0.267456
vn -0.806958 -0.531770 0.256983
vn -0.300431 -0.852086 0.428591
vn -0.307348 -0.851870 0.424092
vn 0.298844 -0.794626 0.528452
vn 0.306925 -0.789971 0.530794
vn 0.797405 -0.506981 0.327287
vn 0.806743 -0.492031 0.327216
vn 1.000000 0.000000 0.000000
vn 1.000000 0.000000 -0.000000
vn 0.793914 0.523079 -0.309981
vn 0.805385 0.504205 -0.311660
vn 0.293842 0.826147 -0.480768
vn 0.304539 0.819422 -0.485596
vn -0.294562 0.822117 -0.487193
vn -0.304134 0.823360 -0.479146
vn -0.795680 0.515233 -0.318477
vn -0.804479 0.510994 -0.302819
vn -1.000000 0.000000 0.000000
vn -1.000000 0.000000 0.000000
vn -0.798526 -0.501239 0.333340
vn -0.806226 -0.497036 0.320867
vn -0.299199 -0.792011 0.532165
vn -0.306759 -0.792532 0.527059
vn 0.298593 -0.713494 0.633852
vn 0.306822 -0.708296 0.635749
vn 0.797028 -0.457365 0.394417
vn 0.806623 -0.441881 0.392557
vn 1.000000 0.000000 0.000000
vn 1.000000 0.000000 -0.000000
vn 0.793105 0.477559 -0.378051
vn 0.805095 0.457376 -0.377662
vn 0.293000 0.754855 -0.586809
vn 0.304123 0.746920 -0.591286
vn -0.293822 0.749451 -0.593290
vn -0.303651 0.752227 -0.584766
vn -0.795106 0.467651 -0.386147
vn -0.804050 0.466171 -0.369036
vn -1.000000 0.000000 0.000000
vn -1.000000 0.000000 0.000000
vn -0.798259 -0.450289 0.400027
vn -0.806046 -0.448208 0.386521
vn -0.298979 -0.710151 0.637414
vn -0.306640 -0.711584 0.632156
vn 0.299646 -0.605418 0.737348
vn 0.307289 -0.600155 0.738504
vn 0.798224 -0.389006 0.459905
vn 0.807118 -0.374648 0.456289
vn 1.000000 0.000000 0.000000
vn 1.000000 0.000000 -0.000000
vn 0.794467 0.411525 -0.446620
vn 0.805742 0.392114 -0.443876
vn 0.294260 0.653961 -0.696955
vn 0.304820 0.645374 -0.700412
vn -0.295069 0.647451 -0.702667
vn -0.304370 0.651791 -0.694642
vn -0.796399 0.400393 -0.453248
vn -0.804767 0.402230 -0.436533
vn -1.000000 0.000000 0.000000
vn -1.000000 0.000000 0.000000
vn -0.799377 -0.381273 0.464358
vn -0.806606 -0.381727 0.451299
vn -0.300007 -0.601618 0.740305
vn -0.307128 -0.603906 0.735506
vn 0.301913 -0.466339 0.831491
vn 0.308159 -0.461720 0.831777
vn 0.800894 -0.299563 0.518489
vn 0.808058 -0.288169 0.513811
vn 1.000000 0.000000 0.000000
vn 1.000000 0.000000 -0.000000
vn 0.798022 0.321000 -0.510020
vn 0.807174 0.304980 -0.505428
vn 0.297727 0.515136 -0.803737
vn 0.306532 0.507024 -0.805583
vn -0.298370 0.508404 -0.807775
vn -0.306217 0.513685 -0.801473
vn -0.799509 0.310322 -0.514282
vn -0.806514 0.314921 -0.500360
vn -1.000000 0.000000 0.000000
vn -1.000000 0.000000 0.000000
vn -0.801759 -0.292348 0.521263
vn -0.807737 -0.294929 0.510468
vn -0.302186 -0.462649 0.833451
vn -0.308060 -0.465376 0.829774
vn 0.304820 -0.296101 0.905212
vn 0.308911 -0.292950 0.904850
vn 0.804313 -0.189748 0.563095
vn 0.808887 -0.182796 0.558827
vn 1.000000 0.000000 0.000000
vn 1.000000 0.000000 -0.000000
vn 0.802802 0.205466 -0.559726
vn 0.808627 0.195307 -0.554957
vn 0.302565 0.333737 -0.892790
vn 0.308404 0.327802 -0.892991
vn -0.302915 0.328409 -0.894645
vn -0.308290 0.333094 -0.891070
vn -0.803586 0.197586 -0.561435
vn -0.808403 0.202841 -0.552576
vn -1.000000 0.000000 0.000000
vn -1.000000 0.000000 0.000000
vn -0.804766 -0.184546 0.564176
vn -0.808800 -0.187793 0.557294
vn -0.304965 -0.293342 0.906061
vn -0.308887 -0.295694 0.903966
vn 0.307413 -0.101751 0.946120
vn 0.308828 -0.100672 0.945775
vn 0.807307 -0.064983 0.586543
vn 0.808839 -0.062878 0.584659
vn 1.000000 0.000000 0.000000
vn 1.000000 0.000000 -0.000000
vn 0.806989 0.070761 -0.586312
vn 0.808910 0.067577 -0.584035
vn 0.306927 0.116096 -0.944625
vn 0.308945 0.113958 -0.944228
vn -0.307001 0.114033 -0.944853
vn -0.308958 0.116016 -0.943973
vn -0.807152 0.067854 -0.586431
vn -0.808945 0.070440 -0.583649
vn -1.000000 0.000000 0.000000
vn -1.000000 0.000000 0.000000
vn -0.807405 -0.063088 0.586614
vn -0.808870 -0.064747 0.584412
vn -0.307446 -0.100719 0.946220
vn -0.308839 -0.101702 0.945661
vn 0.000000 0.000000 -1.000000
vn 0.000000 0.000000 -1.000000
vn 0.000000 0.000000 1.000000
vn 0.000000 0.000000 1.000000
vn -1.000000 0.000000 -0.000000
vn -1.000000 -0.000000 0.000000
vn 1.000000 0.000000 -0.000000
vn 1.000000 0.000000 0.000000
vn -0.000000 1.000000 0.000000
vn 0.000000 1.000000 0.000000
vn 0.000000 -1.000000 0.000000
vn 0.000000 -1.000000 0.000000
vn 0.000000 0.000000 -1.000000
vn 0.000000 0.000000 -1.000000
vn 0.000000 0.000000 1.000000
vn 0.000000 0.000000 1.000000
vn -1.000000 0.000000 -0.000000
vn -1.000000 -0.000000 0.000000
vn 1.000000 0.000000 -0.000000
vn 1.000000 0.000000 0.000000
vn -0.000000 1.000000 0.000000
vn 0.000000 1.000000 0.000000
vn 0.000000 -1.000000 0.000000
vn 0.000000 -1.000000 0.000000
vn 0.000000 0.000000 -1.000000
vn 0.000000 0.000000 -1.000000
vn 0.000000 0.000000 1.000000
vn 0.000000 0.000000 1.000000
vn -1.000000 0.000000 -0.000000
vn -1.000000 -0.000000 0.000000
vn 1.000000 0.000000 -0.000000
vn 1.000000 0.000000 0.000000
vn -0.000000 1.000000 0.000000
vn 0.000000 1.000000 0.000000
vn 0.000000 -1.000000 0.000000
vn 0.000000 -1.000000 0.000000
vn -0.148168 -0.048143 0.987790
vn -0.091573 -0.126040 0.987790
vn 0.000000 -0.155794 0.987790
vn 0.091573 -0.126040 0.987790
vn 0.148168 -0.048143 0.987790
vn 0.148168 0.048143 0.987790
vn 0.091573 0.126040 0.987790
vn 0.000000 0.155794 0.987790
vn -0.091573 0.126040 0.987790
vn -0.148168 0.048143 0.987790
vn 0.000000 0.000000 -1.000000
vn 0.000000 0.000000 -1.000000
vn 0.000000 0.000000 1.000000
vn 0.000000 0.000000 1.000000
vn -1.000000 0.000000 -0.000000
vn -1.000000 -0.000000 0.000000
vn 1.000000 0.000000 -0.000000
vn 1.000000 0.000000 0.000000
vn -0.000000 1.000000 0.000000
vn 0.000000 1.000000 0.000000
vn 0.000000 -1.000000 0.000000
vn 0.000000 -1.000000 0.000000
vn -0.148168 -0.048143 0.987790
vn -0.091573 -0.126040 0.987790
vn 0.000000 -0.155794 0.987790
vn 0.091573 -0.126040 0.987790
vn 0.148168 -0.048143 0.987790
vn 0.148168 0.048143 0.987790
vn 0.091573 0.126040 0.987790
vn 0.000000 0.155794 0.987790
vn -0.091573 0.126040 0.987790
vn -0.148168 0.048143 0.987790
vn 0.000000 0.000000 -1.000000
vn 0.000000 0.000000 -1.000000
vn 0.000000 0.000000 1.000000
vn 0.000000 0.000000 1.000000
vn -1.000000 0.000000 -0.000000
vn -1.000000 -0.000000 0.000000
vn 1.000000 0.000000 -0.000000
vn 1.000000 0.000000 0.000000
vn -0.000000 1.000000 0.000000
vn 0.000000 1.000000 0.000000
vn 0.000000 -1.000000 0.000000
vn 0.000000 -1.000000 0.000000
vn -0.148168 -0.048143 0.987790
vn -0.091573 -0.126040 0.987790
vn 0.000000 -0.155794 0.987790
vn 0.091573 -0.126040 0.987790
vn 0.148168 -0.048143 0.987790
vn 0.148168 0.048143 0.987790
vn 0.091573 0.126040 0.987790
vn 0.000000 0.155794 0.987790
vn -0.091573 0.126040 0.987790
vn -0.148168 0.048143 0.987790
f 1/1/1 2/2/1 3/3/1
f 1/1/2 3/3/2 4/4/2
f 5/5/3 6/6/3 7/7/3
f 5/5/4 7/7/4 8/8/4
f 9/9/5 10/10/5 11/11/5
f 9/9/6 11/11/6 12/12/6
f 13/13/7 14/14/7 15/15/7
f 13/13/8 15/15/8 16/16/8
f 17/17/9 18/18/9 19/19/9
f 17/17/10 19/19/10 20/20/10
f 21/21/11 22/22/11 23/23/11
f 21/21/12 23/23/12 24/24/12
f 25/25/13 26/26/13 27/27/13
f 25/25/14 27/27/14 28/28/14
f 29/29/15 30/30/15 31/31/15
f 29/29/16 31/31/16 32/32/16
f 33/33/17 34/34/17 35/35/17
f 33/33/18 35/35/18 36/36/18
f 37/37/19 38/38/19 39/39/19
f 37/37/20 39/39/20 40/40/20
f 41/41/21 42/42/21 43/43/21
f 41/41/22 43/43/22 44/44/22
f 45/45/23 46/46/23 47/47/23
f 45/45/24 47/47/24 48/48/24
f 49/49/25 50/50/25 51/51/25
f 49/49/26 51/51/26 52/52/26
f 53/53/27 54/54/27 55/55/27
f 53/53/28 55/55/28 56/56/28
f 57/57/29 58/58/29 59/59/29
f 57/57/30 59/59/30 60/60/30
f 61/61/31 62/62/31 63/63/31
f 61/61/32 63/63/32 64/64/32
f 65/65/33 66/66/33 67/67/33
f 65/65/34 67/67/34 68/68/34
f 69/69/35 70/70/35 71/71/35
f 69/69/36 71/71/36 72/72/36
f 73/73/37 74/74/37 75/75/37
f 73/73/38 75/75/38 76/76/38
f 77/77/39 78/78/39 79/79/39
f 77/77/40 79/79/40 80/80/40
f 81/81/41 82/82/41 83/83/41
f 81/81/42 83/83/42 84/84/42
f 85/85/43 86/86/43 87/87/43
f 85/85/44 87/87/44 88/88/44
f 89/89/45 90/90/45 91/91/45
f 89/89/46 91/91/46 92/92/46
f 93/93/47 94/94/47 95/95/47
f 93/93/48 95/95/48 96/96/48
f 97/97/49 98/98/49 99/99/49
f 97/97/50 99/99/50 100/100/50
f 101/101/51 102/102/51 103/103/51
f 101/101/52 103/103/52 104/104/52
f 105/105/53 106/106/53 107/107/53
f 105/105/54 107/107/54 108/108/54
f 109/109/55 110/110/55 111/111/55
f 109/109/56 111/111/56 112/112/56
f 113/113/57 114/114/57 115/115/57
f 113/113/58 115/115/58 116/116/58
f 117/117/59 118/118/59 119/119/59
f 117/117/60 119/119/60 120/120/60
f 121/121/61 122/122/61 123/123/61
f 121/121/62 123/123/62 124/124/62
f 125/125/63 126/126/63 127/127/63
f 125/125/64 127/127/64 128/128/64
f 129/129/65 130/130/65 131/131/65
f 129/129/66 131/131/66 132/132/66
f 133/133/67 134/134/67 135/135/67
f 133/133/68 135/135/68 136/136/68
f 137/137/69 138/138/69 139/139/69
f 137/137/70 139/139/70 140/140/70
f 141/141/71 142/142/71 143/143/71
f 141/141/72 143/143/72 144/144/72
f 145/145/73 146/146/73 147/147/73
f 145/145/74 147/147/74 148/148/74
f 149/149/75 150/150/75 151/151/75
f 149/149/76 151/151/76 152/152/76
f 153/153/77 154/154/77 155/155/77
f 153/153/78 155/155/78 156/156/78
f 157/157/79 158/158/79 159/159/79
f 157/157/80 159/159/80 160/160/80
f 161/161/81 162/162/81 163/163/81
f 161/161/82 163/163/82 164/164/82
f 165/165/83 166/166/83 167/167/83
f 165/165/84 167/167/84 168/168/84
f 169/169/85 170/170/85 171/171/85
f 169/169/86 171/171/86 172/172/86
f 173/173/87 174/174/87 175/175/87
f 173/173/88 175/175/88 176/176/88
f 177/177/89 178/178/89 179/179/89
f 177/177/90 179/179/90 180/180/90
f 181/181/91 182/182/91 183/183/91
f 181/181/92 183/183/92 184/184/92
f 185/185/93 186/186/93 187/187/93
f 185/185/94 187/187/94 188/188/94
f 189/189/95 190/190/95 191/191/95
f 189/189/96 191/191/96 192/192/96
f 193/193/97 194/194/97 195/195/97
f 193/193/98 195/195/98 196/196/98
f 197/197/99 198/198/99 199/199/99
f 197/197/100 199/199/100 200/200/100
f 201/201/101 202/202/101 203/203/101
f 201/201/102 203/203/102 204/204/102
f 205/205/103 206/206/103 207/207/103
f 205/205/104 207/207/104 208/208/104
f 209/209/105 210/210/105 211/211/105
f 209/209/106 211/211/106 212/212/106
f 213/213/107 214/214/107 215/215/107
f 213/213/108 215/215/108 216/216/108
f 217/217/109 218/218/109 219/219/109
f 217/217/110 219/219/110 220/220/110
f 221/221/111 222/222/111 223/223/111
f 221/221/112 223/223/112 224/224/112
f 225/225/113 226/226/113 227/227/113
f 225/225/114 227/227/114 228/228/114
f 229/229/115 230/230/115 231/231/115
f 229/229/116 231/231/116 232/232/116
f 233/233/117 234/234/117 235/235/117
f 233/233/118 235/235/118 236/236/118
f 237/237/119 238/238/119 239/239/119
f 237/237/120 239/239/120 240/240/120
f 241/241/121 242/242/121 243/243/121
f 241/241/122 243/243/122 244/244/122
f 245/245/123 246/246/123 247/247/123
f 245/245/124 247/247/124 248/248/124
f 249/249/125 250/250/125 251/251/125
f 249/249/126 251/251/126 252/252/126
f 253/253/127 254/254/127 255/255/127
f 253/253/128 255/255/128 256/256/128
f 257/257/129 258/258/129 259/259/129
f 257/257/130 259/259/130 260/260/130
f 261/261/131 262/262/131 263/263/131
f 261/261/132 263/263/132 264/264/132
f 265/265/133 266/266/133 267/267/133
f 265/265/134 267/267/134 268/268/134
f 269/269/135 270/270/135 271/271/135
f 269/269/136 271/271/136 272/272/136
f 273/273/137 274/274/137 275/275/137
f 273/273/138 275/275/138 276/276/138
f 277/277/139 278/278/139 279/279/139
f 277/277/140 279/279/140 280/280/140
f 281/281/141 282/282/141 283/283/141
f 281/281/142 283/283/142 284/284/142
f 285/285/143 286/286/143 287/287/143
f 285/285/144 287/287/144 288/288/144
f 289/289/145 290/290/145 291/291/145
f 289/289/146 291/291/146 292/292/146
f 293/293/147 294/294/147 295/295/147
f 293/293/148 295/295/148 296/296/148
f 297/297/149 298/298/149 299/299/149
f 297/297/150 299/299/150 300/300/150
f 301/301/151 302/302/151 303/303/151
f 301/301/152 303/303/152 304/304/152
f 305/305/153 306/306/153 307/307/153
f 305/305/154 307/307/154 308/308/154
f 309/309/155 310/310/155 311/311/155
f 309/309/156 311/311/156 312/312/156
f 313/313/157 314/314/157 315/315/157
f 313/313/158 315/315/158 316/316/158
f 317/317/159 318/318/159 319/319/159
f 317/317/160 319/319/160 320/320/160
f 321/321/161 322/322/161 323/323/161
f 321/321/162 323/323/162 324/324/162
f 325/325/163 326/326/163 327/327/163
f 325/325/164 327/327/164 328/328/164
f 329/329/165 330/330/165 331/331/165
f 329/329/166 331/331/166 332/332/166
f 333/333/167 334/334/167 335/335/167
f 333/333/168 335/335/168 336/336/168
f 337/337/169 338/338/169 339/339/169
f 337/337/170 339/339/170 340/340/170
f 341/341/171 342/342/171 343/343/171
f 341/341/172 343/343/172 344/344/172
f 345/345/173 346/346/173 347/347/173
f 345/345/174 347/347/174 348/348/174
f 349/349/175 350/350/175 351/351/175
f 349/349/176 351/351/176 352/352/176
f 353/353/177 354/354/177 355/355/177
f 353/353/178 355/355/178 356/356/178
f 357/357/179 358/358/179 359/359/179
f 357/357/180 359/359/180 360/360/180
f 361/361/181 362/362/181 363/363/181
f 361/361/182 363/363/182 364/364/182
f 365/365/183 366/366/183 367/367/183
f 365/365/184 367/367/184 368/368/184
f 369/369/185 370/370/185 371/371/185
f 369/369/186 371/371/186 372/372/186
f 373/373/187 374/374/187 375/375/187
f 373/373/188 375/375/188 376/376/188
f 377/377/189 378/378/189 379/379/189
f 377/377/190 379/379/190 380/380/190
f 381/381/191 382/382/191 383/383/191
f 381/381/192 383/383/192 384/384/192
f 385/385/193 386/386/193 387/387/193
f 385/385/194 387/387/194 388/388/194
f 389/389/195 390/390/195 391/391/195
f 389/389/196 391/391/196 392/392/196
f 393/393/197 394/394/197 395/395/197
f 393/393/198 395/395/198 396/396/198
f 397/397/199 398/398/199 399/399/199
f 397/397/200 399/399/200 400/400/200
f 401/401/201 402/402/201 403/403/201
f 401/401/202 403/403/202 404/404/202
f 405/405/203 406/406/203 407/407/203
f 405/405/204 407/407/204 408/408/204
f 409/409/205 410/410/205 411/411/205
f 412/412/206 413/413/206 414/414/206
f 415/415/207 416/416/207 417/417/207
f 418/418/208 419/419/208 420/420/208
f 421/421/209 422/422/209 423/423/209
f 424/424/210 425/425/210 426/426/210
f 427/427/211 428/428/211 429/429/211
f 430/430/212 431/431/212 432/432/212
f 433/433/213 434/434/213 435/435/213
f 436/436/214 437/437/214 438/438/214
f 439/439/215 440/440/215 441/441/215
f 442/442/216 443/443/216 444/444/216
f 445/445/217 446/446/217 447/447/217
f 448/448/218 449/449/218 450/450/218
f 451/451/219 452/452/219 453/453/219
f 454/454/220 455/455/220 456/456/220
f 457/457/221 458/458/221 459/459/221
f 460/460/222 461/461/222 462/462/222
f 463/463/223 464/464/223 465/465/223
f 466/466/224 467/467/224 468/468/224
f 469/469/225 470/470/225 471/471/225
f 472/472/226 473/473/226 474/474/226
f 475/475/227 476/476/227 477/477/227
f 478/478/228 479/479/228 480/480/228
f 481/481/229 482/482/229 483/483/229
f 484/484/230 485/485/230 486/486/230
f 487/487/231 488/488/231 489/489/231
f 490/490/232 491/491/232 492/492/232
f 493/493/233 494/494/233 495/495/233
f 496/496/234 497/497/234 498/498/234
f 499/499/235 500/500/235 501/501/235
f 499/499/236 501/501/236 502/502/236
f 503/503/237 504/504/237 505/505/237
f 503/503/238 505/505/238 506/506/238
f 507/507/239 508/508/239 509/509/239
f 507/507/240 509/509/240 510/510/240
f 511/511/241 512/512/241 513/513/241
f 511/511/242 513/513/242 514/514/242
f 515/515/243 516/516/243 517/517/243
f 515/515/244 517/517/244 518/518/244
f 519/519/245 520/520/245 521/521/245
f 519/519/246 521/521/246 522/522/246
f 523/523/247 524/524/247 525/525/247
f 526/526/248 527/527/248 528/528/248
f 529/529/249 530/530/249 531/531/249
f 532/532/250 533/533/250 534/534/250
f 535/535/251 536/536/251 537/537/251
f 538/538/252 539/539/252 540/540/252
f 541/541/253 542/542/253 543/543/253
f 544/544/254 545/545/254 546/546/254
f 547/547/255 548/548/255 549/549/255
f 550/550/256 551/551/256 552/552/256
f 553/553/257 554/554/257 555/555/257
f 556/556/258 557/557/258 558/558/258
f 559/559/259 560/560/259 561/561/259
f 562/562/260 563/563/260 564/564/260
f 565/565/261 566/566/261 567/567/261
f 568/568/262 569/569/262 570/570/262
f 571/571/263 572/572/263 573/573/263
f 574/574/264 575/575/264 576/576/264
f 577/577/265 578/578/265 579/579/265
f 580/580/266 581/581/266 582/582/266
f 583/583/267 584/584/267 585/585/267
f 586/586/268 587/587/268 588/588/268
f 589/589/269 590/590/269 591/591/269
f 592/592/270 593/593/270 594/594/270
f 595/595/271 596/596/271 597/597/271
f 598/598/272 599/599/272 600/600/272
f 601/601/273 602/602/273 603/603/273
f 604/604/274 605/605/274 606/606/274
f 607/607/275 608/608/275 609/609/275
f 610/610/276 611/611/276 612/612/276
f 613/613/277 614/614/277 615/615/277
f 613/613/278 615/615/278 616/616/278
f 617/617/279 618/618/279 619/619/279
f 617/617/280 619/619/280 620/620/280
f 621/621/281 622/622/281 623/623/281
f 621/621/282 623/623/282 624/624/282
f 625/625/283 626/626/283 627/627/283
f 625/625/284 627/627/284 628/628/284
f 629/629/285 630/630/285 631/631/285
f 629/629/286 631/631/286 632/632/286
f 633/633/287 634/634/287 635/635/287
f 633/633/288 635/635/288 636/636/288
f 637/637/289 638/638/289 639/639/289
f 637/637/290 639/639/290 640/640/290
f 641/641/291 642/642/291 643/643/291
f 641/641/292 643/643/292 644/644/292
f 645/645/293 646/646/293 647/647/293
f 645/645/294 647/647/294 648/648/294
f 649/649/295 650/650/295 651/651/295
f 649/649/296 651/651/296 652/652/296
f 653/653/297 654/654/297 655/655/297
f 653/653/298 655/655/298 656/656/298
f 657/657/299 658/658/299 659/659/299
f 657/657/300 659/659/300 660/660/300
f 661/661/301 662/662/301 663/663/301
f 661/661/302 663/663/302 664/664/302
f 665/665/303 666/666/303 667/667/303
f 665/665/304 667/667/304 668/668/304
f 669/669/305 670/670/305 671/671/305
f 669/669/306 671/671/306 672/672/306
f 673/673/307 674/674/307 675/675/307
f 673/673/308 675/675/308 676/676/308
f 677/677/309 678/678/309 679/679/309
f 677/677/310 679/679/310 680/680/310
f 681/681/311 682/682/311 683/683/311
f 681/681/312 683/683/312 684/684/312
f 685/685/313 686/686/313 687/687/313
f 685/685/314 687/687/314 688/688/314
f 689/689/315 690/690/315 691/691/315
f 689/689/316 691/691/316 692/692/316
f 693/693/317 694/694/317 695/695/317
f 693/693/318 695/695/318 696/696/318
f 697/697/319 698/698/319 699/699/319
f 697/697/320 699/699/320 700/700/320
f 701/701/321 702/702/321 703/703/321
f 701/701/322 703/703/322 704/704/322
f 705/705/323 706/706/323 707/707/323
f 705/705/324 707/707/324 708/708/324
f 709/709/325 710/710/325 711/711/325
f 709/709/326 711/711/326 712/712/326
f 713/713/327 714/714/327 715/715/327
f 713/713/328 715/715/328 716/716/328
f 717/717/329 718/718/329 719/719/329
f 717/717/330 719/719/330 720/720/330
f 721/721/331 722/722/331 723/723/331
f 721/721/332 723/723/332 724/724/332
f 725/725/333 726/726/333 727/727/333
f 725/725/334 727/727/334 728/728/334
f 729/729/335 730/730/335 731/731/335
f 729/729/336 731/731/336 732/732/336
f 733/733/337 734/734/337 735/735/337
f 733/733/338 735/735/338 736/736/338
f 737/737/339 738/738/339 739/739/339
f 737/737/340 739/739/340 740/740/340
f 741/741/341 742/742/341 743/743/341
f 741/741/342 743/743/342 744/744/342
f 745/745/343 746/746/343 747/747/343
f 745/745/344 747/747/344 748/748/344
f 749/749/345 750/750/345 751/751/345
f 749/749/346 751/751/346 752/752/346
f 753/753/347 754/754/347 755/755/347
f 753/753/348 755/755/348 756/756/348
f 757/757/349 758/758/349 759/759/349
f 757/757/350 759/759/350 760/760/350
f 761/761/351 762/762/351 763/763/351
f 761/761/352 763/763/352 764/764/352
f 765/765/353 766/766/353 767/767/353
f 765/765/354 767/767/354 768/768/354
f 769/769/355 770/770/355 771/771/355
f 769/769/356 771/771/356 772/772/356
f 773/773/357 774/774/357 775/775/357
f 773/773/358 775/775/358 776/776/358
f 777/777/359 778/778/359 779/779/359
f 777/777/360 779/779/360 780/780/360
f 781/781/361 782/782/361 783/783/361
f 781/781/362 783/783/362 784/784/362
f 785/785/363 786/786/363 787/787/363
f 785/785/364 787/787/364 788/788/364
f 789/789/365 790/790/365 791/791/365
f 789/789/366 791/791/366 792/792/366
f 793/793/367 794/794/367 795/795/367
f 793/793/368 795/795/368 796/796/368
f 797/797/369 798/798/369 799/799/369
f 797/797/370 799/799/370 800/800/370
f 801/801/371 802/802/371 803/803/371
f 801/801/372 803/803/372 804/804/372
f 805/805/373 806/806/373 807/807/373
f 805/805/374 807/807/374 808/808/374
f 809/809/375 810/810/375 811/811/375
f 809/809/376 811/811/376 812/812/376
f 813/813/377 814/814/377 815/815/377
f 813/813/378 815/815/378 816/816/378
f 817/817/379 818/818/379 819/819/379
f 817/817/380 819/819/380 820/820/380
f 821/821/381 822/822/381 823/823/381
f 821/821/382 823/823/382 824/824/382
f 825/825/383 826/826/383 827/827/383
f 825/825/384 827/827/384 828/828/384
f 829/829/385 830/830/385 831/831/385
f 829/829/386 831/831/386 832/832/386
f 833/833/387 834/834/387 835/835/387
f 833/833/388 835/835/388 836/836/388
f 837/837/389 838/838/389 839/839/389
f 837/837/390 839/839/390 840/840/390
f 841/841/391 842/842/391 843/843/391
f 841/841/392 843/843/392 844/844/392
f 845/845/393 846/846/393 847/847/393
f 845/845/394 847/847/394 848/848/394
f 849/849/395 850/850/395 851/851/395
f 849/849/396 851/851/396 852/852/396
f 853/853/397 854/854/397 855/855/397
f 853/853/398 855/855/398 856/856/398
f 857/857/399 858/858/399 859/859/399
f 857/857/400 859/859/400 860/860/400
f 861/861/401 862/862/401 863/863/401
f 861/861/402 863/863/402 864/864/402
f 865/865/403 866/866/403 867/867/403
f 865/865/404 867/867/404 868/868/404
f 869/869/405 870/870/405 871/871/405
f 869/869/406 871/871/406 872/872/406
f 873/873/407 874/874/407 875/875/407
f 873/873/408 875/875/408 876/876/408
f 877/877/409 878/878/409 879/879/409
f 877/877/410 879/879/410 880/880/410
f 881/881/411 882/882/411 883/883/411
f 881/881/412 883/883/412 884/884/412
f 885/885/413 886/886/413 887/887/413
f 885/885/414 887/887/414 888/888/414
f 889/889/415 890/890/415 891/891/415
f 889/889/416 891/891/416 892/892/416
f 893/893/417 894/894/417 895/895/417
f 893/893/418 895/895/418 896/896/418
f 897/897/419 898/898/419 899/899/419
f 897/897/420 899/899/420 900/900/420
f 901/901/421 902/902/421 903/903/421
f 901/901/422 903/903/422 904/904/422
f 905/905/423 906/906/423 907/907/423
f 905/905/424 907/907/424 908/908/424
f 909/909/425 910/910/425 911/911/425
f 909/909/426 911/911/426 912/912/426
f 913/913/427 914/914/427 915/915/427
f 913/913/428 915/915/428 916/916/428
f 917/917/429 918/918/429 919/919/429
f 917/917/430 919/919/430 920/920/430
f 921/921/431 922/922/431 923/923/431
f 921/921/432 923/923/432 924/924/432
f 925/925/433 926/926/433 927/927/433
f 925/925/434 927/927/434 928/928/434
f 929/929/435 930/930/435 931/931/435
f 929/929/436 931/931/436 932/932/436
f 933/933/437 934/934/437 935/935/437
f 933/933/438 935/935/438 936/936/438
f 937/937/439 938/938/439 939/939/439
f 937/937/440 939/939/440 940/940/440
f 941/941/441 942/942/441 943/943/441
f 941/941/442 943/943/442 944/944/442
f 945/945/443 946/946/443 947/947/443
f 945/945/444 947/947/444 948/948/444
f 949/949/445 950/950/445 951/951/445
f 949/949/446 951/951/446 952/952/446
f 953/953/447 954/954/447 955/955/447
f 953/953/448 955/955/448 956/956/448
f 957/957/449 958/958/449 959/959/449
f 957/957/450 959/959/450 960/960/450
f 961/961/451 962/962/451 963/963/451
f 961/961/452 963/963/452 964/964/452
f 965/965/453 966/966/453 967/967/453
f 965/965/454 967/967/454 968/968/454
f 969/969/455 970/970/455 971/971/455
f 969/969/456 971/971/456 972/972/456
f 973/973/457 974/974/457 975/975/457
f 973/973/458 975/975/458 976/976/458
f 977/977/459 978/978/459 979/979/459
f 977/977/460 979/979/460 980/980/460
f 981/981/461 982/982/461 983/983/461
f 981/981/462 983/983/462 984/984/462
f 985/985/463 986/986/463 987/987/463
f 985/985/464 987/987/464 988/988/464
f 989/989/465 990/990/465 991/991/465
f 989/989/466 991/991/466 992/992/466
f 993/993/467 994/994/467 995/995/467
f 993/993/468 995/995/468 996/996/468
f 997/997/469 998/998/469 999/999/469
f 997/997/470 999/999/470 1000/1000/470
f 1001/1001/471 1002/1002/471 1003/1003/471
f 1001/1001/472 1003/1003/472 1004/1004/472
f 1005/1005/473 1006/1006/473 1007/1007/473
f 1005/1005/474 1007/1007/474 1008/1008/474
f 1009/1009/475 1010/1010/475 1011/1011/475
f 1009/1009/476 1011/1011/476 1012/1012/476
f 1013/1013/477 1014/1014/477 1015/1015/477
f 1013/1013/478 1015/1015/478 1016/1016/478
f 1017/1017/479 1018/1018/479 1019/1019/479
f 1017/1017/480 1019/1019/480 1020/1020/480
f 1021/1021/481 1022/1022/481 1023/1023/481
f 1024/1024/482 1025/1025/482 1026/1026/482
f 1027/1027/483 1028/1028/483 1029/1029/483
f 1030/1030/484 1031/1031/484 1032/1032/484
f 1033/1033/485 1034/1034/485 1035/1035/485
f 1036/1036/486 1037/1037/486 1038/1038/486
f 1039/1039/487 1040/1040/487 1041/1041/487
f 1042/1042/488 1043/1043/488 1044/1044/488
f 1045/1045/489 1046/1046/489 1047/1047/489
f 1048/1048/490 1049/1049/490 1050/1050/490
f 1051/1051/491 1052/1052/491 1053/1053/491
f 1054/1054/492 1055/1055/492 1056/1056/492
f 1057/1057/493 1058/1058/493 1059/1059/493
f 1060/1060/494 1061/1061/494 1062/1062/494
f 1063/1063/495 1064/1064/495 1065/1065/495
f 1066/1066/496 1067/1067/496 1068/1068/496
f 1069/1069/497 1070/1070/497 1071/1071/497
f 1072/1072/498 1073/1073/498 1074/1074/498
f 1075/1075/499 1076/1076/499 1077/1077/499
f 1078/1078/500 1079/1079/500 1080/1080/500
f 1081/1081/501 1082/1082/501 1083/1083/501
f 1084/1084/502 1085/1085/502 1086/1086/502
f 1087/1087/503 1088/1088/503 1089/1089/503
f 1090/1090/504 1091/1091/504 1092/1092/504
f 1093/1093/505 1094/1094/505 1095/1095/505
f 1096/1096/506 1097/1097/506 1098/1098/506
f 1099/1099/507 1100/1100/507 1101/1101/507
f 1102/1102/508 1103/1103/508 1104/1104/508
f 1105/1105/509 1106/1106/509 1107/1107/509
f 1108/1108/510 1109/1109/510 1110/1110/510
f 1111/1111/511 1112/1112/511 1113/1113/511
f 1111/1111/512 1113/1113/512 1114/1114/512
f 1115/1115/513 1116/1116/513 1117/1117/513
f 1115/1115/514 1117/1117/514 1118/1118/514
f 1119/1119/515 1120/1120/515 1121/1121/515
f 1119/1119/516 1121/1121/516 1122/1122/516
f 1123/1123/517 1124/1124/517 1125/1125/517
f 1123/1123/518 1125/1125/518 1126/1126/518
f 1127/1127/519 1128/1128/519 1129/1129/519
f 1127/1127/520 1129/1129/520 1130/1130/520
f 1131/1131/521 1132/1132/521 1133/1133/521
f 1131/1131/522 1133/1133/522 1134/1134/522
f 1135/1135/523 1136/1136/523 1137/1137/523
f 1138/1138/524 1139/1139/524 1140/1140/524
f 1141/1141/525 1142/1142/525 1143/1143/525
f 1144/1144/526 1145/1145/526 1146/1146/526
f 1147/1147/527 1148/1148/527 1149/1149/527
f 1150/1150/528 1151/1151/528 1152/1152/528
f 1153/1153/529 1154/1154/529 1155/1155/529
f 1156/1156/530 1157/1157/530 1158/1158/530
f 1159/1159/531 1160/1160/531 1161/1161/531
f 1162/1162/532 1163/1163/532 1164/1164/532
f 1165/1165/533 1166/1166/533 1167/1167/533
f 1168/1168/534 1169/1169/534 1170/1170/534
f 1171/1171/535 1172/1172/535 1173/1173/535
f 1174/1174/536 1175/1175/536 1176/1176/536
f 1177/1177/537 1178/1178/537 1179/1179/537
f 1180/1180/538 1181/1181/538 1182/1182/538
f 1183/1183/539 1184/1184/539 1185/1185/539
f 1186/1186/540 1187/1187/540 1188/1188/540
f 1189/1189/541 1190/1190/541 1191/1191/541
f 1192/1192/542 1193/1193/542 1194/1194/542
f 1195/1195/543 1196/1196/543 1197/1197/543
f 1198/1198/544 1199/1199/544 1200/1200/544
f 1201/1201/545 1202/1202/545 1203/1203/545
f 1204/1204/546 1205/1205/546 1206/1206/546
f 1207/1207/547 1208/1208/547 1209/1209/547
f 1210/1210/548 1211/1211/548 1212/1212/548
f 1213/1213/549 1214/1214/549 1215/1215/549
f 1216/1216/550 1217/1217/550 1218/1218/550
f 1219/1219/551 1220/1220/551 1221/1221/551
f 1222/1222/552 1223/1223/552 1224/1224/552
f 1225/1225/553 1226/1226/553 1227/1227/553
f 1225/1225/554 1227/1227/554 1228/1228/554
f 1229/1229/555 1230/1230/555 1231/1231/555
f 1229/1229/556 1231/1231/556 1232/1232/556
f 1233/1233/557 1234/1234/557 1235/1235/557
f 1233/1233/558 1235/1235/558 1236/1236/558
f 1237/1237/559 1238/1238/559 1239/1239/559
f 1237/1237/560 1239/1239/560 1240/1240/560
f 1241/1241/561 1242/1242/561 1243/1243/561
f 1241/1241/562 1243/1243/562 1244/1244/562
f 1245/1245/563 1246/1246/563 1247/1247/563
f 1245/1245/564 1247/1247/564 1248/1248/564
f 1249/1249/565 1250/1250/565 1251/1251/565
f 1249/1249/566 1251/1251/566 1252/1252/566
f 1253/1253/567 1254/1254/567 1255/1255/567
f 1253/1253/568 1255/1255/568 1256/1256/568
f 1257/1257/569 1258/1258/569 1259/1259/569
f 1257/1257/570 1259/1259/570 1260/1260/570
f 1261/1261/571 1262/1262/571 1263/1263/571
f 1261/1261/572 1263/1263/572 1264/1264/572
f 1265/1265/573 1266/1266/573 1267/1267/573
f 1265/1265/574 1267/1267/574 1268/1268/574
f 1269/1269/575 1270/1270/575 1271/1271/575
f 1269/1269/576 1271/1271/576 1272/1272/576
f 1273/1273/577 1274/1274/577 1275/1275/577
f 1273/1273/578 1275/1275/578 1276/1276/578
f 1277/1277/579 1278/1278/579 1279/1279/579
f 1277/1277/580 1279/1279/580 1280/1280/580
f 1281/1281/581 1282/1282/581 1283/1283/581
f 1281/1281/582 1283/1283/582 1284/1284/582
f 1285/1285/583 1286/1286/583 1287/1287/583
f 1285/1285/584 1287/1287/584 1288/1288/584
f 1289/1289/585 1290/1290/585 1291/1291/585
f 1289/1289/586 1291/1291/586 1292/1292/586
f 1293/1293/587 1294/1294/587 1295/1295/587
f 1293/1293/588 1295/1295/588 1296/1296/588
f 1297/1297/589 1298/1298/589 1299/1299/589
f 1297/1297/590 1299/1299/590 1300/1300/590
f 1301/1301/591 1302/1302/591 1303/1303/591
f 1301/1301/592 1303/1303/592 1304/1304/592
f 1305/1305/593 1306/1306/593 1307/1307/593
f 1305/1305/594 1307/1307/594 1308/1308/594
f 1309/1309/595 1310/1310/595 1311/1311/595
f 1309/1309/596 1311/1311/596 1312/1312/596
f 1313/1313/597 1314/1314/597 1315/1315/597
f 1313/1313/598 1315/1315/598 1316/1316/598
f 1317/1317/599 1318/1318/599 1319/1319/599
f 1317/1317/600 1319/1319/600 1320/1320/600
f 1321/1321/601 1322/1322/601 1323/1323/601
f 1321/1321/602 1323/1323/602 1324/1324/602
f 1325/1325/603 1326/1326/603 1327/1327/603
f 1325/1325/604 1327/1327/604 1328/1328/604
f 1329/1329/605 1330/1330/605 1331/1331/605
f 1329/1329/606 1331/1331/606 1332/1332/606
f 1333/1333/607 1334/1334/607 1335/1335/607
f 1333/1333/608 1335/1335/608 1336/1336/608
f 1337/1337/609 1338/1338/609 1339/1339/609
f 1337/1337/610 1339/1339/610 1340/1340/610
f 1341/1341/611 1342/1342/611 1343/1343/611
f 1341/1341/612 1343/1343/612 1344/1344/612
f 1345/1345/613 1346/1346/613 1347/1347/613
f 1345/1345/614 1347/1347/614 1348/1348/614
f 1349/1349/615 1350/1350/615 1351/1351/615
f 1349/1349/616 1351/1351/616 1352/1352/616
f 1353/1353/617 1354/1354/617 1355/1355/617
f 1353/1353/618 1355/1355/618 1356/1356/618
f 1357/1357/619 1358/1358/619 1359/1359/619
f 1357/1357/620 1359/1359/620 1360/1360/620
f 1361/1361/621 1362/1362/621 1363/1363/621
f 1361/1361/622 1363/1363/622 1364/1364/622
f 1365/1365/623 1366/1366/623 1367/1367/623
f 1365/1365/624 1367/1367/624 1368/1368/624
f 1369/1369/625 1370/1370/625 1371/1371/625
f 1369/1369/626 1371/1371/626 1372/1372/626
f 1373/1373/627 1374/1374/627 1375/1375/627
f 1373/1373/628 1375/1375/628 1376/1376/628
f 1377/1377/629 1378/1378/629 1379/1379/629
f 1377/1377/630 1379/1379/630 1380/1380/630
f 1381/1381/631 1382/1382/631 1383/1383/631
f 1381/1381/632 1383/1383/632 1384/1384/632
f 1385/1385/633 1386/1386/633 1387/1387/633
f 1385/1385/634 1387/1387/634 1388/1388/634
f 1389/1389/635 1390/1390/635 1391/1391/635
f 1389/1389/636 1391/1391/636 1392/1392/636
f 1393/1393/637 1394/1394/637 1395/1395/637
f 1393/1393/638 1395/1395/638 1396/1396/638
f 1397/1397/639 1398/1398/639 1399/1399/639
f 1397/1397/640 1399/1399/640 1400/1400/640
f 1401/1401/641 1402/1402/641 1403/1403/641
f 1401/1401/642 1403/1403/642 1404/1404/642
f 1405/1405/643 1406/1406/643 1407/1407/643
f 1405/1405/644 1407/1407/644 1408/1408/644
f 1409/1409/645 1410/1410/645 1411/1411/645
f 1409/1409/646 1411/1411/646 1412/1412/646
f 1413/1413/647 1414/1414/647 1415/1415/647
f 1413/1413/648 1415/1415/648 1416/1416/648
f 1417/1417/649 1418/1418/649 1419/1419/649
f 1417/1417/650 1419/1419/650 1420/1420/650
f 1421/1421/651 1422/1422/651 1423/1423/651
f 1421/1421/652 1423/1423/652 1424/1424/652
f 1425/1425/653 1426/1426/653 1427/1427/653
f 1425/1425/654 1427/1427/654 1428/1428/654
f 1429/1429/655 1430/1430/655 1431/1431/655
f 1429/1429/656 1431/1431/656 1432/1432/656
f 1433/1433/657 1434/1434/657 1435/1435/657
f 1433/1433/658 1435/1435/658 1436/1436/658
f 1437/1437/659 1438/1438/659 1439/1439/659
f 1437/1437/660 1439/1439/660 1440/1440/660
f 1441/1441/661 1442/1442/661 1443/1443/661
f 1441/1441/662 1443/1443/662 1444/1444/662
f 1445/1445/663 1446/1446/663 1447/1447/663
f 1445/1445/664 1447/1447/664 1448/1448/664
f 1449/1449/665 1450/1450/665 1451/1451/665
f 1449/1449/666 1451/1451/666 1452/1452/666
f 1453/1453/667 1454/1454/667 1455/1455/667
f 1453/1453/668 1455/1455/668 1456/1456/668
f 1457/1457/669 1458/1458/669 1459/1459/669
f 1457/1457/670 1459/1459/670 1460/1460/670
f 1461/1461/671 1462/1462/671 1463/1463/671
f 1461/1461/672 1463/1463/672 1464/1464/672
f 1465/1465/673 1466/1466/673 1467/1467/673
f 1465/1465/674 1467/1467/674 1468/1468/674
f 1469/1469/675 1470/1470/675 1471/1471/675
f 1469/1469/676 1471/1471/676 1472/1472/676
f 1473/1473/677 1474/1474/677 1475/1475/677
f 1473/1473/678 1475/1475/678 1476/1476/678
f 1477/1477/679 1478/1478/679 1479/1479/679
f 1477/1477/680 1479/1479/680 1480/1480/680
f 1481/1481/681 1482/1482/681 1483/1483/681
f 1481/1481/682 1483/1483/682 1484/1484/682
f 1485/1485/683 1486/1486/683 1487/1487/683
f 1485/1485/684 1487/1487/684 1488/1488/684
f 1489/1489/685 1490/1490/685 1491/1491/685
f 1489/1489/686 1491/1491/686 1492/1492/686
f 1493/1493/687 1494/1494/687 1495/1495/687
f 1493/1493/688 1495/1495/688 1496/1496/688
f 1497/1497/689 1498/1498/689 1499/1499/689
f 1497/1497/690 1499/1499/690 1500/1500/690
f 1501/1501/691 1502/1502/691 1503/1503/691
f 1501/1501/692 1503/1503/692 1504/1504/692
f 1505/1505/693 1506/1506/693 1507/1507/693
f 1505/1505/694 1507/1507/694 1508/1508/694
f 1509/1509/695 1510/1510/695 1511/1511/695
f 1509/1509/696 1511/1511/696 1512/1512/696
f 1513/1513/697 1514/1514/697 1515/1515/697
f 1513/1513/698 1515/1515/698 1516/1516/698
f 1517/1517/699 1518/1518/699 1519/1519/699
f 1517/1517/700 1519/1519/700 1520/1520/700
f 1521/1521/701 1522/1522/701 1523/1523/701
f 1521/1521/702 1523/1523/702 1524/1524/702
f 1525/1525/703 1526/1526/703 1527/1527/703
f 1525/1525/704 1527/1527/704 1528/1528/704
f 1529/1529/705 1530/1530/705 1531/1531/705
f 1529/1529/706 1531/1531/706 1532/1532/706
f 1533/1533/707 1534/1534/707 1535/1535/707
f 1533/1533/708 1535/1535/708 1536/1536/708
f 1537/1537/709 1538/1538/709 1539/1539/709
f 1537/1537/710 1539/1539/710 1540/1540/710
f 1541/1541/711 1542/1542/711 1543/1543/711
f 1541/1541/712 1543/1543/712 1544/1544/712
f 1545/1545/713 1546/1546/713 1547/1547/713
f 1545/1545/714 1547/1547/714 1548/1548/714
f 1549/1549/715 1550/1550/715 1551/1551/715
f 1549/1549/716 1551/1551/716 1552/1552/716
f 1553/1553/717 1554/1554/717 1555/1555/717
f 1553/1553/718 1555/1555/718 1556/1556/718
f 1557/1557/719 1558/1558/719 1559/1559/719
f 1557/1557/720 1559/1559/720 1560/1560/720
f 1561/1561/721 1562/1562/721 1563/1563/721
f 1561/1561/722 1563/1563/722 1564/1564/722
f 1565/1565/723 1566/1566/723 1567/1567/723
f 1565/1565/724 1567/1567/724 1568/1568/724
f 1569/1569/725 1570/1570/725 1571/1571/725
f 1569/1569/726 1571/1571/726 1572/1572/726
f 1573/1573/727 1574/1574/727 1575/1575/727
f 1573/1573/728 1575/1575/728 1576/1576/728
f 1577/1577/729 1578/1578/729 1579/1579/729
f 1577/1577/730 1579/1579/730 1580/1580/730
f 1581/1581/731 1582/1582/731 1583/1583/731
f 1581/1581/732 1583/1583/732 1584/1584/732
f 1585/1585/733 1586/1586/733 1587/1587/733
f 1585/1585/734 1587/1587/734 1588/1588/734
f 1589/1589/735 1590/1590/735 1591/1591/735
f 1589/1589/736 1591/1591/736 1592/1592/736
f 1593/1593/737 1594/1594/737 1595/1595/737
f 1593/1593/738 1595/1595/738 1596/1596/738
f 1597/1597/739 1598/1598/739 1599/1599/739
f 1597/1597/740 1599/1599/740 1600/1600/740
f 1601/1601/741 1602/1602/741 1603/1603/741
f 1601/1601/742 1603/1603/742 1604/1604/742
f 1605/1605/743 1606/1606/743 1607/1607/743
f 1605/1605/744 1607/1607/744 1608/1608/744
f 1609/1609/745 1610/1610/745 1611/1611/745
f 1609/1609/746 1611/1611/746 1612/1612/746
f 1609/1609/747 1612/1612/747 1613/1613/747
f 1609/1609/748 1613/1613/748 1614/1614/748
f 1615/1615/749 1616/1616/749 1617/1617/749
f 1615/1615/750 1617/1617/750 1618/1618/750
f 1615/1615/751 1618/1618/751 1619/1619/751
f 1615/1615/752 1619/1619/752 1620/1620/752
f 1621/1621/753 1622/1622/753 1623/1623/753
f 1621/1621/754 1623/1623/754 1624/1624/754
f 1625/1625/755 1626/1626/755 1627/1627/755
f 1625/1625/756 1627/1627/756 1628/1628/756
f 1629/1629/757 1630/1630/757 1631/1631/757
f 1629/1629/758 1631/1631/758 1632/1632/758
f 1633/1633/759 1634/1634/759 1635/1635/759
f 1633/1633/760 1635/1635/760 1636/1636/760
f 1637/1637/761 1638/1638/761 1639/1639/761
f 1637/1637/762 1639/1639/762 1640/1640/762
f 1641/1641/763 1642/1642/763 1643/1643/763
f 1641/1641/764 1643/1643/764 1644/1644/764
f 1645/1645/765 1646/1646/765 1647/1647/765
f 1645/1645/766 1647/1647/766 1648/1648/766
f 1649/1649/767 1650/1650/767 1651/1651/767
f 1649/1649/768 1651/1651/768 1652/1652/768
f 1653/1653/769 1654/1654/769 1655/1655/769
f 1653/1653/770 1655/1655/770 1656/1656/770
f 1657/1657/771 1658/1658/771 1659/1659/771
f 1657/1657/772 1659/1659/772 1660/1660/772
f 1661/1661/773 1662/1662/773 1663/1663/773
f 1661/1661/774 1663/1663/774 1664/1664/774
f 1665/1665/775 1666/1666/775 1667/1667/775
f 1665/1665/776 1667/1667/776 1668/1668/776
f 1669/1669/777 1670/1670/777 1671/1671/777
f 1669/1669/778 1671/1671/778 1672/1672/778
f 1669/1669/779 1672/1672/779 1673/1673/779
f 1669/1669/780 1673/1673/780 1674/1674/780
f 1669/1669/781 1674/1674/781 1675/1675/781
f 1669/1669/782 1675/1675/782 1676/1676/782
f 1677/1677/783 1678/1678/783 1679/1679/783
f 1677/1677/784 1679/1679/784 1680/1680/784
f 1677/1677/785 1680/1680/785 1681/1681/785
f 1677/1677/786 1681/1681/786 1682/1682/786
f 1677/1677/787 1682/1682/787 1683/1683/787
f 1677/1677/788 1683/1683/788 1684/1684/788
f 1685/1685/789 1686/1686/789 1687/1687/789
f 1685/1685/790 1687/1687/790 1688/1688/790
f 1689/1689/791 1690/1690/791 1691/1691/791
f 1689/1689/792 1691/1691/792 1692/1692/792
f 1693/1693/793 1694/1694/793 1695/1695/793
f 1693/1693/794 1695/1695/794 1696/1696/794
f 1697/1697/795 1698/1698/795 1699/1699/795
f 1697/1697/796 1699/1699/796 1700/1700/796
f 1701/1701/797 1702/1702/797 1703/1703/797
f 1701/1701/798 1703/1703/798 1704/1704/798
f 1705/1705/799 1706/1706/799 1707/1707/799
f 1705/1705/800 1707/1707/800 1708/1708/800
f 1709/1709/801 1710/1710/801 1711/1711/801
f 1709/1709/802 1711/1711/802 1712/1712/802
f 1713/1713/803 1714/1714/803 1715/1715/803
f 1713/1713/804 1715/1715/804 1716/1716/804
f 1717/1717/805 1718/1718/805 1719/1719/805
f 1720/1720/806 1721/1721/806 1722/1722/806
f 1723/1723/807 1724/1724/807 1725/1725/807
f 1726/1726/808 1727/1727/808 1728/1728/808
f 1729/1729/809 1730/1730/809 1731/1731/809
f 1732/1732/810 1733/1733/810 1734/1734/810
f 1735/1735/811 1736/1736/811 1737/1737/811
f 1738/1738/812 1739/1739/812 1740/1740/812
f 1741/1741/813 1742/1742/813 1743/1743/813
f 1744/1744/814 1745/1745/814 1746/1746/814
f 1747/1747/815 1748/1748/815 1749/1749/815
f 1750/1750/816 1751/1751/816 1752/1752/816
f 1753/1753/817 1754/1754/817 1755/1755/817
f 1756/1756/818 1757/1757/818 1758/1758/818
f 1759/1759/819 1760/1760/819 1761/1761/819
f 1762/1762/820 1763/1763/820 1764/1764/820
f 1765/1765/821 1766/1766/821 1767/1767/821
f 1768/1768/822 1769/1769/822 1770/1770/822
f 1771/1771/823 1772/1772/823 1773/1773/823
f 1774/1774/824 1775/1775/824 1776/1776/824
f 1777/1777/825 1778/1778/825 1779/1779/825
f 1780/1780/826 1781/1781/826 1782/1782/826
f 1783/1783/827 1784/1784/827 1785/1785/827
f 1786/1786/828 1787/1787/828 1788/1788/828
f 1789/1789/829 1790/1790/829 1791/1791/829
f 1792/1792/830 1793/1793/830 1794/1794/830
f 1795/1795/831 1796/1796/831 1797/1797/831
f 1798/1798/832 1799/1799/832 1800/1800/832
f 1801/1801/833 1802/1802/833 1803/1803/833
f 1804/1804/834 1805/1805/834 1806/1806/834
f 1807/1807/835 1808/1808/835 1809/1809/835
f 1810/1810/836 1811/1811/836 1812/1812/836
f 1813/1813/837 1814/1814/837 1815/1815/837
f 1816/1816/838 1817/1817/838 1818/1818/838
f 1819/1819/839 1820/1820/839 1821/1821/839
f 1822/1822/840 1823/1823/840 1824/1824/840
f 1825/1825/841 1826/1826/841 1827/1827/841
f 1828/1828/842 1829/1829/842 1830/1830/842
f 1831/1831/843 1832/1832/843 1833/1833/843
f 1834/1834/844 1835/1835/844 1836/1836/844
f 1837/1837/845 1838/1838/845 1839/1839/845
f 1837/1837/846 1839/1839/846 1840/1840/846
f 1841/1841/847 1842/1842/847 1843/1843/847
f 1841/1841/848 1843/1843/848 1844/1844/848
f 1845/1845/849 1846/1846/849 1847/1847/849
f 1845/1845/850 1847/1847/850 1848/1848/850
f 1849/1849/851 1850/1850/851 1851/1851/851
f 1849/1849/852 1851/1851/852 1852/1852/852
f 1853/1853/853 1854/1854/853 1855/1855/853
f 1853/1853/854 1855/1855/854 1856/1856/854
f 1857/1857/855 1858/1858/855 1859/1859/855
f 1857/1857/856 1859/1859/856 1860/1860/856
f 1861/1861/857 1862/1862/857 1863/1863/857
f 1861/1861/858 1863/1863/858 1864/1864/858
f 1865/1865/859 1866/1866/859 1867/1867/859
f 1865/1865/860 1867/1867/860 1868/1868/860
f 1869/1869/861 1870/1870/861 1871/1871/861
f 1869/1869/862 1871/1871/862 1872/1872/862
f 1873/1873/863 1874/1874/863 1875/1875/863
f 1873/1873/864 1875/1875/864 1876/1876/864
f 1877/1877/865 1878/1878/865 1879/1879/865
f 1877/1877/866 1879/1879/866 1880/1880/866
f 1881/1881/867 1882/1882/867 1883/1883/867
f 1881/1881/868 1883/1883/868 1884/1884/868
f 1885/1885/869 1886/1886/869 1887/1887/869
f 1885/1885/870 1887/1887/870 1888/1888/870
f 1889/1889/871 1890/1890/871 1891/1891/871
f 1889/1889/872 1891/1891/872 1892/1892/872
f 1893/1893/873 1894/1894/873 1895/1895/873
f 1893/1893/874 1895/1895/874 1896/1896/874
f 1897/1897/875 1898/1898/875 1899/1899/875
f 1897/1897/876 1899/1899/876 1900/1900/876
f 1901/1901/877 1902/1902/877 1903/1903/877
f 1901/1901/878 1903/1903/878 1904/1904/878
f 1905/1905/879 1906/1906/879 1907/1907/879
f 1905/1905/880 1907/1907/880 1908/1908/880
f 1909/1909/881 1910/1910/881 1911/1911/881
f 1909/1909/882 1911/1911/882 1912/1912/882
f 1913/1913/883 1914/1914/883 1915/1915/883
f 1913/1913/884 1915/1915/884 1916/1916/884
f 1917/1917/885 1918/1918/885 1919/1919/885
f 1917/1917/886 1919/1919/886 1920/1920/886
f 1921/1921/887 1922/1922/887 1923/1923/887
f 1921/1921/888 1923/1923/888 1924/1924/888
f 1925/1925/889 1926/1926/889 1927/1927/889
f 1925/1925/890 1927/1927/890 1928/1928/890
f 1929/1929/891 1930/1930/891 1931/1931/891
f 1929/1929/892 1931/1931/892 1932/1932/892
f 1933/1933/893 1934/1934/893 1935/1935/893
f 1933/1933/894 1935/1935/894 1936/1936/894
f 1937/1937/895 1938/1938/895 1939/1939/895
f 1937/1937/896 1939/1939/896 1940/1940/896
f 1941/1941/897 1942/1942/897 1943/1943/897
f 1941/1941/898 1943/1943/898 1944/1944/898
f 1945/1945/899 1946/1946/899 1947/1947/899
f 1945/1945/900 1947/1947/900 1948/1948/900
f 1949/1949/901 1950/1950/901 1951/1951/901
f 1949/1949/902 1951/1951/902 1952/1952/902
f 1953/1953/903 1954/1954/903 1955/1955/903
f 1953/1953/904 1955/1955/904 1956/1956/904
f 1957/1957/905 1958/1958/905 1959/1959/905
f 1957/1957/906 1959/1959/906 1960/1960/906
f 1961/1961/907 1962/1962/907 1963/1963/907
f 1961/1961/908 1963/1963/908 1964/1964/908
f 1965/1965/909 1966/1966/909 1967/1967/909
f 1965/1965/910 1967/1967/910 1968/1968/910
f 1969/1969/911 1970/1970/911 1971/1971/911
f 1969/1969/912 1971/1971/912 1972/1972/912
f 1973/1973/913 1974/1974/913 1975/1975/913
f 1973/1973/914 1975/1975/914 1976/1976/914
f 1977/1977/915 1978/1978/915 1979/1979/915
f 1977/1977/916 1979/1979/916 1980/1980/916
f 1981/1981/917 1982/1982/917 1983/1983/917
f 1981/1981/918 1983/1983/918 1984/1984/918
f 1985/1985/919 1986/1986/919 1987/1987/919
f 1985/1985/920 1987/1987/920 1988/1988/920
f 1989/1989/921 1990/1990/921 1991/1991/921
f 1989/1989/922 1991/1991/922 1992/1992/922
f 1993/1993/923 1994/1994/923 1995/1995/923
f 1993/1993/924 1995/1995/924 1996/1996/924
f 1997/1997/925 1998/1998/925 1999/1999/925
f 1997/1997/926 1999/1999/926 2000/2000/926
f 2001/2001/927 2002/2002/927 2003/2003/927
f 2001/2001/928 2003/2003/928 2004/2004/928
f 2005/2005/929 2006/2006/929 2007/2007/929
f 2005/2005/930 2007/2007/930 2008/2008/930
f 2009/2009/931 2010/2010/931 2011/2011/931
f 2009/2009/932 2011/2011/932 2012/2012/932
f 2013/2013/933 2014/2014/933 2015/2015/933
f 2013/2013/934 2015/2015/934 2016/2016/934
f 2017/2017/935 2018/2018/935 2019/2019/935
f 2017/2017/936 2019/2019/936 2020/2020/936
f 2021/2021/937 2022/2022/937 2023/2023/937
f 2021/2021/938 2023/2023/938 2024/2024/938
f 2025/2025/939 2026/2026/939 2027/2027/939
f 2025/2025/940 2027/2027/940 2028/2028/940
f 2029/2029/941 2030/2030/941 2031/2031/941
f 2029/2029/942 2031/2031/942 2032/2032/942
f 2033/2033/943 2034/2034/943 2035/2035/943
f 2033/2033/944 2035/2035/944 2036/2036/944
f 2037/2037/945 2038/2038/945 2039/2039/945
f 2037/2037/946 2039/2039/946 2040/2040/946
f 2041/2041/947 2042/2042/947 2043/2043/947
f 2041/2041/948 2043/2043/948 2044/2044/948
f 2045/2045/949 2046/2046/949 2047/2047/949
f 2045/2045/950 2047/2047/950 2048/2048/950
f 2049/2049/951 2050/2050/951 2051/2051/951
f 2049/2049/952 2051/2051/952 2052/2052/952
f 2053/2053/953 2054/2054/953 2055/2055/953
f 2053/2053/954 2055/2055/954 2056/2056/954
f 2057/2057/955 2058/2058/955 2059/2059/955
f 2057/2057/956 2059/2059/956 2060/2060/956
f 2061/2061/957 2062/2062/957 2063/2063/957
f 2061/2061/958 2063/2063/958 2064/2064/958
f 2065/2065/959 2066/2066/959 2067/2067/959
f 2065/2065/960 2067/2067/960 2068/2068/960
f 2069/2069/961 2070/2070/961 2071/2071/961
f 2069/2069/962 2071/2071/962 2072/2072/962
f 2073/2073/963 2074/2074/963 2075/2075/963
f 2073/2073/964 2075/2075/964 2076/2076/964
f 2077/2077/965 2078/2078/965 2079/2079/965
f 2077/2077/966 2079/2079/966 2080/2080/966
f 2081/2081/967 2082/2082/967 2083/2083/967
f 2081/2081/968 2083/2083/968 2084/2084/968
f 2085/2085/969 2086/2086/969 2087/2087/969
f 2085/2085/970 2087/2087/970 2088/2088/970
f 2089/2089/971 2090/2090/971 2091/2091/971
f 2089/2089/972 2091/2091/972 2092/2092/972
f 2093/2093/973 2094/2094/973 2095/2095/973
f 2093/2093/974 2095/2095/974 2096/2096/974
f 2097/2097/975 2098/2098/975 2099/2099/975
f 2097/2097/976 2099/2099/976 2100/2100/976
f 2101/2101/977 2102/2102/977 2103/2103/977
f 2101/2101/978 2103/2103/978 2104/2104/978
f 2105/2105/979 2106/2106/979 2107/2107/979
f 2105/2105/980 2107/2107/980 2108/2108/980
f 2109/2109/981 2110/2110/981 2111/2111/981
f 2109/2109/982 2111/2111/982 2112/2112/982
f 2113/2113/983 2114/2114/983 2115/2115/983
f 2113/2113/984 2115/2115/984 2116/2116/984
f 2117/2117/985 2118/2118/985 2119/2119/985
f 2117/2117/986 2119/2119/986 2120/2120/986
f 2121/2121/987 2122/2122/987 2123/2123/987
f 2121/2121/988 2123/2123/988 2124/2124/988
f 2125/2125/989 2126/2126/989 2127/2127/989
f 2125/2125/990 2127/2127/990 2128/2128/990
f 2129/2129/991 2130/2130/991 2131/2131/991
f 2129/2129/992 2131/2131/992 2132/2132/992
f 2133/2133/993 2134/2134/993 2135/2135/993
f 2133/2133/994 2135/2135/994 2136/2136/994
f 2137/2137/995 2138/2138/995 2139/2139/995
f 2137/2137/996 2139/2139/996 2140/2140/996
f 2141/2141/997 2142/2142/997 2143/2143/997
f 2141/2141/998 2143/2143/998 2144/2144/998
f 2145/2145/999 2146/2146/999 2147/2147/999
f 2145/2145/1000 2147/2147/1000 2148/2148/1000
f 2149/2149/1001 2150/2150/1001 2151/2151/1001
f 2149/2149/1002 2151/2151/1002 2152/2152/1002
f 2153/2153/1003 2154/2154/1003 2155/2155/1003
f 2153/2153/1004 2155/2155/1004 2156/2156/1004
f 2157/2157/1005 2158/2158/1005 2159/2159/1005
f 2157/2157/1006 2159/2159/1006 2160/2160/1006
f 2161/2161/1007 2162/2162/1007 2163/2163/1007
f 2161/2161/1008 2163/2163/1008 2164/2164/1008
f 2165/2165/1009 2166/2166/1009 2167/2167/1009
f 2165/2165/1010 2167/2167/1010 2168/2168/1010
f 2169/2169/1011 2170/2170/1011 2171/2171/1011
f 2169/2169/1012 2171/2171/1012 2172/2172/1012
f 2173/2173/1013 2174/2174/1013 2175/2175/1013
f 2173/2173/1014 2175/2175/1014 2176/2176/1014
f 2177/2177/1015 2178/2178/1015 2179/2179/1015
f 2177/2177/1016 2179/2179/1016 2180/2180/1016
f 2181/2181/1017 2182/2182/1017 2183/2183/1017
f 2181/2181/1018 2183/2183/1018 2184/2184/1018
f 2185/2185/1019 2186/2186/1019 2187/2187/1019
f 2185/2185/1020 2187/2187/1020 2188/2188/1020
f 2189/2189/1021 2190/2190/1021 2191/2191/1021
f 2189/2189/1022 2191/2191/1022 2192/2192/1022
f 2193/2193/1023 2194/2194/1023 2195/2195/1023
f 2193/2193/1024 2195/2195/1024 2196/2196/1024
f 2197/2197/1025 2198/2198/1025 2199/2199/1025
f 2197/2197/1026 2199/2199/1026 2200/2200/1026
f 2201/2201/1027 2202/2202/1027 2203/2203/1027
f 2201/2201/1028 2203/2203/1028 2204/2204/1028
f 2205/2205/1029 2206/2206/1029 2207/2207/1029
f 2205/2205/1030 2207/2207/1030 2208/2208/1030
f 2209/2209/1031 2210/2210/1031 2211/2211/1031
f 2209/2209/1032 2211/2211/1032 2212/2212/1032
f 2213/2213/1033 2214/2214/1033 2215/2215/1033
f 2213/2213/1034 2215/2215/1034 2216/2216/1034
f 2217/2217/1035 2218/2218/1035 2219/2219/1035
f 2217/2217/1036 2219/2219/1036 2220/2220/1036
f 2221/2221/1037 2222/2222/1037 2223/2223/1037
f 2221/2221/1038 2223/2223/1038 2224/2224/1038
f 2225/2225/1039 2226/2226/1039 2227/2227/1039
f 2225/2225/1040 2227/2227/1040 2228/2228/1040
f 2229/2229/1041 2230/2230/1041 2231/2231/1041
f 2229/2229/1042 2231/2231/1042 2232/2232/1042
f 2233/2233/1043 2234/2234/1043 2235/2235/1043
f 2233/2233/1044 2235/2235/1044 2236/2236/1044
f 2237/2237/1045 2238/2238/1045 2239/2239/1045
f 2237/2237/1046 2239/2239/1046 2240/2240/1046
f 2241/2241/1047 2242/2242/1047 2243/2243/1047
f 2241/2241/1048 2243/2243/1048 2244/2244/1048
f 2245/2245/1049 2246/2246/1049 2247/2247/1049
f 2245/2245/1050 2247/2247/1050 2248/2248/1050
f 2249/2249/1051 2250/2250/1051 2251/2251/1051
f 2249/2249/1052 2251/2251/1052 2252/2252/1052
f 2253/2253/1053 2254/2254/1053 2255/2255/1053
f 2253/2253/1054 2255/2255/1054 2256/2256/1054
f 2257/2257/1055 2258/2258/1055 2259/2259/1055
f 2257/2257/1056 2259/2259/1056 2260/2260/1056
f 2261/2261/1057 2262/2262/1057 2263/2263/1057
f 2261/2261/1058 2263/2263/1058 2264/2264/1058
f 2265/2265/1059 2266/2266/1059 2267/2267/1059
f 2265/2265/1060 2267/2267/1060 2268/2268/1060
f 2269/2269/1061 2270/2270/1061 2271/2271/1061
f 2269/2269/1062 2271/2271/1062 2272/2272/1062
f 2273/2273/1063 2274/2274/1063 2275/2275/1063
f 2273/2273/1064 2275/2275/1064 2276/2276/1064
f 2277/2277/1065 2278/2278/1065 2279/2279/1065
f 2277/2277/1066 2279/2279/1066 2280/2280/1066
f 2281/2281/1067 2282/2282/1067 2283/2283/1067
f 2281/2281/1068 2283/2283/1068 2284/2284/1068
f 2285/2285/1069 2286/2286/1069 2287/2287/1069
f 2285/2285/1070 2287/2287/1070 2288/2288/1070
f 2289/2289/1071 2290/2290/1071 2291/2291/1071
f 2289/2289/1072 2291/2291/1072 2292/2292/1072
f 2293/2293/1073 2294/2294/1073 2295/2295/1073
f 2293/2293/1074 2295/2295/1074 2296/2296/1074
f 2297/2297/1075 2298/2298/1075 2299/2299/1075
f 2297/2297/1076 2299/2299/1076 2300/2300/1076
f 2301/2301/1077 2302/2302/1077 2303/2303/1077
f 2301/2301/1078 2303/2303/1078 2304/2304/1078
f 2305/2305/1079 2306/2306/1079 2307/2307/1079
f 2305/2305/1080 2307/2307/1080 2308/2308/1080
f 2309/2309/1081 2310/2310/1081 2311/2311/1081
f 2309/2309/1082 2311/2311/1082 2312/2312/1082
f 2313/2313/1083 2314/2314/1083 2315/2315/1083
f 2313/2313/1084 2315/2315/1084 2316/2316/1084
f 2317/2317/1085 2318/2318/1085 2319/2319/1085
f 2317/2317/1086 2319/2319/1086 2320/2320/1086
f 2321/2321/1087 2322/2322/1087 2323/2323/1087
f 2321/2321/1088 2323/2323/1088 2324/2324/1088
f 2325/2325/1089 2326/2326/1089 2327/2327/1089
f 2325/2325/1090 2327/2327/1090 2328/2328/1090
f 2329/2329/1091 2330/2330/1091 2331/2331/1091
f 2329/2329/1092 2331/2331/1092 2332/2332/1092
f 2333/2333/1093 2334/2334/1093 2335/2335/1093
f 2333/2333/1094 2335/2335/1094 2336/2336/1094
f 2337/2337/1095 2338/2338/1095 2339/2339/1095
f 2337/2337/1096 2339/2339/1096 2340/2340/1096
f 2341/2341/1097 2342/2342/1097 2343/2343/1097
f 2341/2341/1098 2343/2343/1098 2344/2344/1098
f 2345/2345/1099 2346/2346/1099 2347/2347/1099
f 2345/2345/1100 2347/2347/1100 2348/2348/1100
f 2349/2349/1101 2350/2350/1101 2351/2351/1101
f 2349/2349/1102 2351/2351/1102 2352/2352/1102
f 2353/2353/1103 2354/2354/1103 2355/2355/1103
f 2353/2353/1104 2355/2355/1104 2356/2356/1104
f 2357/2357/1105 2358/2358/1105 2359/2359/1105
f 2357/2357/1106 2359/2359/1106 2360/2360/1106
f 2361/2361/1107 2362/2362/1107 2363/2363/1107
f 2361/2361/1108 2363/2363/1108 2364/2364/1108
f 2365/2365/1109 2366/2366/1109 2367/2367/1109
f 2365/2365/1110 2367/2367/1110 2368/2368/1110
f 2369/2369/1111 2370/2370/1111 2371/2371/1111
f 2369/2369/1112 2371/2371/1112 2372/2372/1112
f 2373/2373/1113 2374/2374/1113 2375/2375/1113
f 2373/2373/1114 2375/2375/1114 2376/2376/1114
f 2377/2377/1115 2378/2378/1115 2379/2379/1115
f 2377/2377/1116 2379/2379/1116 2380/2380/1116
f 2381/2381/1117 2382/2382/1117 2383/2383/1117
f 2381/2381/1118 2383/2383/1118 2384/2384/1118
f 2385/2385/1119 2386/2386/1119 2387/2387/1119
f 2385/2385/1120 2387/2387/1120 2388/2388/1120
f 2389/2389/1121 2390/2390/1121 2391/2391/1121
f 2389/2389/1122 2391/2391/1122 2392/2392/1122
f 2393/2393/1123 2394/2394/1123 2395/2395/1123
f 2393/2393/1124 2395/2395/1124 2396/2396/1124
f 2397/2397/1125 2398/2398/1125 2399/2399/1125
f 2397/2397/1126 2399/2399/1126 2400/2400/1126
f 2401/2401/1127 2402/2402/1127 2403/2403/1127
f 2401/2401/1128 2403/2403/1128 2404/2404/1128
f 2405/2405/1129 2406/2406/1129 2407/2407/1129
f 2405/2405/1130 2407/2407/1130 2408/2408/1130
f 2409/2409/1131 2410/2410/1131 2411/2411/1131
f 2409/2409/1132 2411/2411/1132 2412/2412/1132
f 2413/2413/1133 2414/2414/1133 2415/2415/1133
f 2413/2413/1134 2415/2415/1134 2416/2416/1134
f 2417/2417/1135 2418/2418/1135 2419/2419/1135
f 2417/2417/1136 2419/2419/1136 2420/2420/1136
f 2421/2421/1137 2422/2422/1137 2423/2423/1137
f 2421/2421/1138 2423/2423/1138 2424/2424/1138
f 2425/2425/1139 2426/2426/1139 2427/2427/1139
f 2425/2425/1140 2427/2427/1140 2428/2428/1140
f 2429/2429/1141 2430/2430/1141 2431/2431/1141
f 2429/2429/1142 2431/2431/1142 2432/2432/1142
f 2433/2433/1143 2434/2434/1143 2435/2435/1143
f 2433/2433/1144 2435/2435/1144 2436/2436/1144
f 2437/2437/1145 2438/2438/1145 2439/2439/1145
f 2437/2437/1146 2439/2439/1146 2440/2440/1146
f 2441/2441/1147 2442/2442/1147 2443/2443/1147
f 2441/2441/1148 2443/2443/1148 2444/2444/1148
f 2445/2445/1149 2446/2446/1149 2447/2447/1149
f 2445/2445/1150 2447/2447/1150 2448/2448/1150
f 2449/2449/1151 2450/2450/1151 2451/2451/1151
f 2449/2449/1152 2451/2451/1152 2452/2452/1152
f 2453/2453/1153 2454/2454/1153 2455/2455/1153
f 2453/2453/1154 2455/2455/1154 2456/2456/1154
f 2457/2457/1155 2458/2458/1155 2459/2459/1155
f 2457/2457/1156 2459/2459/1156 2460/2460/1156
f 2461/2461/1157 2462/2462/1157 2463/2463/1157
f 2461/2461/1158 2463/2463/1158 2464/2464/1158
f 2465/2465/1159 2466/2466/1159 2467/2467/1159
f 2465/2465/1160 2467/2467/1160 2468/2468/1160
f 2469/2469/1161 2470/2470/1161 2471/2471/1161
f 2469/2469/1162 2471/2471/1162 2472/2472/1162
f 2473/2473/1163 2474/2474/1163 2475/2475/1163
f 2473/2473/1164 2475/2475/1164 2476/2476/1164
f 2477/2477/1165 2478/2478/1165 2479/2479/1165
f 2477/2477/1166 2479/2479/1166 2480/2480/1166
f 2481/2481/1167 2482/2482/1167 2483/2483/1167
f 2481/2481/1168 2483/2483/1168 2484/2484/1168
f 2485/2485/1169 2486/2486/1169 2487/2487/1169
f 2485/2485/1170 2487/2487/1170 2488/2488/1170
f 2489/2489/1171 2490/2490/1171 2491/2491/1171
f 2489/2489/1172 2491/2491/1172 2492/2492/1172
f 2493/2493/1173 2494/2494/1173 2495/2495/1173
f 2493/2493/1174 2495/2495/1174 2496/2496/1174
f 2497/2497/1175 2498/2498/1175 2499/2499/1175
f 2497/2497/1176 2499/2499/1176 2500/2500/1176
f 2501/2501/1177 2502/2502/1177 2503/2503/1177
f 2501/2501/1178 2503/2503/1178 2504/2504/1178
f 2505/2505/1179 2506/2506/1179 2507/2507/1179
f 2505/2505/1180 2507/2507/1180 2508/2508/1180
f 2509/2509/1181 2510/2510/1181 2511/2511/1181
f 2509/2509/1182 2511/2511/1182 2512/2512/1182
f 2513/2513/1183 2514/2514/1183 2515/2515/1183
f 2513/2513/1184 2515/2515/1184 2516/2516/1184
f 2517/2517/1185 2518/2518/1185 2519/2519/1185
f 2517/2517/1186 2519/2519/1186 2520/2520/1186
f 2521/2521/1187 2522/2522/1187 2523/2523/1187
f 2521/2521/1188 2523/2523/1188 2524/2524/1188
f 2525/2525/1189 2526/2526/1189 2527/2527/1189
f 2525/2525/1190 2527/2527/1190 2528/2528/1190
f 2529/2529/1191 2530/2530/1191 2531/2531/1191
f 2529/2529/1192 2531/2531/1192 2532/2532/1192
f 2533/2533/1193 2534/2534/1193 2535/2535/1193
f 2533/2533/1194 2535/2535/1194 2536/2536/1194
f 2537/2537/1195 2538/2538/1195 2539/2539/1195
f 2537/2537/1196 2539/2539/1196 2540/2540/1196
f 2541/2541/1197 2542/2542/1197 2543/2543/1197
f 2541/2541/1198 2543/2543/1198 2544/2544/1198
f 2545/2545/1199 2546/2546/1199 2547/2547/1199
f 2545/2545/1200 2547/2547/1200 2548/2548/1200
f 2549/2549/1201 2550/2550/1201 2551/2551/1201
f 2549/2549/1202 2551/2551/1202 2552/2552/1202
f 2553/2553/1203 2554/2554/1203 2555/2555/1203
f 2553/2553/1204 2555/2555/1204 2556/2556/1204
f 2557/2557/1205 2558/2558/1205 2559/2559/1205
f 2557/2557/1206 2559/2559/1206 2560/2560/1206
f 2561/2561/1207 2562/2562/1207 2563/2563/1207
f 2561/2561/1208 2563/2563/1208 2564/2564/1208
f 2565/2565/1209 2566/2566/1209 2567/2567/1209
f 2565/2565/1210 2567/2567/1210 2568/2568/1210
f 2569/2569/1211 2570/2570/1211 2571/2571/1211
f 2569/2569/1212 2571/2571/1212 2572/2572/1212
f 2573/2573/1213 2574/2574/1213 2575/2575/1213
f 2573/2573/1214 2575/2575/1214 2576/2576/1214
f 2577/2577/1215 2578/2578/1215 2579/2579/1215
f 2577/2577/1216 2579/2579/1216 2580/2580/1216
f 2581/2581/1217 2582/2582/1217 2583/2583/1217
f 2581/2581/1218 2583/2583/1218 2584/2584/1218
f 2585/2585/1219 2586/2586/1219 2587/2587/1219
f 2585/2585/1220 2587/2587/1220 2588/2588/1220
f 2589/2589/1221 2590/2590/1221 2591/2591/1221
f 2589/2589/1222 2591/2591/1222 2592/2592/1222
f 2593/2593/1223 2594/2594/1223 2595/2595/1223
f 2593/2593/1224 2595/2595/1224 2596/2596/1224
f 2597/2597/1225 2598/2598/1225 2599/2599/1225
f 2597/2597/1226 2599/2599/1226 2600/2600/1226
f 2601/2601/1227 2602/2602/1227 2603/2603/1227
f 2601/2601/1228 2603/2603/1228 2604/2604/1228
f 2605/2605/1229 2606/2606/1229 2607/2607/1229
f 2605/2605/1230 2607/2607/1230 2608/2608/1230
f 2609/2609/1231 2610/2610/1231 2611/2611/1231
f 2609/2609/1232 2611/2611/1232 2612/2612/1232
f 2613/2613/1233 2614/2614/1233 2615/2615/1233
f 2613/2613/1234 2615/2615/1234 2616/2616/1234
f 2617/2617/1235 2618/2618/1235 2619/2619/1235
f 2617/2617/1236 2619/2619/1236 2620/2620/1236
f 2621/2621/1237 2622/2622/1237 2623/2623/1237
f 2621/2621/1238 2623/2623/1238 2624/2624/1238
f 2625/2625/1239 2626/2626/1239 2627/2627/1239
f 2625/2625/1240 2627/2627/1240 2628/2628/1240
f 2629/2629/1241 2630/2630/1241 2631/2631/1241
f 2629/2629/1242 2631/2631/1242 2632/2632/1242
f 2633/2633/1243 2634/2634/1243 2635/2635/1243
f 2633/2633/1244 2635/2635/1244 2636/2636/1244
f 2637/2637/1245 2638/2638/1245 2639/2639/1245
f 2637/2637/1246 2639/2639/1246 2640/2640/1246
f 2641/2641/1247 2642/2642/1247 2643/2643/1247
f 2641/2641/1248 2643/2643/1248 2644/2644/1248
f 2645/2645/1249 2646/2646/1249 2647/2647/1249
f 2645/2645/1250 2647/2647/1250 2648/2648/1250
f 2649/2649/1251 2650/2650/1251 2651/2651/1251
f 2649/2649/1252 2651/2651/1252 2652/2652/1252
f 2653/2653/1253 2654/2654/1253 2655/2655/1253
f 2653/2653/1254 2655/2655/1254 2656/2656/1254
f 2657/2657/1255 2658/2658/1255 2659/2659/1255
f 2657/2657/1256 2659/2659/1256 2660/2660/1256
f 2661/2661/1257 2662/2662/1257 2663/2663/1257
f 2661/2661/1258 2663/2663/1258 2664/2664/1258
f 2665/2665/1259 2666/2666/1259 2667/2667/1259
f 2665/2665/1260 2667/2667/1260 2668/2668/1260
f 2669/2669/1261 2670/2670/1261 2671/2671/1261
f 2669/2669/1262 2671/2671/1262 2672/2672/1262
f 2673/2673/1263 2674/2674/1263 2675/2675/1263
f 2673/2673/1264 2675/2675/1264 2676/2676/1264
f 2677/2677/1265 2678/2678/1265 2679/2679/1265
f 2677/2677/1266 2679/2679/1266 2680/2680/1266
f 2681/2681/1267 2682/2682/1267 2683/2683/1267
f 2681/2681/1268 2683/2683/1268 2684/2684/1268
f 2685/2685/1269 2686/2686/1269 2687/2687/1269
f 2685/2685/1270 2687/2687/1270 2688/2688/1270
f 2689/2689/1271 2690/2690/1271 2691/2691/1271
f 2689/2689/1272 2691/2691/1272 2692/2692/1272
f 2693/2693/1273 2694/2694/1273 2695/2695/1273
f 2693/2693/1274 2695/2695/1274 2696/2696/1274
f 2697/2697/1275 2698/2698/1275 2699/2699/1275
f 2697/2697/1276 2699/2699/1276 2700/2700/1276
f 2701/2701/1277 2702/2702/1277 2703/2703/1277
f 2701/2701/1278 2703/2703/1278 2704/2704/1278
f 2705/2705/1279 2706/2706/1279 2707/2707/1279
f 2705/2705/1280 2707/2707/1280 2708/2708/1280
f 2709/2709/1281 2710/2710/1281 2711/2711/1281
f 2709/2709/1282 2711/2711/1282 2712/2712/1282
f 2713/2713/1283 2714/2714/1283 2715/2715/1283
f 2713/2713/1284 2715/2715/1284 2716/2716/1284
f 2717/2717/1285 2718/2718/1285 2719/2719/1285
f 2717/2717/1286 2719/2719/1286 2720/2720/1286
f 2721/2721/1287 2722/2722/1287 2723/2723/1287
f 2721/2721/1288 2723/2723/1288 2724/2724/1288
f 2725/2725/1289 2726/2726/1289 2727/2727/1289
f 2725/2725/1290 2727/2727/1290 2728/2728/1290
f 2729/2729/1291 2730/2730/1291 2731/2731/1291
f 2729/2729/1292 2731/2731/1292 2732/2732/1292
f 2733/2733/1293 2734/2734/1293 2735/2735/1293
f 2733/2733/1294 2735/2735/1294 2736/2736/1294
f 2737/2737/1295 2738/2738/1295 2739/2739/1295
f 2737/2737/1296 2739/2739/1296 2740/2740/1296
f 2741/2741/1297 2742/2742/1297 2743/2743/1297
f 2741/2741/1298 2743/2743/1298 2744/2744/1298
f 2745/2745/1299 2746/2746/1299 2747/2747/1299
f 2745/2745/1300 2747/2747/1300 2748/2748/1300
f 2749/2749/1301 2750/2750/1301 2751/2751/1301
f 2749/2749/1302 2751/2751/1302 2752/2752/1302
f 2753/2753/1303 2754/2754/1303 2755/2755/1303
f 2753/2753/1304 2755/2755/1304 2756/2756/1304
f 2757/2757/1305 2758/2758/1305 2759/2759/1305
f 2757/2757/1306 2759/2759/1306 2760/2760/1306
f 2761/2761/1307 2762/2762/1307 2763/2763/1307
f 2761/2761/1308 2763/2763/1308 2764/2764/1308
f 2765/2765/1309 2766/2766/1309 2767/2767/1309
f 2765/2765/1310 2767/2767/1310 2768/2768/1310
f 2769/2769/1311 2770/2770/1311 2771/2771/1311
f 2769/2769/1312 2771/2771/1312 2772/2772/1312
f 2773/2773/1313 2774/2774/1313 2775/2775/1313
f 2773/2773/1314 2775/2775/1314 2776/2776/1314
f 2777/2777/1315 2778/2778/1315 2779/2779/1315
f 2777/2777/1316 2779/2779/1316 2780/2780/1316
f 2781/2781/1317 2782/2782/1317 2783/2783/1317
f 2781/2781/1318 2783/2783/1318 2784/2784/1318
f 2785/2785/1319 2786/2786/1319 2787/2787/1319
f 2785/2785/1320 2787/2787/1320 2788/2788/1320
f 2789/2789/1321 2790/2790/1321 2791/2791/1321
f 2789/2789/1322 2791/2791/1322 2792/2792/1322
f 2793/2793/1323 2794/2794/1323 2795/2795/1323
f 2793/2793/1324 2795/2795/1324 2796/2796/1324
f 2797/2797/1325 2798/2798/1325 2799/2799/1325
f 2797/2797/1326 2799/2799/1326 2800/2800/1326
f 2801/2801/1327 2802/2802/1327 2803/2803/1327
f 2801/2801/1328 2803/2803/1328 2804/2804/1328
f 2805/2805/1329 2806/2806/1329 2807/2807/1329
f 2805/2805/1330 2807/2807/1330 2808/2808/1330
f 2809/2809/1331 2810/2810/1331 2811/2811/1331
f 2809/2809/1332 2811/2811/1332 2812/2812/1332
f 2813/2813/1333 2814/2814/1333 2815/2815/1333
f 2813/2813/1334 2815/2815/1334 2816/2816/1334
f 2817/2817/1335 2818/2818/1335 2819/2819/1335
f 2817/2817/1336 2819/2819/1336 2820/2820/1336
f 2821/2821/1337 2822/2822/1337 2823/2823/1337
f 2821/2821/1338 2823/2823/1338 2824/2824/1338
f 2825/2825/1339 2826/2826/1339 2827/2827/1339
f 2825/2825/1340 2827/2827/1340 2828/2828/1340
f 2829/2829/1341 2830/2830/1341 2831/2831/1341
f 2829/2829/1342 2831/2831/1342 2832/2832/1342
f 2833/2833/1343 2834/2834/1343 2835/2835/1343
f 2833/2833/1344 2835/2835/1344 2836/2836/1344
f 2837/2837/1345 2838/2838/1345 2839/2839/1345
f 2837/2837/1346 2839/2839/1346 2840/2840/1346
f 2841/2841/1347 2842/2842/1347 2843/2843/1347
f 2841/2841/1348 2843/2843/1348 2844/2844/1348
f 2845/2845/1349 2846/2846/1349 2847/2847/1349
f 2845/2845/1350 2847/2847/1350 2848/2848/1350
f 2849/2849/1351 2850/2850/1351 2851/2851/1351
f 2849/2849/1352 2851/2851/1352 2852/2852/1352
f 2853/2853/1353 2854/2854/1353 2855/2855/1353
f 2853/2853/1354 2855/2855/1354 2856/2856/1354
f 2857/2857/1355 2858/2858/1355 2859/2859/1355
f 2857/2857/1356 2859/2859/1356 2860/2860/1356
f 2861/2861/1357 2862/2862/1357 2863/2863/1357
f 2861/2861/1358 2863/2863/1358 2864/2864/1358
f 2865/2865/1359 2866/2866/1359 2867/2867/1359
f 2865/2865/1360 2867/2867/1360 2868/2868/1360
f 2869/2869/1361 2870/2870/1361 2871/2871/1361
f 2869/2869/1362 2871/2871/1362 2872/2872/1362
f 2873/2873/1363 2874/2874/1363 2875/2875/1363
f 2873/2873/1364 2875/2875/1364 2876/2876/1364
f 2877/2877/1365 2878/2878/1365 2879/2879/1365
f 2877/2877/1366 2879/2879/1366 2880/2880/1366
f 2881/2881/1367 2882/2882/1367 2883/2883/1367
f 2881/2881/1368 2883/2883/1368 2884/2884/1368
f 2885/2885/1369 2886/2886/1369 2887/2887/1369
f 2885/2885/1370 2887/2887/1370 2888/2888/1370
f 2889/2889/1371 2890/2890/1371 2891/2891/1371
f 2889/2889/1372 2891/2891/1372 2892/2892/1372
f 2893/2893/1373 2894/2894/1373 2895/2895/1373
f 2893/2893/1374 2895/2895/1374 2896/2896/1374
f 2897/2897/1375 2898/2898/1375 2899/2899/1375
f 2897/2897/1376 2899/2899/1376 2900/2900/1376
f 2901/2901/1377 2902/2902/1377 2903/2903/1377
f 2901/2901/1378 2903/2903/1378 2904/2904/1378
f 2905/2905/1379 2906/2906/1379 2907/2907/1379
f 2905/2905/1380 2907/2907/1380 2908/2908/1380
f 2909/2909/1381 2910/2910/1381 2911/2911/1381
f 2909/2909/1382 2911/2911/1382 2912/2912/1382
f 2913/2913/1383 2914/2914/1383 2915/2915/1383
f 2913/2913/1384 2915/2915/1384 2916/2916/1384
f 2917/2917/1385 2918/2918/1385 2919/2919/1385
f 2917/2917/1386 2919/2919/1386 2920/2920/1386
f 2921/2921/1387 2922/2922/1387 2923/2923/1387
f 2921/2921/1388 2923/2923/1388 2924/2924/1388
f 2925/2925/1389 2926/2926/1389 2927/2927/1389
f 2925/2925/1390 2927/2927/1390 2928/2928/1390
f 2929/2929/1391 2930/2930/1391 2931/2931/1391
f 2929/2929/1392 2931/2931/1392 2932/2932/1392
f 2933/2933/1393 2934/2934/1393 2935/2935/1393
f 2933/2933/1394 2935/2935/1394 2936/2936/1394
f 2937/2937/1395 2938/2938/1395 2939/2939/1395
f 2937/2937/1396 2939/2939/1396 2940/2940/1396
f 2941/2941/1397 2942/2942/1397 2943/2943/1397
f 2941/2941/1398 2943/2943/1398 2944/2944/1398
f 2945/2945/1399 2946/2946/1399 2947/2947/1399
f 2945/2945/1400 2947/2947/1400 2948/2948/1400
f 2949/2949/1401 2950/2950/1401 2951/2951/1401
f 2949/2949/1402 2951/2951/1402 2952/2952/1402
f 2953/2953/1403 2954/2954/1403 2955/2955/1403
f 2953/2953/1404 2955/2955/1404 2956/2956/1404
f 2957/2957/1405 2958/2958/1405 2959/2959/1405
f 2957/2957/1406 2959/2959/1406 2960/2960/1406
f 2961/2961/1407 2962/2962/1407 2963/2963/1407
f 2961/2961/1408 2963/2963/1408 2964/2964/1408
f 2965/2965/1409 2966/2966/1409 2967/2967/1409
f 2965/2965/1410 2967/2967/1410 2968/2968/1410
f 2969/2969/1411 2970/2970/1411 2971/2971/1411
f 2969/2969/1412 2971/2971/1412 2972/2972/1412
f 2973/2973/1413 2974/2974/1413 2975/2975/1413
f 2973/2973/1414 2975/2975/1414 2976/2976/1414
f 2977/2977/1415 2978/2978/1415 2979/2979/1415
f 2977/2977/1416 2979/2979/1416 2980/2980/1416
f 2981/2981/1417 2982/2982/1417 2983/2983/1417
f 2981/2981/1418 2983/2983/1418 2984/2984/1418
f 2985/2985/1419 2986/2986/1419 2987/2987/1419
f 2985/2985/1420 2987/2987/1420 2988/2988/1420
f 2989/2989/1421 2990/2990/1421 2991/2991/1421
f 2989/2989/1422 2991/2991/1422 2992/2992/1422
f 2993/2993/1423 2994/2994/1423 2995/2995/1423
f 2993/2993/1424 2995/2995/1424 2996/2996/1424
f 2997/2997/1425 2998/2998/1425 2999/2999/1425
f 2997/2997/1426 2999/2999/1426 3000/3000/1426
f 3001/3001/1427 3002/3002/1427 3003/3003/1427
f 3001/3001/1428 3003/3003/1428 3004/3004/1428
f 3005/3005/1429 3006/3006/1429 3007/3007/1429
f 3005/3005/1430 3007/3007/1430 3008/3008/1430
f 3009/3009/1431 3010/3010/1431 3011/3011/1431
f 3009/3009/1432 3011/3011/1432 3012/3012/1432
f 3013/3013/1433 3014/3014/1433 3015/3015/1433
f 3013/3013/1434 3015/3015/1434 3016/3016/1434
f 3017/3017/1435 3018/3018/1435 3019/3019/1435
f 3017/3017/1436 3019/3019/1436 3020/3020/1436
f 3021/3021/1437 3022/3022/1437 3023/3023/1437
f 3021/3021/1438 3023/3023/1438 3024/3024/1438
f 3025/3025/1439 3026/3026/1439 3027/3027/1439
f 3025/3025/1440 3027/3027/1440 3028/3028/1440
f 3029/3029/1441 3030/3030/1441 3031/3031/1441
f 3029/3029/1442 3031/3031/1442 3032/3032/1442
f 3033/3033/1443 3034/3034/1443 3035/3035/1443
f 3033/3033/1444 3035/3035/1444 3036/3036/1444
f 3037/3037/1445 3038/3038/1445 3039/3039/1445
f 3037/3037/1446 3039/3039/1446 3040/3040/1446
f 3041/3041/1447 3042/3042/1447 3043/3043/1447
f 3041/3041/1448 3043/3043/1448 3044/3044/1448
f 3045/3045/1449 3046/3046/1449 3047/3047/1449
f 3045/3045/1450 3047/3047/1450 3048/3048/1450
f 3049/3049/1451 3050/3050/1451 3051/3051/1451
f 3049/3049/1452 3051/3051/1452 3052/3052/1452
f 3053/3053/1453 3054/3054/1453 3055/3055/1453
f 3053/3053/1454 3055/3055/1454 3056/3056/1454
f 3057/3057/1455 3058/3058/1455 3059/3059/1455
f 3057/3057/1456 3059/3059/1456 3060/3060/1456
f 3061/3061/1457 3062/3062/1457 3063/3063/1457
f 3061/3061/1458 3063/3063/1458 3064/3064/1458
f 3065/3065/1459 3066/3066/1459 3067/3067/1459
f 3065/3065/1460 3067/3067/1460 3068/3068/1460
f 3069/3069/1461 3070/3070/1461 3071/3071/1461
f 3069/3069/1462 3071/3071/1462 3072/3072/1462
f 3073/3073/1463 3074/3074/1463 3075/3075/1463
f 3073/3073/1464 3075/3075/1464 3076/3076/1464
f 3077/3077/1465 3078/3078/1465 3079/3079/1465
f 3077/3077/1466 3079/3079/1466 3080/3080/1466
f 3081/3081/1467 3082/3082/1467 3083/3083/1467
f 3081/3081/1468 3083/3083/1468 3084/3084/1468
f 3085/3085/1469 3086/3086/1469 3087/3087/1469
f 3085/3085/1470 3087/3087/1470 3088/3088/1470
f 3089/3089/1471 3090/3090/1471 3091/3091/1471
f 3089/3089/1472 3091/3091/1472 3092/3092/1472
f 3093/3093/1473 3094/3094/1473 3095/3095/1473
f 3093/3093/1474 3095/3095/1474 3096/3096/1474
f 3097/3097/1475 3098/3098/1475 3099/3099/1475
f 3097/3097/1476 3099/3099/1476 3100/3100/1476
f 3101/3101/1477 3102/3102/1477 3103/3103/1477
f 3101/3101/1478 3103/3103/1478 3104/3104/1478
f 3105/3105/1479 3106/3106/1479 3107/3107/1479
f 3105/3105/1480 3107/3107/1480 3108/3108/1480
f 3109/3109/1481 3110/3110/1481 3111/3111/1481
f 3109/3109/1482 3111/3111/1482 3112/3112/1482
f 3113/3113/1483 3114/3114/1483 3115/3115/1483
f 3113/3113/1484 3115/3115/1484 3116/3116/1484
f 3117/3117/1485 3118/3118/1485 3119/3119/1485
f 3117/3117/1486 3119/3119/1486 3120/3120/1486
f 3121/3121/1487 3122/3122/1487 3123/3123/1487
f 3121/3121/1488 3123/3123/1488 3124/3124/1488
f 3125/3125/1489 3126/3126/1489 3127/3127/1489
f 3125/3125/1490 3127/3127/1490 3128/3128/1490
f 3129/3129/1491 3130/3130/1491 3131/3131/1491
f 3129/3129/1492 3131/3131/1492 3132/3132/1492
f 3133/3133/1493 3134/3134/1493 3135/3135/1493
f 3133/3133/1494 3135/3135/1494 3136/3136/1494
f 3137/3137/1495 3138/3138/1495 3139/3139/1495
f 3137/3137/1496 3139/3139/1496 3140/3140/1496
f 3141/3141/1497 3142/3142/1497 3143/3143/1497
f 3141/3141/1498 3143/3143/1498 3144/3144/1498
f 3145/3145/1499 3146/3146/1499 3147/3147/1499
f 3145/3145/1500 3147/3147/1500 3148/3148/1500
f 3149/3149/1501 3150/3150/1501 3151/3151/1501
f 3149/3149/1502 3151/3151/1502 3152/3152/1502
f 3153/3153/1503 3154/3154/1503 3155/3155/1503
f 3153/3153/1504 3155/3155/1504 3156/3156/1504
f 3157/3157/1505 3158/3158/1505 3159/3159/1505
f 3157/3157/1506 3159/3159/1506 3160/3160/1506
f 3161/3161/1507 3162/3162/1507 3163/3163/1507
f 3161/3161/1508 3163/3163/1508 3164/3164/1508
f 3165/3165/1509 3166/3166/1509 3167/3167/1509
f 3165/3165/1510 3167/3167/1510 3168/3168/1510
f 3169/3169/1511 3170/3170/1511 3171/3171/1511
f 3169/3169/1512 3171/3171/1512 3172/3172/1512
f 3173/3173/1513 3174/3174/1513 3175/3175/1513
f 3173/3173/1514 3175/3175/1514 3176/3176/1514
f 3177/3177/1515 3178/3178/1515 3179/3179/1515
f 3177/3177/1516 3179/3179/1516 3180/3180/1516
f 3181/3181/1517 3182/3182/1517 3183/3183/1517
f 3181/3181/1518 3183/3183/1518 3184/3184/1518
f 3185/3185/1519 3186/3186/1519 3187/3187/1519
f 3185/3185/1520 3187/3187/1520 3188/3188/1520
f 3189/3189/1521 3190/3190/1521 3191/3191/1521
f 3189/3189/1522 3191/3191/1522 3192/3192/1522
f 3193/3193/1523 3194/3194/1523 3195/3195/1523
f 3193/3193/1524 3195/3195/1524 3196/3196/1524
f 3197/3197/1525 3198/3198/1525 3199/3199/1525
f 3197/3197/1526 3199/3199/1526 3200/3200/1526
f 3201/3201/1527 3202/3202/1527 3203/3203/1527
f 3201/3201/1528 3203/3203/1528 3204/3204/1528
f 3205/3205/1529 3206/3206/1529 3207/3207/1529
f 3205/3205/1530 3207/3207/1530 3208/3208/1530
f 3209/3209/1531 3210/3210/1531 3211/3211/1531
f 3209/3209/1532 3211/3211/1532 3212/3212/1532
f 3213/3213/1533 3214/3214/1533 3215/3215/1533
f 3213/3213/1534 3215/3215/1534 3216/3216/1534
f 3217/3217/1535 3218/3218/1535 3219/3219/1535
f 3217/3217/1536 3219/3219/1536 3220/3220/1536
f 3221/3221/1537 3222/3222/1537 3223/3223/1537
f 3221/3221/1538 3223/3223/1538 3224/3224/1538
f 3225/3225/1539 3226/3226/1539 3227/3227/1539
f 3225/3225/1540 3227/3227/1540 3228/3228/1540
f 3229/3229/1541 3230/3230/1541 3231/3231/1541
f 3229/3229/1542 3231/3231/1542 3232/3232/1542
f 3233/3233/1543 3234/3234/1543 3235/3235/1543
f 3233/3233/1544 3235/3235/1544 3236/3236/1544
f 3237/3237/1545 3238/3238/1545 3239/3239/1545
f 3237/3237/1546 3239/3239/1546 3240/3240/1546
f 3241/3241/1547 3242/3242/1547 3243/3243/1547
f 3241/3241/1548 3243/3243/1548 3244/3244/1548
f 3245/3245/1549 3246/3246/1549 3247/3247/1549
f 3245/3245/1550 3247/3247/1550 3248/3248/1550
f 3249/3249/1551 3250/3250/1551 3251/3251/1551
f 3249/3249/1552 3251/3251/1552 3252/3252/1552
f 3253/3253/1553 3254/3254/1553 3255/3255/1553
f 3253/3253/1554 3255/3255/1554 3256/3256/1554
f 3257/3257/1555 3258/3258/1555 3259/3259/1555
f 3257/3257/1556 3259/3259/1556 3260/3260/1556
f 3261/3261/1557 3262/3262/1557 3263/3263/1557
f 3261/3261/1558 3263/3263/1558 3264/3264/1558
f 3265/3265/1559 3266/3266/1559 3267/3267/1559
f 3265/3265/1560 3267/3267/1560 3268/3268/1560
f 3269/3269/1561 3270/3270/1561 3271/3271/1561
f 3269/3269/1562 3271/3271/1562 3272/3272/1562
f 3273/3273/1563 3274/3274/1563 3275/3275/1563
f 3273/3273/1564 3275/3275/1564 3276/3276/1564
f 3277/3277/1565 3278/3278/1565 3279/3279/1565
f 3277/3277/1566 3279/3279/1566 3280/3280/1566
f 3281/3281/1567 3282/3282/1567 3283/3283/1567
f 3281/3281/1568 3283/3283/1568 3284/3284/1568
f 3285/3285/1569 3286/3286/1569 3287/3287/1569
f 3285/3285/1570 3287/3287/1570 3288/3288/1570
f 3289/3289/1571 3290/3290/1571 3291/3291/1571
f 3289/3289/1572 3291/3291/1572 3292/3292/1572
f 3293/3293/1573 3294/3294/1573 3295/3295/1573
f 3293/3293/1574 3295/3295/1574 3296/3296/1574
f 3297/3297/1575 3298/3298/1575 3299/3299/1575
f 3297/3297/1576 3299/3299/1576 3300/3300/1576
f 3301/3301/1577 3302/3302/1577 3303/3303/1577
f 3301/3301/1578 3303/3303/1578 3304/3304/1578
f 3305/3305/1579 3306/3306/1579 3307/3307/1579
f 3305/3305/1580 3307/3307/1580 3308/3308/1580
f 3309/3309/1581 3310/3310/1581 3311/3311/1581
f 3309/3309/1582 3311/3311/1582 3312/3312/1582
f 3313/3313/1583 3314/3314/1583 3315/3315/1583
f 3313/3313/1584 3315/3315/1584 3316/3316/1584
f 3317/3317/1585 3318/3318/1585 3319/3319/1585
f 3317/3317/1586 3319/3319/1586 3320/3320/1586
f 3321/3321/1587 3322/3322/1587 3323/3323/1587
f 3321/3321/1588 3323/3323/1588 3324/3324/1588
f 3325/3325/1589 3326/3326/1589 3327/3327/1589
f 3325/3325/1590 3327/3327/1590 3328/3328/1590
f 3329/3329/1591 3330/3330/1591 3331/3331/1591
f 3329/3329/1592 3331/3331/1592 3332/3332/1592
f 3333/3333/1593 3334/3334/1593 3335/3335/1593
f 3333/3333/1594 3335/3335/1594 3336/3336/1594
f 3337/3337/1595 3338/3338/1595 3339/3339/1595
f 3337/3337/1596 3339/3339/1596 3340/3340/1596
f 3341/3341/1597 3342/3342/1597 3343/3343/1597
f 3341/3341/1598 3343/3343/1598 3344/3344/1598
f 3345/3345/1599 3346/3346/1599 3347/3347/1599
f 3345/3345/1600 3347/3347/1600 3348/3348/1600
f 3349/3349/1601 3350/3350/1601 3351/3351/1601
f 3349/3349/1602 3351/3351/1602 3352/3352/1602
f 3353/3353/1603 3354/3354/1603 3355/3355/1603
f 3353/3353/1604 3355/3355/1604 3356/3356/1604
f 3357/3357/1605 3358/3358/1605 3359/3359/1605
f 3357/3357/1606 3359/3359/1606 3360/3360/1606
f 3361/3361/1607 3362/3362/1607 3363/3363/1607
f 3361/3361/1608 3363/3363/1608 3364/3364/1608
f 3365/3365/1609 3366/3366/1609 3367/3367/1609
f 3365/3365/1610 3367/3367/1610 3368/3368/1610
f 3369/3369/1611 3370/3370/1611 3371/3371/1611
f 3369/3369/1612 3371/3371/1612 3372/3372/1612
f 3373/3373/1613 3374/3374/1613 3375/3375/1613
f 3373/3373/1614 3375/3375/1614 3376/3376/1614
f 3377/3377/1615 3378/3378/1615 3379/3379/1615
f 3377/3377/1616 3379/3379/1616 3380/3380/1616
f 3381/3381/1617 3382/3382/1617 3383/3383/1617
f 3381/3381/1618 3383/3383/1618 3384/3384/1618
f 3385/3385/1619 3386/3386/1619 3387/3387/1619
f 3385/3385/1620 3387/3387/1620 3388/3388/1620
f 3389/3389/1621 3390/3390/1621 3391/3391/1621
f 3389/3389/1622 3391/3391/1622 3392/3392/1622
f 3393/3393/1623 3394/3394/1623 3395/3395/1623
f 3393/3393/1624 3395/3395/1624 3396/3396/1624
f 3397/3397/1625 3398/3398/1625 3399/3399/1625
f 3397/3397/1626 3399/3399/1626 3400/3400/1626
f 3401/3401/1627 3402/3402/1627 3403/3403/1627
f 3401/3401/1628 3403/3403/1628 3404/3404/1628
f 3405/3405/1629 3406/3406/1629 3407/3407/1629
f 3405/3405/1630 3407/3407/1630 3408/3408/1630
f 3409/3409/1631 3410/3410/1631 3411/3411/1631
f 3409/3409/1632 3411/3411/1632 3412/3412/1632
f 3413/3413/1633 3414/3414/1633 3415/3415/1633
f 3413/3413/1634 3415/3415/1634 3416/3416/1634
f 3417/3417/1635 3418/3418/1635 3419/3419/1635
f 3417/3417/1636 3419/3419/1636 3420/3420/1636
f 3421/3421/1637 3422/3422/1637 3423/3423/1637
f 3421/3421/1638 3423/3423/1638 3424/3424/1638
f 3425/3425/1639 3426/3426/1639 3427/3427/1639
f 3425/3425/1640 3427/3427/1640 3428/3428/1640
f 3429/3429/1641 3430/3430/1641 3431/3431/1641
f 3429/3429/1642 3431/3431/1642 3432/3432/1642
f 3433/3433/1643 3434/3434/1643 3435/3435/1643
f 3433/3433/1644 3435/3435/1644 3436/3436/1644
f 3437/3437/1645 3438/3438/1645 3439/3439/1645
f 3437/3437/1646 3439/3439/1646 3440/3440/1646
f 3441/3441/1647 3442/3442/1647 3443/3443/1647
f 3441/3441/1648 3443/3443/1648 3444/3444/1648
f 3445/3445/1649 3446/3446/1649 3447/3447/1649
f 3445/3445/1650 3447/3447/1650 3448/3448/1650
f 3449/3449/1651 3450/3450/1651 3451/3451/1651
f 3449/3449/1652 3451/3451/1652 3452/3452/1652
f 3453/3453/1653 3454/3454/1653 3455/3455/1653
f 3453/3453/1654 3455/3455/1654 3456/3456/1654
f 3457/3457/1655 3458/3458/1655 3459/3459/1655
f 3457/3457/1656 3459/3459/1656 3460/3460/1656
f 3461/3461/1657 3462/3462/1657 3463/3463/1657
f 3461/3461/1658 3463/3463/1658 3464/3464/1658
f 3465/3465/1659 3466/3466/1659 3467/3467/1659
f 3465/3465/1660 3467/3467/1660 3468/3468/1660
f 3469/3469/1661 3470/3470/1661 3471/3471/1661
f 3469/3469/1662 3471/3471/1662 3472/3472/1662
f 3473/3473/1663 3474/3474/1663 3475/3475/1663
f 3473/3473/1664 3475/3475/1664 3476/3476/1664
f 3477/3477/1665 3478/3478/1665 3479/3479/1665
f 3477/3477/1666 3479/3479/1666 3480/3480/1666
f 3481/3481/1667 3482/3482/1667 3483/3483/1667
f 3481/3481/1668 3483/3483/1668 3484/3484/1668
f 3485/3485/1669 3486/3486/1669 3487/3487/1669
f 3485/3485/1670 3487/3487/1670 3488/3488/1670
f 3489/3489/1671 3490/3490/1671 3491/3491/1671
f 3489/3489/1672 3491/3491/1672 3492/3492/1672
f 3493/3493/1673 3494/3494/1673 3495/3495/1673
f 3493/3493/1674 3495/3495/1674 3496/3496/1674
f 3497/3497/1675 3498/3498/1675 3499/3499/1675
f 3497/3497/1676 3499/3499/1676 3500/3500/1676
f 3501/3501/1677 3502/3502/1677 3503/3503/1677
f 3501/3501/1678 3503/3503/1678 3504/3504/1678
f 3505/3505/1679 3506/3506/1679 3507/3507/1679
f 3505/3505/1680 3507/3507/1680 3508/3508/1680
f 3509/3509/1681 3510/3510/1681 3511/3511/1681
f 3509/3509/1682 3511/3511/1682 3512/3512/1682
f 3513/3513/1683 3514/3514/1683 3515/3515/1683
f 3513/3513/1684 3515/3515/1684 3516/3516/1684
f 3517/3517/1685 3518/3518/1685 3519/3519/1685
f 3517/3517/1686 3519/3519/1686 3520/3520/1686
f 3521/3521/1687 3522/3522/1687 3523/3523/1687
f 3521/3521/1688 3523/3523/1688 3524/3524/1688
f 3525/3525/1689 3526/3526/1689 3527/3527/1689
f 3525/3525/1690 3527/3527/1690 3528/3528/1690
f 3529/3529/1691 3530/3530/1691 3531/3531/1691
f 3529/3529/1692 3531/3531/1692 3532/3532/1692
f 3533/3533/1693 3534/3534/1693 3535/3535/1693
f 3533/3533/1694 3535/3535/1694 3536/3536/1694
f 3537/3537/1695 3538/3538/1695 3539/3539/1695
f 3537/3537/1696 3539/3539/1696 3540/3540/1696
f 3541/3541/1697 3542/3542/1697 3543/3543/1697
f 3541/3541/1698 3543/3543/1698 3544/3544/1698
f 3545/3545/1699 3546/3546/1699 3547/3547/1699
f 3545/3545/1700 3547/3547/1700 3548/3548/1700
f 3549/3549/1701 3550/3550/1701 3551/3551/1701
f 3549/3549/1702 3551/3551/1702 3552/3552/1702
f 3553/3553/1703 3554/3554/1703 3555/3555/1703
f 3553/3553/1704 3555/3555/1704 3556/3556/1704
f 3557/3557/1705 3558/3558/1705 3559/3559/1705
f 3557/3557/1706 3559/3559/1706 3560/3560/1706
f 3561/3561/1707 3562/3562/1707 3563/3563/1707
f 3561/3561/1708 3563/3563/1708 3564/3564/1708
f 3565/3565/1709 3566/3566/1709 3567/3567/1709
f 3565/3565/1710 3567/3567/1710 3568/3568/1710
f 3569/3569/1711 3570/3570/1711 3571/3571/1711
f 3569/3569/1712 3571/3571/1712 3572/3572/1712
f 3573/3573/1713 3574/3574/1713 3575/3575/1713
f 3573/3573/1714 3575/3575/1714 3576/3576/1714
f 3577/3577/1715 3578/3578/1715 3579/3579/1715
f 3577/3577/1716 3579/3579/1716 3580/3580/1716
f 3581/3581/1717 3582/3582/1717 3583/3583/1717
f 3581/3581/1718 3583/3583/1718 3584/3584/1718
f 3585/3585/1719 3586/3586/1719 3587/3587/1719
f 3585/3585/1720 3587/3587/1720 3588/3588/1720
f 3589/3589/1721 3590/3590/1721 3591/3591/1721
f 3589/3589/1722 3591/3591/1722 3592/3592/1722
f 3593/3593/1723 3594/3594/1723 3595/3595/1723
f 3593/3593/1724 3595/3595/1724 3596/3596/1724
f 3597/3597/1725 3598/3598/1725 3599/3599/1725
f 3597/3597/1726 3599/3599/1726 3600/3600/1726
f 3601/3601/1727 3602/3602/1727 3603/3603/1727
f 3601/3601/1728 3603/3603/1728 3604/3604/1728
f 3605/3605/1729 3606/3606/1729 3607/3607/1729
f 3605/3605/1730 3607/3607/1730 3608/3608/1730
f 3609/3609/1731 3610/3610/1731 3611/3611/1731
f 3609/3609/1732 3611/3611/1732 3612/3612/1732
f 3613/3613/1733 3614/3614/1733 3615/3615/1733
f 3613/3613/1734 3615/3615/1734 3616/3616/1734
f 3617/3617/1735 3618/3618/1735 3619/3619/1735
f 3617/3617/1736 3619/3619/1736 3620/3620/1736
f 3621/3621/1737 3622/3622/1737 3623/3623/1737
f 3621/3621/1738 3623/3623/1738 3624/3624/1738
f 3625/3625/1739 3626/3626/1739 3627/3627/1739
f 3625/3625/1740 3627/3627/1740 3628/3628/1740
f 3629/3629/1741 3630/3630/1741 3631/3631/1741
f 3629/3629/1742 3631/3631/1742 3632/3632/1742
f 3633/3633/1743 3634/3634/1743 3635/3635/1743
f 3633/3633/1744 3635/3635/1744 3636/3636/1744
f 3637/3637/1745 3638/3638/1745 3639/3639/1745
f 3637/3637/1746 3639/3639/1746 3640/3640/1746
f 3641/3641/1747 3642/3642/1747 3643/3643/1747
f 3641/3641/1748 3643/3643/1748 3644/3644/1748
f 3645/3645/1749 3646/3646/1749 3647/3647/1749
f 3645/3645/1750 3647/3647/1750 3648/3648/1750
f 3649/3649/1751 3650/3650/1751 3651/3651/1751
f 3649/3649/1752 3651/3651/1752 3652/3652/1752
f 3653/3653/1753 3654/3654/1753 3655/3655/1753
f 3653/3653/1754 3655/3655/1754 3656/3656/1754
f 3657/3657/1755 3658/3658/1755 3659/3659/1755
f 3657/3657/1756 3659/3659/1756 3660/3660/1756
f 3661/3661/1757 3662/3662/1757 3663/3663/1757
f 3661/3661/1758 3663/3663/1758 3664/3664/1758
f 3665/3665/1759 3666/3666/1759 3667/3667/1759
f 3665/3665/1760 3667/3667/1760 3668/3668/1760
f 3669/3669/1761 3670/3670/1761 3671/3671/1761
f 3669/3669/1762 3671/3671/1762 3672/3672/1762
f 3673/3673/1763 3674/3674/1763 3675/3675/1763
f 3673/3673/1764 3675/3675/1764 3676/3676/1764
f 3677/3677/1765 3678/3678/1765 3679/3679/1765
f 3677/3677/1766 3679/3679/1766 3680/3680/1766
f 3681/3681/1767 3682/3682/1767 3683/3683/1767
f 3681/3681/1768 3683/3683/1768 3684/3684/1768
f 3685/3685/1769 3686/3686/1769 3687/3687/1769
f 3685/3685/1770 3687/3687/1770 3688/3688/1770
f 3689/3689/1771 3690/3690/1771 3691/3691/1771
f 3689/3689/1772 3691/3691/1772 3692/3692/1772
f 3693/3693/1773 3694/3694/1773 3695/3695/1773
f 3693/3693/1774 3695/3695/1774 3696/3696/1774
f 3697/3697/1775 3698/3698/1775 3699/3699/1775
f 3697/3697/1776 3699/3699/1776 3700/3700/1776
f 3701/3701/1777 3702/3702/1777 3703/3703/1777
f 3701/3701/1778 3703/3703/1778 3704/3704/1778
f 3705/3705/1779 3706/3706/1779 3707/3707/1779
f 3705/3705/1780 3707/3707/1780 3708/3708/1780
f 3709/3709/1781 3710/3710/1781 3711/3711/1781
f 3709/3709/1782 3711/3711/1782 3712/3712/1782
f 3713/3713/1783 3714/3714/1783 3715/3715/1783
f 3713/3713/1784 3715/3715/1784 3716/3716/1784
f 3717/3717/1785 3718/3718/1785 3719/3719/1785
f 3717/3717/1786 3719/3719/1786 3720/3720/1786
f 3721/3721/1787 3722/3722/1787 3723/3723/1787
f 3721/3721/1788 3723/3723/1788 3724/3724/1788
f 3725/3725/1789 3726/3726/1789 3727/3727/1789
f 3725/3725/1790 3727/3727/1790 3728/3728/1790
f 3729/3729/1791 3730/3730/1791 3731/3731/1791
f 3729/3729/1792 3731/3731/1792 3732/3732/1792
f 3733/3733/1793 3734/3734/1793 3735/3735/1793
f 3733/3733/1794 3735/3735/1794 3736/3736/1794
f 3737/3737/1795 3738/3738/1795 3739/3739/1795
f 3737/3737/1796 3739/3739/1796 3740/3740/1796
f 3741/3741/1797 3742/3742/1797 3743/3743/1797
f 3741/3741/1798 3743/3743/1798 3744/3744/1798
f 3745/3745/1799 3746/3746/1799 3747/3747/1799
f 3745/3745/1800 3747/3747/1800 3748/3748/1800
f 3749/3749/1801 3750/3750/1801 3751/3751/1801
f 3749/3749/1802 3751/3751/1802 3752/3752/1802
f 3753/3753/1803 3754/3754/1803 3755/3755/1803
f 3753/3753/1804 3755/3755/1804 3756/3756/1804
f 3757/3757/1805 3758/3758/1805 3759/3759/1805
f 3757/3757/1806 3759/3759/1806 3760/3760/1806
f 3761/3761/1807 3762/3762/1807 3763/3763/1807
f 3761/3761/1808 3763/3763/1808 3764/3764/1808
f 3765/3765/1809 3766/3766/1809 3767/3767/1809
f 3765/3765/1810 3767/3767/1810 3768/3768/1810
f 3769/3769/1811 3770/3770/1811 3771/3771/1811
f 3769/3769/1812 3771/3771/1812 3772/3772/1812
f 3773/3773/1813 3774/3774/1813 3775/3775/1813
f 3773/3773/1814 3775/3775/1814 3776/3776/1814
f 3777/3777/1815 3778/3778/1815 3779/3779/1815
f 3777/3777/1816 3779/3779/1816 3780/3780/1816
f 3781/3781/1817 3782/3782/1817 3783/3783/1817
f 3781/3781/1818 3783/3783/1818 3784/3784/1818
f 3785/3785/1819 3786/3786/1819 3787/3787/1819
f 3785/3785/1820 3787/3787/1820 3788/3788/1820
f 3789/3789/1821 3790/3790/1821 3791/3791/1821
f 3789/3789/1822 3791/3791/1822 3792/3792/1822
f 3793/3793/1823 3794/3794/1823 3795/3795/1823
f 3793/3793/1824 3795/3795/1824 3796/3796/1824
f 3797/3797/1825 3798/3798/1825 3799/3799/1825
f 3797/3797/1826 3799/3799/1826 3800/3800/1826
f 3801/3801/1827 3802/3802/1827 3803/3803/1827
f 3801/3801/1828 3803/3803/1828 3804/3804/1828
f 3805/3805/1829 3806/3806/1829 3807/3807/1829
f 3805/3805/1830 3807/3807/1830 3808/3808/1830
f 3809/3809/1831 3810/3810/1831 3811/3811/1831
f 3809/3809/1832 3811/3811/1832 3812/3812/1832
f 3813/3813/1833 3814/3814/1833 3815/3815/1833
f 3813/3813/1834 3815/3815/1834 3816/3816/1834
f 3817/3817/1835 3818/3818/1835 3819/3819/1835
f 3817/3817/1836 3819/3819/1836 3820/3820/1836
f 3821/3821/1837 3822/3822/1837 3823/3823/1837
f 3821/3821/1838 3823/3823/1838 3824/3824/1838
f 3825/3825/1839 3826/3826/1839 3827/3827/1839
f 3825/3825/1840 3827/3827/1840 3828/3828/1840
f 3829/3829/1841 3830/3830/1841 3831/3831/1841
f 3829/3829/1842 3831/3831/1842 3832/3832/1842
f 3833/3833/1843 3834/3834/1843 3835/3835/1843
f 3833/3833/1844 3835/3835/1844 3836/3836/1844
f 3837/3837/1845 3838/3838/1845 3839/3839/1845
f 3837/3837/1846 3839/3839/1846 3840/3840/1846
f 3841/3841/1847 3842/3842/1847 3843/3843/1847
f 3841/3841/1848 3843/3843/1848 3844/3844/1848
f 3845/3845/1849 3846/3846/1849 3847/3847/1849
f 3845/3845/1850 3847/3847/1850 3848/3848/1850
f 3849/3849/1851 3850/3850/1851 3851/3851/1851
f 3849/3849/1852 3851/3851/1852 3852/3852/1852
f 3853/3853/1853 3854/3854/1853 3855/3855/1853
f 3853/3853/1854 3855/3855/1854 3856/3856/1854
f 3857/3857/1855 3858/3858/1855 3859/3859/1855
f 3857/3857/1856 3859/3859/1856 3860/3860/1856
f 3861/3861/1857 3862/3862/1857 3863/3863/1857
f 3861/3861/1858 3863/3863/1858 3864/3864/1858
f 3865/3865/1859 3866/3866/1859 3867/3867/1859
f 3865/3865/1860 3867/3867/1860 3868/3868/1860
f 3869/3869/1861 3870/3870/1861 3871/3871/1861
f 3869/3869/1862 3871/3871/1862 3872/3872/1862
f 3873/3873/1863 3874/3874/1863 3875/3875/1863
f 3873/3873/1864 3875/3875/1864 3876/3876/1864
f 3877/3877/1865 3878/3878/1865 3879/3879/1865
f 3877/3877/1866 3879/3879/1866 3880/3880/1866
f 3881/3881/1867 3882/3882/1867 3883/3883/1867
f 3881/3881/1868 3883/3883/1868 3884/3884/1868
f 3885/3885/1869 3886/3886/1869 3887/3887/1869
f 3885/3885/1870 3887/3887/1870 3888/3888/1870
f 3889/3889/1871 3890/3890/1871 3891/3891/1871
f 3889/3889/1872 3891/3891/1872 3892/3892/1872
f 3893/3893/1873 3894/3894/1873 3895/3895/1873
f 3893/3893/1874 3895/3895/1874 3896/3896/1874
f 3897/3897/1875 3898/3898/1875 3899/3899/1875
f 3897/3897/1876 3899/3899/1876 3900/3900/1876
f 3901/3901/1877 3902/3902/1877 3903/3903/1877
f 3901/3901/1878 3903/3903/1878 3904/3904/1878
f 3905/3905/1879 3906/3906/1879 3907/3907/1879
f 3905/3905/1880 3907/3907/1880 3908/3908/1880
f 3909/3909/1881 3910/3910/1881 3911/3911/1881
f 3909/3909/1882 3911/3911/1882 3912/3912/1882
f 3913/3913/1883 3914/3914/1883 3915/3915/1883
f 3913/3913/1884 3915/3915/1884 3916/3916/1884
f 3917/3917/1885 3918/3918/1885 3919/3919/1885
f 3917/3917/1886 3919/3919/1886 3920/3920/1886
f 3921/3921/1887 3922/3922/1887 3923/3923/1887
f 3921/3921/1888 3923/3923/1888 3924/3924/1888
f 3925/3925/1889 3926/3926/1889 3927/3927/1889
f 3925/3925/1890 3927/3927/1890 3928/3928/1890
f 3929/3929/1891 3930/3930/1891 3931/3931/1891
f 3929/3929/1892 3931/3931/1892 3932/3932/1892
f 3933/3933/1893 3934/3934/1893 3935/3935/1893
f 3933/3933/1894 3935/3935/1894 3936/3936/1894
f 3937/3937/1895 3938/3938/1895 3939/3939/1895
f 3937/3937/1896 3939/3939/1896 3940/3940/1896
f 3941/3941/1897 3942/3942/1897 3943/3943/1897
f 3941/3941/1898 3943/3943/1898 3944/3944/1898
f 3945/3945/1899 3946/3946/1899 3947/3947/1899
f 3945/3945/1900 3947/3947/1900 3948/3948/1900
f 3949/3949/1901 3950/3950/1901 3951/3951/1901
f 3949/3949/1902 3951/3951/1902 3952/3952/1902
f 3953/3953/1903 3954/3954/1903 3955/3955/1903
f 3953/3953/1904 3955/3955/1904 3956/3956/1904
f 3957/3957/1905 3958/3958/1905 3959/3959/1905
f 3957/3957/1906 3959/3959/1906 3960/3960/1906
f 3961/3961/1907 3962/3962/1907 3963/3963/1907
f 3961/3961/1908 3963/3963/1908 3964/3964/1908
f 3965/3965/1909 3966/3966/1909 3967/3967/1909
f 3965/3965/1910 3967/3967/1910 3968/3968/1910
f 3969/3969/1911 3970/3970/1911 3971/3971/1911
f 3969/3969/1912 3971/3971/1912 3972/3972/1912
f 3973/3973/1913 3974/3974/1913 3975/3975/1913
f 3973/3973/1914 3975/3975/1914 3976/3976/1914
f 3977/3977/1915 3978/3978/1915 3979/3979/1915
f 3977/3977/1916 3979/3979/1916 3980/3980/1916
f 3981/3981/1917 3982/3982/1917 3983/3983/1917
f 3981/3981/1918 3983/3983/1918 3984/3984/1918
f 3985/3985/1919 3986/3986/1919 3987/3987/1919
f 3985/3985/1920 3987/3987/1920 3988/3988/1920
f 3989/3989/1921 3990/3990/1921 3991/3991/1921
f 3989/3989/1922 3991/3991/1922 3992/3992/1922
f 3993/3993/1923 3994/3994/1923 3995/3995/1923
f 3993/3993/1924 3995/3995/1924 3996/3996/1924
f 3997/3997/1925 3998/3998/1925 3999/3999/1925
f 3997/3997/1926 3999/3999/1926 4000/4000/1926
f 4001/4001/1927 4002/4002/1927 4003/4003/1927
f 4001/4001/1928 4003/4003/1928 4004/4004/1928
f 4005/4005/1929 4006/4006/1929 4007/4007/1929
f 4005/4005/1930 4007/4007/1930 4008/4008/1930
f 4009/4009/1931 4010/4010/1931 4011/4011/1931
f 4009/4009/1932 4011/4011/1932 4012/4012/1932
f 4013/4013/1933 4014/4014/1933 4015/4015/1933
f 4013/4013/1934 4015/4015/1934 4016/4016/1934
f 4017/4017/1935 4018/4018/1935 4019/4019/1935
f 4017/4017/1936 4019/4019/1936 4020/4020/1936
f 4021/4021/1937 4022/4022/1937 4023/4023/1937
f 4021/4021/1938 4023/4023/1938 4024/4024/1938
f 4025/4025/1939 4026/4026/1939 4027/4027/1939
f 4025/4025/1940 4027/4027/1940 4028/4028/1940
f 4029/4029/1941 4030/4030/1941 4031/4031/1941
f 4029/4029/1942 4031/4031/1942 4032/4032/1942
f 4033/4033/1943 4034/4034/1943 4035/4035/1943
f 4033/4033/1944 4035/4035/1944 4036/4036/1944
f 4037/4037/1945 4038/4038/1945 4039/4039/1945
f 4037/4037/1946 4039/4039/1946 4040/4040/1946
f 4041/4041/1947 4042/4042/1947 4043/4043/1947
f 4041/4041/1948 4043/4043/1948 4044/4044/1948
f 4045/4045/1949 4046/4046/1949 4047/4047/1949
f 4045/4045/1950 4047/4047/1950 4048/4048/1950
f 4049/4049/1951 4050/4050/1951 4051/4051/1951
f 4049/4049/1952 4051/4051/1952 4052/4052/1952
f 4053/4053/1953 4054/4054/1953 4055/4055/1953
f 4053/4053/1954 4055/4055/1954 4056/4056/1954
f 4057/4057/1955 4058/4058/1955 4059/4059/1955
f 4057/4057/1956 4059/4059/1956 4060/4060/1956
f 4061/4061/1957 4062/4062/1957 4063/4063/1957
f 4061/4061/1958 4063/4063/1958 4064/4064/1958
f 4065/4065/1959 4066/4066/1959 4067/4067/1959
f 4065/4065/1960 4067/4067/1960 4068/4068/1960
f 4069/4069/1961 4070/4070/1961 4071/4071/1961
f 4069/4069/1962 4071/4071/1962 4072/4072/1962
f 4073/4073/1963 4074/4074/1963 4075/4075/1963
f 4073/4073/1964 4075/4075/1964 4076/4076/1964
f 4077/4077/1965 4078/4078/1965 4079/4079/1965
f 4077/4077/1966 4079/4079/1966 4080/4080/1966
f 4081/4081/1967 4082/4082/1967 4083/4083/1967
f 4081/4081/1968 4083/4083/1968 4084/4084/1968
f 4085/4085/1969 4086/4086/1969 4087/4087/1969
f 4085/4085/1970 4087/4087/1970 4088/4088/1970
f 4089/4089/1971 4090/4090/1971 4091/4091/1971
f 4089/4089/1972 4091/4091/1972 4092/4092/1972
f 4093/4093/1973 4094/4094/1973 4095/4095/1973
f 4093/4093/1974 4095/4095/1974 4096/4096/1974
f 4097/4097/1975 4098/4098/1975 4099/4099/1975
f 4097/4097/1976 4099/4099/1976 4100/4100/1976
f 4101/4101/1977 4102/4102/1977 4103/4103/1977
f 4101/4101/1978 4103/4103/1978 4104/4104/1978
f 4105/4105/1979 4106/4106/1979 4107/4107/1979
f 4105/4105/1980 4107/4107/1980 4108/4108/1980
f 4109/4109/1981 4110/4110/1981 4111/4111/1981
f 4109/4109/1982 4111/4111/1982 4112/4112/1982
f 4113/4113/1983 4114/4114/1983 4115/4115/1983
f 4113/4113/1984 4115/4115/1984 4116/4116/1984
f 4117/4117/1985 4118/4118/1985 4119/4119/1985
f 4117/4117/1986 4119/4119/1986 4120/4120/1986
f 4121/4121/1987 4122/4122/1987 4123/4123/1987
f 4121/4121/1988 4123/4123/1988 4124/4124/1988
f 4125/4125/1989 4126/4126/1989 4127/4127/1989
f 4125/4125/1990 4127/4127/1990 4128/4128/1990
f 4129/4129/1991 4130/4130/1991 4131/4131/1991
f 4129/4129/1992 4131/4131/1992 4132/4132/1992
f 4133/4133/1993 4134/4134/1993 4135/4135/1993
f 4133/4133/1994 4135/4135/1994 4136/4136/1994
f 4137/4137/1995 4138/4138/1995 4139/4139/1995
f 4137/4137/1996 4139/4139/1996 4140/4140/1996
f 4141/4141/1997 4142/4142/1997 4143/4143/1997
f 4141/4141/1998 4143/4143/1998 4144/4144/1998
f 4145/4145/1999 4146/4146/1999 4147/4147/1999
f 4145/4145/2000 4147/4147/2000 4148/4148/2000
f 4149/4149/2001 4150/4150/2001 4151/4151/2001
f 4149/4149/2002 4151/4151/2002 4152/4152/2002
f 4153/4153/2003 4154/4154/2003 4155/4155/2003
f 4153/4153/2004 4155/4155/2004 4156/4156/2004
f 4157/4157/2005 4158/4158/2005 4159/4159/2005
f 4157/4157/2006 4159/4159/2006 4160/4160/2006
f 4161/4161/2007 4162/4162/2007 4163/4163/2007
f 4161/4161/2008 4163/4163/2008 4164/4164/2008
f 4165/4165/2009 4166/4166/2009 4167/4167/2009
f 4165/4165/2010 4167/4167/2010 4168/4168/2010
f 4169/4169/2011 4170/4170/2011 4171/4171/2011
f 4169/4169/2012 4171/4171/2012 4172/4172/2012
f 4173/4173/2013 4174/4174/2013 4175/4175/2013
f 4173/4173/2014 4175/4175/2014 4176/4176/2014
f 4177/4177/2015 4178/4178/2015 4179/4179/2015
f 4177/4177/2016 4179/4179/2016 4180/4180/2016
f 4181/4181/2017 4182/4182/2017 4183/4183/2017
f 4181/4181/2018 4183/4183/2018 4184/4184/2018
f 4185/4185/2019 4186/4186/2019 4187/4187/2019
f 4185/4185/2020 4187/4187/2020 4188/4188/2020
f 4189/4189/2021 4190/4190/2021 4191/4191/2021
f 4189/4189/2022 4191/4191/2022 4192/4192/2022
f 4193/4193/2023 4194/4194/2023 4195/4195/2023
f 4193/4193/2024 4195/4195/2024 4196/4196/2024
f 4197/4197/2025 4198/4198/2025 4199/4199/2025
f 4197/4197/2026 4199/4199/2026 4200/4200/2026
f 4201/4201/2027 4202/4202/2027 4203/4203/2027
f 4201/4201/2028 4203/4203/2028 4204/4204/2028
f 4205/4205/2029 4206/4206/2029 4207/4207/2029
f 4205/4205/2030 4207/4207/2030 4208/4208/2030
f 4209/4209/2031 4210/4210/2031 4211/4211/2031
f 4209/4209/2032 4211/4211/2032 4212/4212/2032
f 4213/4213/2033 4214/4214/2033 4215/4215/2033
f 4213/4213/2034 4215/4215/2034 4216/4216/2034
f 4217/4217/2035 4218/4218/2035 4219/4219/2035
f 4217/4217/2036 4219/4219/2036 4220/4220/2036
f 4221/4221/2037 4222/4222/2037 4223/4223/2037
f 4221/4221/2038 4223/4223/2038 4224/4224/2038
f 4225/4225/2039 4226/4226/2039 4227/4227/2039
f 4225/4225/2040 4227/4227/2040 4228/4228/2040
f 4229/4229/2041 4230/4230/2041 4231/4231/2041
f 4229/4229/2042 4231/4231/2042 4232/4232/2042
f 4233/4233/2043 4234/4234/2043 4235/4235/2043
f 4233/4233/2044 4235/4235/2044 4236/4236/2044
f 4237/4237/2045 4238/4238/2045 4239/4239/2045
f 4237/4237/2046 4239/4239/2046 4240/4240/2046
f 4241/4241/2047 4242/4242/2047 4243/4243/2047
f 4241/4241/2048 4243/4243/2048 4244/4244/2048
f 4245/4245/2049 4246/4246/2049 4247/4247/2049
f 4245/4245/2050 4247/4247/2050 4248/4248/2050
f 4249/4249/2051 4250/4250/2051 4251/4251/2051
f 4249/4249/2052 4251/4251/2052 4252/4252/2052
f 4253/4253/2053 4254/4254/2053 4255/4255/2053
f 4253/4253/2054 4255/4255/2054 4256/4256/2054
f 4257/4257/2055 4258/4258/2055 4259/4259/2055
f 4257/4257/2056 4259/4259/2056 4260/4260/2056
f 4261/4261/2057 4262/4262/2057 4263/4263/2057
f 4261/4261/2058 4263/4263/2058 4264/4264/2058
f 4265/4265/2059 4266/4266/2059 4267/4267/2059
f 4265/4265/2060 4267/4267/2060 4268/4268/2060
f 4269/4269/2061 4270/4270/2061 4271/4271/2061
f 4269/4269/2062 4271/4271/2062 4272/4272/2062
f 4273/4273/2063 4274/4274/2063 4275/4275/2063
f 4273/4273/2064 4275/4275/2064 4276/4276/2064
f 4277/4277/2065 4278/4278/2065 4279/4279/2065
f 4277/4277/2066 4279/4279/2066 4280/4280/2066
f 4281/4281/2067 4282/4282/2067 4283/4283/2067
f 4281/4281/2068 4283/4283/2068 4284/4284/2068
f 4285/4285/2069 4286/4286/2069 4287/4287/2069
f 4285/4285/2070 4287/4287/2070 4288/4288/2070
f 4289/4289/2071 4290/4290/2071 4291/4291/2071
f 4289/4289/2072 4291/4291/2072 4292/4292/2072
f 4293/4293/2073 4294/4294/2073 4295/4295/2073
f 4293/4293/2074 4295/4295/2074 4296/4296/2074
f 4297/4297/2075 4298/4298/2075 4299/4299/2075
f 4297/4297/2076 4299/4299/2076 4300/4300/2076
f 4301/4301/2077 4302/4302/2077 4303/4303/2077
f 4301/4301/2078 4303/4303/2078 4304/4304/2078
f 4305/4305/2079 4306/4306/2079 4307/4307/2079
f 4305/4305/2080 4307/4307/2080 4308/4308/2080
f 4309/4309/2081 4310/4310/2081 4311/4311/2081
f 4309/4309/2082 4311/4311/2082 4312/4312/2082
f 4313/4313/2083 4314/4314/2083 4315/4315/2083
f 4313/4313/2084 4315/4315/2084 4316/4316/2084
f 4317/4317/2085 4318/4318/2085 4319/4319/2085
f 4317/4317/2086 4319/4319/2086 4320/4320/2086
f 4321/4321/2087 4322/4322/2087 4323/4323/2087
f 4321/4321/2088 4323/4323/2088 4324/4324/2088
f 4325/4325/2089 4326/4326/2089 4327/4327/2089
f 4325/4325/2090 4327/4327/2090 4328/4328/2090
f 4329/4329/2091 4330/4330/2091 4331/4331/2091
f 4329/4329/2092 4331/4331/2092 4332/4332/2092
f 4333/4333/2093 4334/4334/2093 4335/4335/2093
f 4333/4333/2094 4335/4335/2094 4336/4336/2094
f 4337/4337/2095 4338/4338/2095 4339/4339/2095
f 4337/4337/2096 4339/4339/2096 4340/4340/2096
f 4341/4341/2097 4342/4342/2097 4343/4343/2097
f 4341/4341/2098 4343/4343/2098 4344/4344/2098
f 4345/4345/2099 4346/4346/2099 4347/4347/2099
f 4345/4345/2100 4347/4347/2100 4348/4348/2100
f 4349/4349/2101 4350/4350/2101 4351/4351/2101
f 4349/4349/2102 4351/4351/2102 4352/4352/2102
f 4353/4353/2103 4354/4354/2103 4355/4355/2103
f 4353/4353/2104 4355/4355/2104 4356/4356/2104
f 4357/4357/2105 4358/4358/2105 4359/4359/2105
f 4357/4357/2106 4359/4359/2106 4360/4360/2106
f 4361/4361/2107 4362/4362/2107 4363/4363/2107
f 4361/4361/2108 4363/4363/2108 4364/4364/2108
f 4365/4365/2109 4366/4366/2109 4367/4367/2109
f 4365/4365/2110 4367/4367/2110 4368/4368/2110
f 4369/4369/2111 4370/4370/2111 4371/4371/2111
f 4369/4369/2112 4371/4371/2112 4372/4372/2112
f 4373/4373/2113 4374/4374/2113 4375/4375/2113
f 4373/4373/2114 4375/4375/2114 4376/4376/2114
f 4377/4377/2115 4378/4378/2115 4379/4379/2115
f 4377/4377/2116 4379/4379/2116 4380/4380/2116
f 4381/4381/2117 4382/4382/2117 4383/4383/2117
f 4381/4381/2118 4383/4383/2118 4384/4384/2118
f 4385/4385/2119 4386/4386/2119 4387/4387/2119
f 4385/4385/2120 4387/4387/2120 4388/4388/2120
f 4389/4389/2121 4390/4390/2121 4391/4391/2121
f 4389/4389/2122 4391/4391/2122 4392/4392/2122
f 4393/4393/2123 4394/4394/2123 4395/4395/2123
f 4393/4393/2124 4395/4395/2124 4396/4396/2124
f 4397/4397/2125 4398/4398/2125 4399/4399/2125
f 4397/4397/2126 4399/4399/2126 4400/4400/2126
f 4401/4401/2127 4402/4402/2127 4403/4403/2127
f 4401/4401/2128 4403/4403/2128 4404/4404/2128
f 4405/4405/2129 4406/4406/2129 4407/4407/2129
f 4405/4405/2130 4407/4407/2130 4408/4408/2130
f 4409/4409/2131 4410/4410/2131 4411/4411/2131
f 4409/4409/2132 4411/4411/2132 4412/4412/2132
f 4413/4413/2133 4414/4414/2133 4415/4415/2133
f 4413/4413/2134 4415/4415/2134 4416/4416/2134
f 4417/4417/2135 4418/4418/2135 4419/4419/2135
f 4417/4417/2136 4419/4419/2136 4420/4420/2136
f 4421/4421/2137 4422/4422/2137 4423/4423/2137
f 4421/4421/2138 4423/4423/2138 4424/4424/2138
f 4425/4425/2139 4426/4426/2139 4427/4427/2139
f 4425/4425/2140 4427/4427/2140 4428/4428/2140
f 4429/4429/2141 4430/4430/2141 4431/4431/2141
f 4429/4429/2142 4431/4431/2142 4432/4432/2142
f 4433/4433/2143 4434/4434/2143 4435/4435/2143
f 4433/4433/2144 4435/4435/2144 4436/4436/2144
f 4437/4437/2145 4438/4438/2145 4439/4439/2145
f 4437/4437/2146 4439/4439/2146 4440/4440/2146
f 4441/4441/2147 4442/4442/2147 4443/4443/2147
f 4441/4441/2148 4443/4443/2148 4444/4444/2148
f 4445/4445/2149 4446/4446/2149 4447/4447/2149
f 4445/4445/2150 4447/4447/2150 4448/4448/2150
f 4449/4449/2151 4450/4450/2151 4451/4451/2151
f 4449/4449/2152 4451/4451/2152 4452/4452/2152
f 4453/4453/2153 4454/4454/2153 4455/4455/2153
f 4453/4453/2154 4455/4455/2154 4456/4456/2154
f 4457/4457/2155 4458/4458/2155 4459/4459/2155
f 4457/4457/2156 4459/4459/2156 4460/4460/2156
f 4461/4461/2157 4462/4462/2157 4463/4463/2157
f 4461/4461/2158 4463/4463/2158 4464/4464/2158
f 4465/4465/2159 4466/4466/2159 4467/4467/2159
f 4465/4465/2160 4467/4467/2160 4468/4468/2160
f 4469/4469/2161 4470/4470/2161 4471/4471/2161
f 4469/4469/2162 4471/4471/2162 4472/4472/2162
f 4473/4473/2163 4474/4474/2163 4475/4475/2163
f 4473/4473/2164 4475/4475/2164 4476/4476/2164
f 4477/4477/2165 4478/4478/2165 4479/4479/2165
f 4477/4477/2166 4479/4479/2166 4480/4480/2166
f 4481/4481/2167 4482/4482/2167 4483/4483/2167
f 4481/4481/2168 4483/4483/2168 4484/4484/2168
f 4485/4485/2169 4486/4486/2169 4487/4487/2169
f 4485/4485/2170 4487/4487/2170 4488/4488/2170
f 4489/4489/2171 4490/4490/2171 4491/4491/2171
f 4489/4489/2172 4491/4491/2172 4492/4492/2172
f 4493/4493/2173 4494/4494/2173 4495/4495/2173
f 4493/4493/2174 4495/4495/2174 4496/4496/2174
f 4497/4497/2175 4498/4498/2175 4499/4499/2175
f 4497/4497/2176 4499/4499/2176 4500/4500/2176
f 4501/4501/2177 4502/4502/2177 4503/4503/2177
f 4501/4501/2178 4503/4503/2178 4504/4504/2178
f 4505/4505/2179 4506/4506/2179 4507/4507/2179
f 4505/4505/2180 4507/4507/2180 4508/4508/2180
f 4509/4509/2181 4510/4510/2181 4511/4511/2181
f 4509/4509/2182 4511/4511/2182 4512/4512/2182
f 4513/4513/2183 4514/4514/2183 4515/4515/2183
f 4513/4513/2184 4515/4515/2184 4516/4516/2184
f 4517/4517/2185 4518/4518/2185 4519/4519/2185
f 4517/4517/2186 4519/4519/2186 4520/4520/2186
f 4521/4521/2187 4522/4522/2187 4523/4523/2187
f 4521/4521/2188 4523/4523/2188 4524/4524/2188
f 4525/4525/2189 4526/4526/2189 4527/4527/2189
f 4525/4525/2190 4527/4527/2190 4528/4528/2190
f 4529/4529/2191 4530/4530/2191 4531/4531/2191
f 4529/4529/2192 4531/4531/2192 4532/4532/2192
f 4533/4533/2193 4534/4534/2193 4535/4535/2193
f 4533/4533/2194 4535/4535/2194 4536/4536/2194
f 4537/4537/2195 4538/4538/2195 4539/4539/2195
f 4537/4537/2196 4539/4539/2196 4540/4540/2196
f 4541/4541/2197 4542/4542/2197 4543/4543/2197
f 4541/4541/2198 4543/4543/2198 4544/4544/2198
f 4545/4545/2199 4546/4546/2199 4547/4547/2199
f 4545/4545/2200 4547/4547/2200 4548/4548/2200
f 4549/4549/2201 4550/4550/2201 4551/4551/2201
f 4549/4549/2202 4551/4551/2202 4552/4552/2202
f 4553/4553/2203 4554/4554/2203 4555/4555/2203
f 4553/4553/2204 4555/4555/2204 4556/4556/2204
f 4557/4557/2205 4558/4558/2205 4559/4559/2205
f 4557/4557/2206 4559/4559/2206 4560/4560/2206
f 4561/4561/2207 4562/4562/2207 4563/4563/2207
f 4561/4561/2208 4563/4563/2208 4564/4564/2208
f 4565/4565/2209 4566/4566/2209 4567/4567/2209
f 4565/4565/2210 4567/4567/2210 4568/4568/2210
f 4569/4569/2211 4570/4570/2211 4571/4571/2211
f 4569/4569/2212 4571/4571/2212 4572/4572/2212
f 4573/4573/2213 4574/4574/2213 4575/4575/2213
f 4573/4573/2214 4575/4575/2214 4576/4576/2214
f 4577/4577/2215 4578/4578/2215 4579/4579/2215
f 4577/4577/2216 4579/4579/2216 4580/4580/2216
f 4581/4581/2217 4582/4582/2217 4583/4583/2217
f 4581/4581/2218 4583/4583/2218 4584/4584/2218
f 4585/4585/2219 4586/4586/2219 4587/4587/2219
f 4585/4585/2220 4587/4587/2220 4588/4588/2220
f 4589/4589/2221 4590/4590/2221 4591/4591/2221
f 4589/4589/2222 4591/4591/2222 4592/4592/2222
f 4593/4593/2223 4594/4594/2223 4595/4595/2223
f 4593/4593/2224 4595/4595/2224 4596/4596/2224
f 4597/4597/2225 4598/4598/2225 4599/4599/2225
f 4597/4597/2226 4599/4599/2226 4600/4600/2226
f 4601/4601/2227 4602/4602/2227 4603/4603/2227
f 4601/4601/2228 4603/4603/2228 4604/4604/2228
f 4605/4605/2229 4606/4606/2229 4607/4607/2229
f 4605/4605/2230 4607/4607/2230 4608/4608/2230
f 4609/4609/2231 4610/4610/2231 4611/4611/2231
f 4609/4609/2232 4611/4611/2232 4612/4612/2232
f 4613/4613/2233 4614/4614/2233 4615/4615/2233
f 4613/4613/2234 4615/4615/2234 4616/4616/2234
f 4617/4617/2235 4618/4618/2235 4619/4619/2235
f 4617/4617/2236 4619/4619/2236 4620/4620/2236
f 4621/4621/2237 4622/4622/2237 4623/4623/2237
f 4621/4621/2238 4623/4623/2238 4624/4624/2238
f 4625/4625/2239 4626/4626/2239 4627/4627/2239
f 4625/4625/2240 4627/4627/2240 4628/4628/2240
f 4629/4629/2241 4630/4630/2241 4631/4631/2241
f 4629/4629/2242 4631/4631/2242 4632/4632/2242
f 4633/4633/2243 4634/4634/2243 4635/4635/2243
f 4633/4633/2244 4635/4635/2244 4636/4636/2244
f 4637/4637/2245 4638/4638/2245 4639/4639/2245
f 4637/4637/2246 4639/4639/2246 4640/4640/2246
f 4641/4641/2247 4642/4642/2247 4643/4643/2247
f 4641/4641/2248 4643/4643/2248 4644/4644/2248
f 4645/4645/2249 4646/4646/2249 4647/4647/2249
f 4645/4645/2250 4647/4647/2250 4648/4648/2250
f 4649/4649/2251 4650/4650/2251 4651/4651/2251
f 4649/4649/2252 4651/4651/2252 4652/4652/2252
f 4653/4653/2253 4654/4654/2253 4655/4655/2253
f 4653/4653/2254 4655/4655/2254 4656/4656/2254
f 4657/4657/2255 4658/4658/2255 4659/4659/2255
f 4657/4657/2256 4659/4659/2256 4660/4660/2256
f 4661/4661/2257 4662/4662/2257 4663/4663/2257
f 4661/4661/2258 4663/4663/2258 4664/4664/2258
f 4665/4665/2259 4666/4666/2259 4667/4667/2259
f 4665/4665/2260 4667/4667/2260 4668/4668/2260
f 4669/4669/2261 4670/4670/2261 4671/4671/2261
f 4669/4669/2262 4671/4671/2262 4672/4672/2262
f 4673/4673/2263 4674/4674/2263 4675/4675/2263
f 4673/4673/2264 4675/4675/2264 4676/4676/2264
f 4677/4677/2265 4678/4678/2265 4679/4679/2265
f 4677/4677/2266 4679/4679/2266 4680/4680/2266
f 4681/4681/2267 4682/4682/2267 4683/4683/2267
f 4681/4681/2268 4683/4683/2268 4684/4684/2268
f 4685/4685/2269 4686/4686/2269 4687/4687/2269
f 4685/4685/2270 4687/4687/2270 4688/4688/2270
f 4689/4689/2271 4690/4690/2271 4691/4691/2271
f 4689/4689/2272 4691/4691/2272 4692/4692/2272
f 4693/4693/2273 4694/4694/2273 4695/4695/2273
f 4693/4693/2274 4695/4695/2274 4696/4696/2274
f 4697/4697/2275 4698/4698/2275 4699/4699/2275
f 4697/4697/2276 4699/4699/2276 4700/4700/2276
f 4701/4701/2277 4702/4702/2277 4703/4703/2277
f 4701/4701/2278 4703/4703/2278 4704/4704/2278
f 4705/4705/2279 4706/4706/2279 4707/4707/2279
f 4705/4705/2280 4707/4707/2280 4708/4708/2280
f 4709/4709/2281 4710/4710/2281 4711/4711/2281
f 4709/4709/2282 4711/4711/2282 4712/4712/2282
f 4713/4713/2283 4714/4714/2283 4715/4715/2283
f 4713/4713/2284 4715/4715/2284 4716/4716/2284
f 4717/4717/2285 4718/4718/2285 4719/4719/2285
f 4717/4717/2286 4719/4719/2286 4720/4720/2286
f 4721/4721/2287 4722/4722/2287 4723/4723/2287
f 4721/4721/2288 4723/4723/2288 4724/4724/2288
f 4725/4725/2289 4726/4726/2289 4727/4727/2289
f 4725/4725/2290 4727/4727/2290 4728/4728/2290
f 4729/4729/2291 4730/4730/2291 4731/4731/2291
f 4729/4729/2292 4731/4731/2292 4732/4732/2292
f 4733/4733/2293 4734/4734/2293 4735/4735/2293
f 4733/4733/2294 4735/4735/2294 4736/4736/2294
f 4737/4737/2295 4738/4738/2295 4739/4739/2295
f 4737/4737/2296 4739/4739/2296 4740/4740/2296
f 4741/4741/2297 4742/4742/2297 4743/4743/2297
f 4741/4741/2298 4743/4743/2298 4744/4744/2298
f 4745/4745/2299 4746/4746/2299 4747/4747/2299
f 4745/4745/2300 4747/4747/2300 4748/4748/2300
f 4749/4749/2301 4750/4750/2301 4751/4751/2301
f 4749/4749/2302 4751/4751/2302 4752/4752/2302
f 4753/4753/2303 4754/4754/2303 4755/4755/2303
f 4753/4753/2304 4755/4755/2304 4756/4756/2304
f 4757/4757/2305 4758/4758/2305 4759/4759/2305
f 4757/4757/2306 4759/4759/2306 4760/4760/2306
f 4761/4761/2307 4762/4762/2307 4763/4763/2307
f 4761/4761/2308 4763/4763/2308 4764/4764/2308
f 4765/4765/2309 4766/4766/2309 4767/4767/2309
f 4765/4765/2310 4767/4767/2310 4768/4768/2310
f 4769/4769/2311 4770/4770/2311 4771/4771/2311
f 4769/4769/2312 4771/4771/2312 4772/4772/2312
f 4773/4773/2313 4774/4774/2313 4775/4775/2313
f 4773/4773/2314 4775/4775/2314 4776/4776/2314
f 4777/4777/2315 4778/4778/2315 4779/4779/2315
f 4777/4777/2316 4779/4779/2316 4780/4780/2316
f 4781/4781/2317 4782/4782/2317 4783/4783/2317
f 4781/4781/2318 4783/4783/2318 4784/4784/2318
f 4785/4785/2319 4786/4786/2319 4787/4787/2319
f 4785/4785/2320 4787/4787/2320 4788/4788/2320
f 4789/4789/2321 4790/4790/2321 4791/4791/2321
f 4789/4789/2322 4791/4791/2322 4792/4792/2322
f 4793/4793/2323 4794/4794/2323 4795/4795/2323
f 4793/4793/2324 4795/4795/2324 4796/4796/2324
f 4797/4797/2325 4798/4798/2325 4799/4799/2325
f 4797/4797/2326 4799/4799/2326 4800/4800/2326
f 4801/4801/2327 4802/4802/2327 4803/4803/2327
f 4801/4801/2328 4803/4803/2328 4804/4804/2328
f 4805/4805/2329 4806/4806/2329 4807/4807/2329
f 4805/4805/2330 4807/4807/2330 4808/4808/2330
f 4809/4809/2331 4810/4810/2331 4811/4811/2331
f 4809/4809/2332 4811/4811/2332 4812/4812/2332
f 4813/4813/2333 4814/4814/2333 4815/4815/2333
f 4813/4813/2334 4815/4815/2334 4816/4816/2334
f 4817/4817/2335 4818/4818/2335 4819/4819/2335
f 4817/4817/2336 4819/4819/2336 4820/4820/2336
f 4821/4821/2337 4822/4822/2337 4823/4823/2337
f 4821/4821/2338 4823/4823/2338 4824/4824/2338
f 4825/4825/2339 4826/4826/2339 4827/4827/2339
f 4825/4825/2340 4827/4827/2340 4828/4828/2340
f 4829/4829/2341 4830/4830/2341 4831/4831/2341
f 4829/4829/2342 4831/4831/2342 4832/4832/2342
f 4833/4833/2343 4834/4834/2343 4835/4835/2343
f 4833/4833/2344 4835/4835/2344 4836/4836/2344
f 4837/4837/2345 4838/4838/2345 4839/4839/2345
f 4837/4837/2346 4839/4839/2346 4840/4840/2346
f 4841/4841/2347 4842/4842/2347 4843/4843/2347
f 4841/4841/2348 4843/4843/2348 4844/4844/2348
f 4845/4845/2349 4846/4846/2349 4847/4847/2349
f 4845/4845/2350 4847/4847/2350 4848/4848/2350
f 4849/4849/2351 4850/4850/2351 4851/4851/2351
f 4849/4849/2352 4851/4851/2352 4852/4852/2352
f 4853/4853/2353 4854/4854/2353 4855/4855/2353
f 4853/4853/2354 4855/4855/2354 4856/4856/2354
f 4857/4857/2355 4858/4858/2355 4859/4859/2355
f 4857/4857/2356 4859/4859/2356 4860/4860/2356
f 4861/4861/2357 4862/4862/2357 4863/4863/2357
f 4861/4861/2358 4863/4863/2358 4864/4864/2358
f 4865/4865/2359 4866/4866/2359 4867/4867/2359
f 4865/4865/2360 4867/4867/2360 4868/4868/2360
f 4869/4869/2361 4870/4870/2361 4871/4871/2361
f 4869/4869/2362 4871/4871/2362 4872/4872/2362
f 4873/4873/2363 4874/4874/2363 4875/4875/2363
f 4873/4873/2364 4875/4875/2364 4876/4876/2364
f 4877/4877/2365 4878/4878/2365 4879/4879/2365
f 4877/4877/2366 4879/4879/2366 4880/4880/2366
f 4881/4881/2367 4882/4882/2367 4883/4883/2367
f 4881/4881/2368 4883/4883/2368 4884/4884/2368
f 4885/4885/2369 4886/4886/2369 4887/4887/2369
f 4885/4885/2370 4887/4887/2370 4888/4888/2370
f 4889/4889/2371 4890/4890/2371 4891/4891/2371
f 4889/4889/2372 4891/4891/2372 4892/4892/2372
f 4893/4893/2373 4894/4894/2373 4895/4895/2373
f 4893/4893/2374 4895/4895/2374 4896/4896/2374
f 4897/4897/2375 4898/4898/2375 4899/4899/2375
f 4897/4897/2376 4899/4899/2376 4900/4900/2376
f 4901/4901/2377 4902/4902/2377 4903/4903/2377
f 4901/4901/2378 4903/4903/2378 4904/4904/2378
f 4905/4905/2379 4906/4906/2379 4907/4907/2379
f 4905/4905/2380 4907/4907/2380 4908/4908/2380
f 4909/4909/2381 4910/4910/2381 4911/4911/2381
f 4909/4909/2382 4911/4911/2382 4912/4912/2382
f 4913/4913/2383 4914/4914/2383 4915/4915/2383
f 4913/4913/2384 4915/4915/2384 4916/4916/2384
f 4917/4917/2385 4918/4918/2385 4919/4919/2385
f 4917/4917/2386 4919/4919/2386 4920/4920/2386
f 4921/4921/2387 4922/4922/2387 4923/4923/2387
f 4921/4921/2388 4923/4923/2388 4924/4924/2388
f 4925/4925/2389 4926/4926/2389 4927/4927/2389
f 4925/4925/2390 4927/4927/2390 4928/4928/2390
f 4929/4929/2391 4930/4930/2391 4931/4931/2391
f 4929/4929/2392 4931/4931/2392 4932/4932/2392
f 4933/4933/2393 4934/4934/2393 4935/4935/2393
f 4933/4933/2394 4935/4935/2394 4936/4936/2394
f 4937/4937/2395 4938/4938/2395 4939/4939/2395
f 4937/4937/2396 4939/4939/2396 4940/4940/2396
f 4941/4941/2397 4942/4942/2397 4943/4943/2397
f 4941/4941/2398 4943/4943/2398 4944/4944/2398
f 4945/4945/2399 4946/4946/2399 4947/4947/2399
f 4945/4945/2400 4947/4947/2400 4948/4948/2400
f 4949/4949/2401 4950/4950/2401 4951/4951/2401
f 4949/4949/2402 4951/4951/2402 4952/4952/2402
f 4953/4953/2403 4954/4954/2403 4955/4955/2403
f 4953/4953/2404 4955/4955/2404 4956/4956/2404
f 4957/4957/2405 4958/4958/2405 4959/4959/2405
f 4957/4957/2406 4959/4959/2406 4960/4960/2406
f 4961/4961/2407 4962/4962/2407 4963/4963/2407
f 4961/4961/2408 4963/4963/2408 4964/4964/2408
f 4965/4965/2409 4966/4966/2409 4967/4967/2409
f 4965/4965/2410 4967/4967/2410 4968/4968/2410
f 4969/4969/2411 4970/4970/2411 4971/4971/2411
f 4969/4969/2412 4971/4971/2412 4972/4972/2412
f 4973/4973/2413 4974/4974/2413 4975/4975/2413
f 4973/4973/2414 4975/4975/2414 4976/4976/2414
f 4977/4977/2415 4978/4978/2415 4979/4979/2415
f 4977/4977/2416 4979/4979/2416 4980/4980/2416
f 4981/4981/2417 4982/4982/2417 4983/4983/2417
f 4981/4981/2418 4983/4983/2418 4984/4984/2418
f 4985/4985/2419 4986/4986/2419 4987/4987/2419
f 4985/4985/2420 4987/4987/2420 4988/4988/2420
f 4989/4989/2421 4990/4990/2421 4991/4991/2421
f 4989/4989/2422 4991/4991/2422 4992/4992/2422
f 4993/4993/2423 4994/4994/2423 4995/4995/2423
f 4993/4993/2424 4995/4995/2424 4996/4996/2424
f 4997/4997/2425 4998/4998/2425 4999/4999/2425
f 4997/4997/2426 4999/4999/2426 5000/5000/2426
f 5001/5001/2427 5002/5002/2427 5003/5003/2427
f 5001/5001/2428 5003/5003/2428 5004/5004/2428
f 5005/5005/2429 5006/5006/2429 5007/5007/2429
f 5005/5005/2430 5007/5007/2430 5008/5008/2430
f 5009/5009/2431 5010/5010/2431 5011/5011/2431
f 5009/5009/2432 5011/5011/2432 5012/5012/2432
f 5013/5013/2433 5014/5014/2433 5015/5015/2433
f 5013/5013/2434 5015/5015/2434 5016/5016/2434
f 5017/5017/2435 5018/5018/2435 5019/5019/2435
f 5017/5017/2436 5019/5019/2436 5020/5020/2436
f 5021/5021/2437 5022/5022/2437 5023/5023/2437
f 5021/5021/2438 5023/5023/2438 5024/5024/2438
f 5025/5025/2439 5026/5026/2439 5027/5027/2439
f 5025/5025/2440 5027/5027/2440 5028/5028/2440
f 5029/5029/2441 5030/5030/2441 5031/5031/2441
f 5029/5029/2442 5031/5031/2442 5032/5032/2442
f 5033/5033/2443 5034/5034/2443 5035/5035/2443
f 5033/5033/2444 5035/5035/2444 5036/5036/2444
f 5037/5037/2445 5038/5038/2445 5039/5039/2445
f 5037/5037/2446 5039/5039/2446 5040/5040/2446
f 5041/5041/2447 5042/5042/2447 5043/5043/2447
f 5041/5041/2448 5043/5043/2448 5044/5044/2448
f 5045/5045/2449 5046/5046/2449 5047/5047/2449
f 5045/5045/2450 5047/5047/2450 5048/5048/2450
f 5049/5049/2451 5050/5050/2451 5051/5051/2451
f 5049/5049/2452 5051/5051/2452 5052/5052/2452
f 5053/5053/2453 5054/5054/2453 5055/5055/2453
f 5053/5053/2454 5055/5055/2454 5056/5056/2454
f 5057/5057/2455 5058/5058/2455 5059/5059/2455
f 5057/5057/2456 5059/5059/2456 5060/5060/2456
f 5061/5061/2457 5062/5062/2457 5063/5063/2457
f 5061/5061/2458 5063/5063/2458 5064/5064/2458
f 5065/5065/2459 5066/5066/2459 5067/5067/2459
f 5065/5065/2460 5067/5067/2460 5068/5068/2460
f 5069/5069/2461 5070/5070/2461 5071/5071/2461
f 5069/5069/2462 5071/5071/2462 5072/5072/2462
f 5073/5073/2463 5074/5074/2463 5075/5075/2463
f 5073/5073/2464 5075/5075/2464 5076/5076/2464
f 5077/5077/2465 5078/5078/2465 5079/5079/2465
f 5077/5077/2466 5079/5079/2466 5080/5080/2466
f 5081/5081/2467 5082/5082/2467 5083/5083/2467
f 5081/5081/2468 5083/5083/2468 5084/5084/2468
f 5085/5085/2469 5086/5086/2469 5087/5087/2469
f 5085/5085/2470 5087/5087/2470 5088/5088/2470
f 5089/5089/2471 5090/5090/2471 5091/5091/2471
f 5089/5089/2472 5091/5091/2472 5092/5092/2472
f 5093/5093/2473 5094/5094/2473 5095/5095/2473
f 5093/5093/2474 5095/5095/2474 5096/5096/2474
f 5097/5097/2475 5098/5098/2475 5099/5099/2475
f 5097/5097/2476 5099/5099/2476 5100/5100/2476
f 5101/5101/2477 5102/5102/2477 5103/5103/2477
f 5101/5101/2478 5103/5103/2478 5104/5104/2478
f 5105/5105/2479 5106/5106/2479 5107/5107/2479
f 5105/5105/2480 5107/5107/2480 5108/5108/2480
f 5109/5109/2481 5110/5110/2481 5111/5111/2481
f 5109/5109/2482 5111/5111/2482 5112/5112/2482
f 5113/5113/2483 5114/5114/2483 5115/5115/2483
f 5113/5113/2484 5115/5115/2484 5116/5116/2484
f 5117/5117/2485 5118/5118/2485 5119/5119/2485
f 5117/5117/2486 5119/5119/2486 5120/5120/2486
f 5121/5121/2487 5122/5122/2487 5123/5123/2487
f 5121/5121/2488 5123/5123/2488 5124/5124/2488
f 5125/5125/2489 5126/5126/2489 5127/5127/2489
f 5125/5125/2490 5127/5127/2490 5128/5128/2490
f 5129/5129/2491 5130/5130/2491 5131/5131/2491
f 5129/5129/2492 5131/5131/2492 5132/5132/2492
f 5133/5133/2493 5134/5134/2493 5135/5135/2493
f 5133/5133/2494 5135/5135/2494 5136/5136/2494
f 5137/5137/2495 5138/5138/2495 5139/5139/2495
f 5137/5137/2496 5139/5139/2496 5140/5140/2496
f 5141/5141/2497 5142/5142/2497 5143/5143/2497
f 5141/5141/2498 5143/5143/2498 5144/5144/2498
f 5145/5145/2499 5146/5146/2499 5147/5147/2499
f 5145/5145/2500 5147/5147/2500 5148/5148/2500
f 5149/5149/2501 5150/5150/2501 5151/5151/2501
f 5149/5149/2502 5151/5151/2502 5152/5152/2502
f 5153/5153/2503 5154/5154/2503 5155/5155/2503
f 5153/5153/2504 5155/5155/2504 5156/5156/2504
f 5157/5157/2505 5158/5158/2505 5159/5159/2505
f 5157/5157/2506 5159/5159/2506 5160/5160/2506
f 5161/5161/2507 5162/5162/2507 5163/5163/2507
f 5161/5161/2508 5163/5163/2508 5164/5164/2508
f 5165/5165/2509 5166/5166/2509 5167/5167/2509
f 5165/5165/2510 5167/5167/2510 5168/5168/2510
f 5169/5169/2511 5170/5170/2511 5171/5171/2511
f 5169/5169/2512 5171/5171/2512 5172/5172/2512
f 5173/5173/2513 5174/5174/2513 5175/5175/2513
f 5173/5173/2514 5175/5175/2514 5176/5176/2514
f 5177/5177/2515 5178/5178/2515 5179/5179/2515
f 5177/5177/2516 5179/5179/2516 5180/5180/2516
f 5181/5181/2517 5182/5182/2517 5183/5183/2517
f 5181/5181/2518 5183/5183/2518 5184/5184/2518
f 5185/5185/2519 5186/5186/2519 5187/5187/2519
f 5185/5185/2520 5187/5187/2520 5188/5188/2520
f 5189/5189/2521 5190/5190/2521 5191/5191/2521
f 5189/5189/2522 5191/5191/2522 5192/5192/2522
f 5193/5193/2523 5194/5194/2523 5195/5195/2523
f 5193/5193/2524 5195/5195/2524 5196/5196/2524
f 5197/5197/2525 5198/5198/2525 5199/5199/2525
f 5197/5197/2526 5199/5199/2526 5200/5200/2526
f 5201/5201/2527 5202/5202/2527 5203/5203/2527
f 5201/5201/2528 5203/5203/2528 5204/5204/2528
f 5205/5205/2529 5206/5206/2529 5207/5207/2529
f 5205/5205/2530 5207/5207/2530 5208/5208/2530
f 5209/5209/2531 5210/5210/2531 5211/5211/2531
f 5209/5209/2532 5211/5211/2532 5212/5212/2532
f 5213/5213/2533 5214/5214/2533 5215/5215/2533
f 5213/5213/2534 5215/5215/2534 5216/5216/2534
f 5217/5217/2535 5218/5218/2535 5219/5219/2535
f 5217/5217/2536 5219/5219/2536 5220/5220/2536
f 5221/5221/2537 5222/5222/2537 5223/5223/2537
f 5221/5221/2538 5223/5223/2538 5224/5224/2538
f 5225/5225/2539 5226/5226/2539 5227/5227/2539
f 5225/5225/2540 5227/5227/2540 5228/5228/2540
f 5229/5229/2541 5230/5230/2541 5231/5231/2541
f 5229/5229/2542 5231/5231/2542 5232/5232/2542
f 5233/5233/2543 5234/5234/2543 5235/5235/2543
f 5233/5233/2544 5235/5235/2544 5236/5236/2544
f 5237/5237/2545 5238/5238/2545 5239/5239/2545
f 5237/5237/2546 5239/5239/2546 5240/5240/2546
f 5241/5241/2547 5242/5242/2547 5243/5243/2547
f 5241/5241/2548 5243/5243/2548 5244/5244/2548
f 5245/5245/2549 5246/5246/2549 5247/5247/2549
f 5245/5245/2550 5247/5247/2550 5248/5248/2550
f 5249/5249/2551 5250/5250/2551 5251/5251/2551
f 5249/5249/2552 5251/5251/2552 5252/5252/2552
f 5253/5253/2553 5254/5254/2553 5255/5255/2553
f 5253/5253/2554 5255/5255/2554 5256/5256/2554
f 5257/5257/2555 5258/5258/2555 5259/5259/2555
f 5257/5257/2556 5259/5259/2556 5260/5260/2556
f 5261/5261/2557 5262/5262/2557 5263/5263/2557
f 5261/5261/2558 5263/5263/2558 5264/5264/2558
f 5265/5265/2559 5266/5266/2559 5267/5267/2559
f 5265/5265/2560 5267/5267/2560 5268/5268/2560
f 5269/5269/2561 5270/5270/2561 5271/5271/2561
f 5269/5269/2562 5271/5271/2562 5272/5272/2562
f 5273/5273/2563 5274/5274/2563 5275/5275/2563
f 5273/5273/2564 5275/5275/2564 5276/5276/2564
f 5277/5277/2565 5278/5278/2565 5279/5279/2565
f 5277/5277/2566 5279/5279/2566 5280/5280/2566
f 5281/5281/2567 5282/5282/2567 5283/5283/2567
f 5281/5281/2568 5283/5283/2568 5284/5284/2568
f 5285/5285/2569 5286/5286/2569 5287/5287/2569
f 5285/5285/2570 5287/5287/2570 5288/5288/2570
f 5289/5289/2571 5290/5290/2571 5291/5291/2571
f 5289/5289/2572 5291/5291/2572 5292/5292/2572
f 5293/5293/2573 5294/5294/2573 5295/5295/2573
f 5293/5293/2574 5295/5295/2574 5296/5296/2574
f 5297/5297/2575 5298/5298/2575 5299/5299/2575
f 5297/5297/2576 5299/5299/2576 5300/5300/2576
f 5301/5301/2577 5302/5302/2577 5303/5303/2577
f 5301/5301/2578 5303/5303/2578 5304/5304/2578
f 5305/5305/2579 5306/5306/2579 5307/5307/2579
f 5305/5305/2580 5307/5307/2580 5308/5308/2580
f 5309/5309/2581 5310/5310/2581 5311/5311/2581
f 5309/5309/2582 5311/5311/2582 5312/5312/2582
f 5313/5313/2583 5314/5314/2583 5315/5315/2583
f 5313/5313/2584 5315/5315/2584 5316/5316/2584
f 5317/5317/2585 5318/5318/2585 5319/5319/2585
f 5317/5317/2586 5319/5319/2586 5320/5320/2586
f 5321/5321/2587 5322/5322/2587 5323/5323/2587
f 5321/5321/2588 5323/5323/2588 5324/5324/2588
f 5325/5325/2589 5326/5326/2589 5327/5327/2589
f 5325/5325/2590 5327/5327/2590 5328/5328/2590
f 5329/5329/2591 5330/5330/2591 5331/5331/2591
f 5329/5329/2592 5331/5331/2592 5332/5332/2592
f 5333/5333/2593 5334/5334/2593 5335/5335/2593
f 5333/5333/2594 5335/5335/2594 5336/5336/2594
f 5337/5337/2595 5338/5338/2595 5339/5339/2595
f 5337/5337/2596 5339/5339/2596 5340/5340/2596
f 5341/5341/2597 5342/5342/2597 5343/5343/2597
f 5341/5341/2598 5343/5343/2598 5344/5344/2598
f 5345/5345/2599 5346/5346/2599 5347/5347/2599
f 5345/5345/2600 5347/5347/2600 5348/5348/2600
f 5349/5349/2601 5350/5350/2601 5351/5351/2601
f 5349/5349/2602 5351/5351/2602 5352/5352/2602
f 5353/5353/2603 5354/5354/2603 5355/5355/2603
f 5353/5353/2604 5355/5355/2604 5356/5356/2604
f 5357/5357/2605 5358/5358/2605 5359/5359/2605
f 5357/5357/2606 5359/5359/2606 5360/5360/2606
f 5361/5361/2607 5362/5362/2607 5363/5363/2607
f 5361/5361/2608 5363/5363/2608 5364/5364/2608
f 5365/5365/2609 5366/5366/2609 5367/5367/2609
f 5365/5365/2610 5367/5367/2610 5368/5368/2610
f 5369/5369/2611 5370/5370/2611 5371/5371/2611
f 5369/5369/2612 5371/5371/2612 5372/5372/2612
f 5373/5373/2613 5374/5374/2613 5375/5375/2613
f 5373/5373/2614 5375/5375/2614 5376/5376/2614
f 5377/5377/2615 5378/5378/2615 5379/5379/2615
f 5377/5377/2616 5379/5379/2616 5380/5380/2616
f 5381/5381/2617 5382/5382/2617 5383/5383/2617
f 5381/5381/2618 5383/5383/2618 5384/5384/2618
f 5385/5385/2619 5386/5386/2619 5387/5387/2619
f 5385/5385/2620 5387/5387/2620 5388/5388/2620
f 5389/5389/2621 5390/5390/2621 5391/5391/2621
f 5389/5389/2622 5391/5391/2622 5392/5392/2622
f 5393/5393/2623 5394/5394/2623 5395/5395/2623
f 5393/5393/2624 5395/5395/2624 5396/5396/2624
f 5397/5397/2625 5398/5398/2625 5399/5399/2625
f 5397/5397/2626 5399/5399/2626 5400/5400/2626
f 5401/5401/2627 5402/5402/2627 5403/5403/2627
f 5401/5401/2628 5403/5403/2628 5404/5404/2628
f 5405/5405/2629 5406/5406/2629 5407/5407/2629
f 5405/5405/2630 5407/5407/2630 5408/5408/2630
f 5409/5409/2631 5410/5410/2631 5411/5411/2631
f 5409/5409/2632 5411/5411/2632 5412/5412/2632
f 5413/5413/2633 5414/5414/2633 5415/5415/2633
f 5413/5413/2634 5415/5415/2634 5416/5416/2634
f 5417/5417/2635 5418/5418/2635 5419/5419/2635
f 5417/5417/2636 5419/5419/2636 5420/5420/2636
f 5421/5421/2637 5422/5422/2637 5423/5423/2637
f 5421/5421/2638 5423/5423/2638 5424/5424/2638
f 5425/5425/2639 5426/5426/2639 5427/5427/2639
f 5425/5425/2640 5427/5427/2640 5428/5428/2640
f 5429/5429/2641 5430/5430/2641 5431/5431/2641
f 5429/5429/2642 5431/5431/2642 5432/5432/2642
f 5433/5433/2643 5434/5434/2643 5435/5435/2643
f 5433/5433/2644 5435/5435/2644 5436/5436/2644
f 5437/5437/2645 5438/5438/2645 5439/5439/2645
f 5437/5437/2646 5439/5439/2646 5440/5440/2646
f 5441/5441/2647 5442/5442/2647 5443/5443/2647
f 5441/5441/2648 5443/5443/2648 5444/5444/2648
f 5445/5445/2649 5446/5446/2649 5447/5447/2649
f 5445/5445/2650 5447/5447/2650 5448/5448/2650
f 5449/5449/2651 5450/5450/2651 5451/5451/2651
f 5449/5449/2652 5451/5451/2652 5452/5452/2652
f 5453/5453/2653 5454/5454/2653 5455/5455/2653
f 5453/5453/2654 5455/5455/2654 5456/5456/2654
f 5457/5457/2655 5458/5458/2655 5459/5459/2655
f 5457/5457/2656 5459/5459/2656 5460/5460/2656
f 5461/5461/2657 5462/5462/2657 5463/5463/2657
f 5461/5461/2658 5463/5463/2658 5464/5464/2658
f 5465/5465/2659 5466/5466/2659 5467/5467/2659
f 5465/5465/2660 5467/5467/2660 5468/5468/2660
f 5469/5469/2661 5470/5470/2661 5471/5471/2661
f 5469/5469/2662 5471/5471/2662 5472/5472/2662
f 5473/5473/2663 5474/5474/2663 5475/5475/2663
f 5473/5473/2664 5475/5475/2664 5476/5476/2664
f 5477/5477/2665 5478/5478/2665 5479/5479/2665
f 5480/5480/2666 5481/5481/2666 5482/5482/2666
f 5483/5483/2667 5484/5484/2667 5485/5485/2667
f 5486/5486/2668 5487/5487/2668 5488/5488/2668
f 5489/5489/2669 5490/5490/2669 5491/5491/2669
f 5492/5492/2670 5493/5493/2670 5494/5494/2670
f 5495/5495/2671 5496/5496/2671 5497/5497/2671
f 5498/5498/2672 5499/5499/2672 5500/5500/2672
f 5501/5501/2673 5502/5502/2673 5503/5503/2673
f 5504/5504/2674 5505/5505/2674 5506/5506/2674
f 5507/5507/2675 5508/5508/2675 5509/5509/2675
f 5507/5507/2676 5509/5509/2676 5510/5510/2676
f 5511/5511/2677 5512/5512/2677 5513/5513/2677
f 5511/5511/2678 5513/5513/2678 5514/5514/2678
f 5515/5515/2679 5516/5516/2679 5517/5517/2679
f 5515/5515/2680 5517/5517/2680 5518/5518/2680
f 5519/5519/2681 5520/5520/2681 5521/5521/2681
f 5519/5519/2682 5521/5521/2682 5522/5522/2682
f 5523/5523/2683 5524/5524/2683 5525/5525/2683
f 5523/5523/2684 5525/5525/2684 5526/5526/2684
f 5527/5527/2685 5528/5528/2685 5529/5529/2685
f 5527/5527/2686 5529/5529/2686 5530/5530/2686
f 5531/5531/2687 5532/5532/2687 5533/5533/2687
f 5534/5534/2688 5535/5535/2688 5536/5536/2688
f 5537/5537/2689 5538/5538/2689 5539/5539/2689
f 5540/5540/2690 5541/5541/2690 5542/5542/2690
f 5543/5543/2691 5544/5544/2691 5545/5545/2691
f 5546/5546/2692 5547/5547/2692 5548/5548/2692
f 5549/5549/2693 5550/5550/2693 5551/5551/2693
f 5552/5552/2694 5553/5553/2694 5554/5554/2694
f 5555/5555/2695 5556/5556/2695 5557/5557/2695
f 5558/5558/2696 5559/5559/2696 5560/5560/2696
f 5561/5561/2697 5562/5562/2697 5563/5563/2697
f 5561/5561/2698 5563/5563/2698 5564/5564/2698
f 5565/5565/2699 5566/5566/2699 5567/5567/2699
f 5565/5565/2700 5567/5567/2700 5568/5568/2700
f 5569/5569/2701 5570/5570/2701 5571/5571/2701
f 5569/5569/2702 5571/5571/2702 5572/5572/2702
f 5573/5573/2703 5574/5574/2703 5575/5575/2703
f 5573/5573/2704 5575/5575/2704 5576/5576/2704
f 5577/5577/2705 5578/5578/2705 5579/5579/2705
f 5577/5577/2706 5579/5579/2706 5580/5580/2706
f 5581/5581/2707 5582/5582/2707 5583/5583/2707
f 5581/5581/2708 5583/5583/2708 5584/5584/2708
f 5585/5585/2709 5586/5586/2709 5587/5587/2709
f 5588/5588/2710 5589/5589/2710 5590/5590/2710
f 5591/5591/2711 5592/5592/2711 5593/5593/2711
f 5594/5594/2712 5595/5595/2712 5596/5596/2712
f 5597/5597/2713 5598/5598/2713 5599/5599/2713
f 5600/5600/2714 5601/5601/2714 5602/5602/2714
f 5603/5603/2715 5604/5604/2715 5605/5605/2715
f 5606/5606/2716 5607/5607/2716 5608/5608/2716
f 5609/5609/2717 5610/5610/2717 5611/5611/2717
f 5612/5612/2718 5613/5613/2718 5614/5614/2718
