# AuthorityGamer number-free raffle ticket for Tabletop Simulator
o AuthorityGamer_Raffle_Ticket
v -1.574580 0.025000 0.757950
v -1.017120 0.025000 0.757950
v -1.014121 0.025000 0.735169
v -1.005328 0.025000 0.713940
v -0.991340 0.025000 0.695710
v -0.973110 0.025000 0.681722
v -0.951881 0.025000 0.672929
v -0.929100 0.025000 0.669930
v -0.906319 0.025000 0.672929
v -0.885090 0.025000 0.681722
v -0.866860 0.025000 0.695710
v -0.852872 0.025000 0.713940
v -0.844079 0.025000 0.735169
v -0.841080 0.025000 0.757950
v 1.574580 0.025000 0.757950
v 1.592452 0.025000 0.756779
v 1.610018 0.025000 0.753285
v 1.626977 0.025000 0.747528
v 1.643040 0.025000 0.739606
v 1.657932 0.025000 0.729656
v 1.671397 0.025000 0.717847
v 1.683206 0.025000 0.704382
v 1.693156 0.025000 0.689490
v 1.701078 0.025000 0.673427
v 1.706835 0.025000 0.656468
v 1.710329 0.025000 0.638902
v 1.711500 0.025000 0.621030
v 1.711500 0.025000 -0.621030
v 1.710329 0.025000 -0.638902
v 1.706835 0.025000 -0.656468
v 1.701078 0.025000 -0.673427
v 1.693156 0.025000 -0.689490
v 1.683206 0.025000 -0.704382
v 1.671397 0.025000 -0.717847
v 1.657932 0.025000 -0.729656
v 1.643040 0.025000 -0.739606
v 1.626977 0.025000 -0.747528
v 1.610018 0.025000 -0.753285
v 1.592452 0.025000 -0.756779
v 1.574580 0.025000 -0.757950
v -0.841080 0.025000 -0.757950
v -0.844079 0.025000 -0.735169
v -0.852872 0.025000 -0.713940
v -0.866860 0.025000 -0.695710
v -0.885090 0.025000 -0.681722
v -0.906319 0.025000 -0.672929
v -0.929100 0.025000 -0.669930
v -0.951881 0.025000 -0.672929
v -0.973110 0.025000 -0.681722
v -0.991340 0.025000 -0.695710
v -1.005328 0.025000 -0.713940
v -1.014121 0.025000 -0.735169
v -1.017120 0.025000 -0.757950
v -1.574580 0.025000 -0.757950
v -1.592452 0.025000 -0.756779
v -1.610018 0.025000 -0.753285
v -1.626977 0.025000 -0.747528
v -1.643040 0.025000 -0.739606
v -1.657932 0.025000 -0.729656
v -1.671397 0.025000 -0.717847
v -1.683206 0.025000 -0.704382
v -1.693156 0.025000 -0.689490
v -1.701078 0.025000 -0.673427
v -1.706835 0.025000 -0.656468
v -1.710329 0.025000 -0.638902
v -1.711500 0.025000 -0.621030
v -1.711500 0.025000 0.621030
v -1.710329 0.025000 0.638902
v -1.706835 0.025000 0.656468
v -1.701078 0.025000 0.673427
v -1.693156 0.025000 0.689490
v -1.683206 0.025000 0.704382
v -1.671397 0.025000 0.717847
v -1.657932 0.025000 0.729656
v -1.643040 0.025000 0.739606
v -1.626977 0.025000 0.747528
v -1.610018 0.025000 0.753285
v -1.592452 0.025000 0.756779
v -1.597120 0.021000 0.768800
v -1.031680 0.021000 0.768800
v -1.028638 0.021000 0.745693
v -1.019719 0.021000 0.724160
v -1.005530 0.021000 0.705670
v -0.987040 0.021000 0.691481
v -0.965507 0.021000 0.682562
v -0.942400 0.021000 0.679520
v -0.919293 0.021000 0.682562
v -0.897760 0.021000 0.691481
v -0.879270 0.021000 0.705670
v -0.865081 0.021000 0.724160
v -0.856162 0.021000 0.745693
v -0.853120 0.021000 0.768800
v 1.597120 0.021000 0.768800
v 1.615247 0.021000 0.767612
v 1.633065 0.021000 0.764068
v 1.650267 0.021000 0.758228
v 1.666560 0.021000 0.750194
v 1.681665 0.021000 0.740101
v 1.695323 0.021000 0.728123
v 1.707301 0.021000 0.714465
v 1.717394 0.021000 0.699360
v 1.725428 0.021000 0.683067
v 1.731268 0.021000 0.665865
v 1.734812 0.021000 0.648047
v 1.736000 0.021000 0.629920
v 1.736000 0.021000 -0.629920
v 1.734812 0.021000 -0.648047
v 1.731268 0.021000 -0.665865
v 1.725428 0.021000 -0.683067
v 1.717394 0.021000 -0.699360
v 1.707301 0.021000 -0.714465
v 1.695323 0.021000 -0.728123
v 1.681665 0.021000 -0.740101
v 1.666560 0.021000 -0.750194
v 1.650267 0.021000 -0.758228
v 1.633065 0.021000 -0.764068
v 1.615247 0.021000 -0.767612
v 1.597120 0.021000 -0.768800
v -0.853120 0.021000 -0.768800
v -0.856162 0.021000 -0.745693
v -0.865081 0.021000 -0.724160
v -0.879270 0.021000 -0.705670
v -0.897760 0.021000 -0.691481
v -0.919293 0.021000 -0.682562
v -0.942400 0.021000 -0.679520
v -0.965507 0.021000 -0.682562
v -0.987040 0.021000 -0.691481
v -1.005530 0.021000 -0.705670
v -1.019719 0.021000 -0.724160
v -1.028638 0.021000 -0.745693
v -1.031680 0.021000 -0.768800
v -1.597120 0.021000 -0.768800
v -1.615247 0.021000 -0.767612
v -1.633065 0.021000 -0.764068
v -1.650267 0.021000 -0.758228
v -1.666560 0.021000 -0.750194
v -1.681665 0.021000 -0.740101
v -1.695323 0.021000 -0.728123
v -1.707301 0.021000 -0.714465
v -1.717394 0.021000 -0.699360
v -1.725428 0.021000 -0.683067
v -1.731268 0.021000 -0.665865
v -1.734812 0.021000 -0.648047
v -1.736000 0.021000 -0.629920
v -1.736000 0.021000 0.629920
v -1.734812 0.021000 0.648047
v -1.731268 0.021000 0.665865
v -1.725428 0.021000 0.683067
v -1.717394 0.021000 0.699360
v -1.707301 0.021000 0.714465
v -1.695323 0.021000 0.728123
v -1.681665 0.021000 0.740101
v -1.666560 0.021000 0.750194
v -1.650267 0.021000 0.758228
v -1.633065 0.021000 0.764068
v -1.615247 0.021000 0.767612
v -1.610000 0.014000 0.775000
v -1.040000 0.014000 0.775000
v -1.036933 0.014000 0.751706
v -1.027942 0.014000 0.730000
v -1.013640 0.014000 0.711360
v -0.995000 0.014000 0.697058
v -0.973294 0.014000 0.688067
v -0.950000 0.014000 0.685000
v -0.926706 0.014000 0.688067
v -0.905000 0.014000 0.697058
v -0.886360 0.014000 0.711360
v -0.872058 0.014000 0.730000
v -0.863067 0.014000 0.751706
v -0.860000 0.014000 0.775000
v 1.610000 0.014000 0.775000
v 1.628274 0.014000 0.773802
v 1.646235 0.014000 0.770230
v 1.663576 0.014000 0.764343
v 1.680000 0.014000 0.756244
v 1.695227 0.014000 0.746069
v 1.708995 0.014000 0.733995
v 1.721069 0.014000 0.720227
v 1.731244 0.014000 0.705000
v 1.739343 0.014000 0.688576
v 1.745230 0.014000 0.671235
v 1.748802 0.014000 0.653274
v 1.750000 0.014000 0.635000
v 1.750000 0.014000 -0.635000
v 1.748802 0.014000 -0.653274
v 1.745230 0.014000 -0.671235
v 1.739343 0.014000 -0.688576
v 1.731244 0.014000 -0.705000
v 1.721069 0.014000 -0.720227
v 1.708995 0.014000 -0.733995
v 1.695227 0.014000 -0.746069
v 1.680000 0.014000 -0.756244
v 1.663576 0.014000 -0.764343
v 1.646235 0.014000 -0.770230
v 1.628274 0.014000 -0.773802
v 1.610000 0.014000 -0.775000
v -0.860000 0.014000 -0.775000
v -0.863067 0.014000 -0.751706
v -0.872058 0.014000 -0.730000
v -0.886360 0.014000 -0.711360
v -0.905000 0.014000 -0.697058
v -0.926706 0.014000 -0.688067
v -0.950000 0.014000 -0.685000
v -0.973294 0.014000 -0.688067
v -0.995000 0.014000 -0.697058
v -1.013640 0.014000 -0.711360
v -1.027942 0.014000 -0.730000
v -1.036933 0.014000 -0.751706
v -1.040000 0.014000 -0.775000
v -1.610000 0.014000 -0.775000
v -1.628274 0.014000 -0.773802
v -1.646235 0.014000 -0.770230
v -1.663576 0.014000 -0.764343
v -1.680000 0.014000 -0.756244
v -1.695227 0.014000 -0.746069
v -1.708995 0.014000 -0.733995
v -1.721069 0.014000 -0.720227
v -1.731244 0.014000 -0.705000
v -1.739343 0.014000 -0.688576
v -1.745230 0.014000 -0.671235
v -1.748802 0.014000 -0.653274
v -1.750000 0.014000 -0.635000
v -1.750000 0.014000 0.635000
v -1.748802 0.014000 0.653274
v -1.745230 0.014000 0.671235
v -1.739343 0.014000 0.688576
v -1.731244 0.014000 0.705000
v -1.721069 0.014000 0.720227
v -1.708995 0.014000 0.733995
v -1.695227 0.014000 0.746069
v -1.680000 0.014000 0.756244
v -1.663576 0.014000 0.764343
v -1.646235 0.014000 0.770230
v -1.628274 0.014000 0.773802
v -1.574580 -0.025000 0.757950
v -1.017120 -0.025000 0.757950
v -1.014121 -0.025000 0.735169
v -1.005328 -0.025000 0.713940
v -0.991340 -0.025000 0.695710
v -0.973110 -0.025000 0.681722
v -0.951881 -0.025000 0.672929
v -0.929100 -0.025000 0.669930
v -0.906319 -0.025000 0.672929
v -0.885090 -0.025000 0.681722
v -0.866860 -0.025000 0.695710
v -0.852872 -0.025000 0.713940
v -0.844079 -0.025000 0.735169
v -0.841080 -0.025000 0.757950
v 1.574580 -0.025000 0.757950
v 1.592452 -0.025000 0.756779
v 1.610018 -0.025000 0.753285
v 1.626977 -0.025000 0.747528
v 1.643040 -0.025000 0.739606
v 1.657932 -0.025000 0.729656
v 1.671397 -0.025000 0.717847
v 1.683206 -0.025000 0.704382
v 1.693156 -0.025000 0.689490
v 1.701078 -0.025000 0.673427
v 1.706835 -0.025000 0.656468
v 1.710329 -0.025000 0.638902
v 1.711500 -0.025000 0.621030
v 1.711500 -0.025000 -0.621030
v 1.710329 -0.025000 -0.638902
v 1.706835 -0.025000 -0.656468
v 1.701078 -0.025000 -0.673427
v 1.693156 -0.025000 -0.689490
v 1.683206 -0.025000 -0.704382
v 1.671397 -0.025000 -0.717847
v 1.657932 -0.025000 -0.729656
v 1.643040 -0.025000 -0.739606
v 1.626977 -0.025000 -0.747528
v 1.610018 -0.025000 -0.753285
v 1.592452 -0.025000 -0.756779
v 1.574580 -0.025000 -0.757950
v -0.841080 -0.025000 -0.757950
v -0.844079 -0.025000 -0.735169
v -0.852872 -0.025000 -0.713940
v -0.866860 -0.025000 -0.695710
v -0.885090 -0.025000 -0.681722
v -0.906319 -0.025000 -0.672929
v -0.929100 -0.025000 -0.669930
v -0.951881 -0.025000 -0.672929
v -0.973110 -0.025000 -0.681722
v -0.991340 -0.025000 -0.695710
v -1.005328 -0.025000 -0.713940
v -1.014121 -0.025000 -0.735169
v -1.017120 -0.025000 -0.757950
v -1.574580 -0.025000 -0.757950
v -1.592452 -0.025000 -0.756779
v -1.610018 -0.025000 -0.753285
v -1.626977 -0.025000 -0.747528
v -1.643040 -0.025000 -0.739606
v -1.657932 -0.025000 -0.729656
v -1.671397 -0.025000 -0.717847
v -1.683206 -0.025000 -0.704382
v -1.693156 -0.025000 -0.689490
v -1.701078 -0.025000 -0.673427
v -1.706835 -0.025000 -0.656468
v -1.710329 -0.025000 -0.638902
v -1.711500 -0.025000 -0.621030
v -1.711500 -0.025000 0.621030
v -1.710329 -0.025000 0.638902
v -1.706835 -0.025000 0.656468
v -1.701078 -0.025000 0.673427
v -1.693156 -0.025000 0.689490
v -1.683206 -0.025000 0.704382
v -1.671397 -0.025000 0.717847
v -1.657932 -0.025000 0.729656
v -1.643040 -0.025000 0.739606
v -1.626977 -0.025000 0.747528
v -1.610018 -0.025000 0.753285
v -1.592452 -0.025000 0.756779
v -1.597120 -0.021000 0.768800
v -1.031680 -0.021000 0.768800
v -1.028638 -0.021000 0.745693
v -1.019719 -0.021000 0.724160
v -1.005530 -0.021000 0.705670
v -0.987040 -0.021000 0.691481
v -0.965507 -0.021000 0.682562
v -0.942400 -0.021000 0.679520
v -0.919293 -0.021000 0.682562
v -0.897760 -0.021000 0.691481
v -0.879270 -0.021000 0.705670
v -0.865081 -0.021000 0.724160
v -0.856162 -0.021000 0.745693
v -0.853120 -0.021000 0.768800
v 1.597120 -0.021000 0.768800
v 1.615247 -0.021000 0.767612
v 1.633065 -0.021000 0.764068
v 1.650267 -0.021000 0.758228
v 1.666560 -0.021000 0.750194
v 1.681665 -0.021000 0.740101
v 1.695323 -0.021000 0.728123
v 1.707301 -0.021000 0.714465
v 1.717394 -0.021000 0.699360
v 1.725428 -0.021000 0.683067
v 1.731268 -0.021000 0.665865
v 1.734812 -0.021000 0.648047
v 1.736000 -0.021000 0.629920
v 1.736000 -0.021000 -0.629920
v 1.734812 -0.021000 -0.648047
v 1.731268 -0.021000 -0.665865
v 1.725428 -0.021000 -0.683067
v 1.717394 -0.021000 -0.699360
v 1.707301 -0.021000 -0.714465
v 1.695323 -0.021000 -0.728123
v 1.681665 -0.021000 -0.740101
v 1.666560 -0.021000 -0.750194
v 1.650267 -0.021000 -0.758228
v 1.633065 -0.021000 -0.764068
v 1.615247 -0.021000 -0.767612
v 1.597120 -0.021000 -0.768800
v -0.853120 -0.021000 -0.768800
v -0.856162 -0.021000 -0.745693
v -0.865081 -0.021000 -0.724160
v -0.879270 -0.021000 -0.705670
v -0.897760 -0.021000 -0.691481
v -0.919293 -0.021000 -0.682562
v -0.942400 -0.021000 -0.679520
v -0.965507 -0.021000 -0.682562
v -0.987040 -0.021000 -0.691481
v -1.005530 -0.021000 -0.705670
v -1.019719 -0.021000 -0.724160
v -1.028638 -0.021000 -0.745693
v -1.031680 -0.021000 -0.768800
v -1.597120 -0.021000 -0.768800
v -1.615247 -0.021000 -0.767612
v -1.633065 -0.021000 -0.764068
v -1.650267 -0.021000 -0.758228
v -1.666560 -0.021000 -0.750194
v -1.681665 -0.021000 -0.740101
v -1.695323 -0.021000 -0.728123
v -1.707301 -0.021000 -0.714465
v -1.717394 -0.021000 -0.699360
v -1.725428 -0.021000 -0.683067
v -1.731268 -0.021000 -0.665865
v -1.734812 -0.021000 -0.648047
v -1.736000 -0.021000 -0.629920
v -1.736000 -0.021000 0.629920
v -1.734812 -0.021000 0.648047
v -1.731268 -0.021000 0.665865
v -1.725428 -0.021000 0.683067
v -1.717394 -0.021000 0.699360
v -1.707301 -0.021000 0.714465
v -1.695323 -0.021000 0.728123
v -1.681665 -0.021000 0.740101
v -1.666560 -0.021000 0.750194
v -1.650267 -0.021000 0.758228
v -1.633065 -0.021000 0.764068
v -1.615247 -0.021000 0.767612
v -1.610000 -0.014000 0.775000
v -1.040000 -0.014000 0.775000
v -1.036933 -0.014000 0.751706
v -1.027942 -0.014000 0.730000
v -1.013640 -0.014000 0.711360
v -0.995000 -0.014000 0.697058
v -0.973294 -0.014000 0.688067
v -0.950000 -0.014000 0.685000
v -0.926706 -0.014000 0.688067
v -0.905000 -0.014000 0.697058
v -0.886360 -0.014000 0.711360
v -0.872058 -0.014000 0.730000
v -0.863067 -0.014000 0.751706
v -0.860000 -0.014000 0.775000
v 1.610000 -0.014000 0.775000
v 1.628274 -0.014000 0.773802
v 1.646235 -0.014000 0.770230
v 1.663576 -0.014000 0.764343
v 1.680000 -0.014000 0.756244
v 1.695227 -0.014000 0.746069
v 1.708995 -0.014000 0.733995
v 1.721069 -0.014000 0.720227
v 1.731244 -0.014000 0.705000
v 1.739343 -0.014000 0.688576
v 1.745230 -0.014000 0.671235
v 1.748802 -0.014000 0.653274
v 1.750000 -0.014000 0.635000
v 1.750000 -0.014000 -0.635000
v 1.748802 -0.014000 -0.653274
v 1.745230 -0.014000 -0.671235
v 1.739343 -0.014000 -0.688576
v 1.731244 -0.014000 -0.705000
v 1.721069 -0.014000 -0.720227
v 1.708995 -0.014000 -0.733995
v 1.695227 -0.014000 -0.746069
v 1.680000 -0.014000 -0.756244
v 1.663576 -0.014000 -0.764343
v 1.646235 -0.014000 -0.770230
v 1.628274 -0.014000 -0.773802
v 1.610000 -0.014000 -0.775000
v -0.860000 -0.014000 -0.775000
v -0.863067 -0.014000 -0.751706
v -0.872058 -0.014000 -0.730000
v -0.886360 -0.014000 -0.711360
v -0.905000 -0.014000 -0.697058
v -0.926706 -0.014000 -0.688067
v -0.950000 -0.014000 -0.685000
v -0.973294 -0.014000 -0.688067
v -0.995000 -0.014000 -0.697058
v -1.013640 -0.014000 -0.711360
v -1.027942 -0.014000 -0.730000
v -1.036933 -0.014000 -0.751706
v -1.040000 -0.014000 -0.775000
v -1.610000 -0.014000 -0.775000
v -1.628274 -0.014000 -0.773802
v -1.646235 -0.014000 -0.770230
v -1.663576 -0.014000 -0.764343
v -1.680000 -0.014000 -0.756244
v -1.695227 -0.014000 -0.746069
v -1.708995 -0.014000 -0.733995
v -1.721069 -0.014000 -0.720227
v -1.731244 -0.014000 -0.705000
v -1.739343 -0.014000 -0.688576
v -1.745230 -0.014000 -0.671235
v -1.748802 -0.014000 -0.653274
v -1.750000 -0.014000 -0.635000
v -1.750000 -0.014000 0.635000
v -1.748802 -0.014000 0.653274
v -1.745230 -0.014000 0.671235
v -1.739343 -0.014000 0.688576
v -1.731244 -0.014000 0.705000
v -1.721069 -0.014000 0.720227
v -1.708995 -0.014000 0.733995
v -1.695227 -0.014000 0.746069
v -1.680000 -0.014000 0.756244
v -1.663576 -0.014000 0.764343
v -1.646235 -0.014000 0.770230
v -1.628274 -0.014000 0.773802
v 0.000000 0.025000 0.000000
v 0.000000 -0.025000 0.000000
vt 0.250000 0.780273
vt 0.025060 0.995166
vt 0.104697 0.995166
vt 0.025060 0.995166
vt 0.102617 0.998242
vt 0.104697 0.995166
vt 0.025060 0.995166
vt 0.021840 0.998242
vt 0.102617 0.998242
vt 0.021840 0.998242
vt 0.101429 1.000000
vt 0.102617 0.998242
vt 0.021840 0.998242
vt 0.020000 1.000000
vt 0.101429 1.000000
vt 0.750000 0.780273
vt 0.895303 0.995166
vt 0.974940 0.995166
vt 0.974940 0.995166
vt 0.895303 0.995166
vt 0.897383 0.998242
vt 0.974940 0.995166
vt 0.897383 0.998242
vt 0.978160 0.998242
vt 0.978160 0.998242
vt 0.897383 0.998242
vt 0.898571 1.000000
vt 0.978160 0.998242
vt 0.898571 1.000000
vt 0.980000 1.000000
vt 0.250000 0.780273
vt 0.105126 0.988707
vt 0.104697 0.995166
vt 0.104697 0.995166
vt 0.105126 0.988707
vt 0.103052 0.991691
vt 0.104697 0.995166
vt 0.103052 0.991691
vt 0.102617 0.998242
vt 0.102617 0.998242
vt 0.103052 0.991691
vt 0.101867 0.993396
vt 0.102617 0.998242
vt 0.101867 0.993396
vt 0.101429 1.000000
vt 0.750000 0.780273
vt 0.895303 0.995166
vt 0.894874 0.988707
vt 0.895303 0.995166
vt 0.896948 0.991691
vt 0.894874 0.988707
vt 0.895303 0.995166
vt 0.897383 0.998242
vt 0.896948 0.991691
vt 0.897383 0.998242
vt 0.898133 0.993396
vt 0.896948 0.991691
vt 0.897383 0.998242
vt 0.898571 1.000000
vt 0.898133 0.993396
vt 0.250000 0.780273
vt 0.106382 0.982688
vt 0.105126 0.988707
vt 0.105126 0.988707
vt 0.106382 0.982688
vt 0.104326 0.985586
vt 0.105126 0.988707
vt 0.104326 0.985586
vt 0.103052 0.991691
vt 0.103052 0.991691
vt 0.104326 0.985586
vt 0.103151 0.987242
vt 0.103052 0.991691
vt 0.103151 0.987242
vt 0.101867 0.993396
vt 0.750000 0.780273
vt 0.894874 0.988707
vt 0.893618 0.982688
vt 0.894874 0.988707
vt 0.895674 0.985586
vt 0.893618 0.982688
vt 0.894874 0.988707
vt 0.896948 0.991691
vt 0.895674 0.985586
vt 0.896948 0.991691
vt 0.896849 0.987242
vt 0.895674 0.985586
vt 0.896948 0.991691
vt 0.898133 0.993396
vt 0.896849 0.987242
vt 0.250000 0.780273
vt 0.108380 0.977520
vt 0.106382 0.982688
vt 0.106382 0.982688
vt 0.108380 0.977520
vt 0.106353 0.980344
vt 0.106382 0.982688
vt 0.106353 0.980344
vt 0.104326 0.985586
vt 0.104326 0.985586
vt 0.106353 0.980344
vt 0.105194 0.981957
vt 0.104326 0.985586
vt 0.105194 0.981957
vt 0.103151 0.987242
vt 0.750000 0.780273
vt 0.893618 0.982688
vt 0.891620 0.977520
vt 0.893618 0.982688
vt 0.893647 0.980344
vt 0.891620 0.977520
vt 0.893618 0.982688
vt 0.895674 0.985586
vt 0.893647 0.980344
vt 0.895674 0.985586
vt 0.894806 0.981957
vt 0.893647 0.980344
vt 0.895674 0.985586
vt 0.896849 0.987242
vt 0.894806 0.981957
vt 0.250000 0.780273
vt 0.110984 0.973554
vt 0.108380 0.977520
vt 0.108380 0.977520
vt 0.110984 0.973554
vt 0.108994 0.976321
vt 0.108380 0.977520
vt 0.108994 0.976321
vt 0.106353 0.980344
vt 0.106353 0.980344
vt 0.108994 0.976321
vt 0.107857 0.977902
vt 0.106353 0.980344
vt 0.107857 0.977902
vt 0.105194 0.981957
vt 0.750000 0.780273
vt 0.891620 0.977520
vt 0.889016 0.973554
vt 0.891620 0.977520
vt 0.891006 0.976321
vt 0.889016 0.973554
vt 0.891620 0.977520
vt 0.893647 0.980344
vt 0.891006 0.976321
vt 0.893647 0.980344
vt 0.892143 0.977902
vt 0.891006 0.976321
vt 0.893647 0.980344
vt 0.894806 0.981957
vt 0.892143 0.977902
vt 0.250000 0.780273
vt 0.110984 0.973554
vt 0.114017 0.971061
vt 0.110984 0.973554
vt 0.112070 0.973792
vt 0.114017 0.971061
vt 0.110984 0.973554
vt 0.108994 0.976321
vt 0.112070 0.973792
vt 0.108994 0.976321
vt 0.110958 0.975353
vt 0.112070 0.973792
vt 0.108994 0.976321
vt 0.107857 0.977902
vt 0.110958 0.975353
vt 0.750000 0.780273
vt 0.885983 0.971061
vt 0.889016 0.973554
vt 0.889016 0.973554
vt 0.885983 0.971061
vt 0.887930 0.973792
vt 0.889016 0.973554
vt 0.887930 0.973792
vt 0.891006 0.976321
vt 0.891006 0.976321
vt 0.887930 0.973792
vt 0.889042 0.975353
vt 0.891006 0.976321
vt 0.889042 0.975353
vt 0.892143 0.977902
vt 0.250000 0.780273
vt 0.114017 0.971061
vt 0.117271 0.970211
vt 0.114017 0.971061
vt 0.115371 0.972930
vt 0.117271 0.970211
vt 0.114017 0.971061
vt 0.112070 0.973792
vt 0.115371 0.972930
vt 0.112070 0.973792
vt 0.114286 0.974483
vt 0.115371 0.972930
vt 0.112070 0.973792
vt 0.110958 0.975353
vt 0.114286 0.974483
vt 0.750000 0.780273
vt 0.882729 0.970211
vt 0.885983 0.971061
vt 0.885983 0.971061
vt 0.882729 0.970211
vt 0.884629 0.972930
vt 0.885983 0.971061
vt 0.884629 0.972930
vt 0.887930 0.973792
vt 0.887930 0.973792
vt 0.884629 0.972930
vt 0.885714 0.974483
vt 0.887930 0.973792
vt 0.885714 0.974483
vt 0.889042 0.975353
vt 0.250000 0.780273
vt 0.117271 0.970211
vt 0.120526 0.971061
vt 0.117271 0.970211
vt 0.118672 0.973792
vt 0.120526 0.971061
vt 0.117271 0.970211
vt 0.115371 0.972930
vt 0.118672 0.973792
vt 0.115371 0.972930
vt 0.117613 0.975353
vt 0.118672 0.973792
vt 0.115371 0.972930
vt 0.114286 0.974483
vt 0.117613 0.975353
vt 0.750000 0.780273
vt 0.879474 0.971061
vt 0.882729 0.970211
vt 0.882729 0.970211
vt 0.879474 0.971061
vt 0.881328 0.973792
vt 0.882729 0.970211
vt 0.881328 0.973792
vt 0.884629 0.972930
vt 0.884629 0.972930
vt 0.881328 0.973792
vt 0.882387 0.975353
vt 0.884629 0.972930
vt 0.882387 0.975353
vt 0.885714 0.974483
vt 0.250000 0.780273
vt 0.120526 0.971061
vt 0.123559 0.973554
vt 0.120526 0.971061
vt 0.121749 0.976321
vt 0.123559 0.973554
vt 0.120526 0.971061
vt 0.118672 0.973792
vt 0.121749 0.976321
vt 0.118672 0.973792
vt 0.120714 0.977902
vt 0.121749 0.976321
vt 0.118672 0.973792
vt 0.117613 0.975353
vt 0.120714 0.977902
vt 0.750000 0.780273
vt 0.876441 0.973554
vt 0.879474 0.971061
vt 0.879474 0.971061
vt 0.876441 0.973554
vt 0.878251 0.976321
vt 0.879474 0.971061
vt 0.878251 0.976321
vt 0.881328 0.973792
vt 0.881328 0.973792
vt 0.878251 0.976321
vt 0.879286 0.977902
vt 0.881328 0.973792
vt 0.879286 0.977902
vt 0.882387 0.975353
vt 0.250000 0.780273
vt 0.123559 0.973554
vt 0.126163 0.977520
vt 0.123559 0.973554
vt 0.124390 0.980344
vt 0.126163 0.977520
vt 0.123559 0.973554
vt 0.121749 0.976321
vt 0.124390 0.980344
vt 0.121749 0.976321
vt 0.123377 0.981957
vt 0.124390 0.980344
vt 0.121749 0.976321
vt 0.120714 0.977902
vt 0.123377 0.981957
vt 0.750000 0.780273
vt 0.873837 0.977520
vt 0.876441 0.973554
vt 0.876441 0.973554
vt 0.873837 0.977520
vt 0.875610 0.980344
vt 0.876441 0.973554
vt 0.875610 0.980344
vt 0.878251 0.976321
vt 0.878251 0.976321
vt 0.875610 0.980344
vt 0.876623 0.981957
vt 0.878251 0.976321
vt 0.876623 0.981957
vt 0.879286 0.977902
vt 0.250000 0.780273
vt 0.126163 0.977520
vt 0.128161 0.982688
vt 0.126163 0.977520
vt 0.126417 0.985586
vt 0.128161 0.982688
vt 0.126163 0.977520
vt 0.124390 0.980344
vt 0.126417 0.985586
vt 0.124390 0.980344
vt 0.125420 0.987242
vt 0.126417 0.985586
vt 0.124390 0.980344
vt 0.123377 0.981957
vt 0.125420 0.987242
vt 0.750000 0.780273
vt 0.871839 0.982688
vt 0.873837 0.977520
vt 0.873837 0.977520
vt 0.871839 0.982688
vt 0.873583 0.985586
vt 0.873837 0.977520
vt 0.873583 0.985586
vt 0.875610 0.980344
vt 0.875610 0.980344
vt 0.873583 0.985586
vt 0.874580 0.987242
vt 0.875610 0.980344
vt 0.874580 0.987242
vt 0.876623 0.981957
vt 0.250000 0.780273
vt 0.128161 0.982688
vt 0.129417 0.988707
vt 0.128161 0.982688
vt 0.127691 0.991691
vt 0.129417 0.988707
vt 0.128161 0.982688
vt 0.126417 0.985586
vt 0.127691 0.991691
vt 0.126417 0.985586
vt 0.126705 0.993396
vt 0.127691 0.991691
vt 0.126417 0.985586
vt 0.125420 0.987242
vt 0.126705 0.993396
vt 0.750000 0.780273
vt 0.870583 0.988707
vt 0.871839 0.982688
vt 0.871839 0.982688
vt 0.870583 0.988707
vt 0.872309 0.991691
vt 0.871839 0.982688
vt 0.872309 0.991691
vt 0.873583 0.985586
vt 0.873583 0.985586
vt 0.872309 0.991691
vt 0.873295 0.993396
vt 0.873583 0.985586
vt 0.873295 0.993396
vt 0.874580 0.987242
vt 0.250000 0.780273
vt 0.129417 0.988707
vt 0.129846 0.995166
vt 0.129417 0.988707
vt 0.128126 0.998242
vt 0.129846 0.995166
vt 0.129417 0.988707
vt 0.127691 0.991691
vt 0.128126 0.998242
vt 0.127691 0.991691
vt 0.127143 1.000000
vt 0.128126 0.998242
vt 0.127691 0.991691
vt 0.126705 0.993396
vt 0.127143 1.000000
vt 0.750000 0.780273
vt 0.870154 0.995166
vt 0.870583 0.988707
vt 0.870583 0.988707
vt 0.870154 0.995166
vt 0.871874 0.998242
vt 0.870583 0.988707
vt 0.871874 0.998242
vt 0.872309 0.991691
vt 0.872309 0.991691
vt 0.871874 0.998242
vt 0.872857 1.000000
vt 0.872309 0.991691
vt 0.872857 1.000000
vt 0.873295 0.993396
vt 0.250000 0.780273
vt 0.129846 0.995166
vt 0.474940 0.995166
vt 0.129846 0.995166
vt 0.478160 0.998242
vt 0.474940 0.995166
vt 0.129846 0.995166
vt 0.128126 0.998242
vt 0.478160 0.998242
vt 0.128126 0.998242
vt 0.480000 1.000000
vt 0.478160 0.998242
vt 0.128126 0.998242
vt 0.127143 1.000000
vt 0.480000 1.000000
vt 0.750000 0.780273
vt 0.525060 0.995166
vt 0.870154 0.995166
vt 0.870154 0.995166
vt 0.525060 0.995166
vt 0.521840 0.998242
vt 0.870154 0.995166
vt 0.521840 0.998242
vt 0.871874 0.998242
vt 0.871874 0.998242
vt 0.521840 0.998242
vt 0.520000 1.000000
vt 0.871874 0.998242
vt 0.520000 1.000000
vt 0.872857 1.000000
vt 0.250000 0.780273
vt 0.474940 0.995166
vt 0.477493 0.994834
vt 0.474940 0.995166
vt 0.480750 0.997905
vt 0.477493 0.994834
vt 0.474940 0.995166
vt 0.478160 0.998242
vt 0.480750 0.997905
vt 0.478160 0.998242
vt 0.482611 0.999660
vt 0.480750 0.997905
vt 0.478160 0.998242
vt 0.480000 1.000000
vt 0.482611 0.999660
vt 0.750000 0.780273
vt 0.522507 0.994834
vt 0.525060 0.995166
vt 0.525060 0.995166
vt 0.522507 0.994834
vt 0.519250 0.997905
vt 0.525060 0.995166
vt 0.519250 0.997905
vt 0.521840 0.998242
vt 0.521840 0.998242
vt 0.519250 0.997905
vt 0.517389 0.999660
vt 0.521840 0.998242
vt 0.517389 0.999660
vt 0.520000 1.000000
vt 0.250000 0.780273
vt 0.477493 0.994834
vt 0.480003 0.993843
vt 0.477493 0.994834
vt 0.483295 0.996901
vt 0.480003 0.993843
vt 0.477493 0.994834
vt 0.480750 0.997905
vt 0.483295 0.996901
vt 0.480750 0.997905
vt 0.485176 0.998648
vt 0.483295 0.996901
vt 0.480750 0.997905
vt 0.482611 0.999660
vt 0.485176 0.998648
vt 0.750000 0.780273
vt 0.519997 0.993843
vt 0.522507 0.994834
vt 0.522507 0.994834
vt 0.519997 0.993843
vt 0.516705 0.996901
vt 0.522507 0.994834
vt 0.516705 0.996901
vt 0.519250 0.997905
vt 0.519250 0.997905
vt 0.516705 0.996901
vt 0.514824 0.998648
vt 0.519250 0.997905
vt 0.514824 0.998648
vt 0.517389 0.999660
vt 0.250000 0.780273
vt 0.480003 0.993843
vt 0.482425 0.992211
vt 0.480003 0.993843
vt 0.485752 0.995245
vt 0.482425 0.992211
vt 0.480003 0.993843
vt 0.483295 0.996901
vt 0.485752 0.995245
vt 0.483295 0.996901
vt 0.487654 0.996979
vt 0.485752 0.995245
vt 0.483295 0.996901
vt 0.485176 0.998648
vt 0.487654 0.996979
vt 0.750000 0.780273
vt 0.517575 0.992211
vt 0.519997 0.993843
vt 0.519997 0.993843
vt 0.517575 0.992211
vt 0.514248 0.995245
vt 0.519997 0.993843
vt 0.514248 0.995245
vt 0.516705 0.996901
vt 0.516705 0.996901
vt 0.514248 0.995245
vt 0.512346 0.996979
vt 0.516705 0.996901
vt 0.512346 0.996979
vt 0.514824 0.998648
vt 0.250000 0.780273
vt 0.482425 0.992211
vt 0.484720 0.989965
vt 0.482425 0.992211
vt 0.488080 0.992967
vt 0.484720 0.989965
vt 0.482425 0.992211
vt 0.485752 0.995245
vt 0.488080 0.992967
vt 0.485752 0.995245
vt 0.490000 0.994682
vt 0.488080 0.992967
vt 0.485752 0.995245
vt 0.487654 0.996979
vt 0.490000 0.994682
vt 0.750000 0.780273
vt 0.515280 0.989965
vt 0.517575 0.992211
vt 0.517575 0.992211
vt 0.515280 0.989965
vt 0.511920 0.992967
vt 0.517575 0.992211
vt 0.511920 0.992967
vt 0.514248 0.995245
vt 0.514248 0.995245
vt 0.511920 0.992967
vt 0.510000 0.994682
vt 0.514248 0.995245
vt 0.510000 0.994682
vt 0.512346 0.996979
vt 0.250000 0.780273
vt 0.484720 0.989965
vt 0.486847 0.987144
vt 0.484720 0.989965
vt 0.490238 0.990105
vt 0.486847 0.987144
vt 0.484720 0.989965
vt 0.488080 0.992967
vt 0.490238 0.990105
vt 0.488080 0.992967
vt 0.492175 0.991798
vt 0.490238 0.990105
vt 0.488080 0.992967
vt 0.490000 0.994682
vt 0.492175 0.991798
vt 0.750000 0.780273
vt 0.513153 0.987144
vt 0.515280 0.989965
vt 0.515280 0.989965
vt 0.513153 0.987144
vt 0.509762 0.990105
vt 0.515280 0.989965
vt 0.509762 0.990105
vt 0.511920 0.992967
vt 0.511920 0.992967
vt 0.509762 0.990105
vt 0.507825 0.991798
vt 0.511920 0.992967
vt 0.507825 0.991798
vt 0.510000 0.994682
vt 0.250000 0.780273
vt 0.486847 0.987144
vt 0.488771 0.983796
vt 0.486847 0.987144
vt 0.492189 0.986710
vt 0.488771 0.983796
vt 0.486847 0.987144
vt 0.490238 0.990105
vt 0.492189 0.986710
vt 0.490238 0.990105
vt 0.494142 0.988374
vt 0.492189 0.986710
vt 0.490238 0.990105
vt 0.492175 0.991798
vt 0.494142 0.988374
vt 0.750000 0.780273
vt 0.511229 0.983796
vt 0.513153 0.987144
vt 0.513153 0.987144
vt 0.511229 0.983796
vt 0.507811 0.986710
vt 0.513153 0.987144
vt 0.507811 0.986710
vt 0.509762 0.990105
vt 0.509762 0.990105
vt 0.507811 0.986710
vt 0.505858 0.988374
vt 0.509762 0.990105
vt 0.505858 0.988374
vt 0.507825 0.991798
vt 0.250000 0.780273
vt 0.488771 0.983796
vt 0.490458 0.979978
vt 0.488771 0.983796
vt 0.493900 0.982837
vt 0.490458 0.979978
vt 0.488771 0.983796
vt 0.492189 0.986710
vt 0.493900 0.982837
vt 0.492189 0.986710
vt 0.495867 0.984471
vt 0.493900 0.982837
vt 0.492189 0.986710
vt 0.494142 0.988374
vt 0.495867 0.984471
vt 0.750000 0.780273
vt 0.509542 0.979978
vt 0.511229 0.983796
vt 0.511229 0.983796
vt 0.509542 0.979978
vt 0.506100 0.982837
vt 0.511229 0.983796
vt 0.506100 0.982837
vt 0.507811 0.986710
vt 0.507811 0.986710
vt 0.506100 0.982837
vt 0.504133 0.984471
vt 0.507811 0.986710
vt 0.504133 0.984471
vt 0.505858 0.988374
vt 0.250000 0.780273
vt 0.490458 0.979978
vt 0.491879 0.975756
vt 0.490458 0.979978
vt 0.495342 0.978555
vt 0.491879 0.975756
vt 0.490458 0.979978
vt 0.493900 0.982837
vt 0.495342 0.978555
vt 0.493900 0.982837
vt 0.497321 0.980154
vt 0.495342 0.978555
vt 0.493900 0.982837
vt 0.495867 0.984471
vt 0.497321 0.980154
vt 0.750000 0.780273
vt 0.508121 0.975756
vt 0.509542 0.979978
vt 0.509542 0.979978
vt 0.508121 0.975756
vt 0.504658 0.978555
vt 0.509542 0.979978
vt 0.504658 0.978555
vt 0.506100 0.982837
vt 0.506100 0.982837
vt 0.504658 0.978555
vt 0.502679 0.980154
vt 0.506100 0.982837
vt 0.502679 0.980154
vt 0.504133 0.984471
vt 0.250000 0.780273
vt 0.491879 0.975756
vt 0.493011 0.971202
vt 0.491879 0.975756
vt 0.496490 0.973935
vt 0.493011 0.971202
vt 0.491879 0.975756
vt 0.495342 0.978555
vt 0.496490 0.973935
vt 0.495342 0.978555
vt 0.498478 0.975497
vt 0.496490 0.973935
vt 0.495342 0.978555
vt 0.497321 0.980154
vt 0.498478 0.975497
vt 0.750000 0.780273
vt 0.506989 0.971202
vt 0.508121 0.975756
vt 0.508121 0.975756
vt 0.506989 0.971202
vt 0.503510 0.973935
vt 0.508121 0.975756
vt 0.503510 0.973935
vt 0.504658 0.978555
vt 0.504658 0.978555
vt 0.503510 0.973935
vt 0.501522 0.975497
vt 0.504658 0.978555
vt 0.501522 0.975497
vt 0.502679 0.980154
vt 0.250000 0.780273
vt 0.493011 0.971202
vt 0.493834 0.966394
vt 0.493011 0.971202
vt 0.497324 0.969058
vt 0.493834 0.966394
vt 0.493011 0.971202
vt 0.496490 0.973935
vt 0.497324 0.969058
vt 0.496490 0.973935
vt 0.499319 0.970581
vt 0.497324 0.969058
vt 0.496490 0.973935
vt 0.498478 0.975497
vt 0.499319 0.970581
vt 0.750000 0.780273
vt 0.506166 0.966394
vt 0.506989 0.971202
vt 0.506989 0.971202
vt 0.506166 0.966394
vt 0.502676 0.969058
vt 0.506989 0.971202
vt 0.502676 0.969058
vt 0.503510 0.973935
vt 0.503510 0.973935
vt 0.502676 0.969058
vt 0.500681 0.970581
vt 0.503510 0.973935
vt 0.500681 0.970581
vt 0.501522 0.975497
vt 0.250000 0.780273
vt 0.493834 0.966394
vt 0.494333 0.961414
vt 0.493834 0.966394
vt 0.497830 0.964007
vt 0.494333 0.961414
vt 0.493834 0.966394
vt 0.497324 0.969058
vt 0.497830 0.964007
vt 0.497324 0.969058
vt 0.499829 0.965488
vt 0.497830 0.964007
vt 0.497324 0.969058
vt 0.499319 0.970581
vt 0.499829 0.965488
vt 0.750000 0.780273
vt 0.505667 0.961414
vt 0.506166 0.966394
vt 0.506166 0.966394
vt 0.505667 0.961414
vt 0.502170 0.964007
vt 0.506166 0.966394
vt 0.502170 0.964007
vt 0.502676 0.969058
vt 0.502676 0.969058
vt 0.502170 0.964007
vt 0.500171 0.965488
vt 0.502676 0.969058
vt 0.500171 0.965488
vt 0.500681 0.970581
vt 0.250000 0.780273
vt 0.494333 0.961414
vt 0.494500 0.956347
vt 0.494333 0.961414
vt 0.498000 0.958867
vt 0.494500 0.956347
vt 0.494333 0.961414
vt 0.497830 0.964007
vt 0.498000 0.958867
vt 0.497830 0.964007
vt 0.500000 0.960307
vt 0.498000 0.958867
vt 0.497830 0.964007
vt 0.499829 0.965488
vt 0.500000 0.960307
vt 0.750000 0.780273
vt 0.505500 0.956347
vt 0.505667 0.961414
vt 0.505667 0.961414
vt 0.505500 0.956347
vt 0.502000 0.958867
vt 0.505667 0.961414
vt 0.502000 0.958867
vt 0.502170 0.964007
vt 0.502170 0.964007
vt 0.502000 0.958867
vt 0.500000 0.960307
vt 0.502170 0.964007
vt 0.500000 0.960307
vt 0.500171 0.965488
vt 0.250000 0.780273
vt 0.494500 0.956347
vt 0.494500 0.604200
vt 0.494500 0.956347
vt 0.498000 0.601680
vt 0.494500 0.604200
vt 0.494500 0.956347
vt 0.498000 0.958867
vt 0.498000 0.601680
vt 0.498000 0.958867
vt 0.500000 0.600239
vt 0.498000 0.601680
vt 0.498000 0.958867
vt 0.500000 0.960307
vt 0.500000 0.600239
vt 0.750000 0.780273
vt 0.505500 0.604200
vt 0.505500 0.956347
vt 0.505500 0.956347
vt 0.505500 0.604200
vt 0.502000 0.601680
vt 0.505500 0.956347
vt 0.502000 0.601680
vt 0.502000 0.958867
vt 0.502000 0.958867
vt 0.502000 0.601680
vt 0.500000 0.600239
vt 0.502000 0.958867
vt 0.500000 0.600239
vt 0.500000 0.960307
vt 0.250000 0.780273
vt 0.494500 0.604200
vt 0.494333 0.599133
vt 0.494500 0.604200
vt 0.497830 0.596540
vt 0.494333 0.599133
vt 0.494500 0.604200
vt 0.498000 0.601680
vt 0.497830 0.596540
vt 0.498000 0.601680
vt 0.499829 0.595058
vt 0.497830 0.596540
vt 0.498000 0.601680
vt 0.500000 0.600239
vt 0.499829 0.595058
vt 0.750000 0.780273
vt 0.505667 0.599133
vt 0.505500 0.604200
vt 0.505500 0.604200
vt 0.505667 0.599133
vt 0.502170 0.596540
vt 0.505500 0.604200
vt 0.502170 0.596540
vt 0.502000 0.601680
vt 0.502000 0.601680
vt 0.502170 0.596540
vt 0.500171 0.595058
vt 0.502000 0.601680
vt 0.500171 0.595058
vt 0.500000 0.600239
vt 0.250000 0.780273
vt 0.494333 0.599133
vt 0.493834 0.594153
vt 0.494333 0.599133
vt 0.497324 0.591489
vt 0.493834 0.594153
vt 0.494333 0.599133
vt 0.497830 0.596540
vt 0.497324 0.591489
vt 0.497830 0.596540
vt 0.499319 0.589966
vt 0.497324 0.591489
vt 0.497830 0.596540
vt 0.499829 0.595058
vt 0.499319 0.589966
vt 0.750000 0.780273
vt 0.506166 0.594153
vt 0.505667 0.599133
vt 0.505667 0.599133
vt 0.506166 0.594153
vt 0.502676 0.591489
vt 0.505667 0.599133
vt 0.502676 0.591489
vt 0.502170 0.596540
vt 0.502170 0.596540
vt 0.502676 0.591489
vt 0.500681 0.589966
vt 0.502170 0.596540
vt 0.500681 0.589966
vt 0.500171 0.595058
vt 0.250000 0.780273
vt 0.493834 0.594153
vt 0.493011 0.589345
vt 0.493834 0.594153
vt 0.496490 0.586612
vt 0.493011 0.589345
vt 0.493834 0.594153
vt 0.497324 0.591489
vt 0.496490 0.586612
vt 0.497324 0.591489
vt 0.498478 0.585050
vt 0.496490 0.586612
vt 0.497324 0.591489
vt 0.499319 0.589966
vt 0.498478 0.585050
vt 0.750000 0.780273
vt 0.506989 0.589345
vt 0.506166 0.594153
vt 0.506166 0.594153
vt 0.506989 0.589345
vt 0.503510 0.586612
vt 0.506166 0.594153
vt 0.503510 0.586612
vt 0.502676 0.591489
vt 0.502676 0.591489
vt 0.503510 0.586612
vt 0.501522 0.585050
vt 0.502676 0.591489
vt 0.501522 0.585050
vt 0.500681 0.589966
vt 0.250000 0.780273
vt 0.493011 0.589345
vt 0.491879 0.584791
vt 0.493011 0.589345
vt 0.495342 0.581992
vt 0.491879 0.584791
vt 0.493011 0.589345
vt 0.496490 0.586612
vt 0.495342 0.581992
vt 0.496490 0.586612
vt 0.497321 0.580393
vt 0.495342 0.581992
vt 0.496490 0.586612
vt 0.498478 0.585050
vt 0.497321 0.580393
vt 0.750000 0.780273
vt 0.508121 0.584791
vt 0.506989 0.589345
vt 0.506989 0.589345
vt 0.508121 0.584791
vt 0.504658 0.581992
vt 0.506989 0.589345
vt 0.504658 0.581992
vt 0.503510 0.586612
vt 0.503510 0.586612
vt 0.504658 0.581992
vt 0.502679 0.580393
vt 0.503510 0.586612
vt 0.502679 0.580393
vt 0.501522 0.585050
vt 0.250000 0.780273
vt 0.491879 0.584791
vt 0.490458 0.580568
vt 0.491879 0.584791
vt 0.493900 0.577710
vt 0.490458 0.580568
vt 0.491879 0.584791
vt 0.495342 0.581992
vt 0.493900 0.577710
vt 0.495342 0.581992
vt 0.495867 0.576076
vt 0.493900 0.577710
vt 0.495342 0.581992
vt 0.497321 0.580393
vt 0.495867 0.576076
vt 0.750000 0.780273
vt 0.509542 0.580568
vt 0.508121 0.584791
vt 0.508121 0.584791
vt 0.509542 0.580568
vt 0.506100 0.577710
vt 0.508121 0.584791
vt 0.506100 0.577710
vt 0.504658 0.581992
vt 0.504658 0.581992
vt 0.506100 0.577710
vt 0.504133 0.576076
vt 0.504658 0.581992
vt 0.504133 0.576076
vt 0.502679 0.580393
vt 0.250000 0.780273
vt 0.490458 0.580568
vt 0.488771 0.576751
vt 0.490458 0.580568
vt 0.492189 0.573837
vt 0.488771 0.576751
vt 0.490458 0.580568
vt 0.493900 0.577710
vt 0.492189 0.573837
vt 0.493900 0.577710
vt 0.494142 0.572173
vt 0.492189 0.573837
vt 0.493900 0.577710
vt 0.495867 0.576076
vt 0.494142 0.572173
vt 0.750000 0.780273
vt 0.511229 0.576751
vt 0.509542 0.580568
vt 0.509542 0.580568
vt 0.511229 0.576751
vt 0.507811 0.573837
vt 0.509542 0.580568
vt 0.507811 0.573837
vt 0.506100 0.577710
vt 0.506100 0.577710
vt 0.507811 0.573837
vt 0.505858 0.572173
vt 0.506100 0.577710
vt 0.505858 0.572173
vt 0.504133 0.576076
vt 0.250000 0.780273
vt 0.488771 0.576751
vt 0.486847 0.573403
vt 0.488771 0.576751
vt 0.490238 0.570441
vt 0.486847 0.573403
vt 0.488771 0.576751
vt 0.492189 0.573837
vt 0.490238 0.570441
vt 0.492189 0.573837
vt 0.492175 0.568749
vt 0.490238 0.570441
vt 0.492189 0.573837
vt 0.494142 0.572173
vt 0.492175 0.568749
vt 0.750000 0.780273
vt 0.513153 0.573403
vt 0.511229 0.576751
vt 0.511229 0.576751
vt 0.513153 0.573403
vt 0.509762 0.570441
vt 0.511229 0.576751
vt 0.509762 0.570441
vt 0.507811 0.573837
vt 0.507811 0.573837
vt 0.509762 0.570441
vt 0.507825 0.568749
vt 0.507811 0.573837
vt 0.507825 0.568749
vt 0.505858 0.572173
vt 0.250000 0.780273
vt 0.486847 0.573403
vt 0.484720 0.570582
vt 0.486847 0.573403
vt 0.488080 0.567580
vt 0.484720 0.570582
vt 0.486847 0.573403
vt 0.490238 0.570441
vt 0.488080 0.567580
vt 0.490238 0.570441
vt 0.490000 0.565865
vt 0.488080 0.567580
vt 0.490238 0.570441
vt 0.492175 0.568749
vt 0.490000 0.565865
vt 0.750000 0.780273
vt 0.515280 0.570582
vt 0.513153 0.573403
vt 0.513153 0.573403
vt 0.515280 0.570582
vt 0.511920 0.567580
vt 0.513153 0.573403
vt 0.511920 0.567580
vt 0.509762 0.570441
vt 0.509762 0.570441
vt 0.511920 0.567580
vt 0.510000 0.565865
vt 0.509762 0.570441
vt 0.510000 0.565865
vt 0.507825 0.568749
vt 0.250000 0.780273
vt 0.484720 0.570582
vt 0.482425 0.568336
vt 0.484720 0.570582
vt 0.485752 0.565302
vt 0.482425 0.568336
vt 0.484720 0.570582
vt 0.488080 0.567580
vt 0.485752 0.565302
vt 0.488080 0.567580
vt 0.487654 0.563568
vt 0.485752 0.565302
vt 0.488080 0.567580
vt 0.490000 0.565865
vt 0.487654 0.563568
vt 0.750000 0.780273
vt 0.517575 0.568336
vt 0.515280 0.570582
vt 0.515280 0.570582
vt 0.517575 0.568336
vt 0.514248 0.565302
vt 0.515280 0.570582
vt 0.514248 0.565302
vt 0.511920 0.567580
vt 0.511920 0.567580
vt 0.514248 0.565302
vt 0.512346 0.563568
vt 0.511920 0.567580
vt 0.512346 0.563568
vt 0.510000 0.565865
vt 0.250000 0.780273
vt 0.482425 0.568336
vt 0.480003 0.566704
vt 0.482425 0.568336
vt 0.483295 0.563646
vt 0.480003 0.566704
vt 0.482425 0.568336
vt 0.485752 0.565302
vt 0.483295 0.563646
vt 0.485752 0.565302
vt 0.485176 0.561899
vt 0.483295 0.563646
vt 0.485752 0.565302
vt 0.487654 0.563568
vt 0.485176 0.561899
vt 0.750000 0.780273
vt 0.519997 0.566704
vt 0.517575 0.568336
vt 0.517575 0.568336
vt 0.519997 0.566704
vt 0.516705 0.563646
vt 0.517575 0.568336
vt 0.516705 0.563646
vt 0.514248 0.565302
vt 0.514248 0.565302
vt 0.516705 0.563646
vt 0.514824 0.561899
vt 0.514248 0.565302
vt 0.514824 0.561899
vt 0.512346 0.563568
vt 0.250000 0.780273
vt 0.480003 0.566704
vt 0.477493 0.565713
vt 0.480003 0.566704
vt 0.480750 0.562642
vt 0.477493 0.565713
vt 0.480003 0.566704
vt 0.483295 0.563646
vt 0.480750 0.562642
vt 0.483295 0.563646
vt 0.482611 0.560886
vt 0.480750 0.562642
vt 0.483295 0.563646
vt 0.485176 0.561899
vt 0.482611 0.560886
vt 0.750000 0.780273
vt 0.522507 0.565713
vt 0.519997 0.566704
vt 0.519997 0.566704
vt 0.522507 0.565713
vt 0.519250 0.562642
vt 0.519997 0.566704
vt 0.519250 0.562642
vt 0.516705 0.563646
vt 0.516705 0.563646
vt 0.519250 0.562642
vt 0.517389 0.560886
vt 0.516705 0.563646
vt 0.517389 0.560886
vt 0.514824 0.561899
vt 0.250000 0.780273
vt 0.477493 0.565713
vt 0.474940 0.565381
vt 0.477493 0.565713
vt 0.478160 0.562305
vt 0.474940 0.565381
vt 0.477493 0.565713
vt 0.480750 0.562642
vt 0.478160 0.562305
vt 0.480750 0.562642
vt 0.480000 0.560547
vt 0.478160 0.562305
vt 0.480750 0.562642
vt 0.482611 0.560886
vt 0.480000 0.560547
vt 0.750000 0.780273
vt 0.525060 0.565381
vt 0.522507 0.565713
vt 0.522507 0.565713
vt 0.525060 0.565381
vt 0.521840 0.562305
vt 0.522507 0.565713
vt 0.521840 0.562305
vt 0.519250 0.562642
vt 0.519250 0.562642
vt 0.521840 0.562305
vt 0.520000 0.560547
vt 0.519250 0.562642
vt 0.520000 0.560547
vt 0.517389 0.560886
vt 0.250000 0.780273
vt 0.474940 0.565381
vt 0.129846 0.565381
vt 0.474940 0.565381
vt 0.128126 0.562305
vt 0.129846 0.565381
vt 0.474940 0.565381
vt 0.478160 0.562305
vt 0.128126 0.562305
vt 0.478160 0.562305
vt 0.127143 0.560547
vt 0.128126 0.562305
vt 0.478160 0.562305
vt 0.480000 0.560547
vt 0.127143 0.560547
vt 0.750000 0.780273
vt 0.870154 0.565381
vt 0.525060 0.565381
vt 0.525060 0.565381
vt 0.870154 0.565381
vt 0.871874 0.562305
vt 0.525060 0.565381
vt 0.871874 0.562305
vt 0.521840 0.562305
vt 0.521840 0.562305
vt 0.871874 0.562305
vt 0.872857 0.560547
vt 0.521840 0.562305
vt 0.872857 0.560547
vt 0.520000 0.560547
vt 0.250000 0.780273
vt 0.129846 0.565381
vt 0.129417 0.571840
vt 0.129846 0.565381
vt 0.127691 0.568856
vt 0.129417 0.571840
vt 0.129846 0.565381
vt 0.128126 0.562305
vt 0.127691 0.568856
vt 0.128126 0.562305
vt 0.126705 0.567151
vt 0.127691 0.568856
vt 0.128126 0.562305
vt 0.127143 0.560547
vt 0.126705 0.567151
vt 0.750000 0.780273
vt 0.870583 0.571840
vt 0.870154 0.565381
vt 0.870154 0.565381
vt 0.870583 0.571840
vt 0.872309 0.568856
vt 0.870154 0.565381
vt 0.872309 0.568856
vt 0.871874 0.562305
vt 0.871874 0.562305
vt 0.872309 0.568856
vt 0.873295 0.567151
vt 0.871874 0.562305
vt 0.873295 0.567151
vt 0.872857 0.560547
vt 0.250000 0.780273
vt 0.129417 0.571840
vt 0.128161 0.577858
vt 0.129417 0.571840
vt 0.126417 0.574961
vt 0.128161 0.577858
vt 0.129417 0.571840
vt 0.127691 0.568856
vt 0.126417 0.574961
vt 0.127691 0.568856
vt 0.125420 0.573305
vt 0.126417 0.574961
vt 0.127691 0.568856
vt 0.126705 0.567151
vt 0.125420 0.573305
vt 0.750000 0.780273
vt 0.871839 0.577858
vt 0.870583 0.571840
vt 0.870583 0.571840
vt 0.871839 0.577858
vt 0.873583 0.574961
vt 0.870583 0.571840
vt 0.873583 0.574961
vt 0.872309 0.568856
vt 0.872309 0.568856
vt 0.873583 0.574961
vt 0.874580 0.573305
vt 0.872309 0.568856
vt 0.874580 0.573305
vt 0.873295 0.567151
vt 0.250000 0.780273
vt 0.128161 0.577858
vt 0.126163 0.583027
vt 0.128161 0.577858
vt 0.124390 0.580203
vt 0.126163 0.583027
vt 0.128161 0.577858
vt 0.126417 0.574961
vt 0.124390 0.580203
vt 0.126417 0.574961
vt 0.123377 0.578590
vt 0.124390 0.580203
vt 0.126417 0.574961
vt 0.125420 0.573305
vt 0.123377 0.578590
vt 0.750000 0.780273
vt 0.873837 0.583027
vt 0.871839 0.577858
vt 0.871839 0.577858
vt 0.873837 0.583027
vt 0.875610 0.580203
vt 0.871839 0.577858
vt 0.875610 0.580203
vt 0.873583 0.574961
vt 0.873583 0.574961
vt 0.875610 0.580203
vt 0.876623 0.578590
vt 0.873583 0.574961
vt 0.876623 0.578590
vt 0.874580 0.573305
vt 0.250000 0.780273
vt 0.126163 0.583027
vt 0.123559 0.586993
vt 0.126163 0.583027
vt 0.121749 0.584226
vt 0.123559 0.586993
vt 0.126163 0.583027
vt 0.124390 0.580203
vt 0.121749 0.584226
vt 0.124390 0.580203
vt 0.120714 0.582645
vt 0.121749 0.584226
vt 0.124390 0.580203
vt 0.123377 0.578590
vt 0.120714 0.582645
vt 0.750000 0.780273
vt 0.876441 0.586993
vt 0.873837 0.583027
vt 0.873837 0.583027
vt 0.876441 0.586993
vt 0.878251 0.584226
vt 0.873837 0.583027
vt 0.878251 0.584226
vt 0.875610 0.580203
vt 0.875610 0.580203
vt 0.878251 0.584226
vt 0.879286 0.582645
vt 0.875610 0.580203
vt 0.879286 0.582645
vt 0.876623 0.578590
vt 0.250000 0.780273
vt 0.123559 0.586993
vt 0.120526 0.589486
vt 0.123559 0.586993
vt 0.118672 0.586755
vt 0.120526 0.589486
vt 0.123559 0.586993
vt 0.121749 0.584226
vt 0.118672 0.586755
vt 0.121749 0.584226
vt 0.117613 0.585194
vt 0.118672 0.586755
vt 0.121749 0.584226
vt 0.120714 0.582645
vt 0.117613 0.585194
vt 0.750000 0.780273
vt 0.879474 0.589486
vt 0.876441 0.586993
vt 0.876441 0.586993
vt 0.879474 0.589486
vt 0.881328 0.586755
vt 0.876441 0.586993
vt 0.881328 0.586755
vt 0.878251 0.584226
vt 0.878251 0.584226
vt 0.881328 0.586755
vt 0.882387 0.585194
vt 0.878251 0.584226
vt 0.882387 0.585194
vt 0.879286 0.582645
vt 0.250000 0.780273
vt 0.120526 0.589486
vt 0.117271 0.590336
vt 0.120526 0.589486
vt 0.115371 0.587617
vt 0.117271 0.590336
vt 0.120526 0.589486
vt 0.118672 0.586755
vt 0.115371 0.587617
vt 0.118672 0.586755
vt 0.114286 0.586064
vt 0.115371 0.587617
vt 0.118672 0.586755
vt 0.117613 0.585194
vt 0.114286 0.586064
vt 0.750000 0.780273
vt 0.882729 0.590336
vt 0.879474 0.589486
vt 0.879474 0.589486
vt 0.882729 0.590336
vt 0.884629 0.587617
vt 0.879474 0.589486
vt 0.884629 0.587617
vt 0.881328 0.586755
vt 0.881328 0.586755
vt 0.884629 0.587617
vt 0.885714 0.586064
vt 0.881328 0.586755
vt 0.885714 0.586064
vt 0.882387 0.585194
vt 0.250000 0.780273
vt 0.117271 0.590336
vt 0.114017 0.589486
vt 0.117271 0.590336
vt 0.112070 0.586755
vt 0.114017 0.589486
vt 0.117271 0.590336
vt 0.115371 0.587617
vt 0.112070 0.586755
vt 0.115371 0.587617
vt 0.110958 0.585194
vt 0.112070 0.586755
vt 0.115371 0.587617
vt 0.114286 0.586064
vt 0.110958 0.585194
vt 0.750000 0.780273
vt 0.885983 0.589486
vt 0.882729 0.590336
vt 0.882729 0.590336
vt 0.885983 0.589486
vt 0.887930 0.586755
vt 0.882729 0.590336
vt 0.887930 0.586755
vt 0.884629 0.587617
vt 0.884629 0.587617
vt 0.887930 0.586755
vt 0.889042 0.585194
vt 0.884629 0.587617
vt 0.889042 0.585194
vt 0.885714 0.586064
vt 0.250000 0.780273
vt 0.114017 0.589486
vt 0.110984 0.586993
vt 0.114017 0.589486
vt 0.108994 0.584226
vt 0.110984 0.586993
vt 0.114017 0.589486
vt 0.112070 0.586755
vt 0.108994 0.584226
vt 0.112070 0.586755
vt 0.107857 0.582645
vt 0.108994 0.584226
vt 0.112070 0.586755
vt 0.110958 0.585194
vt 0.107857 0.582645
vt 0.750000 0.780273
vt 0.889016 0.586993
vt 0.885983 0.589486
vt 0.885983 0.589486
vt 0.889016 0.586993
vt 0.891006 0.584226
vt 0.885983 0.589486
vt 0.891006 0.584226
vt 0.887930 0.586755
vt 0.887930 0.586755
vt 0.891006 0.584226
vt 0.892143 0.582645
vt 0.887930 0.586755
vt 0.892143 0.582645
vt 0.889042 0.585194
vt 0.250000 0.780273
vt 0.108380 0.583027
vt 0.110984 0.586993
vt 0.110984 0.586993
vt 0.108380 0.583027
vt 0.106353 0.580203
vt 0.110984 0.586993
vt 0.106353 0.580203
vt 0.108994 0.584226
vt 0.108994 0.584226
vt 0.106353 0.580203
vt 0.105194 0.578590
vt 0.108994 0.584226
vt 0.105194 0.578590
vt 0.107857 0.582645
vt 0.750000 0.780273
vt 0.889016 0.586993
vt 0.891620 0.583027
vt 0.889016 0.586993
vt 0.893647 0.580203
vt 0.891620 0.583027
vt 0.889016 0.586993
vt 0.891006 0.584226
vt 0.893647 0.580203
vt 0.891006 0.584226
vt 0.894806 0.578590
vt 0.893647 0.580203
vt 0.891006 0.584226
vt 0.892143 0.582645
vt 0.894806 0.578590
vt 0.250000 0.780273
vt 0.106382 0.577858
vt 0.108380 0.583027
vt 0.108380 0.583027
vt 0.106382 0.577858
vt 0.104326 0.574961
vt 0.108380 0.583027
vt 0.104326 0.574961
vt 0.106353 0.580203
vt 0.106353 0.580203
vt 0.104326 0.574961
vt 0.103151 0.573305
vt 0.106353 0.580203
vt 0.103151 0.573305
vt 0.105194 0.578590
vt 0.750000 0.780273
vt 0.891620 0.583027
vt 0.893618 0.577858
vt 0.891620 0.583027
vt 0.895674 0.574961
vt 0.893618 0.577858
vt 0.891620 0.583027
vt 0.893647 0.580203
vt 0.895674 0.574961
vt 0.893647 0.580203
vt 0.896849 0.573305
vt 0.895674 0.574961
vt 0.893647 0.580203
vt 0.894806 0.578590
vt 0.896849 0.573305
vt 0.250000 0.780273
vt 0.105126 0.571840
vt 0.106382 0.577858
vt 0.106382 0.577858
vt 0.105126 0.571840
vt 0.103052 0.568856
vt 0.106382 0.577858
vt 0.103052 0.568856
vt 0.104326 0.574961
vt 0.104326 0.574961
vt 0.103052 0.568856
vt 0.101867 0.567151
vt 0.104326 0.574961
vt 0.101867 0.567151
vt 0.103151 0.573305
vt 0.750000 0.780273
vt 0.893618 0.577858
vt 0.894874 0.571840
vt 0.893618 0.577858
vt 0.896948 0.568856
vt 0.894874 0.571840
vt 0.893618 0.577858
vt 0.895674 0.574961
vt 0.896948 0.568856
vt 0.895674 0.574961
vt 0.898133 0.567151
vt 0.896948 0.568856
vt 0.895674 0.574961
vt 0.896849 0.573305
vt 0.898133 0.567151
vt 0.250000 0.780273
vt 0.104697 0.565381
vt 0.105126 0.571840
vt 0.105126 0.571840
vt 0.104697 0.565381
vt 0.102617 0.562305
vt 0.105126 0.571840
vt 0.102617 0.562305
vt 0.103052 0.568856
vt 0.103052 0.568856
vt 0.102617 0.562305
vt 0.101429 0.560547
vt 0.103052 0.568856
vt 0.101429 0.560547
vt 0.101867 0.567151
vt 0.750000 0.780273
vt 0.894874 0.571840
vt 0.895303 0.565381
vt 0.894874 0.571840
vt 0.897383 0.562305
vt 0.895303 0.565381
vt 0.894874 0.571840
vt 0.896948 0.568856
vt 0.897383 0.562305
vt 0.896948 0.568856
vt 0.898571 0.560547
vt 0.897383 0.562305
vt 0.896948 0.568856
vt 0.898133 0.567151
vt 0.898571 0.560547
vt 0.250000 0.780273
vt 0.104697 0.565381
vt 0.025060 0.565381
vt 0.104697 0.565381
vt 0.021840 0.562305
vt 0.025060 0.565381
vt 0.104697 0.565381
vt 0.102617 0.562305
vt 0.021840 0.562305
vt 0.102617 0.562305
vt 0.020000 0.560547
vt 0.021840 0.562305
vt 0.102617 0.562305
vt 0.101429 0.560547
vt 0.020000 0.560547
vt 0.750000 0.780273
vt 0.974940 0.565381
vt 0.895303 0.565381
vt 0.895303 0.565381
vt 0.974940 0.565381
vt 0.978160 0.562305
vt 0.895303 0.565381
vt 0.978160 0.562305
vt 0.897383 0.562305
vt 0.897383 0.562305
vt 0.978160 0.562305
vt 0.980000 0.560547
vt 0.897383 0.562305
vt 0.980000 0.560547
vt 0.898571 0.560547
vt 0.250000 0.780273
vt 0.025060 0.565381
vt 0.022507 0.565713
vt 0.025060 0.565381
vt 0.019250 0.562642
vt 0.022507 0.565713
vt 0.025060 0.565381
vt 0.021840 0.562305
vt 0.019250 0.562642
vt 0.021840 0.562305
vt 0.017389 0.560886
vt 0.019250 0.562642
vt 0.021840 0.562305
vt 0.020000 0.560547
vt 0.017389 0.560886
vt 0.750000 0.780273
vt 0.977493 0.565713
vt 0.974940 0.565381
vt 0.974940 0.565381
vt 0.977493 0.565713
vt 0.980750 0.562642
vt 0.974940 0.565381
vt 0.980750 0.562642
vt 0.978160 0.562305
vt 0.978160 0.562305
vt 0.980750 0.562642
vt 0.982611 0.560886
vt 0.978160 0.562305
vt 0.982611 0.560886
vt 0.980000 0.560547
vt 0.250000 0.780273
vt 0.022507 0.565713
vt 0.019997 0.566704
vt 0.022507 0.565713
vt 0.016705 0.563646
vt 0.019997 0.566704
vt 0.022507 0.565713
vt 0.019250 0.562642
vt 0.016705 0.563646
vt 0.019250 0.562642
vt 0.014824 0.561899
vt 0.016705 0.563646
vt 0.019250 0.562642
vt 0.017389 0.560886
vt 0.014824 0.561899
vt 0.750000 0.780273
vt 0.980003 0.566704
vt 0.977493 0.565713
vt 0.977493 0.565713
vt 0.980003 0.566704
vt 0.983295 0.563646
vt 0.977493 0.565713
vt 0.983295 0.563646
vt 0.980750 0.562642
vt 0.980750 0.562642
vt 0.983295 0.563646
vt 0.985176 0.561899
vt 0.980750 0.562642
vt 0.985176 0.561899
vt 0.982611 0.560886
vt 0.250000 0.780273
vt 0.019997 0.566704
vt 0.017575 0.568336
vt 0.019997 0.566704
vt 0.014248 0.565302
vt 0.017575 0.568336
vt 0.019997 0.566704
vt 0.016705 0.563646
vt 0.014248 0.565302
vt 0.016705 0.563646
vt 0.012346 0.563568
vt 0.014248 0.565302
vt 0.016705 0.563646
vt 0.014824 0.561899
vt 0.012346 0.563568
vt 0.750000 0.780273
vt 0.982425 0.568336
vt 0.980003 0.566704
vt 0.980003 0.566704
vt 0.982425 0.568336
vt 0.985752 0.565302
vt 0.980003 0.566704
vt 0.985752 0.565302
vt 0.983295 0.563646
vt 0.983295 0.563646
vt 0.985752 0.565302
vt 0.987654 0.563568
vt 0.983295 0.563646
vt 0.987654 0.563568
vt 0.985176 0.561899
vt 0.250000 0.780273
vt 0.017575 0.568336
vt 0.015280 0.570582
vt 0.017575 0.568336
vt 0.011920 0.567580
vt 0.015280 0.570582
vt 0.017575 0.568336
vt 0.014248 0.565302
vt 0.011920 0.567580
vt 0.014248 0.565302
vt 0.010000 0.565865
vt 0.011920 0.567580
vt 0.014248 0.565302
vt 0.012346 0.563568
vt 0.010000 0.565865
vt 0.750000 0.780273
vt 0.984720 0.570582
vt 0.982425 0.568336
vt 0.982425 0.568336
vt 0.984720 0.570582
vt 0.988080 0.567580
vt 0.982425 0.568336
vt 0.988080 0.567580
vt 0.985752 0.565302
vt 0.985752 0.565302
vt 0.988080 0.567580
vt 0.990000 0.565865
vt 0.985752 0.565302
vt 0.990000 0.565865
vt 0.987654 0.563568
vt 0.250000 0.780273
vt 0.015280 0.570582
vt 0.013153 0.573403
vt 0.015280 0.570582
vt 0.009762 0.570441
vt 0.013153 0.573403
vt 0.015280 0.570582
vt 0.011920 0.567580
vt 0.009762 0.570441
vt 0.011920 0.567580
vt 0.007825 0.568749
vt 0.009762 0.570441
vt 0.011920 0.567580
vt 0.010000 0.565865
vt 0.007825 0.568749
vt 0.750000 0.780273
vt 0.986847 0.573403
vt 0.984720 0.570582
vt 0.984720 0.570582
vt 0.986847 0.573403
vt 0.990238 0.570441
vt 0.984720 0.570582
vt 0.990238 0.570441
vt 0.988080 0.567580
vt 0.988080 0.567580
vt 0.990238 0.570441
vt 0.992175 0.568749
vt 0.988080 0.567580
vt 0.992175 0.568749
vt 0.990000 0.565865
vt 0.250000 0.780273
vt 0.013153 0.573403
vt 0.011229 0.576751
vt 0.013153 0.573403
vt 0.007811 0.573837
vt 0.011229 0.576751
vt 0.013153 0.573403
vt 0.009762 0.570441
vt 0.007811 0.573837
vt 0.009762 0.570441
vt 0.005858 0.572173
vt 0.007811 0.573837
vt 0.009762 0.570441
vt 0.007825 0.568749
vt 0.005858 0.572173
vt 0.750000 0.780273
vt 0.988771 0.576751
vt 0.986847 0.573403
vt 0.986847 0.573403
vt 0.988771 0.576751
vt 0.992189 0.573837
vt 0.986847 0.573403
vt 0.992189 0.573837
vt 0.990238 0.570441
vt 0.990238 0.570441
vt 0.992189 0.573837
vt 0.994142 0.572173
vt 0.990238 0.570441
vt 0.994142 0.572173
vt 0.992175 0.568749
vt 0.250000 0.780273
vt 0.011229 0.576751
vt 0.009542 0.580568
vt 0.011229 0.576751
vt 0.006100 0.577710
vt 0.009542 0.580568
vt 0.011229 0.576751
vt 0.007811 0.573837
vt 0.006100 0.577710
vt 0.007811 0.573837
vt 0.004133 0.576076
vt 0.006100 0.577710
vt 0.007811 0.573837
vt 0.005858 0.572173
vt 0.004133 0.576076
vt 0.750000 0.780273
vt 0.990458 0.580568
vt 0.988771 0.576751
vt 0.988771 0.576751
vt 0.990458 0.580568
vt 0.993900 0.577710
vt 0.988771 0.576751
vt 0.993900 0.577710
vt 0.992189 0.573837
vt 0.992189 0.573837
vt 0.993900 0.577710
vt 0.995867 0.576076
vt 0.992189 0.573837
vt 0.995867 0.576076
vt 0.994142 0.572173
vt 0.250000 0.780273
vt 0.009542 0.580568
vt 0.008121 0.584791
vt 0.009542 0.580568
vt 0.004658 0.581992
vt 0.008121 0.584791
vt 0.009542 0.580568
vt 0.006100 0.577710
vt 0.004658 0.581992
vt 0.006100 0.577710
vt 0.002679 0.580393
vt 0.004658 0.581992
vt 0.006100 0.577710
vt 0.004133 0.576076
vt 0.002679 0.580393
vt 0.750000 0.780273
vt 0.991879 0.584791
vt 0.990458 0.580568
vt 0.990458 0.580568
vt 0.991879 0.584791
vt 0.995342 0.581992
vt 0.990458 0.580568
vt 0.995342 0.581992
vt 0.993900 0.577710
vt 0.993900 0.577710
vt 0.995342 0.581992
vt 0.997321 0.580393
vt 0.993900 0.577710
vt 0.997321 0.580393
vt 0.995867 0.576076
vt 0.250000 0.780273
vt 0.008121 0.584791
vt 0.006989 0.589345
vt 0.008121 0.584791
vt 0.003510 0.586612
vt 0.006989 0.589345
vt 0.008121 0.584791
vt 0.004658 0.581992
vt 0.003510 0.586612
vt 0.004658 0.581992
vt 0.001522 0.585050
vt 0.003510 0.586612
vt 0.004658 0.581992
vt 0.002679 0.580393
vt 0.001522 0.585050
vt 0.750000 0.780273
vt 0.993011 0.589345
vt 0.991879 0.584791
vt 0.991879 0.584791
vt 0.993011 0.589345
vt 0.996490 0.586612
vt 0.991879 0.584791
vt 0.996490 0.586612
vt 0.995342 0.581992
vt 0.995342 0.581992
vt 0.996490 0.586612
vt 0.998478 0.585050
vt 0.995342 0.581992
vt 0.998478 0.585050
vt 0.997321 0.580393
vt 0.250000 0.780273
vt 0.006989 0.589345
vt 0.006166 0.594153
vt 0.006989 0.589345
vt 0.002676 0.591489
vt 0.006166 0.594153
vt 0.006989 0.589345
vt 0.003510 0.586612
vt 0.002676 0.591489
vt 0.003510 0.586612
vt 0.000681 0.589966
vt 0.002676 0.591489
vt 0.003510 0.586612
vt 0.001522 0.585050
vt 0.000681 0.589966
vt 0.750000 0.780273
vt 0.993834 0.594153
vt 0.993011 0.589345
vt 0.993011 0.589345
vt 0.993834 0.594153
vt 0.997324 0.591489
vt 0.993011 0.589345
vt 0.997324 0.591489
vt 0.996490 0.586612
vt 0.996490 0.586612
vt 0.997324 0.591489
vt 0.999319 0.589966
vt 0.996490 0.586612
vt 0.999319 0.589966
vt 0.998478 0.585050
vt 0.250000 0.780273
vt 0.006166 0.594153
vt 0.005667 0.599133
vt 0.006166 0.594153
vt 0.002170 0.596540
vt 0.005667 0.599133
vt 0.006166 0.594153
vt 0.002676 0.591489
vt 0.002170 0.596540
vt 0.002676 0.591489
vt 0.000171 0.595058
vt 0.002170 0.596540
vt 0.002676 0.591489
vt 0.000681 0.589966
vt 0.000171 0.595058
vt 0.750000 0.780273
vt 0.994333 0.599133
vt 0.993834 0.594153
vt 0.993834 0.594153
vt 0.994333 0.599133
vt 0.997830 0.596540
vt 0.993834 0.594153
vt 0.997830 0.596540
vt 0.997324 0.591489
vt 0.997324 0.591489
vt 0.997830 0.596540
vt 0.999829 0.595058
vt 0.997324 0.591489
vt 0.999829 0.595058
vt 0.999319 0.589966
vt 0.250000 0.780273
vt 0.005667 0.599133
vt 0.005500 0.604200
vt 0.005667 0.599133
vt 0.002000 0.601680
vt 0.005500 0.604200
vt 0.005667 0.599133
vt 0.002170 0.596540
vt 0.002000 0.601680
vt 0.002170 0.596540
vt 0.000100 0.600239
vt 0.002000 0.601680
vt 0.002170 0.596540
vt 0.000171 0.595058
vt 0.000100 0.600239
vt 0.750000 0.780273
vt 0.994500 0.604200
vt 0.994333 0.599133
vt 0.994333 0.599133
vt 0.994500 0.604200
vt 0.998000 0.601680
vt 0.994333 0.599133
vt 0.998000 0.601680
vt 0.997830 0.596540
vt 0.997830 0.596540
vt 0.998000 0.601680
vt 0.999900 0.600239
vt 0.997830 0.596540
vt 0.999900 0.600239
vt 0.999829 0.595058
vt 0.250000 0.780273
vt 0.005500 0.604200
vt 0.005500 0.956347
vt 0.005500 0.604200
vt 0.002000 0.958867
vt 0.005500 0.956347
vt 0.005500 0.604200
vt 0.002000 0.601680
vt 0.002000 0.958867
vt 0.002000 0.601680
vt 0.000100 0.960307
vt 0.002000 0.958867
vt 0.002000 0.601680
vt 0.000100 0.600239
vt 0.000100 0.960307
vt 0.750000 0.780273
vt 0.994500 0.956347
vt 0.994500 0.604200
vt 0.994500 0.604200
vt 0.994500 0.956347
vt 0.998000 0.958867
vt 0.994500 0.604200
vt 0.998000 0.958867
vt 0.998000 0.601680
vt 0.998000 0.601680
vt 0.998000 0.958867
vt 0.999900 0.960307
vt 0.998000 0.601680
vt 0.999900 0.960307
vt 0.999900 0.600239
vt 0.250000 0.780273
vt 0.005500 0.956347
vt 0.005667 0.961414
vt 0.005500 0.956347
vt 0.002170 0.964007
vt 0.005667 0.961414
vt 0.005500 0.956347
vt 0.002000 0.958867
vt 0.002170 0.964007
vt 0.002000 0.958867
vt 0.000171 0.965488
vt 0.002170 0.964007
vt 0.002000 0.958867
vt 0.000100 0.960307
vt 0.000171 0.965488
vt 0.750000 0.780273
vt 0.994333 0.961414
vt 0.994500 0.956347
vt 0.994500 0.956347
vt 0.994333 0.961414
vt 0.997830 0.964007
vt 0.994500 0.956347
vt 0.997830 0.964007
vt 0.998000 0.958867
vt 0.998000 0.958867
vt 0.997830 0.964007
vt 0.999829 0.965488
vt 0.998000 0.958867
vt 0.999829 0.965488
vt 0.999900 0.960307
vt 0.250000 0.780273
vt 0.005667 0.961414
vt 0.006166 0.966394
vt 0.005667 0.961414
vt 0.002676 0.969058
vt 0.006166 0.966394
vt 0.005667 0.961414
vt 0.002170 0.964007
vt 0.002676 0.969058
vt 0.002170 0.964007
vt 0.000681 0.970581
vt 0.002676 0.969058
vt 0.002170 0.964007
vt 0.000171 0.965488
vt 0.000681 0.970581
vt 0.750000 0.780273
vt 0.993834 0.966394
vt 0.994333 0.961414
vt 0.994333 0.961414
vt 0.993834 0.966394
vt 0.997324 0.969058
vt 0.994333 0.961414
vt 0.997324 0.969058
vt 0.997830 0.964007
vt 0.997830 0.964007
vt 0.997324 0.969058
vt 0.999319 0.970581
vt 0.997830 0.964007
vt 0.999319 0.970581
vt 0.999829 0.965488
vt 0.250000 0.780273
vt 0.006166 0.966394
vt 0.006989 0.971202
vt 0.006166 0.966394
vt 0.003510 0.973935
vt 0.006989 0.971202
vt 0.006166 0.966394
vt 0.002676 0.969058
vt 0.003510 0.973935
vt 0.002676 0.969058
vt 0.001522 0.975497
vt 0.003510 0.973935
vt 0.002676 0.969058
vt 0.000681 0.970581
vt 0.001522 0.975497
vt 0.750000 0.780273
vt 0.993011 0.971202
vt 0.993834 0.966394
vt 0.993834 0.966394
vt 0.993011 0.971202
vt 0.996490 0.973935
vt 0.993834 0.966394
vt 0.996490 0.973935
vt 0.997324 0.969058
vt 0.997324 0.969058
vt 0.996490 0.973935
vt 0.998478 0.975497
vt 0.997324 0.969058
vt 0.998478 0.975497
vt 0.999319 0.970581
vt 0.250000 0.780273
vt 0.006989 0.971202
vt 0.008121 0.975756
vt 0.006989 0.971202
vt 0.004658 0.978555
vt 0.008121 0.975756
vt 0.006989 0.971202
vt 0.003510 0.973935
vt 0.004658 0.978555
vt 0.003510 0.973935
vt 0.002679 0.980154
vt 0.004658 0.978555
vt 0.003510 0.973935
vt 0.001522 0.975497
vt 0.002679 0.980154
vt 0.750000 0.780273
vt 0.991879 0.975756
vt 0.993011 0.971202
vt 0.993011 0.971202
vt 0.991879 0.975756
vt 0.995342 0.978555
vt 0.993011 0.971202
vt 0.995342 0.978555
vt 0.996490 0.973935
vt 0.996490 0.973935
vt 0.995342 0.978555
vt 0.997321 0.980154
vt 0.996490 0.973935
vt 0.997321 0.980154
vt 0.998478 0.975497
vt 0.250000 0.780273
vt 0.008121 0.975756
vt 0.009542 0.979978
vt 0.008121 0.975756
vt 0.006100 0.982837
vt 0.009542 0.979978
vt 0.008121 0.975756
vt 0.004658 0.978555
vt 0.006100 0.982837
vt 0.004658 0.978555
vt 0.004133 0.984471
vt 0.006100 0.982837
vt 0.004658 0.978555
vt 0.002679 0.980154
vt 0.004133 0.984471
vt 0.750000 0.780273
vt 0.990458 0.979978
vt 0.991879 0.975756
vt 0.991879 0.975756
vt 0.990458 0.979978
vt 0.993900 0.982837
vt 0.991879 0.975756
vt 0.993900 0.982837
vt 0.995342 0.978555
vt 0.995342 0.978555
vt 0.993900 0.982837
vt 0.995867 0.984471
vt 0.995342 0.978555
vt 0.995867 0.984471
vt 0.997321 0.980154
vt 0.250000 0.780273
vt 0.009542 0.979978
vt 0.011229 0.983796
vt 0.009542 0.979978
vt 0.007811 0.986710
vt 0.011229 0.983796
vt 0.009542 0.979978
vt 0.006100 0.982837
vt 0.007811 0.986710
vt 0.006100 0.982837
vt 0.005858 0.988374
vt 0.007811 0.986710
vt 0.006100 0.982837
vt 0.004133 0.984471
vt 0.005858 0.988374
vt 0.750000 0.780273
vt 0.988771 0.983796
vt 0.990458 0.979978
vt 0.990458 0.979978
vt 0.988771 0.983796
vt 0.992189 0.986710
vt 0.990458 0.979978
vt 0.992189 0.986710
vt 0.993900 0.982837
vt 0.993900 0.982837
vt 0.992189 0.986710
vt 0.994142 0.988374
vt 0.993900 0.982837
vt 0.994142 0.988374
vt 0.995867 0.984471
vt 0.250000 0.780273
vt 0.011229 0.983796
vt 0.013153 0.987144
vt 0.011229 0.983796
vt 0.009762 0.990105
vt 0.013153 0.987144
vt 0.011229 0.983796
vt 0.007811 0.986710
vt 0.009762 0.990105
vt 0.007811 0.986710
vt 0.007825 0.991798
vt 0.009762 0.990105
vt 0.007811 0.986710
vt 0.005858 0.988374
vt 0.007825 0.991798
vt 0.750000 0.780273
vt 0.986847 0.987144
vt 0.988771 0.983796
vt 0.988771 0.983796
vt 0.986847 0.987144
vt 0.990238 0.990105
vt 0.988771 0.983796
vt 0.990238 0.990105
vt 0.992189 0.986710
vt 0.992189 0.986710
vt 0.990238 0.990105
vt 0.992175 0.991798
vt 0.992189 0.986710
vt 0.992175 0.991798
vt 0.994142 0.988374
vt 0.250000 0.780273
vt 0.013153 0.987144
vt 0.015280 0.989965
vt 0.013153 0.987144
vt 0.011920 0.992967
vt 0.015280 0.989965
vt 0.013153 0.987144
vt 0.009762 0.990105
vt 0.011920 0.992967
vt 0.009762 0.990105
vt 0.010000 0.994682
vt 0.011920 0.992967
vt 0.009762 0.990105
vt 0.007825 0.991798
vt 0.010000 0.994682
vt 0.750000 0.780273
vt 0.984720 0.989965
vt 0.986847 0.987144
vt 0.986847 0.987144
vt 0.984720 0.989965
vt 0.988080 0.992967
vt 0.986847 0.987144
vt 0.988080 0.992967
vt 0.990238 0.990105
vt 0.990238 0.990105
vt 0.988080 0.992967
vt 0.990000 0.994682
vt 0.990238 0.990105
vt 0.990000 0.994682
vt 0.992175 0.991798
vt 0.250000 0.780273
vt 0.015280 0.989965
vt 0.017575 0.992211
vt 0.015280 0.989965
vt 0.014248 0.995245
vt 0.017575 0.992211
vt 0.015280 0.989965
vt 0.011920 0.992967
vt 0.014248 0.995245
vt 0.011920 0.992967
vt 0.012346 0.996979
vt 0.014248 0.995245
vt 0.011920 0.992967
vt 0.010000 0.994682
vt 0.012346 0.996979
vt 0.750000 0.780273
vt 0.982425 0.992211
vt 0.984720 0.989965
vt 0.984720 0.989965
vt 0.982425 0.992211
vt 0.985752 0.995245
vt 0.984720 0.989965
vt 0.985752 0.995245
vt 0.988080 0.992967
vt 0.988080 0.992967
vt 0.985752 0.995245
vt 0.987654 0.996979
vt 0.988080 0.992967
vt 0.987654 0.996979
vt 0.990000 0.994682
vt 0.250000 0.780273
vt 0.017575 0.992211
vt 0.019997 0.993843
vt 0.017575 0.992211
vt 0.016705 0.996901
vt 0.019997 0.993843
vt 0.017575 0.992211
vt 0.014248 0.995245
vt 0.016705 0.996901
vt 0.014248 0.995245
vt 0.014824 0.998648
vt 0.016705 0.996901
vt 0.014248 0.995245
vt 0.012346 0.996979
vt 0.014824 0.998648
vt 0.750000 0.780273
vt 0.980003 0.993843
vt 0.982425 0.992211
vt 0.982425 0.992211
vt 0.980003 0.993843
vt 0.983295 0.996901
vt 0.982425 0.992211
vt 0.983295 0.996901
vt 0.985752 0.995245
vt 0.985752 0.995245
vt 0.983295 0.996901
vt 0.985176 0.998648
vt 0.985752 0.995245
vt 0.985176 0.998648
vt 0.987654 0.996979
vt 0.250000 0.780273
vt 0.019997 0.993843
vt 0.022507 0.994834
vt 0.019997 0.993843
vt 0.019250 0.997905
vt 0.022507 0.994834
vt 0.019997 0.993843
vt 0.016705 0.996901
vt 0.019250 0.997905
vt 0.016705 0.996901
vt 0.017389 0.999660
vt 0.019250 0.997905
vt 0.016705 0.996901
vt 0.014824 0.998648
vt 0.017389 0.999660
vt 0.750000 0.780273
vt 0.977493 0.994834
vt 0.980003 0.993843
vt 0.980003 0.993843
vt 0.977493 0.994834
vt 0.980750 0.997905
vt 0.980003 0.993843
vt 0.980750 0.997905
vt 0.983295 0.996901
vt 0.983295 0.996901
vt 0.980750 0.997905
vt 0.982611 0.999660
vt 0.983295 0.996901
vt 0.982611 0.999660
vt 0.985176 0.998648
vt 0.250000 0.780273
vt 0.022507 0.994834
vt 0.025060 0.995166
vt 0.022507 0.994834
vt 0.021840 0.998242
vt 0.025060 0.995166
vt 0.022507 0.994834
vt 0.019250 0.997905
vt 0.021840 0.998242
vt 0.019250 0.997905
vt 0.020000 1.000000
vt 0.021840 0.998242
vt 0.019250 0.997905
vt 0.017389 0.999660
vt 0.020000 1.000000
vt 0.750000 0.780273
vt 0.974940 0.995166
vt 0.977493 0.994834
vt 0.977493 0.994834
vt 0.974940 0.995166
vt 0.978160 0.998242
vt 0.977493 0.994834
vt 0.978160 0.998242
vt 0.980750 0.997905
vt 0.980750 0.997905
vt 0.978160 0.998242
vt 0.980000 1.000000
vt 0.980750 0.997905
vt 0.980000 1.000000
vt 0.982611 0.999660
vt 0.000000 0.497070
vt 0.056644 0.052734
vt 0.056644 0.497070
vt 0.000000 0.497070
vt 0.000000 0.052734
vt 0.056644 0.052734
vt 0.056644 0.497070
vt 0.058979 0.052734
vt 0.058979 0.497070
vt 0.056644 0.497070
vt 0.056644 0.052734
vt 0.058979 0.052734
vt 0.058979 0.497070
vt 0.061313 0.052734
vt 0.061313 0.497070
vt 0.058979 0.497070
vt 0.058979 0.052734
vt 0.061313 0.052734
vt 0.061313 0.497070
vt 0.063648 0.052734
vt 0.063648 0.497070
vt 0.061313 0.497070
vt 0.061313 0.052734
vt 0.063648 0.052734
vt 0.063648 0.497070
vt 0.065983 0.052734
vt 0.065983 0.497070
vt 0.063648 0.497070
vt 0.063648 0.052734
vt 0.065983 0.052734
vt 0.065983 0.497070
vt 0.068318 0.052734
vt 0.068318 0.497070
vt 0.065983 0.497070
vt 0.065983 0.052734
vt 0.068318 0.052734
vt 0.068318 0.497070
vt 0.070652 0.052734
vt 0.070652 0.497070
vt 0.068318 0.497070
vt 0.068318 0.052734
vt 0.070652 0.052734
vt 0.070652 0.497070
vt 0.072987 0.052734
vt 0.072987 0.497070
vt 0.070652 0.497070
vt 0.070652 0.052734
vt 0.072987 0.052734
vt 0.072987 0.497070
vt 0.075322 0.052734
vt 0.075322 0.497070
vt 0.072987 0.497070
vt 0.072987 0.052734
vt 0.075322 0.052734
vt 0.075322 0.497070
vt 0.077657 0.052734
vt 0.077657 0.497070
vt 0.075322 0.497070
vt 0.075322 0.052734
vt 0.077657 0.052734
vt 0.077657 0.497070
vt 0.079992 0.052734
vt 0.079992 0.497070
vt 0.077657 0.497070
vt 0.077657 0.052734
vt 0.079992 0.052734
vt 0.079992 0.497070
vt 0.082326 0.052734
vt 0.082326 0.497070
vt 0.079992 0.497070
vt 0.079992 0.052734
vt 0.082326 0.052734
vt 0.082326 0.497070
vt 0.084661 0.052734
vt 0.084661 0.497070
vt 0.082326 0.497070
vt 0.082326 0.052734
vt 0.084661 0.052734
vt 0.084661 0.497070
vt 0.330118 0.052734
vt 0.330118 0.497070
vt 0.084661 0.497070
vt 0.084661 0.052734
vt 0.330118 0.052734
vt 0.330118 0.497070
vt 0.331937 0.052734
vt 0.331937 0.497070
vt 0.330118 0.497070
vt 0.330118 0.052734
vt 0.331937 0.052734
vt 0.331937 0.497070
vt 0.333757 0.052734
vt 0.333757 0.497070
vt 0.331937 0.497070
vt 0.331937 0.052734
vt 0.333757 0.052734
vt 0.333757 0.497070
vt 0.335577 0.052734
vt 0.335577 0.497070
vt 0.333757 0.497070
vt 0.333757 0.052734
vt 0.335577 0.052734
vt 0.335577 0.497070
vt 0.337397 0.052734
vt 0.337397 0.497070
vt 0.335577 0.497070
vt 0.335577 0.052734
vt 0.337397 0.052734
vt 0.337397 0.497070
vt 0.339217 0.052734
vt 0.339217 0.497070
vt 0.337397 0.497070
vt 0.337397 0.052734
vt 0.339217 0.052734
vt 0.339217 0.497070
vt 0.341037 0.052734
vt 0.341037 0.497070
vt 0.339217 0.497070
vt 0.339217 0.052734
vt 0.341037 0.052734
vt 0.341037 0.497070
vt 0.342856 0.052734
vt 0.342856 0.497070
vt 0.341037 0.497070
vt 0.341037 0.052734
vt 0.342856 0.052734
vt 0.342856 0.497070
vt 0.344676 0.052734
vt 0.344676 0.497070
vt 0.342856 0.497070
vt 0.342856 0.052734
vt 0.344676 0.052734
vt 0.344676 0.497070
vt 0.346496 0.052734
vt 0.346496 0.497070
vt 0.344676 0.497070
vt 0.344676 0.052734
vt 0.346496 0.052734
vt 0.346496 0.497070
vt 0.348316 0.052734
vt 0.348316 0.497070
vt 0.346496 0.497070
vt 0.346496 0.052734
vt 0.348316 0.052734
vt 0.348316 0.497070
vt 0.350136 0.052734
vt 0.350136 0.497070
vt 0.348316 0.497070
vt 0.348316 0.052734
vt 0.350136 0.052734
vt 0.350136 0.497070
vt 0.351956 0.052734
vt 0.351956 0.497070
vt 0.350136 0.497070
vt 0.350136 0.052734
vt 0.351956 0.052734
vt 0.351956 0.497070
vt 0.478162 0.052734
vt 0.478162 0.497070
vt 0.351956 0.497070
vt 0.351956 0.052734
vt 0.478162 0.052734
vt 0.478162 0.497070
vt 0.479982 0.052734
vt 0.479982 0.497070
vt 0.478162 0.497070
vt 0.478162 0.052734
vt 0.479982 0.052734
vt 0.479982 0.497070
vt 0.481802 0.052734
vt 0.481802 0.497070
vt 0.479982 0.497070
vt 0.479982 0.052734
vt 0.481802 0.052734
vt 0.481802 0.497070
vt 0.483621 0.052734
vt 0.483621 0.497070
vt 0.481802 0.497070
vt 0.481802 0.052734
vt 0.483621 0.052734
vt 0.483621 0.497070
vt 0.485441 0.052734
vt 0.485441 0.497070
vt 0.483621 0.497070
vt 0.483621 0.052734
vt 0.485441 0.052734
vt 0.485441 0.497070
vt 0.487261 0.052734
vt 0.487261 0.497070
vt 0.485441 0.497070
vt 0.485441 0.052734
vt 0.487261 0.052734
vt 0.487261 0.497070
vt 0.489081 0.052734
vt 0.489081 0.497070
vt 0.487261 0.497070
vt 0.487261 0.052734
vt 0.489081 0.052734
vt 0.489081 0.497070
vt 0.490901 0.052734
vt 0.490901 0.497070
vt 0.489081 0.497070
vt 0.489081 0.052734
vt 0.490901 0.052734
vt 0.490901 0.497070
vt 0.492721 0.052734
vt 0.492721 0.497070
vt 0.490901 0.497070
vt 0.490901 0.052734
vt 0.492721 0.052734
vt 0.492721 0.497070
vt 0.494540 0.052734
vt 0.494540 0.497070
vt 0.492721 0.497070
vt 0.492721 0.052734
vt 0.494540 0.052734
vt 0.494540 0.497070
vt 0.496360 0.052734
vt 0.496360 0.497070
vt 0.494540 0.497070
vt 0.494540 0.052734
vt 0.496360 0.052734
vt 0.496360 0.497070
vt 0.498180 0.052734
vt 0.498180 0.497070
vt 0.496360 0.497070
vt 0.496360 0.052734
vt 0.498180 0.052734
vt 0.498180 0.497070
vt 0.500000 0.052734
vt 0.500000 0.497070
vt 0.498180 0.497070
vt 0.498180 0.052734
vt 0.500000 0.052734
vt 0.500000 0.497070
vt 0.745456 0.052734
vt 0.745456 0.497070
vt 0.500000 0.497070
vt 0.500000 0.052734
vt 0.745456 0.052734
vt 0.745456 0.497070
vt 0.747791 0.052734
vt 0.747791 0.497070
vt 0.745456 0.497070
vt 0.745456 0.052734
vt 0.747791 0.052734
vt 0.747791 0.497070
vt 0.750126 0.052734
vt 0.750126 0.497070
vt 0.747791 0.497070
vt 0.747791 0.052734
vt 0.750126 0.052734
vt 0.750126 0.497070
vt 0.752461 0.052734
vt 0.752461 0.497070
vt 0.750126 0.497070
vt 0.750126 0.052734
vt 0.752461 0.052734
vt 0.752461 0.497070
vt 0.754795 0.052734
vt 0.754795 0.497070
vt 0.752461 0.497070
vt 0.752461 0.052734
vt 0.754795 0.052734
vt 0.754795 0.497070
vt 0.757130 0.052734
vt 0.757130 0.497070
vt 0.754795 0.497070
vt 0.754795 0.052734
vt 0.757130 0.052734
vt 0.757130 0.497070
vt 0.759465 0.052734
vt 0.759465 0.497070
vt 0.757130 0.497070
vt 0.757130 0.052734
vt 0.759465 0.052734
vt 0.759465 0.497070
vt 0.761800 0.052734
vt 0.761800 0.497070
vt 0.759465 0.497070
vt 0.759465 0.052734
vt 0.761800 0.052734
vt 0.761800 0.497070
vt 0.764135 0.052734
vt 0.764135 0.497070
vt 0.761800 0.497070
vt 0.761800 0.052734
vt 0.764135 0.052734
vt 0.764135 0.497070
vt 0.766469 0.052734
vt 0.766469 0.497070
vt 0.764135 0.497070
vt 0.764135 0.052734
vt 0.766469 0.052734
vt 0.766469 0.497070
vt 0.768804 0.052734
vt 0.768804 0.497070
vt 0.766469 0.497070
vt 0.766469 0.052734
vt 0.768804 0.052734
vt 0.768804 0.497070
vt 0.771139 0.052734
vt 0.771139 0.497070
vt 0.768804 0.497070
vt 0.768804 0.052734
vt 0.771139 0.052734
vt 0.771139 0.497070
vt 0.773474 0.052734
vt 0.773474 0.497070
vt 0.771139 0.497070
vt 0.771139 0.052734
vt 0.773474 0.052734
vt 0.773474 0.497070
vt 0.830118 0.052734
vt 0.830118 0.497070
vt 0.773474 0.497070
vt 0.773474 0.052734
vt 0.830118 0.052734
vt 0.830118 0.497070
vt 0.831937 0.052734
vt 0.831937 0.497070
vt 0.830118 0.497070
vt 0.830118 0.052734
vt 0.831937 0.052734
vt 0.831937 0.497070
vt 0.833757 0.052734
vt 0.833757 0.497070
vt 0.831937 0.497070
vt 0.831937 0.052734
vt 0.833757 0.052734
vt 0.833757 0.497070
vt 0.835577 0.052734
vt 0.835577 0.497070
vt 0.833757 0.497070
vt 0.833757 0.052734
vt 0.835577 0.052734
vt 0.835577 0.497070
vt 0.837397 0.052734
vt 0.837397 0.497070
vt 0.835577 0.497070
vt 0.835577 0.052734
vt 0.837397 0.052734
vt 0.837397 0.497070
vt 0.839217 0.052734
vt 0.839217 0.497070
vt 0.837397 0.497070
vt 0.837397 0.052734
vt 0.839217 0.052734
vt 0.839217 0.497070
vt 0.841037 0.052734
vt 0.841037 0.497070
vt 0.839217 0.497070
vt 0.839217 0.052734
vt 0.841037 0.052734
vt 0.841037 0.497070
vt 0.842856 0.052734
vt 0.842856 0.497070
vt 0.841037 0.497070
vt 0.841037 0.052734
vt 0.842856 0.052734
vt 0.842856 0.497070
vt 0.844676 0.052734
vt 0.844676 0.497070
vt 0.842856 0.497070
vt 0.842856 0.052734
vt 0.844676 0.052734
vt 0.844676 0.497070
vt 0.846496 0.052734
vt 0.846496 0.497070
vt 0.844676 0.497070
vt 0.844676 0.052734
vt 0.846496 0.052734
vt 0.846496 0.497070
vt 0.848316 0.052734
vt 0.848316 0.497070
vt 0.846496 0.497070
vt 0.846496 0.052734
vt 0.848316 0.052734
vt 0.848316 0.497070
vt 0.850136 0.052734
vt 0.850136 0.497070
vt 0.848316 0.497070
vt 0.848316 0.052734
vt 0.850136 0.052734
vt 0.850136 0.497070
vt 0.851956 0.052734
vt 0.851956 0.497070
vt 0.850136 0.497070
vt 0.850136 0.052734
vt 0.851956 0.052734
vt 0.851956 0.497070
vt 0.978162 0.052734
vt 0.978162 0.497070
vt 0.851956 0.497070
vt 0.851956 0.052734
vt 0.978162 0.052734
vt 0.978162 0.497070
vt 0.979982 0.052734
vt 0.979982 0.497070
vt 0.978162 0.497070
vt 0.978162 0.052734
vt 0.979982 0.052734
vt 0.979982 0.497070
vt 0.981802 0.052734
vt 0.981802 0.497070
vt 0.979982 0.497070
vt 0.979982 0.052734
vt 0.981802 0.052734
vt 0.981802 0.497070
vt 0.983621 0.052734
vt 0.983621 0.497070
vt 0.981802 0.497070
vt 0.981802 0.052734
vt 0.983621 0.052734
vt 0.983621 0.497070
vt 0.985441 0.052734
vt 0.985441 0.497070
vt 0.983621 0.497070
vt 0.983621 0.052734
vt 0.985441 0.052734
vt 0.985441 0.497070
vt 0.987261 0.052734
vt 0.987261 0.497070
vt 0.985441 0.497070
vt 0.985441 0.052734
vt 0.987261 0.052734
vt 0.987261 0.497070
vt 0.989081 0.052734
vt 0.989081 0.497070
vt 0.987261 0.497070
vt 0.987261 0.052734
vt 0.989081 0.052734
vt 0.989081 0.497070
vt 0.990901 0.052734
vt 0.990901 0.497070
vt 0.989081 0.497070
vt 0.989081 0.052734
vt 0.990901 0.052734
vt 0.990901 0.497070
vt 0.992721 0.052734
vt 0.992721 0.497070
vt 0.990901 0.497070
vt 0.990901 0.052734
vt 0.992721 0.052734
vt 0.992721 0.497070
vt 0.994540 0.052734
vt 0.994540 0.497070
vt 0.992721 0.497070
vt 0.992721 0.052734
vt 0.994540 0.052734
vt 0.994540 0.497070
vt 0.996360 0.052734
vt 0.996360 0.497070
vt 0.994540 0.497070
vt 0.994540 0.052734
vt 0.996360 0.052734
vt 0.996360 0.497070
vt 0.998180 0.052734
vt 0.998180 0.497070
vt 0.996360 0.497070
vt 0.996360 0.052734
vt 0.998180 0.052734
vt 0.998180 0.497070
vt 1.000000 0.052734
vt 1.000000 0.497070
vt 0.998180 0.497070
vt 0.998180 0.052734
vt 1.000000 0.052734
vn 0.000000 1.000000 0.000000
vn -0.000000 0.938269 0.345906
vn 0.000000 0.938269 0.345906
vn -0.000000 0.663035 0.748588
vn 0.000000 0.663035 0.748588
vn 0.000000 -1.000000 0.000000
vn 0.000000 -0.938269 0.345906
vn 0.000000 -0.938269 0.345906
vn 0.000000 -0.663035 0.748588
vn 0.000000 -0.663035 0.748588
vn 0.000000 1.000000 0.000000
vn -0.291176 0.955901 -0.038334
vn -0.291176 0.955901 -0.038334
vn -0.679402 0.728295 -0.089445
vn -0.679402 0.728295 -0.089445
vn 0.000000 -1.000000 0.000000
vn -0.291176 -0.955901 -0.038334
vn -0.291176 -0.955901 -0.038334
vn -0.679402 -0.728295 -0.089445
vn -0.679402 -0.728295 -0.089445
vn 0.000000 1.000000 0.000000
vn -0.362249 0.919925 -0.150048
vn -0.362249 0.919925 -0.150048
vn -0.733398 0.608147 -0.303783
vn -0.733398 0.608147 -0.303783
vn 0.000000 -1.000000 0.000000
vn -0.362249 -0.919925 -0.150048
vn -0.362249 -0.919925 -0.150048
vn -0.733398 -0.608147 -0.303783
vn -0.733398 -0.608147 -0.303783
vn 0.000000 1.000000 0.000000
vn -0.483964 0.792383 -0.371359
vn -0.483964 0.792383 -0.371359
vn -0.730373 0.390473 -0.560435
vn -0.730373 0.390473 -0.560435
vn 0.000000 -1.000000 0.000000
vn -0.483964 -0.792383 -0.371359
vn -0.483964 -0.792383 -0.371359
vn -0.730373 -0.390473 -0.560435
vn -0.730373 -0.390473 -0.560435
vn 0.000000 1.000000 0.000000
vn -0.598661 0.181405 -0.780190
vn -0.598661 0.181405 -0.780190
vn -0.607660 0.060125 -0.791918
vn -0.607660 0.060125 -0.791918
vn 0.000000 -1.000000 0.000000
vn -0.598661 -0.181405 -0.780190
vn -0.598661 -0.181405 -0.780190
vn -0.607660 -0.060125 -0.791918
vn -0.607660 -0.060125 -0.791918
vn 0.000000 1.000000 0.000000
vn 0.281447 0.677572 0.679473
vn 0.281447 0.677572 0.679473
vn 0.366460 0.288078 0.884713
vn 0.366460 0.288078 0.884713
vn 0.000000 -1.000000 0.000000
vn 0.281447 -0.677572 0.679473
vn 0.281447 -0.677572 0.679473
vn 0.366460 -0.288078 0.884713
vn 0.366460 -0.288078 0.884713
vn 0.000000 1.000000 0.000000
vn 0.059731 0.889148 0.453704
vn 0.059731 0.889148 0.453704
vn 0.110216 0.535722 0.837170
vn 0.110216 0.535722 0.837170
vn 0.000000 -1.000000 0.000000
vn 0.059731 -0.889148 0.453704
vn 0.059731 -0.889148 0.453704
vn 0.110216 -0.535722 0.837170
vn 0.110216 -0.535722 0.837170
vn 0.000000 1.000000 0.000000
vn -0.043748 0.942158 0.332302
vn -0.043748 0.942158 0.332302
vn -0.096160 0.676208 0.730408
vn -0.096160 0.676208 0.730408
vn 0.000000 -1.000000 0.000000
vn -0.043748 -0.942158 0.332302
vn -0.043748 -0.942158 0.332302
vn -0.096160 -0.676208 0.730408
vn -0.096160 -0.676208 0.730408
vn 0.000000 1.000000 0.000000
vn -0.106080 0.960812 0.256099
vn -0.106080 0.960812 0.256099
vn -0.253384 0.749394 0.611724
vn -0.253384 0.749394 0.611724
vn 0.000000 -1.000000 0.000000
vn -0.106080 -0.960812 0.256099
vn -0.106080 -0.960812 0.256099
vn -0.253384 -0.749394 0.611724
vn -0.253384 -0.749394 0.611724
vn 0.000000 1.000000 0.000000
vn -0.152529 0.968102 0.198780
vn -0.152529 0.968102 0.198780
vn -0.378138 0.783684 0.492799
vn -0.378138 0.783684 0.492799
vn 0.000000 -1.000000 0.000000
vn -0.152529 -0.968102 0.198780
vn -0.152529 -0.968102 0.198780
vn -0.378138 -0.783684 0.492799
vn -0.378138 -0.783684 0.492799
vn 0.000000 1.000000 0.000000
vn -0.193470 0.969810 0.148454
vn -0.193470 0.969810 0.148454
vn -0.484051 0.792299 0.371426
vn -0.484051 0.792299 0.371426
vn 0.000000 -1.000000 0.000000
vn -0.193470 -0.969810 0.148454
vn -0.193470 -0.969810 0.148454
vn -0.484051 -0.792299 0.371426
vn -0.484051 -0.792299 0.371426
vn 0.000000 1.000000 0.000000
vn -0.235259 0.967035 0.097447
vn -0.235259 0.967035 0.097447
vn -0.579956 0.778423 0.240226
vn -0.579956 0.778423 0.240226
vn 0.000000 -1.000000 0.000000
vn -0.235259 -0.967035 0.097447
vn -0.235259 -0.967035 0.097447
vn -0.579956 -0.778423 0.240226
vn -0.579956 -0.778423 0.240226
vn 0.000000 1.000000 0.000000
vn -0.284501 0.957944 0.037455
vn -0.284501 0.957944 0.037455
vn -0.670228 0.736891 0.088237
vn -0.670228 0.736891 0.088237
vn 0.000000 -1.000000 0.000000
vn -0.284501 -0.957944 0.037455
vn -0.284501 -0.957944 0.037455
vn -0.670228 -0.736891 0.088237
vn -0.670228 -0.736891 0.088237
vn 0.000000 1.000000 -0.000000
vn -0.000000 0.938269 0.345906
vn 0.000000 0.938269 0.345906
vn -0.000000 0.663035 0.748588
vn 0.000000 0.663035 0.748588
vn 0.000000 -1.000000 0.000000
vn 0.000000 -0.938269 0.345906
vn 0.000000 -0.938269 0.345906
vn 0.000000 -0.663035 0.748588
vn 0.000000 -0.663035 0.748588
vn 0.000000 1.000000 0.000000
vn 0.020225 0.950984 0.308577
vn 0.020225 0.950984 0.308577
vn 0.046151 0.708573 0.704127
vn 0.046151 0.708573 0.704127
vn 0.000000 -1.000000 0.000000
vn 0.020225 -0.950984 0.308577
vn 0.020225 -0.950984 0.308577
vn 0.046151 -0.708573 0.704127
vn 0.046151 -0.708573 0.704127
vn 0.000000 1.000000 0.000000
vn 0.050042 0.966542 0.251579
vn 0.050042 0.966542 0.251579
vn 0.123045 0.776020 0.618590
vn 0.123045 0.776020 0.618590
vn 0.000000 -1.000000 0.000000
vn 0.050042 -0.966542 0.251579
vn 0.050042 -0.966542 0.251579
vn 0.123045 -0.776020 0.618590
vn 0.123045 -0.776020 0.618590
vn 0.000000 1.000000 0.000000
vn 0.071164 0.975185 0.209642
vn 0.071164 0.975185 0.209642
vn 0.183493 0.821055 0.540554
vn 0.183493 0.821055 0.540554
vn 0.000000 -1.000000 0.000000
vn 0.071164 -0.975185 0.209642
vn 0.071164 -0.975185 0.209642
vn 0.183493 -0.821055 0.540554
vn 0.183493 -0.821055 0.540554
vn 0.000000 1.000000 0.000000
vn 0.087167 0.980387 0.176756
vn 0.087167 0.980387 0.176756
vn 0.231870 0.851564 0.470187
vn 0.231870 0.851564 0.470187
vn 0.000000 -1.000000 0.000000
vn 0.087167 -0.980387 0.176756
vn 0.087167 -0.980387 0.176756
vn 0.231870 -0.851564 0.470187
vn 0.231870 -0.851564 0.470187
vn 0.000000 1.000000 0.000000
vn 0.099955 0.983682 0.149593
vn 0.099955 0.983682 0.149593
vn 0.271500 0.872460 0.406328
vn 0.271500 0.872460 0.406328
vn 0.000000 -1.000000 0.000000
vn 0.099955 -0.983682 0.149593
vn 0.099955 -0.983682 0.149593
vn 0.271500 -0.872460 0.406328
vn 0.271500 -0.872460 0.406328
vn 0.000000 1.000000 0.000000
vn 0.110632 0.985823 0.126151
vn 0.110632 0.985823 0.126151
vn 0.304765 0.886764 0.347518
vn 0.304765 0.886764 0.347518
vn 0.000000 -1.000000 0.000000
vn 0.110632 -0.985823 0.126151
vn 0.110632 -0.985823 0.126151
vn 0.304765 -0.886764 0.347518
vn 0.304765 -0.886764 0.347518
vn 0.000000 1.000000 0.000000
vn 0.119888 0.987205 0.105139
vn 0.119888 0.987205 0.105139
vn 0.333358 0.896329 0.292347
vn 0.333358 0.896329 0.292347
vn 0.000000 -1.000000 0.000000
vn 0.119888 -0.987205 0.105139
vn 0.119888 -0.987205 0.105139
vn 0.333358 -0.896329 0.292347
vn 0.333358 -0.896329 0.292347
vn 0.000000 1.000000 0.000000
vn 0.128183 0.988045 0.085649
vn 0.128183 0.988045 0.085649
vn 0.358486 0.902282 0.239532
vn 0.358486 0.902282 0.239532
vn 0.000000 -1.000000 0.000000
vn 0.128183 -0.988045 0.085649
vn 0.128183 -0.988045 0.085649
vn 0.358486 -0.902282 0.239532
vn 0.358486 -0.902282 0.239532
vn 0.000000 1.000000 0.000000
vn 0.135849 0.988462 0.066993
vn 0.135849 0.988462 0.066993
vn 0.381023 0.905271 0.187900
vn 0.381023 0.905271 0.187900
vn 0.000000 -1.000000 0.000000
vn 0.135849 -0.988462 0.066993
vn 0.135849 -0.988462 0.066993
vn 0.381023 -0.905271 0.187900
vn 0.381023 -0.905271 0.187900
vn 0.000000 1.000000 0.000000
vn 0.143142 0.988509 0.048590
vn 0.143142 0.988509 0.048590
vn 0.401608 0.905608 0.136328
vn 0.401608 0.905608 0.136328
vn 0.000000 -1.000000 0.000000
vn 0.143142 -0.988509 0.048590
vn 0.143142 -0.988509 0.048590
vn 0.401608 -0.905608 0.136328
vn 0.401608 -0.905608 0.136328
vn 0.000000 1.000000 0.000000
vn 0.150281 0.988191 0.029893
vn 0.150281 0.988191 0.029893
vn 0.420712 0.903326 0.083685
vn 0.420712 0.903326 0.083685
vn 0.000000 -1.000000 0.000000
vn 0.150281 -0.988191 0.029893
vn 0.150281 -0.988191 0.029893
vn 0.420712 -0.903326 0.083685
vn 0.420712 -0.903326 0.083685
vn 0.000000 1.000000 0.000000
vn 0.157474 0.987469 0.010321
vn 0.157474 0.987469 0.010321
vn 0.438663 0.898192 0.028751
vn 0.438663 0.898192 0.028751
vn 0.000000 -1.000000 0.000000
vn 0.157474 -0.987469 0.010321
vn 0.157474 -0.987469 0.010321
vn 0.438663 -0.898192 0.028751
vn 0.438663 -0.898192 0.028751
vn -0.000000 1.000000 0.000000
vn 0.161132 0.986933 0.000000
vn 0.161132 0.986933 0.000000
vn 0.447214 0.894427 0.000000
vn 0.447214 0.894427 0.000000
vn 0.000000 -1.000000 0.000000
vn 0.161132 -0.986933 0.000000
vn 0.161132 -0.986933 0.000000
vn 0.447214 -0.894427 0.000000
vn 0.447214 -0.894427 0.000000
vn 0.000000 1.000000 0.000000
vn 0.157474 0.987469 -0.010321
vn 0.157474 0.987469 -0.010321
vn 0.438663 0.898192 -0.028751
vn 0.438663 0.898192 -0.028751
vn 0.000000 -1.000000 0.000000
vn 0.157474 -0.987469 -0.010321
vn 0.157474 -0.987469 -0.010321
vn 0.438663 -0.898192 -0.028751
vn 0.438663 -0.898192 -0.028751
vn 0.000000 1.000000 0.000000
vn 0.150281 0.988191 -0.029893
vn 0.150281 0.988191 -0.029893
vn 0.420712 0.903326 -0.083685
vn 0.420712 0.903326 -0.083685
vn 0.000000 -1.000000 0.000000
vn 0.150281 -0.988191 -0.029893
vn 0.150281 -0.988191 -0.029893
vn 0.420712 -0.903326 -0.083685
vn 0.420712 -0.903326 -0.083685
vn 0.000000 1.000000 0.000000
vn 0.143142 0.988509 -0.048590
vn 0.143142 0.988509 -0.048590
vn 0.401608 0.905608 -0.136328
vn 0.401608 0.905608 -0.136328
vn 0.000000 -1.000000 0.000000
vn 0.143142 -0.988509 -0.048590
vn 0.143142 -0.988509 -0.048590
vn 0.401608 -0.905608 -0.136328
vn 0.401608 -0.905608 -0.136328
vn 0.000000 1.000000 0.000000
vn 0.135849 0.988462 -0.066993
vn 0.135849 0.988462 -0.066993
vn 0.381023 0.905271 -0.187900
vn 0.381023 0.905271 -0.187900
vn 0.000000 -1.000000 0.000000
vn 0.135849 -0.988462 -0.066993
vn 0.135849 -0.988462 -0.066993
vn 0.381023 -0.905271 -0.187900
vn 0.381023 -0.905271 -0.187900
vn 0.000000 1.000000 0.000000
vn 0.128183 0.988045 -0.085649
vn 0.128183 0.988045 -0.085649
vn 0.358486 0.902282 -0.239532
vn 0.358486 0.902282 -0.239532
vn 0.000000 -1.000000 0.000000
vn 0.128183 -0.988045 -0.085649
vn 0.128183 -0.988045 -0.085649
vn 0.358486 -0.902282 -0.239532
vn 0.358486 -0.902282 -0.239532
vn 0.000000 1.000000 0.000000
vn 0.119888 0.987205 -0.105139
vn 0.119888 0.987205 -0.105139
vn 0.333358 0.896329 -0.292347
vn 0.333358 0.896329 -0.292347
vn 0.000000 -1.000000 0.000000
vn 0.119888 -0.987205 -0.105139
vn 0.119888 -0.987205 -0.105139
vn 0.333358 -0.896329 -0.292347
vn 0.333358 -0.896329 -0.292347
vn 0.000000 1.000000 0.000000
vn 0.110632 0.985823 -0.126151
vn 0.110632 0.985823 -0.126151
vn 0.304765 0.886764 -0.347518
vn 0.304765 0.886764 -0.347518
vn 0.000000 -1.000000 0.000000
vn 0.110632 -0.985823 -0.126151
vn 0.110632 -0.985823 -0.126151
vn 0.304765 -0.886764 -0.347518
vn 0.304765 -0.886764 -0.347518
vn 0.000000 1.000000 0.000000
vn 0.099955 0.983682 -0.149593
vn 0.099955 0.983682 -0.149593
vn 0.271500 0.872460 -0.406328
vn 0.271500 0.872460 -0.406328
vn 0.000000 -1.000000 0.000000
vn 0.099955 -0.983682 -0.149593
vn 0.099955 -0.983682 -0.149593
vn 0.271500 -0.872460 -0.406328
vn 0.271500 -0.872460 -0.406328
vn 0.000000 1.000000 0.000000
vn 0.087167 0.980387 -0.176756
vn 0.087167 0.980387 -0.176756
vn 0.231870 0.851564 -0.470187
vn 0.231870 0.851564 -0.470187
vn 0.000000 -1.000000 0.000000
vn 0.087167 -0.980387 -0.176756
vn 0.087167 -0.980387 -0.176756
vn 0.231870 -0.851564 -0.470187
vn 0.231870 -0.851564 -0.470187
vn 0.000000 1.000000 0.000000
vn 0.071164 0.975185 -0.209642
vn 0.071164 0.975185 -0.209642
vn 0.183493 0.821055 -0.540554
vn 0.183493 0.821055 -0.540554
vn 0.000000 -1.000000 0.000000
vn 0.071164 -0.975185 -0.209642
vn 0.071164 -0.975185 -0.209642
vn 0.183493 -0.821055 -0.540554
vn 0.183493 -0.821055 -0.540554
vn 0.000000 1.000000 0.000000
vn 0.050042 0.966542 -0.251579
vn 0.050042 0.966542 -0.251579
vn 0.123045 0.776020 -0.618590
vn 0.123045 0.776020 -0.618590
vn 0.000000 -1.000000 0.000000
vn 0.050042 -0.966542 -0.251579
vn 0.050042 -0.966542 -0.251579
vn 0.123045 -0.776020 -0.618590
vn 0.123045 -0.776020 -0.618590
vn 0.000000 1.000000 0.000000
vn 0.020225 0.950984 -0.308577
vn 0.020225 0.950984 -0.308577
vn 0.046151 0.708573 -0.704127
vn 0.046151 0.708573 -0.704127
vn 0.000000 -1.000000 0.000000
vn 0.020225 -0.950984 -0.308577
vn 0.020225 -0.950984 -0.308577
vn 0.046151 -0.708573 -0.704127
vn 0.046151 -0.708573 -0.704127
vn 0.000000 1.000000 0.000000
vn 0.000000 0.938269 -0.345906
vn 0.000000 0.938269 -0.345906
vn 0.000000 0.663035 -0.748588
vn 0.000000 0.663035 -0.748588
vn 0.000000 -1.000000 -0.000000
vn -0.000000 -0.938269 -0.345906
vn 0.000000 -0.938269 -0.345906
vn -0.000000 -0.663035 -0.748588
vn 0.000000 -0.663035 -0.748588
vn 0.000000 1.000000 0.000000
vn -0.284501 0.957944 -0.037455
vn -0.284501 0.957944 -0.037455
vn -0.670228 0.736891 -0.088237
vn -0.670228 0.736891 -0.088237
vn 0.000000 -1.000000 0.000000
vn -0.284501 -0.957944 -0.037455
vn -0.284501 -0.957944 -0.037455
vn -0.670228 -0.736891 -0.088237
vn -0.670228 -0.736891 -0.088237
vn 0.000000 1.000000 0.000000
vn -0.235259 0.967035 -0.097447
vn -0.235259 0.967035 -0.097447
vn -0.579956 0.778423 -0.240226
vn -0.579956 0.778423 -0.240226
vn 0.000000 -1.000000 0.000000
vn -0.235259 -0.967035 -0.097447
vn -0.235259 -0.967035 -0.097447
vn -0.579956 -0.778423 -0.240226
vn -0.579956 -0.778423 -0.240226
vn 0.000000 1.000000 0.000000
vn -0.193470 0.969810 -0.148454
vn -0.193470 0.969810 -0.148454
vn -0.484051 0.792299 -0.371426
vn -0.484051 0.792299 -0.371426
vn 0.000000 -1.000000 0.000000
vn -0.193470 -0.969810 -0.148454
vn -0.193470 -0.969810 -0.148454
vn -0.484051 -0.792299 -0.371426
vn -0.484051 -0.792299 -0.371426
vn 0.000000 1.000000 0.000000
vn -0.152529 0.968102 -0.198780
vn -0.152529 0.968102 -0.198780
vn -0.378138 0.783684 -0.492799
vn -0.378138 0.783684 -0.492799
vn 0.000000 -1.000000 0.000000
vn -0.152529 -0.968102 -0.198780
vn -0.152529 -0.968102 -0.198780
vn -0.378138 -0.783684 -0.492799
vn -0.378138 -0.783684 -0.492799
vn 0.000000 1.000000 0.000000
vn -0.106080 0.960812 -0.256099
vn -0.106080 0.960812 -0.256099
vn -0.253384 0.749394 -0.611724
vn -0.253384 0.749394 -0.611724
vn 0.000000 -1.000000 0.000000
vn -0.106080 -0.960812 -0.256099
vn -0.106080 -0.960812 -0.256099
vn -0.253384 -0.749394 -0.611724
vn -0.253384 -0.749394 -0.611724
vn 0.000000 1.000000 0.000000
vn -0.043748 0.942158 -0.332302
vn -0.043748 0.942158 -0.332302
vn -0.096160 0.676208 -0.730408
vn -0.096160 0.676208 -0.730408
vn 0.000000 -1.000000 0.000000
vn -0.043748 -0.942158 -0.332302
vn -0.043748 -0.942158 -0.332302
vn -0.096160 -0.676208 -0.730408
vn -0.096160 -0.676208 -0.730408
vn 0.000000 1.000000 0.000000
vn 0.059731 0.889148 -0.453704
vn 0.059731 0.889148 -0.453704
vn 0.110216 0.535722 -0.837170
vn 0.110216 0.535722 -0.837170
vn 0.000000 -1.000000 0.000000
vn 0.059731 -0.889148 -0.453704
vn 0.059731 -0.889148 -0.453704
vn 0.110216 -0.535722 -0.837170
vn 0.110216 -0.535722 -0.837170
vn 0.000000 1.000000 0.000000
vn 0.281447 0.677572 -0.679473
vn 0.281447 0.677572 -0.679473
vn 0.366460 0.288078 -0.884713
vn 0.366460 0.288078 -0.884713
vn 0.000000 -1.000000 0.000000
vn 0.281447 -0.677572 -0.679473
vn 0.281447 -0.677572 -0.679473
vn 0.366460 -0.288078 -0.884713
vn 0.366460 -0.288078 -0.884713
vn 0.000000 1.000000 0.000000
vn -0.598661 0.181405 0.780190
vn -0.598661 0.181405 0.780190
vn -0.607660 0.060125 0.791918
vn -0.607660 0.060125 0.791918
vn 0.000000 -1.000000 0.000000
vn -0.598661 -0.181405 0.780190
vn -0.598661 -0.181405 0.780190
vn -0.607660 -0.060125 0.791918
vn -0.607660 -0.060125 0.791918
vn 0.000000 1.000000 0.000000
vn -0.483964 0.792383 0.371359
vn -0.483964 0.792383 0.371359
vn -0.730373 0.390473 0.560435
vn -0.730373 0.390473 0.560435
vn 0.000000 -1.000000 0.000000
vn -0.483964 -0.792383 0.371359
vn -0.483964 -0.792383 0.371359
vn -0.730373 -0.390473 0.560435
vn -0.730373 -0.390473 0.560435
vn 0.000000 1.000000 0.000000
vn -0.362249 0.919925 0.150048
vn -0.362249 0.919925 0.150048
vn -0.733398 0.608147 0.303783
vn -0.733398 0.608147 0.303783
vn 0.000000 -1.000000 0.000000
vn -0.362249 -0.919925 0.150048
vn -0.362249 -0.919925 0.150048
vn -0.733398 -0.608147 0.303783
vn -0.733398 -0.608147 0.303783
vn 0.000000 1.000000 0.000000
vn -0.291176 0.955901 0.038334
vn -0.291176 0.955901 0.038334
vn -0.679402 0.728295 0.089445
vn -0.679402 0.728295 0.089445
vn 0.000000 -1.000000 0.000000
vn -0.291176 -0.955901 0.038334
vn -0.291176 -0.955901 0.038334
vn -0.679402 -0.728295 0.089445
vn -0.679402 -0.728295 0.089445
vn 0.000000 1.000000 0.000000
vn 0.000000 0.938269 -0.345906
vn 0.000000 0.938269 -0.345906
vn 0.000000 0.663035 -0.748588
vn 0.000000 0.663035 -0.748588
vn 0.000000 -1.000000 0.000000
vn -0.000000 -0.938269 -0.345906
vn 0.000000 -0.938269 -0.345906
vn -0.000000 -0.663035 -0.748588
vn 0.000000 -0.663035 -0.748588
vn 0.000000 1.000000 0.000000
vn -0.020225 0.950984 -0.308577
vn -0.020225 0.950984 -0.308577
vn -0.046151 0.708573 -0.704127
vn -0.046151 0.708573 -0.704127
vn 0.000000 -1.000000 0.000000
vn -0.020225 -0.950984 -0.308577
vn -0.020225 -0.950984 -0.308577
vn -0.046151 -0.708573 -0.704127
vn -0.046151 -0.708573 -0.704127
vn 0.000000 1.000000 0.000000
vn -0.050042 0.966542 -0.251579
vn -0.050042 0.966542 -0.251579
vn -0.123045 0.776020 -0.618590
vn -0.123045 0.776020 -0.618590
vn 0.000000 -1.000000 0.000000
vn -0.050042 -0.966542 -0.251579
vn -0.050042 -0.966542 -0.251579
vn -0.123045 -0.776020 -0.618590
vn -0.123045 -0.776020 -0.618590
vn 0.000000 1.000000 0.000000
vn -0.071164 0.975185 -0.209642
vn -0.071164 0.975185 -0.209642
vn -0.183493 0.821055 -0.540554
vn -0.183493 0.821055 -0.540554
vn 0.000000 -1.000000 0.000000
vn -0.071164 -0.975185 -0.209642
vn -0.071164 -0.975185 -0.209642
vn -0.183493 -0.821055 -0.540554
vn -0.183493 -0.821055 -0.540554
vn 0.000000 1.000000 0.000000
vn -0.087167 0.980387 -0.176756
vn -0.087167 0.980387 -0.176756
vn -0.231870 0.851564 -0.470187
vn -0.231870 0.851564 -0.470187
vn 0.000000 -1.000000 0.000000
vn -0.087167 -0.980387 -0.176756
vn -0.087167 -0.980387 -0.176756
vn -0.231870 -0.851564 -0.470187
vn -0.231870 -0.851564 -0.470187
vn 0.000000 1.000000 0.000000
vn -0.099955 0.983682 -0.149593
vn -0.099955 0.983682 -0.149593
vn -0.271500 0.872460 -0.406328
vn -0.271500 0.872460 -0.406328
vn 0.000000 -1.000000 0.000000
vn -0.099955 -0.983682 -0.149593
vn -0.099955 -0.983682 -0.149593
vn -0.271500 -0.872460 -0.406328
vn -0.271500 -0.872460 -0.406328
vn 0.000000 1.000000 0.000000
vn -0.110632 0.985823 -0.126151
vn -0.110632 0.985823 -0.126151
vn -0.304765 0.886764 -0.347518
vn -0.304765 0.886764 -0.347518
vn 0.000000 -1.000000 0.000000
vn -0.110632 -0.985823 -0.126151
vn -0.110632 -0.985823 -0.126151
vn -0.304765 -0.886764 -0.347518
vn -0.304765 -0.886764 -0.347518
vn 0.000000 1.000000 0.000000
vn -0.119888 0.987205 -0.105139
vn -0.119888 0.987205 -0.105139
vn -0.333358 0.896329 -0.292347
vn -0.333358 0.896329 -0.292347
vn 0.000000 -1.000000 0.000000
vn -0.119888 -0.987205 -0.105139
vn -0.119888 -0.987205 -0.105139
vn -0.333358 -0.896329 -0.292347
vn -0.333358 -0.896329 -0.292347
vn 0.000000 1.000000 0.000000
vn -0.128183 0.988045 -0.085649
vn -0.128183 0.988045 -0.085649
vn -0.358486 0.902282 -0.239532
vn -0.358486 0.902282 -0.239532
vn 0.000000 -1.000000 0.000000
vn -0.128183 -0.988045 -0.085649
vn -0.128183 -0.988045 -0.085649
vn -0.358486 -0.902282 -0.239532
vn -0.358486 -0.902282 -0.239532
vn 0.000000 1.000000 0.000000
vn -0.135849 0.988462 -0.066993
vn -0.135849 0.988462 -0.066993
vn -0.381023 0.905271 -0.187900
vn -0.381023 0.905271 -0.187900
vn 0.000000 -1.000000 0.000000
vn -0.135849 -0.988462 -0.066993
vn -0.135849 -0.988462 -0.066993
vn -0.381023 -0.905271 -0.187900
vn -0.381023 -0.905271 -0.187900
vn 0.000000 1.000000 0.000000
vn -0.143142 0.988509 -0.048590
vn -0.143142 0.988509 -0.048590
vn -0.401608 0.905608 -0.136328
vn -0.401608 0.905608 -0.136328
vn 0.000000 -1.000000 0.000000
vn -0.143142 -0.988509 -0.048590
vn -0.143142 -0.988509 -0.048590
vn -0.401608 -0.905608 -0.136328
vn -0.401608 -0.905608 -0.136328
vn 0.000000 1.000000 0.000000
vn -0.150281 0.988191 -0.029893
vn -0.150281 0.988191 -0.029893
vn -0.420712 0.903326 -0.083685
vn -0.420712 0.903326 -0.083685
vn 0.000000 -1.000000 0.000000
vn -0.150281 -0.988191 -0.029893
vn -0.150281 -0.988191 -0.029893
vn -0.420712 -0.903326 -0.083685
vn -0.420712 -0.903326 -0.083685
vn 0.000000 1.000000 0.000000
vn -0.157474 0.987469 -0.010321
vn -0.157474 0.987469 -0.010321
vn -0.438663 0.898192 -0.028751
vn -0.438663 0.898192 -0.028751
vn 0.000000 -1.000000 0.000000
vn -0.157474 -0.987469 -0.010321
vn -0.157474 -0.987469 -0.010321
vn -0.438663 -0.898192 -0.028751
vn -0.438663 -0.898192 -0.028751
vn 0.000000 1.000000 0.000000
vn -0.161132 0.986933 0.000000
vn -0.161132 0.986933 0.000000
vn -0.447214 0.894427 0.000000
vn -0.447214 0.894427 0.000000
vn -0.000000 -1.000000 0.000000
vn -0.161132 -0.986933 0.000000
vn -0.161132 -0.986933 0.000000
vn -0.447214 -0.894427 0.000000
vn -0.447214 -0.894427 0.000000
vn 0.000000 1.000000 0.000000
vn -0.157474 0.987469 0.010321
vn -0.157474 0.987469 0.010321
vn -0.438663 0.898192 0.028751
vn -0.438663 0.898192 0.028751
vn 0.000000 -1.000000 0.000000
vn -0.157474 -0.987469 0.010321
vn -0.157474 -0.987469 0.010321
vn -0.438663 -0.898192 0.028751
vn -0.438663 -0.898192 0.028751
vn 0.000000 1.000000 0.000000
vn -0.150281 0.988191 0.029893
vn -0.150281 0.988191 0.029893
vn -0.420712 0.903326 0.083685
vn -0.420712 0.903326 0.083685
vn 0.000000 -1.000000 0.000000
vn -0.150281 -0.988191 0.029893
vn -0.150281 -0.988191 0.029893
vn -0.420712 -0.903326 0.083685
vn -0.420712 -0.903326 0.083685
vn 0.000000 1.000000 0.000000
vn -0.143142 0.988509 0.048590
vn -0.143142 0.988509 0.048590
vn -0.401608 0.905608 0.136328
vn -0.401608 0.905608 0.136328
vn 0.000000 -1.000000 0.000000
vn -0.143142 -0.988509 0.048590
vn -0.143142 -0.988509 0.048590
vn -0.401608 -0.905608 0.136328
vn -0.401608 -0.905608 0.136328
vn 0.000000 1.000000 0.000000
vn -0.135849 0.988462 0.066993
vn -0.135849 0.988462 0.066993
vn -0.381023 0.905271 0.187900
vn -0.381023 0.905271 0.187900
vn 0.000000 -1.000000 0.000000
vn -0.135849 -0.988462 0.066993
vn -0.135849 -0.988462 0.066993
vn -0.381023 -0.905271 0.187900
vn -0.381023 -0.905271 0.187900
vn 0.000000 1.000000 0.000000
vn -0.128183 0.988045 0.085649
vn -0.128183 0.988045 0.085649
vn -0.358486 0.902282 0.239532
vn -0.358486 0.902282 0.239532
vn 0.000000 -1.000000 0.000000
vn -0.128183 -0.988045 0.085649
vn -0.128183 -0.988045 0.085649
vn -0.358486 -0.902282 0.239532
vn -0.358486 -0.902282 0.239532
vn 0.000000 1.000000 0.000000
vn -0.119888 0.987205 0.105139
vn -0.119888 0.987205 0.105139
vn -0.333358 0.896329 0.292347
vn -0.333358 0.896329 0.292347
vn 0.000000 -1.000000 0.000000
vn -0.119888 -0.987205 0.105139
vn -0.119888 -0.987205 0.105139
vn -0.333358 -0.896329 0.292347
vn -0.333358 -0.896329 0.292347
vn 0.000000 1.000000 0.000000
vn -0.110632 0.985823 0.126151
vn -0.110632 0.985823 0.126151
vn -0.304765 0.886764 0.347518
vn -0.304765 0.886764 0.347518
vn 0.000000 -1.000000 0.000000
vn -0.110632 -0.985823 0.126151
vn -0.110632 -0.985823 0.126151
vn -0.304765 -0.886764 0.347518
vn -0.304765 -0.886764 0.347518
vn 0.000000 1.000000 0.000000
vn -0.099955 0.983682 0.149593
vn -0.099955 0.983682 0.149593
vn -0.271500 0.872460 0.406328
vn -0.271500 0.872460 0.406328
vn 0.000000 -1.000000 0.000000
vn -0.099955 -0.983682 0.149593
vn -0.099955 -0.983682 0.149593
vn -0.271500 -0.872460 0.406328
vn -0.271500 -0.872460 0.406328
vn 0.000000 1.000000 0.000000
vn -0.087167 0.980387 0.176756
vn -0.087167 0.980387 0.176756
vn -0.231870 0.851564 0.470187
vn -0.231870 0.851564 0.470187
vn 0.000000 -1.000000 0.000000
vn -0.087167 -0.980387 0.176756
vn -0.087167 -0.980387 0.176756
vn -0.231870 -0.851564 0.470187
vn -0.231870 -0.851564 0.470187
vn 0.000000 1.000000 0.000000
vn -0.071164 0.975185 0.209642
vn -0.071164 0.975185 0.209642
vn -0.183493 0.821055 0.540554
vn -0.183493 0.821055 0.540554
vn 0.000000 -1.000000 0.000000
vn -0.071164 -0.975185 0.209642
vn -0.071164 -0.975185 0.209642
vn -0.183493 -0.821055 0.540554
vn -0.183493 -0.821055 0.540554
vn 0.000000 1.000000 0.000000
vn -0.050042 0.966542 0.251579
vn -0.050042 0.966542 0.251579
vn -0.123045 0.776020 0.618590
vn -0.123045 0.776020 0.618590
vn 0.000000 -1.000000 0.000000
vn -0.050042 -0.966542 0.251579
vn -0.050042 -0.966542 0.251579
vn -0.123045 -0.776020 0.618590
vn -0.123045 -0.776020 0.618590
vn 0.000000 1.000000 0.000000
vn -0.020225 0.950984 0.308577
vn -0.020225 0.950984 0.308577
vn -0.046151 0.708573 0.704127
vn -0.046151 0.708573 0.704127
vn 0.000000 -1.000000 0.000000
vn -0.020225 -0.950984 0.308577
vn -0.020225 -0.950984 0.308577
vn -0.046151 -0.708573 0.704127
vn -0.046151 -0.708573 0.704127
vn -0.000000 0.000000 1.000000
vn 0.000000 0.000000 1.000000
vn 0.991445 0.000000 0.130526
vn 0.991445 0.000000 0.130526
vn 0.923880 0.000000 0.382683
vn 0.923880 0.000000 0.382683
vn 0.793353 0.000000 0.608761
vn 0.793353 0.000000 0.608761
vn 0.608761 0.000000 0.793353
vn 0.608761 0.000000 0.793353
vn 0.382683 0.000000 0.923880
vn 0.382683 0.000000 0.923880
vn 0.130526 0.000000 0.991445
vn 0.130526 0.000000 0.991445
vn -0.130526 0.000000 0.991445
vn -0.130526 0.000000 0.991445
vn -0.382683 0.000000 0.923880
vn -0.382683 0.000000 0.923880
vn -0.608761 0.000000 0.793353
vn -0.608761 0.000000 0.793353
vn -0.793353 0.000000 0.608761
vn -0.793353 0.000000 0.608761
vn -0.923880 0.000000 0.382683
vn -0.923880 0.000000 0.382683
vn -0.991445 0.000000 0.130526
vn -0.991445 0.000000 0.130526
vn -0.000000 0.000000 1.000000
vn 0.000000 0.000000 1.000000
vn 0.065403 0.000000 0.997859
vn 0.065403 0.000000 0.997859
vn 0.195090 0.000000 0.980785
vn 0.195090 0.000000 0.980785
vn 0.321439 0.000000 0.946930
vn 0.321439 0.000000 0.946930
vn 0.442289 0.000000 0.896873
vn 0.442289 0.000000 0.896873
vn 0.555570 0.000000 0.831470
vn 0.555570 0.000000 0.831470
vn 0.659346 0.000000 0.751840
vn 0.659346 0.000000 0.751840
vn 0.751840 0.000000 0.659346
vn 0.751840 0.000000 0.659346
vn 0.831470 0.000000 0.555570
vn 0.831470 0.000000 0.555570
vn 0.896873 0.000000 0.442289
vn 0.896873 0.000000 0.442289
vn 0.946930 0.000000 0.321439
vn 0.946930 0.000000 0.321439
vn 0.980785 0.000000 0.195090
vn 0.980785 0.000000 0.195090
vn 0.997859 0.000000 0.065403
vn 0.997859 0.000000 0.065403
vn 1.000000 0.000000 0.000000
vn 1.000000 0.000000 0.000000
vn 0.997859 0.000000 -0.065403
vn 0.997859 0.000000 -0.065403
vn 0.980785 0.000000 -0.195090
vn 0.980785 0.000000 -0.195090
vn 0.946930 0.000000 -0.321439
vn 0.946930 0.000000 -0.321439
vn 0.896873 0.000000 -0.442289
vn 0.896873 0.000000 -0.442289
vn 0.831470 0.000000 -0.555570
vn 0.831470 0.000000 -0.555570
vn 0.751840 0.000000 -0.659346
vn 0.751840 0.000000 -0.659346
vn 0.659346 0.000000 -0.751840
vn 0.659346 0.000000 -0.751840
vn 0.555570 0.000000 -0.831470
vn 0.555570 0.000000 -0.831470
vn 0.442289 0.000000 -0.896873
vn 0.442289 0.000000 -0.896873
vn 0.321439 0.000000 -0.946930
vn 0.321439 0.000000 -0.946930
vn 0.195090 0.000000 -0.980785
vn 0.195090 0.000000 -0.980785
vn 0.065403 0.000000 -0.997859
vn 0.065403 0.000000 -0.997859
vn -0.000000 0.000000 -1.000000
vn 0.000000 -0.000000 -1.000000
vn -0.991445 0.000000 -0.130526
vn -0.991445 -0.000000 -0.130526
vn -0.923880 0.000000 -0.382683
vn -0.923880 -0.000000 -0.382683
vn -0.793353 0.000000 -0.608761
vn -0.793353 -0.000000 -0.608761
vn -0.608761 0.000000 -0.793353
vn -0.608761 -0.000000 -0.793353
vn -0.382683 0.000000 -0.923880
vn -0.382683 -0.000000 -0.923880
vn -0.130526 0.000000 -0.991445
vn -0.130526 -0.000000 -0.991445
vn 0.130526 0.000000 -0.991445
vn 0.130526 0.000000 -0.991445
vn 0.382683 0.000000 -0.923880
vn 0.382683 0.000000 -0.923880
vn 0.608761 0.000000 -0.793353
vn 0.608761 0.000000 -0.793353
vn 0.793353 0.000000 -0.608761
vn 0.793353 0.000000 -0.608761
vn 0.923880 0.000000 -0.382683
vn 0.923880 0.000000 -0.382683
vn 0.991445 0.000000 -0.130526
vn 0.991445 0.000000 -0.130526
vn -0.000000 0.000000 -1.000000
vn 0.000000 -0.000000 -1.000000
vn -0.065403 0.000000 -0.997859
vn -0.065403 -0.000000 -0.997859
vn -0.195090 0.000000 -0.980785
vn -0.195090 -0.000000 -0.980785
vn -0.321439 0.000000 -0.946930
vn -0.321439 -0.000000 -0.946930
vn -0.442289 0.000000 -0.896873
vn -0.442289 -0.000000 -0.896873
vn -0.555570 0.000000 -0.831470
vn -0.555570 -0.000000 -0.831470
vn -0.659346 0.000000 -0.751840
vn -0.659346 -0.000000 -0.751840
vn -0.751840 0.000000 -0.659346
vn -0.751840 -0.000000 -0.659346
vn -0.831470 0.000000 -0.555570
vn -0.831470 -0.000000 -0.555570
vn -0.896873 0.000000 -0.442289
vn -0.896873 -0.000000 -0.442289
vn -0.946930 0.000000 -0.321439
vn -0.946930 -0.000000 -0.321439
vn -0.980785 0.000000 -0.195090
vn -0.980785 -0.000000 -0.195090
vn -0.997859 0.000000 -0.065403
vn -0.997859 -0.000000 -0.065403
vn -1.000000 0.000000 0.000000
vn -1.000000 0.000000 0.000000
vn -0.997859 0.000000 0.065403
vn -0.997859 0.000000 0.065403
vn -0.980785 0.000000 0.195090
vn -0.980785 0.000000 0.195090
vn -0.946930 0.000000 0.321439
vn -0.946930 0.000000 0.321439
vn -0.896873 0.000000 0.442289
vn -0.896873 0.000000 0.442289
vn -0.831470 0.000000 0.555570
vn -0.831470 0.000000 0.555570
vn -0.751840 0.000000 0.659346
vn -0.751840 0.000000 0.659346
vn -0.659346 0.000000 0.751840
vn -0.659346 0.000000 0.751840
vn -0.555570 0.000000 0.831470
vn -0.555570 0.000000 0.831470
vn -0.442289 0.000000 0.896873
vn -0.442289 0.000000 0.896873
vn -0.321439 0.000000 0.946930
vn -0.321439 0.000000 0.946930
vn -0.195090 0.000000 0.980785
vn -0.195090 0.000000 0.980785
vn -0.065403 0.000000 0.997859
vn -0.065403 0.000000 0.997859
f 469/1/1 1/2/1 2/3/1
f 1/4/2 80/5/2 2/6/2
f 1/7/3 79/8/3 80/9/3
f 79/10/4 158/11/4 80/12/4
f 79/13/5 157/14/5 158/15/5
f 470/16/6 236/17/6 235/18/6
f 235/19/7 236/20/7 314/21/7
f 235/22/8 314/23/8 313/24/8
f 313/25/9 314/26/9 392/27/9
f 313/28/10 392/29/10 391/30/10
f 469/31/11 3/32/11 2/33/11
f 2/34/12 3/35/12 81/36/12
f 2/37/13 81/38/13 80/39/13
f 80/40/14 81/41/14 159/42/14
f 80/43/15 159/44/15 158/45/15
f 470/46/16 236/47/16 237/48/16
f 236/49/17 315/50/17 237/51/17
f 236/52/18 314/53/18 315/54/18
f 314/55/19 393/56/19 315/57/19
f 314/58/20 392/59/20 393/60/20
f 469/61/21 4/62/21 3/63/21
f 3/64/22 4/65/22 82/66/22
f 3/67/23 82/68/23 81/69/23
f 81/70/24 82/71/24 160/72/24
f 81/73/25 160/74/25 159/75/25
f 470/76/26 237/77/26 238/78/26
f 237/79/27 316/80/27 238/81/27
f 237/82/28 315/83/28 316/84/28
f 315/85/29 394/86/29 316/87/29
f 315/88/30 393/89/30 394/90/30
f 469/91/31 5/92/31 4/93/31
f 4/94/32 5/95/32 83/96/32
f 4/97/33 83/98/33 82/99/33
f 82/100/34 83/101/34 161/102/34
f 82/103/35 161/104/35 160/105/35
f 470/106/36 238/107/36 239/108/36
f 238/109/37 317/110/37 239/111/37
f 238/112/38 316/113/38 317/114/38
f 316/115/39 395/116/39 317/117/39
f 316/118/40 394/119/40 395/120/40
f 469/121/41 6/122/41 5/123/41
f 5/124/42 6/125/42 84/126/42
f 5/127/43 84/128/43 83/129/43
f 83/130/44 84/131/44 162/132/44
f 83/133/45 162/134/45 161/135/45
f 470/136/46 239/137/46 240/138/46
f 239/139/47 318/140/47 240/141/47
f 239/142/48 317/143/48 318/144/48
f 317/145/49 396/146/49 318/147/49
f 317/148/50 395/149/50 396/150/50
f 469/151/51 6/152/51 7/153/51
f 6/154/52 85/155/52 7/156/52
f 6/157/53 84/158/53 85/159/53
f 84/160/54 163/161/54 85/162/54
f 84/163/55 162/164/55 163/165/55
f 470/166/56 241/167/56 240/168/56
f 240/169/57 241/170/57 319/171/57
f 240/172/58 319/173/58 318/174/58
f 318/175/59 319/176/59 397/177/59
f 318/178/60 397/179/60 396/180/60
f 469/181/61 7/182/61 8/183/61
f 7/184/62 86/185/62 8/186/62
f 7/187/63 85/188/63 86/189/63
f 85/190/64 164/191/64 86/192/64
f 85/193/65 163/194/65 164/195/65
f 470/196/66 242/197/66 241/198/66
f 241/199/67 242/200/67 320/201/67
f 241/202/68 320/203/68 319/204/68
f 319/205/69 320/206/69 398/207/69
f 319/208/70 398/209/70 397/210/70
f 469/211/71 8/212/71 9/213/71
f 8/214/72 87/215/72 9/216/72
f 8/217/73 86/218/73 87/219/73
f 86/220/74 165/221/74 87/222/74
f 86/223/75 164/224/75 165/225/75
f 470/226/76 243/227/76 242/228/76
f 242/229/77 243/230/77 321/231/77
f 242/232/78 321/233/78 320/234/78
f 320/235/79 321/236/79 399/237/79
f 320/238/80 399/239/80 398/240/80
f 469/241/81 9/242/81 10/243/81
f 9/244/82 88/245/82 10/246/82
f 9/247/83 87/248/83 88/249/83
f 87/250/84 166/251/84 88/252/84
f 87/253/85 165/254/85 166/255/85
f 470/256/86 244/257/86 243/258/86
f 243/259/87 244/260/87 322/261/87
f 243/262/88 322/263/88 321/264/88
f 321/265/89 322/266/89 400/267/89
f 321/268/90 400/269/90 399/270/90
f 469/271/91 10/272/91 11/273/91
f 10/274/92 89/275/92 11/276/92
f 10/277/93 88/278/93 89/279/93
f 88/280/94 167/281/94 89/282/94
f 88/283/95 166/284/95 167/285/95
f 470/286/96 245/287/96 244/288/96
f 244/289/97 245/290/97 323/291/97
f 244/292/98 323/293/98 322/294/98
f 322/295/99 323/296/99 401/297/99
f 322/298/100 401/299/100 400/300/100
f 469/301/101 11/302/101 12/303/101
f 11/304/102 90/305/102 12/306/102
f 11/307/103 89/308/103 90/309/103
f 89/310/104 168/311/104 90/312/104
f 89/313/105 167/314/105 168/315/105
f 470/316/106 246/317/106 245/318/106
f 245/319/107 246/320/107 324/321/107
f 245/322/108 324/323/108 323/324/108
f 323/325/109 324/326/109 402/327/109
f 323/328/110 402/329/110 401/330/110
f 469/331/111 12/332/111 13/333/111
f 12/334/112 91/335/112 13/336/112
f 12/337/113 90/338/113 91/339/113
f 90/340/114 169/341/114 91/342/114
f 90/343/115 168/344/115 169/345/115
f 470/346/116 247/347/116 246/348/116
f 246/349/117 247/350/117 325/351/117
f 246/352/118 325/353/118 324/354/118
f 324/355/119 325/356/119 403/357/119
f 324/358/120 403/359/120 402/360/120
f 469/361/121 13/362/121 14/363/121
f 13/364/122 92/365/122 14/366/122
f 13/367/123 91/368/123 92/369/123
f 91/370/124 170/371/124 92/372/124
f 91/373/125 169/374/125 170/375/125
f 470/376/126 248/377/126 247/378/126
f 247/379/127 248/380/127 326/381/127
f 247/382/128 326/383/128 325/384/128
f 325/385/129 326/386/129 404/387/129
f 325/388/130 404/389/130 403/390/130
f 469/391/131 14/392/131 15/393/131
f 14/394/132 93/395/132 15/396/132
f 14/397/133 92/398/133 93/399/133
f 92/400/134 171/401/134 93/402/134
f 92/403/135 170/404/135 171/405/135
f 470/406/136 249/407/136 248/408/136
f 248/409/137 249/410/137 327/411/137
f 248/412/138 327/413/138 326/414/138
f 326/415/139 327/416/139 405/417/139
f 326/418/140 405/419/140 404/420/140
f 469/421/141 15/422/141 16/423/141
f 15/424/142 94/425/142 16/426/142
f 15/427/143 93/428/143 94/429/143
f 93/430/144 172/431/144 94/432/144
f 93/433/145 171/434/145 172/435/145
f 470/436/146 250/437/146 249/438/146
f 249/439/147 250/440/147 328/441/147
f 249/442/148 328/443/148 327/444/148
f 327/445/149 328/446/149 406/447/149
f 327/448/150 406/449/150 405/450/150
f 469/451/151 16/452/151 17/453/151
f 16/454/152 95/455/152 17/456/152
f 16/457/153 94/458/153 95/459/153
f 94/460/154 173/461/154 95/462/154
f 94/463/155 172/464/155 173/465/155
f 470/466/156 251/467/156 250/468/156
f 250/469/157 251/470/157 329/471/157
f 250/472/158 329/473/158 328/474/158
f 328/475/159 329/476/159 407/477/159
f 328/478/160 407/479/160 406/480/160
f 469/481/161 17/482/161 18/483/161
f 17/484/162 96/485/162 18/486/162
f 17/487/163 95/488/163 96/489/163
f 95/490/164 174/491/164 96/492/164
f 95/493/165 173/494/165 174/495/165
f 470/496/166 252/497/166 251/498/166
f 251/499/167 252/500/167 330/501/167
f 251/502/168 330/503/168 329/504/168
f 329/505/169 330/506/169 408/507/169
f 329/508/170 408/509/170 407/510/170
f 469/511/171 18/512/171 19/513/171
f 18/514/172 97/515/172 19/516/172
f 18/517/173 96/518/173 97/519/173
f 96/520/174 175/521/174 97/522/174
f 96/523/175 174/524/175 175/525/175
f 470/526/176 253/527/176 252/528/176
f 252/529/177 253/530/177 331/531/177
f 252/532/178 331/533/178 330/534/178
f 330/535/179 331/536/179 409/537/179
f 330/538/180 409/539/180 408/540/180
f 469/541/181 19/542/181 20/543/181
f 19/544/182 98/545/182 20/546/182
f 19/547/183 97/548/183 98/549/183
f 97/550/184 176/551/184 98/552/184
f 97/553/185 175/554/185 176/555/185
f 470/556/186 254/557/186 253/558/186
f 253/559/187 254/560/187 332/561/187
f 253/562/188 332/563/188 331/564/188
f 331/565/189 332/566/189 410/567/189
f 331/568/190 410/569/190 409/570/190
f 469/571/191 20/572/191 21/573/191
f 20/574/192 99/575/192 21/576/192
f 20/577/193 98/578/193 99/579/193
f 98/580/194 177/581/194 99/582/194
f 98/583/195 176/584/195 177/585/195
f 470/586/196 255/587/196 254/588/196
f 254/589/197 255/590/197 333/591/197
f 254/592/198 333/593/198 332/594/198
f 332/595/199 333/596/199 411/597/199
f 332/598/200 411/599/200 410/600/200
f 469/601/201 21/602/201 22/603/201
f 21/604/202 100/605/202 22/606/202
f 21/607/203 99/608/203 100/609/203
f 99/610/204 178/611/204 100/612/204
f 99/613/205 177/614/205 178/615/205
f 470/616/206 256/617/206 255/618/206
f 255/619/207 256/620/207 334/621/207
f 255/622/208 334/623/208 333/624/208
f 333/625/209 334/626/209 412/627/209
f 333/628/210 412/629/210 411/630/210
f 469/631/211 22/632/211 23/633/211
f 22/634/212 101/635/212 23/636/212
f 22/637/213 100/638/213 101/639/213
f 100/640/214 179/641/214 101/642/214
f 100/643/215 178/644/215 179/645/215
f 470/646/216 257/647/216 256/648/216
f 256/649/217 257/650/217 335/651/217
f 256/652/218 335/653/218 334/654/218
f 334/655/219 335/656/219 413/657/219
f 334/658/220 413/659/220 412/660/220
f 469/661/221 23/662/221 24/663/221
f 23/664/222 102/665/222 24/666/222
f 23/667/223 101/668/223 102/669/223
f 101/670/224 180/671/224 102/672/224
f 101/673/225 179/674/225 180/675/225
f 470/676/226 258/677/226 257/678/226
f 257/679/227 258/680/227 336/681/227
f 257/682/228 336/683/228 335/684/228
f 335/685/229 336/686/229 414/687/229
f 335/688/230 414/689/230 413/690/230
f 469/691/231 24/692/231 25/693/231
f 24/694/232 103/695/232 25/696/232
f 24/697/233 102/698/233 103/699/233
f 102/700/234 181/701/234 103/702/234
f 102/703/235 180/704/235 181/705/235
f 470/706/236 259/707/236 258/708/236
f 258/709/237 259/710/237 337/711/237
f 258/712/238 337/713/238 336/714/238
f 336/715/239 337/716/239 415/717/239
f 336/718/240 415/719/240 414/720/240
f 469/721/241 25/722/241 26/723/241
f 25/724/242 104/725/242 26/726/242
f 25/727/243 103/728/243 104/729/243
f 103/730/244 182/731/244 104/732/244
f 103/733/245 181/734/245 182/735/245
f 470/736/246 260/737/246 259/738/246
f 259/739/247 260/740/247 338/741/247
f 259/742/248 338/743/248 337/744/248
f 337/745/249 338/746/249 416/747/249
f 337/748/250 416/749/250 415/750/250
f 469/751/251 26/752/251 27/753/251
f 26/754/252 105/755/252 27/756/252
f 26/757/253 104/758/253 105/759/253
f 104/760/254 183/761/254 105/762/254
f 104/763/255 182/764/255 183/765/255
f 470/766/256 261/767/256 260/768/256
f 260/769/257 261/770/257 339/771/257
f 260/772/258 339/773/258 338/774/258
f 338/775/259 339/776/259 417/777/259
f 338/778/260 417/779/260 416/780/260
f 469/781/261 27/782/261 28/783/261
f 27/784/262 106/785/262 28/786/262
f 27/787/263 105/788/263 106/789/263
f 105/790/264 184/791/264 106/792/264
f 105/793/265 183/794/265 184/795/265
f 470/796/266 262/797/266 261/798/266
f 261/799/267 262/800/267 340/801/267
f 261/802/268 340/803/268 339/804/268
f 339/805/269 340/806/269 418/807/269
f 339/808/270 418/809/270 417/810/270
f 469/811/271 28/812/271 29/813/271
f 28/814/272 107/815/272 29/816/272
f 28/817/273 106/818/273 107/819/273
f 106/820/274 185/821/274 107/822/274
f 106/823/275 184/824/275 185/825/275
f 470/826/276 263/827/276 262/828/276
f 262/829/277 263/830/277 341/831/277
f 262/832/278 341/833/278 340/834/278
f 340/835/279 341/836/279 419/837/279
f 340/838/280 419/839/280 418/840/280
f 469/841/281 29/842/281 30/843/281
f 29/844/282 108/845/282 30/846/282
f 29/847/283 107/848/283 108/849/283
f 107/850/284 186/851/284 108/852/284
f 107/853/285 185/854/285 186/855/285
f 470/856/286 264/857/286 263/858/286
f 263/859/287 264/860/287 342/861/287
f 263/862/288 342/863/288 341/864/288
f 341/865/289 342/866/289 420/867/289
f 341/868/290 420/869/290 419/870/290
f 469/871/291 30/872/291 31/873/291
f 30/874/292 109/875/292 31/876/292
f 30/877/293 108/878/293 109/879/293
f 108/880/294 187/881/294 109/882/294
f 108/883/295 186/884/295 187/885/295
f 470/886/296 265/887/296 264/888/296
f 264/889/297 265/890/297 343/891/297
f 264/892/298 343/893/298 342/894/298
f 342/895/299 343/896/299 421/897/299
f 342/898/300 421/899/300 420/900/300
f 469/901/301 31/902/301 32/903/301
f 31/904/302 110/905/302 32/906/302
f 31/907/303 109/908/303 110/909/303
f 109/910/304 188/911/304 110/912/304
f 109/913/305 187/914/305 188/915/305
f 470/916/306 266/917/306 265/918/306
f 265/919/307 266/920/307 344/921/307
f 265/922/308 344/923/308 343/924/308
f 343/925/309 344/926/309 422/927/309
f 343/928/310 422/929/310 421/930/310
f 469/931/311 32/932/311 33/933/311
f 32/934/312 111/935/312 33/936/312
f 32/937/313 110/938/313 111/939/313
f 110/940/314 189/941/314 111/942/314
f 110/943/315 188/944/315 189/945/315
f 470/946/316 267/947/316 266/948/316
f 266/949/317 267/950/317 345/951/317
f 266/952/318 345/953/318 344/954/318
f 344/955/319 345/956/319 423/957/319
f 344/958/320 423/959/320 422/960/320
f 469/961/321 33/962/321 34/963/321
f 33/964/322 112/965/322 34/966/322
f 33/967/323 111/968/323 112/969/323
f 111/970/324 190/971/324 112/972/324
f 111/973/325 189/974/325 190/975/325
f 470/976/326 268/977/326 267/978/326
f 267/979/327 268/980/327 346/981/327
f 267/982/328 346/983/328 345/984/328
f 345/985/329 346/986/329 424/987/329
f 345/988/330 424/989/330 423/990/330
f 469/991/331 34/992/331 35/993/331
f 34/994/332 113/995/332 35/996/332
f 34/997/333 112/998/333 113/999/333
f 112/1000/334 191/1001/334 113/1002/334
f 112/1003/335 190/1004/335 191/1005/335
f 470/1006/336 269/1007/336 268/1008/336
f 268/1009/337 269/1010/337 347/1011/337
f 268/1012/338 347/1013/338 346/1014/338
f 346/1015/339 347/1016/339 425/1017/339
f 346/1018/340 425/1019/340 424/1020/340
f 469/1021/341 35/1022/341 36/1023/341
f 35/1024/342 114/1025/342 36/1026/342
f 35/1027/343 113/1028/343 114/1029/343
f 113/1030/344 192/1031/344 114/1032/344
f 113/1033/345 191/1034/345 192/1035/345
f 470/1036/346 270/1037/346 269/1038/346
f 269/1039/347 270/1040/347 348/1041/347
f 269/1042/348 348/1043/348 347/1044/348
f 347/1045/349 348/1046/349 426/1047/349
f 347/1048/350 426/1049/350 425/1050/350
f 469/1051/351 36/1052/351 37/1053/351
f 36/1054/352 115/1055/352 37/1056/352
f 36/1057/353 114/1058/353 115/1059/353
f 114/1060/354 193/1061/354 115/1062/354
f 114/1063/355 192/1064/355 193/1065/355
f 470/1066/356 271/1067/356 270/1068/356
f 270/1069/357 271/1070/357 349/1071/357
f 270/1072/358 349/1073/358 348/1074/358
f 348/1075/359 349/1076/359 427/1077/359
f 348/1078/360 427/1079/360 426/1080/360
f 469/1081/361 37/1082/361 38/1083/361
f 37/1084/362 116/1085/362 38/1086/362
f 37/1087/363 115/1088/363 116/1089/363
f 115/1090/364 194/1091/364 116/1092/364
f 115/1093/365 193/1094/365 194/1095/365
f 470/1096/366 272/1097/366 271/1098/366
f 271/1099/367 272/1100/367 350/1101/367
f 271/1102/368 350/1103/368 349/1104/368
f 349/1105/369 350/1106/369 428/1107/369
f 349/1108/370 428/1109/370 427/1110/370
f 469/1111/371 38/1112/371 39/1113/371
f 38/1114/372 117/1115/372 39/1116/372
f 38/1117/373 116/1118/373 117/1119/373
f 116/1120/374 195/1121/374 117/1122/374
f 116/1123/375 194/1124/375 195/1125/375
f 470/1126/376 273/1127/376 272/1128/376
f 272/1129/377 273/1130/377 351/1131/377
f 272/1132/378 351/1133/378 350/1134/378
f 350/1135/379 351/1136/379 429/1137/379
f 350/1138/380 429/1139/380 428/1140/380
f 469/1141/381 39/1142/381 40/1143/381
f 39/1144/382 118/1145/382 40/1146/382
f 39/1147/383 117/1148/383 118/1149/383
f 117/1150/384 196/1151/384 118/1152/384
f 117/1153/385 195/1154/385 196/1155/385
f 470/1156/386 274/1157/386 273/1158/386
f 273/1159/387 274/1160/387 352/1161/387
f 273/1162/388 352/1163/388 351/1164/388
f 351/1165/389 352/1166/389 430/1167/389
f 351/1168/390 430/1169/390 429/1170/390
f 469/1171/391 40/1172/391 41/1173/391
f 40/1174/392 119/1175/392 41/1176/392
f 40/1177/393 118/1178/393 119/1179/393
f 118/1180/394 197/1181/394 119/1182/394
f 118/1183/395 196/1184/395 197/1185/395
f 470/1186/396 275/1187/396 274/1188/396
f 274/1189/397 275/1190/397 353/1191/397
f 274/1192/398 353/1193/398 352/1194/398
f 352/1195/399 353/1196/399 431/1197/399
f 352/1198/400 431/1199/400 430/1200/400
f 469/1201/401 41/1202/401 42/1203/401
f 41/1204/402 120/1205/402 42/1206/402
f 41/1207/403 119/1208/403 120/1209/403
f 119/1210/404 198/1211/404 120/1212/404
f 119/1213/405 197/1214/405 198/1215/405
f 470/1216/406 276/1217/406 275/1218/406
f 275/1219/407 276/1220/407 354/1221/407
f 275/1222/408 354/1223/408 353/1224/408
f 353/1225/409 354/1226/409 432/1227/409
f 353/1228/410 432/1229/410 431/1230/410
f 469/1231/411 42/1232/411 43/1233/411
f 42/1234/412 121/1235/412 43/1236/412
f 42/1237/413 120/1238/413 121/1239/413
f 120/1240/414 199/1241/414 121/1242/414
f 120/1243/415 198/1244/415 199/1245/415
f 470/1246/416 277/1247/416 276/1248/416
f 276/1249/417 277/1250/417 355/1251/417
f 276/1252/418 355/1253/418 354/1254/418
f 354/1255/419 355/1256/419 433/1257/419
f 354/1258/420 433/1259/420 432/1260/420
f 469/1261/421 43/1262/421 44/1263/421
f 43/1264/422 122/1265/422 44/1266/422
f 43/1267/423 121/1268/423 122/1269/423
f 121/1270/424 200/1271/424 122/1272/424
f 121/1273/425 199/1274/425 200/1275/425
f 470/1276/426 278/1277/426 277/1278/426
f 277/1279/427 278/1280/427 356/1281/427
f 277/1282/428 356/1283/428 355/1284/428
f 355/1285/429 356/1286/429 434/1287/429
f 355/1288/430 434/1289/430 433/1290/430
f 469/1291/431 44/1292/431 45/1293/431
f 44/1294/432 123/1295/432 45/1296/432
f 44/1297/433 122/1298/433 123/1299/433
f 122/1300/434 201/1301/434 123/1302/434
f 122/1303/435 200/1304/435 201/1305/435
f 470/1306/436 279/1307/436 278/1308/436
f 278/1309/437 279/1310/437 357/1311/437
f 278/1312/438 357/1313/438 356/1314/438
f 356/1315/439 357/1316/439 435/1317/439
f 356/1318/440 435/1319/440 434/1320/440
f 469/1321/441 45/1322/441 46/1323/441
f 45/1324/442 124/1325/442 46/1326/442
f 45/1327/443 123/1328/443 124/1329/443
f 123/1330/444 202/1331/444 124/1332/444
f 123/1333/445 201/1334/445 202/1335/445
f 470/1336/446 280/1337/446 279/1338/446
f 279/1339/447 280/1340/447 358/1341/447
f 279/1342/448 358/1343/448 357/1344/448
f 357/1345/449 358/1346/449 436/1347/449
f 357/1348/450 436/1349/450 435/1350/450
f 469/1351/451 46/1352/451 47/1353/451
f 46/1354/452 125/1355/452 47/1356/452
f 46/1357/453 124/1358/453 125/1359/453
f 124/1360/454 203/1361/454 125/1362/454
f 124/1363/455 202/1364/455 203/1365/455
f 470/1366/456 281/1367/456 280/1368/456
f 280/1369/457 281/1370/457 359/1371/457
f 280/1372/458 359/1373/458 358/1374/458
f 358/1375/459 359/1376/459 437/1377/459
f 358/1378/460 437/1379/460 436/1380/460
f 469/1381/461 47/1382/461 48/1383/461
f 47/1384/462 126/1385/462 48/1386/462
f 47/1387/463 125/1388/463 126/1389/463
f 125/1390/464 204/1391/464 126/1392/464
f 125/1393/465 203/1394/465 204/1395/465
f 470/1396/466 282/1397/466 281/1398/466
f 281/1399/467 282/1400/467 360/1401/467
f 281/1402/468 360/1403/468 359/1404/468
f 359/1405/469 360/1406/469 438/1407/469
f 359/1408/470 438/1409/470 437/1410/470
f 469/1411/471 48/1412/471 49/1413/471
f 48/1414/472 127/1415/472 49/1416/472
f 48/1417/473 126/1418/473 127/1419/473
f 126/1420/474 205/1421/474 127/1422/474
f 126/1423/475 204/1424/475 205/1425/475
f 470/1426/476 283/1427/476 282/1428/476
f 282/1429/477 283/1430/477 361/1431/477
f 282/1432/478 361/1433/478 360/1434/478
f 360/1435/479 361/1436/479 439/1437/479
f 360/1438/480 439/1439/480 438/1440/480
f 469/1441/481 50/1442/481 49/1443/481
f 49/1444/482 50/1445/482 128/1446/482
f 49/1447/483 128/1448/483 127/1449/483
f 127/1450/484 128/1451/484 206/1452/484
f 127/1453/485 206/1454/485 205/1455/485
f 470/1456/486 283/1457/486 284/1458/486
f 283/1459/487 362/1460/487 284/1461/487
f 283/1462/488 361/1463/488 362/1464/488
f 361/1465/489 440/1466/489 362/1467/489
f 361/1468/490 439/1469/490 440/1470/490
f 469/1471/491 51/1472/491 50/1473/491
f 50/1474/492 51/1475/492 129/1476/492
f 50/1477/493 129/1478/493 128/1479/493
f 128/1480/494 129/1481/494 207/1482/494
f 128/1483/495 207/1484/495 206/1485/495
f 470/1486/496 284/1487/496 285/1488/496
f 284/1489/497 363/1490/497 285/1491/497
f 284/1492/498 362/1493/498 363/1494/498
f 362/1495/499 441/1496/499 363/1497/499
f 362/1498/500 440/1499/500 441/1500/500
f 469/1501/501 52/1502/501 51/1503/501
f 51/1504/502 52/1505/502 130/1506/502
f 51/1507/503 130/1508/503 129/1509/503
f 129/1510/504 130/1511/504 208/1512/504
f 129/1513/505 208/1514/505 207/1515/505
f 470/1516/506 285/1517/506 286/1518/506
f 285/1519/507 364/1520/507 286/1521/507
f 285/1522/508 363/1523/508 364/1524/508
f 363/1525/509 442/1526/509 364/1527/509
f 363/1528/510 441/1529/510 442/1530/510
f 469/1531/511 53/1532/511 52/1533/511
f 52/1534/512 53/1535/512 131/1536/512
f 52/1537/513 131/1538/513 130/1539/513
f 130/1540/514 131/1541/514 209/1542/514
f 130/1543/515 209/1544/515 208/1545/515
f 470/1546/516 286/1547/516 287/1548/516
f 286/1549/517 365/1550/517 287/1551/517
f 286/1552/518 364/1553/518 365/1554/518
f 364/1555/519 443/1556/519 365/1557/519
f 364/1558/520 442/1559/520 443/1560/520
f 469/1561/521 53/1562/521 54/1563/521
f 53/1564/522 132/1565/522 54/1566/522
f 53/1567/523 131/1568/523 132/1569/523
f 131/1570/524 210/1571/524 132/1572/524
f 131/1573/525 209/1574/525 210/1575/525
f 470/1576/526 288/1577/526 287/1578/526
f 287/1579/527 288/1580/527 366/1581/527
f 287/1582/528 366/1583/528 365/1584/528
f 365/1585/529 366/1586/529 444/1587/529
f 365/1588/530 444/1589/530 443/1590/530
f 469/1591/531 54/1592/531 55/1593/531
f 54/1594/532 133/1595/532 55/1596/532
f 54/1597/533 132/1598/533 133/1599/533
f 132/1600/534 211/1601/534 133/1602/534
f 132/1603/535 210/1604/535 211/1605/535
f 470/1606/536 289/1607/536 288/1608/536
f 288/1609/537 289/1610/537 367/1611/537
f 288/1612/538 367/1613/538 366/1614/538
f 366/1615/539 367/1616/539 445/1617/539
f 366/1618/540 445/1619/540 444/1620/540
f 469/1621/541 55/1622/541 56/1623/541
f 55/1624/542 134/1625/542 56/1626/542
f 55/1627/543 133/1628/543 134/1629/543
f 133/1630/544 212/1631/544 134/1632/544
f 133/1633/545 211/1634/545 212/1635/545
f 470/1636/546 290/1637/546 289/1638/546
f 289/1639/547 290/1640/547 368/1641/547
f 289/1642/548 368/1643/548 367/1644/548
f 367/1645/549 368/1646/549 446/1647/549
f 367/1648/550 446/1649/550 445/1650/550
f 469/1651/551 56/1652/551 57/1653/551
f 56/1654/552 135/1655/552 57/1656/552
f 56/1657/553 134/1658/553 135/1659/553
f 134/1660/554 213/1661/554 135/1662/554
f 134/1663/555 212/1664/555 213/1665/555
f 470/1666/556 291/1667/556 290/1668/556
f 290/1669/557 291/1670/557 369/1671/557
f 290/1672/558 369/1673/558 368/1674/558
f 368/1675/559 369/1676/559 447/1677/559
f 368/1678/560 447/1679/560 446/1680/560
f 469/1681/561 57/1682/561 58/1683/561
f 57/1684/562 136/1685/562 58/1686/562
f 57/1687/563 135/1688/563 136/1689/563
f 135/1690/564 214/1691/564 136/1692/564
f 135/1693/565 213/1694/565 214/1695/565
f 470/1696/566 292/1697/566 291/1698/566
f 291/1699/567 292/1700/567 370/1701/567
f 291/1702/568 370/1703/568 369/1704/568
f 369/1705/569 370/1706/569 448/1707/569
f 369/1708/570 448/1709/570 447/1710/570
f 469/1711/571 58/1712/571 59/1713/571
f 58/1714/572 137/1715/572 59/1716/572
f 58/1717/573 136/1718/573 137/1719/573
f 136/1720/574 215/1721/574 137/1722/574
f 136/1723/575 214/1724/575 215/1725/575
f 470/1726/576 293/1727/576 292/1728/576
f 292/1729/577 293/1730/577 371/1731/577
f 292/1732/578 371/1733/578 370/1734/578
f 370/1735/579 371/1736/579 449/1737/579
f 370/1738/580 449/1739/580 448/1740/580
f 469/1741/581 59/1742/581 60/1743/581
f 59/1744/582 138/1745/582 60/1746/582
f 59/1747/583 137/1748/583 138/1749/583
f 137/1750/584 216/1751/584 138/1752/584
f 137/1753/585 215/1754/585 216/1755/585
f 470/1756/586 294/1757/586 293/1758/586
f 293/1759/587 294/1760/587 372/1761/587
f 293/1762/588 372/1763/588 371/1764/588
f 371/1765/589 372/1766/589 450/1767/589
f 371/1768/590 450/1769/590 449/1770/590
f 469/1771/591 60/1772/591 61/1773/591
f 60/1774/592 139/1775/592 61/1776/592
f 60/1777/593 138/1778/593 139/1779/593
f 138/1780/594 217/1781/594 139/1782/594
f 138/1783/595 216/1784/595 217/1785/595
f 470/1786/596 295/1787/596 294/1788/596
f 294/1789/597 295/1790/597 373/1791/597
f 294/1792/598 373/1793/598 372/1794/598
f 372/1795/599 373/1796/599 451/1797/599
f 372/1798/600 451/1799/600 450/1800/600
f 469/1801/601 61/1802/601 62/1803/601
f 61/1804/602 140/1805/602 62/1806/602
f 61/1807/603 139/1808/603 140/1809/603
f 139/1810/604 218/1811/604 140/1812/604
f 139/1813/605 217/1814/605 218/1815/605
f 470/1816/606 296/1817/606 295/1818/606
f 295/1819/607 296/1820/607 374/1821/607
f 295/1822/608 374/1823/608 373/1824/608
f 373/1825/609 374/1826/609 452/1827/609
f 373/1828/610 452/1829/610 451/1830/610
f 469/1831/611 62/1832/611 63/1833/611
f 62/1834/612 141/1835/612 63/1836/612
f 62/1837/613 140/1838/613 141/1839/613
f 140/1840/614 219/1841/614 141/1842/614
f 140/1843/615 218/1844/615 219/1845/615
f 470/1846/616 297/1847/616 296/1848/616
f 296/1849/617 297/1850/617 375/1851/617
f 296/1852/618 375/1853/618 374/1854/618
f 374/1855/619 375/1856/619 453/1857/619
f 374/1858/620 453/1859/620 452/1860/620
f 469/1861/621 63/1862/621 64/1863/621
f 63/1864/622 142/1865/622 64/1866/622
f 63/1867/623 141/1868/623 142/1869/623
f 141/1870/624 220/1871/624 142/1872/624
f 141/1873/625 219/1874/625 220/1875/625
f 470/1876/626 298/1877/626 297/1878/626
f 297/1879/627 298/1880/627 376/1881/627
f 297/1882/628 376/1883/628 375/1884/628
f 375/1885/629 376/1886/629 454/1887/629
f 375/1888/630 454/1889/630 453/1890/630
f 469/1891/631 64/1892/631 65/1893/631
f 64/1894/632 143/1895/632 65/1896/632
f 64/1897/633 142/1898/633 143/1899/633
f 142/1900/634 221/1901/634 143/1902/634
f 142/1903/635 220/1904/635 221/1905/635
f 470/1906/636 299/1907/636 298/1908/636
f 298/1909/637 299/1910/637 377/1911/637
f 298/1912/638 377/1913/638 376/1914/638
f 376/1915/639 377/1916/639 455/1917/639
f 376/1918/640 455/1919/640 454/1920/640
f 469/1921/641 65/1922/641 66/1923/641
f 65/1924/642 144/1925/642 66/1926/642
f 65/1927/643 143/1928/643 144/1929/643
f 143/1930/644 222/1931/644 144/1932/644
f 143/1933/645 221/1934/645 222/1935/645
f 470/1936/646 300/1937/646 299/1938/646
f 299/1939/647 300/1940/647 378/1941/647
f 299/1942/648 378/1943/648 377/1944/648
f 377/1945/649 378/1946/649 456/1947/649
f 377/1948/650 456/1949/650 455/1950/650
f 469/1951/651 66/1952/651 67/1953/651
f 66/1954/652 145/1955/652 67/1956/652
f 66/1957/653 144/1958/653 145/1959/653
f 144/1960/654 223/1961/654 145/1962/654
f 144/1963/655 222/1964/655 223/1965/655
f 470/1966/656 301/1967/656 300/1968/656
f 300/1969/657 301/1970/657 379/1971/657
f 300/1972/658 379/1973/658 378/1974/658
f 378/1975/659 379/1976/659 457/1977/659
f 378/1978/660 457/1979/660 456/1980/660
f 469/1981/661 67/1982/661 68/1983/661
f 67/1984/662 146/1985/662 68/1986/662
f 67/1987/663 145/1988/663 146/1989/663
f 145/1990/664 224/1991/664 146/1992/664
f 145/1993/665 223/1994/665 224/1995/665
f 470/1996/666 302/1997/666 301/1998/666
f 301/1999/667 302/2000/667 380/2001/667
f 301/2002/668 380/2003/668 379/2004/668
f 379/2005/669 380/2006/669 458/2007/669
f 379/2008/670 458/2009/670 457/2010/670
f 469/2011/671 68/2012/671 69/2013/671
f 68/2014/672 147/2015/672 69/2016/672
f 68/2017/673 146/2018/673 147/2019/673
f 146/2020/674 225/2021/674 147/2022/674
f 146/2023/675 224/2024/675 225/2025/675
f 470/2026/676 303/2027/676 302/2028/676
f 302/2029/677 303/2030/677 381/2031/677
f 302/2032/678 381/2033/678 380/2034/678
f 380/2035/679 381/2036/679 459/2037/679
f 380/2038/680 459/2039/680 458/2040/680
f 469/2041/681 69/2042/681 70/2043/681
f 69/2044/682 148/2045/682 70/2046/682
f 69/2047/683 147/2048/683 148/2049/683
f 147/2050/684 226/2051/684 148/2052/684
f 147/2053/685 225/2054/685 226/2055/685
f 470/2056/686 304/2057/686 303/2058/686
f 303/2059/687 304/2060/687 382/2061/687
f 303/2062/688 382/2063/688 381/2064/688
f 381/2065/689 382/2066/689 460/2067/689
f 381/2068/690 460/2069/690 459/2070/690
f 469/2071/691 70/2072/691 71/2073/691
f 70/2074/692 149/2075/692 71/2076/692
f 70/2077/693 148/2078/693 149/2079/693
f 148/2080/694 227/2081/694 149/2082/694
f 148/2083/695 226/2084/695 227/2085/695
f 470/2086/696 305/2087/696 304/2088/696
f 304/2089/697 305/2090/697 383/2091/697
f 304/2092/698 383/2093/698 382/2094/698
f 382/2095/699 383/2096/699 461/2097/699
f 382/2098/700 461/2099/700 460/2100/700
f 469/2101/701 71/2102/701 72/2103/701
f 71/2104/702 150/2105/702 72/2106/702
f 71/2107/703 149/2108/703 150/2109/703
f 149/2110/704 228/2111/704 150/2112/704
f 149/2113/705 227/2114/705 228/2115/705
f 470/2116/706 306/2117/706 305/2118/706
f 305/2119/707 306/2120/707 384/2121/707
f 305/2122/708 384/2123/708 383/2124/708
f 383/2125/709 384/2126/709 462/2127/709
f 383/2128/710 462/2129/710 461/2130/710
f 469/2131/711 72/2132/711 73/2133/711
f 72/2134/712 151/2135/712 73/2136/712
f 72/2137/713 150/2138/713 151/2139/713
f 150/2140/714 229/2141/714 151/2142/714
f 150/2143/715 228/2144/715 229/2145/715
f 470/2146/716 307/2147/716 306/2148/716
f 306/2149/717 307/2150/717 385/2151/717
f 306/2152/718 385/2153/718 384/2154/718
f 384/2155/719 385/2156/719 463/2157/719
f 384/2158/720 463/2159/720 462/2160/720
f 469/2161/721 73/2162/721 74/2163/721
f 73/2164/722 152/2165/722 74/2166/722
f 73/2167/723 151/2168/723 152/2169/723
f 151/2170/724 230/2171/724 152/2172/724
f 151/2173/725 229/2174/725 230/2175/725
f 470/2176/726 308/2177/726 307/2178/726
f 307/2179/727 308/2180/727 386/2181/727
f 307/2182/728 386/2183/728 385/2184/728
f 385/2185/729 386/2186/729 464/2187/729
f 385/2188/730 464/2189/730 463/2190/730
f 469/2191/731 74/2192/731 75/2193/731
f 74/2194/732 153/2195/732 75/2196/732
f 74/2197/733 152/2198/733 153/2199/733
f 152/2200/734 231/2201/734 153/2202/734
f 152/2203/735 230/2204/735 231/2205/735
f 470/2206/736 309/2207/736 308/2208/736
f 308/2209/737 309/2210/737 387/2211/737
f 308/2212/738 387/2213/738 386/2214/738
f 386/2215/739 387/2216/739 465/2217/739
f 386/2218/740 465/2219/740 464/2220/740
f 469/2221/741 75/2222/741 76/2223/741
f 75/2224/742 154/2225/742 76/2226/742
f 75/2227/743 153/2228/743 154/2229/743
f 153/2230/744 232/2231/744 154/2232/744
f 153/2233/745 231/2234/745 232/2235/745
f 470/2236/746 310/2237/746 309/2238/746
f 309/2239/747 310/2240/747 388/2241/747
f 309/2242/748 388/2243/748 387/2244/748
f 387/2245/749 388/2246/749 466/2247/749
f 387/2248/750 466/2249/750 465/2250/750
f 469/2251/751 76/2252/751 77/2253/751
f 76/2254/752 155/2255/752 77/2256/752
f 76/2257/753 154/2258/753 155/2259/753
f 154/2260/754 233/2261/754 155/2262/754
f 154/2263/755 232/2264/755 233/2265/755
f 470/2266/756 311/2267/756 310/2268/756
f 310/2269/757 311/2270/757 389/2271/757
f 310/2272/758 389/2273/758 388/2274/758
f 388/2275/759 389/2276/759 467/2277/759
f 388/2278/760 467/2279/760 466/2280/760
f 469/2281/761 77/2282/761 78/2283/761
f 77/2284/762 156/2285/762 78/2286/762
f 77/2287/763 155/2288/763 156/2289/763
f 155/2290/764 234/2291/764 156/2292/764
f 155/2293/765 233/2294/765 234/2295/765
f 470/2296/766 312/2297/766 311/2298/766
f 311/2299/767 312/2300/767 390/2301/767
f 311/2302/768 390/2303/768 389/2304/768
f 389/2305/769 390/2306/769 468/2307/769
f 389/2308/770 468/2309/770 467/2310/770
f 469/2311/771 78/2312/771 1/2313/771
f 78/2314/772 79/2315/772 1/2316/772
f 78/2317/773 156/2318/773 79/2319/773
f 156/2320/774 157/2321/774 79/2322/774
f 156/2323/775 234/2324/775 157/2325/775
f 470/2326/776 235/2327/776 312/2328/776
f 312/2329/777 235/2330/777 313/2331/777
f 312/2332/778 313/2333/778 390/2334/778
f 390/2335/779 313/2336/779 391/2337/779
f 390/2338/780 391/2339/780 468/2340/780
f 157/2341/781 392/2342/781 158/2343/781
f 157/2344/782 391/2345/782 392/2346/782
f 158/2347/783 393/2348/783 159/2349/783
f 158/2350/784 392/2351/784 393/2352/784
f 159/2353/785 394/2354/785 160/2355/785
f 159/2356/786 393/2357/786 394/2358/786
f 160/2359/787 395/2360/787 161/2361/787
f 160/2362/788 394/2363/788 395/2364/788
f 161/2365/789 396/2366/789 162/2367/789
f 161/2368/790 395/2369/790 396/2370/790
f 162/2371/791 397/2372/791 163/2373/791
f 162/2374/792 396/2375/792 397/2376/792
f 163/2377/793 398/2378/793 164/2379/793
f 163/2380/794 397/2381/794 398/2382/794
f 164/2383/795 399/2384/795 165/2385/795
f 164/2386/796 398/2387/796 399/2388/796
f 165/2389/797 400/2390/797 166/2391/797
f 165/2392/798 399/2393/798 400/2394/798
f 166/2395/799 401/2396/799 167/2397/799
f 166/2398/800 400/2399/800 401/2400/800
f 167/2401/801 402/2402/801 168/2403/801
f 167/2404/802 401/2405/802 402/2406/802
f 168/2407/803 403/2408/803 169/2409/803
f 168/2410/804 402/2411/804 403/2412/804
f 169/2413/805 404/2414/805 170/2415/805
f 169/2416/806 403/2417/806 404/2418/806
f 170/2419/807 405/2420/807 171/2421/807
f 170/2422/808 404/2423/808 405/2424/808
f 171/2425/809 406/2426/809 172/2427/809
f 171/2428/810 405/2429/810 406/2430/810
f 172/2431/811 407/2432/811 173/2433/811
f 172/2434/812 406/2435/812 407/2436/812
f 173/2437/813 408/2438/813 174/2439/813
f 173/2440/814 407/2441/814 408/2442/814
f 174/2443/815 409/2444/815 175/2445/815
f 174/2446/816 408/2447/816 409/2448/816
f 175/2449/817 410/2450/817 176/2451/817
f 175/2452/818 409/2453/818 410/2454/818
f 176/2455/819 411/2456/819 177/2457/819
f 176/2458/820 410/2459/820 411/2460/820
f 177/2461/821 412/2462/821 178/2463/821
f 177/2464/822 411/2465/822 412/2466/822
f 178/2467/823 413/2468/823 179/2469/823
f 178/2470/824 412/2471/824 413/2472/824
f 179/2473/825 414/2474/825 180/2475/825
f 179/2476/826 413/2477/826 414/2478/826
f 180/2479/827 415/2480/827 181/2481/827
f 180/2482/828 414/2483/828 415/2484/828
f 181/2485/829 416/2486/829 182/2487/829
f 181/2488/830 415/2489/830 416/2490/830
f 182/2491/831 417/2492/831 183/2493/831
f 182/2494/832 416/2495/832 417/2496/832
f 183/2497/833 418/2498/833 184/2499/833
f 183/2500/834 417/2501/834 418/2502/834
f 184/2503/835 419/2504/835 185/2505/835
f 184/2506/836 418/2507/836 419/2508/836
f 185/2509/837 420/2510/837 186/2511/837
f 185/2512/838 419/2513/838 420/2514/838
f 186/2515/839 421/2516/839 187/2517/839
f 186/2518/840 420/2519/840 421/2520/840
f 187/2521/841 422/2522/841 188/2523/841
f 187/2524/842 421/2525/842 422/2526/842
f 188/2527/843 423/2528/843 189/2529/843
f 188/2530/844 422/2531/844 423/2532/844
f 189/2533/845 424/2534/845 190/2535/845
f 189/2536/846 423/2537/846 424/2538/846
f 190/2539/847 425/2540/847 191/2541/847
f 190/2542/848 424/2543/848 425/2544/848
f 191/2545/849 426/2546/849 192/2547/849
f 191/2548/850 425/2549/850 426/2550/850
f 192/2551/851 427/2552/851 193/2553/851
f 192/2554/852 426/2555/852 427/2556/852
f 193/2557/853 428/2558/853 194/2559/853
f 193/2560/854 427/2561/854 428/2562/854
f 194/2563/855 429/2564/855 195/2565/855
f 194/2566/856 428/2567/856 429/2568/856
f 195/2569/857 430/2570/857 196/2571/857
f 195/2572/858 429/2573/858 430/2574/858
f 196/2575/859 431/2576/859 197/2577/859
f 196/2578/860 430/2579/860 431/2580/860
f 197/2581/861 432/2582/861 198/2583/861
f 197/2584/862 431/2585/862 432/2586/862
f 198/2587/863 433/2588/863 199/2589/863
f 198/2590/864 432/2591/864 433/2592/864
f 199/2593/865 434/2594/865 200/2595/865
f 199/2596/866 433/2597/866 434/2598/866
f 200/2599/867 435/2600/867 201/2601/867
f 200/2602/868 434/2603/868 435/2604/868
f 201/2605/869 436/2606/869 202/2607/869
f 201/2608/870 435/2609/870 436/2610/870
f 202/2611/871 437/2612/871 203/2613/871
f 202/2614/872 436/2615/872 437/2616/872
f 203/2617/873 438/2618/873 204/2619/873
f 203/2620/874 437/2621/874 438/2622/874
f 204/2623/875 439/2624/875 205/2625/875
f 204/2626/876 438/2627/876 439/2628/876
f 205/2629/877 440/2630/877 206/2631/877
f 205/2632/878 439/2633/878 440/2634/878
f 206/2635/879 441/2636/879 207/2637/879
f 206/2638/880 440/2639/880 441/2640/880
f 207/2641/881 442/2642/881 208/2643/881
f 207/2644/882 441/2645/882 442/2646/882
f 208/2647/883 443/2648/883 209/2649/883
f 208/2650/884 442/2651/884 443/2652/884
f 209/2653/885 444/2654/885 210/2655/885
f 209/2656/886 443/2657/886 444/2658/886
f 210/2659/887 445/2660/887 211/2661/887
f 210/2662/888 444/2663/888 445/2664/888
f 211/2665/889 446/2666/889 212/2667/889
f 211/2668/890 445/2669/890 446/2670/890
f 212/2671/891 447/2672/891 213/2673/891
f 212/2674/892 446/2675/892 447/2676/892
f 213/2677/893 448/2678/893 214/2679/893
f 213/2680/894 447/2681/894 448/2682/894
f 214/2683/895 449/2684/895 215/2685/895
f 214/2686/896 448/2687/896 449/2688/896
f 215/2689/897 450/2690/897 216/2691/897
f 215/2692/898 449/2693/898 450/2694/898
f 216/2695/899 451/2696/899 217/2697/899
f 216/2698/900 450/2699/900 451/2700/900
f 217/2701/901 452/2702/901 218/2703/901
f 217/2704/902 451/2705/902 452/2706/902
f 218/2707/903 453/2708/903 219/2709/903
f 218/2710/904 452/2711/904 453/2712/904
f 219/2713/905 454/2714/905 220/2715/905
f 219/2716/906 453/2717/906 454/2718/906
f 220/2719/907 455/2720/907 221/2721/907
f 220/2722/908 454/2723/908 455/2724/908
f 221/2725/909 456/2726/909 222/2727/909
f 221/2728/910 455/2729/910 456/2730/910
f 222/2731/911 457/2732/911 223/2733/911
f 222/2734/912 456/2735/912 457/2736/912
f 223/2737/913 458/2738/913 224/2739/913
f 223/2740/914 457/2741/914 458/2742/914
f 224/2743/915 459/2744/915 225/2745/915
f 224/2746/916 458/2747/916 459/2748/916
f 225/2749/917 460/2750/917 226/2751/917
f 225/2752/918 459/2753/918 460/2754/918
f 226/2755/919 461/2756/919 227/2757/919
f 226/2758/920 460/2759/920 461/2760/920
f 227/2761/921 462/2762/921 228/2763/921
f 227/2764/922 461/2765/922 462/2766/922
f 228/2767/923 463/2768/923 229/2769/923
f 228/2770/924 462/2771/924 463/2772/924
f 229/2773/925 464/2774/925 230/2775/925
f 229/2776/926 463/2777/926 464/2778/926
f 230/2779/927 465/2780/927 231/2781/927
f 230/2782/928 464/2783/928 465/2784/928
f 231/2785/929 466/2786/929 232/2787/929
f 231/2788/930 465/2789/930 466/2790/930
f 232/2791/931 467/2792/931 233/2793/931
f 232/2794/932 466/2795/932 467/2796/932
f 233/2797/933 468/2798/933 234/2799/933
f 233/2800/934 467/2801/934 468/2802/934
f 234/2803/935 391/2804/935 157/2805/935
f 234/2806/936 468/2807/936 391/2808/936
